date,n_headlines,summary
2023-01-03,3,"**Acquisition:** Progress Software is acquiring MarkLogic for $355M. **Bullish** - Expected to enhance Progress' database capabilities and expand market reach.

**Earnings:** Progress Software will report Q4 2022 financial results on January 17, 2023. **Neutral** - No specific guidance or earnings surprise details available yet.

**Net Tilt:** Bullish due to acquisition, neutral on earnings outlook pending further details."
2023-01-04,1,"**Acquisition Announcement:** PRGS is acquiring MarkLogic for $355 million. This move is seen as strategic to enhance PRGS’s data management capabilities. **Bullish** on potential synergies and market expansion, but **bearish** on near-term financial impact due to acquisition costs and integration risks."
2023-01-06,5,"**Price Target Downgrade:** Citigroup downgraded PRGS, reducing the price target from $52.00 to $46.00 (Bearish).

**Acquisitions & Ownership Increases:** 
- PRGS set to acquire MarkLogic (Bullish).
- Victory Capital Management increased stake by 240.5% in Q2 (Bullish).
- Wellington Management Group increased position by 25.4% in Q1 (Bullish).
- Versor Investments made a new investment in PRGS (Bullish).

**Net Tilt:** Bullish due to multiple ownership increases and acquisition news, despite the price target downgrade."
2023-01-07,2,"**Ownership Changes:** 
- **Bullish:** Corp increased its position in PRGS by 1.8% in Q3, indicating confidence.
- **Bearish:** Revenue Sells decreased holdings by 3,020 shares, suggesting some uncertainty.

**Net Tilt:** Mixed signals with slight bullish bias due to larger percentage increase from Corp compared to share volume decrease from Revenue Sells."
2023-01-09,4,"**Ownership Increases:** Llc increased its stake in PRGS by 94.6% in Q2, while Wellington Management Group LLP increased its stake by 25.4% in Q1 (Bullish).

**Stock Performance:** PRGS shares opened at $52.06 on Monday (Neutral).

**Stake Acquisition:** Corp acquired 336 additional shares of PRGS (Bullish).

**Net Tilt:** Bullish due to significant ownership increases and stake acquisitions indicating investor confidence."
2023-01-12,4,"**Price Target Downgrade:** Citigroup downgraded PRGS, cutting the price target from $52.00 to $46.00 (Bearish).

**Ownership Changes:**
- Llc increased holdings by 50.0% in Q1 (Bullish).
- Sg Americas Securities LLC increased holdings by 56.6% in Q2 (Bullish).
- Handelsbanken Fonder AB decreased holdings (Bearish).

**Net Tilt:** Mixed signals with one bearish and two bullish ownership increases, but the price target downgrade leans overall Bearish."
2023-01-13,2,"**Revenue Guidance:** Progress Software provided Q4 FY22 revenue guidance of $158M to $166M. This range is neutral as it does not specify a midpoint or compare to prior expectations.

**Earnings Release:** PRGS will report Q4 FY22 earnings on Jan 17, with no additional details on expected performance.

**Net Tilt:** Neutral. No clear bullish or bearish signals from the provided guidance or earnings release date.

Action: **HOLD** until further details emerge on Jan 17."
2023-01-14,9,"**Insider Activity:** CEO Yogesh K. Gupta and EVP Loren Jarrett sold shares (bearish). However, management and several institutional investors increased their positions significantly (bullish).

**Ownership Changes:** Management and multiple institutions like Captrust Financial Advisors, Wellington Management Group, and Assenagon Asset Management increased stakes (bullish).

**Stock Price:** PRGS opened at $53.76 (neutral).

**Net Tilt:** Mixed signals with significant insider selling offset by substantial stake increases from key investors, slightly bullish overall."
2023-01-16,10,"**Price Target Downgrade:** Citigroup downgraded PRGS from $52.00 to $46.00, bearish.

**Ownership Increase:** Llc increased stake by 10.1%, bullish. New investors Balyasny Asset Management and Baird Financial Group also entered, bullish.

**Earnings Preview:** EPS expected at $1.09, earnings announcement on Jan 17th, neutral.

**Net Tilt:** Mixed signals; ownership increase and new investors are bullish, while the downgrade is bearish."
2023-01-17,19,"**Earnings & Guidance:** PRGS Q4 Non-GAAP EPS of $1.12 beats by $0.03; Q1 EPS guidance of $1.04-$1.08 meets consensus but FY23 EPS guidance of $4.09-$4.17 misses consensus by $0.18-$0.26. **Revenue:** Q4 revenue of $157.1M misses by $5.47M. **Acquisition:** PRGS acquires MarkLogic. **Stock Reaction:** Shares fell 3% post-earnings. **Net Tilt:** Mixed, with strong current quarter performance but weak forward guidance and revenue miss."
2023-01-18,31,"**Earnings & Guidance:** Bullish. Q4 EPS $1.12 vs. est. $1.09, beating by $0.03. Q4 EBIT $35.79M vs. $20.36M, pre-tax income $59M vs. cons. $58.24M. FY23 rev. guidance $671-681M vs. cons. $630.1M, Q1 rev. guidance $156-160M vs. cons. $152M.

**Revenue & Financials:** Bullish. Q4 rev. $157.13M (+10.7% YoY), FY22 rev. $602.01M (+13.3% YoY). FY22 EPS excluding exceptionals $4.13 vs. $3.87. Q4 div. per share $0.185 vs. $0.18.

**Analyst Actions:** Mixed. JPMorgan upgraded PT to $57; Citi downgraded PT to $54.

**Insider Activity:** Bearish. CEO and CAO sold shares.

**Ownership Changes:** Neutral. Various funds increased stakes, while US Bancorp decreased.

**Net Tilt:** Bullish. Strong financial performance and positive guidance outweigh minor insider selling."
2023-01-19,6,"**Price Target Downgrade:** Citigroup downgraded PRGS, reducing the price target from $52.00 to $46.00. **Bearish**.

**Ownership Changes:** Corp increased holdings by 5.9%, while Comerica Bank trimmed holdings. **Mixed**.

**Stock Performance:** PRGS fell 3.2% today. **Bearish**.

**Opening Price:** PRGS opened at $51.79 on Thursday. **Neutral**. 

**Net Tilt:** Bearish."
2023-01-20,3,"**Earnings:** PRGS reported FY22 EPS of $0.74, missing expectations. **Bearish** due to earnings miss.

**Stock Price:** Shares gapped down to $53.50 post-earnings announcement. **Bearish** due to stock price decline.

**Net Tilt:** Bearish."
2023-01-21,9,"**Bullish Signals:**
- **Stock Performance:** Progress Software stock up 1.1%.
- **Ownership Increase:** Federated Hermes Inc. increased holdings by 46.7% in Q3; another entity increased holdings by 50.0% in Q1.

**Bearish Signals:**
- **EPS Estimate Downgrades:** Oppenheimer downgraded Q2 2023 EPS to $0.62; Wedbush downgraded Q4 2023 EPS.
- **Insider Sell:** EVP Loren Jarrett sold 4,215 shares on Nov 4th.

**Neutral Signals:**
- **Analyst Estimates:** Brokers predict Q2 2023 EPS of $0.89; Wedbush forecasts Q2 2024 EPS at $1.01.

**Net Tilt:** Bearish due to multiple EPS downgrade signals and insider sell, offset slightly by ownership increases and minor stock gain."
2023-01-22,13,"**Insider Activity:** CEO Yogesh K. Gupta and insider Cao Domenic Lococo sold shares, bearish ($0.49).

**Revenue:** QoQ revenue up 10.7%, but missed estimates by $3.87M, mixed ($0.27).

**Ownership Changes:** Multiple institutions increased holdings (Vanguard, Segall Bryant & Hamill, State Street, Renaissance Technologies, Sg Americas Securities), bullish ($0.37).

**Earnings:** Reported earnings, no specific details provided, neutral ($0.00).

**Net Tilt:** Bullish due to institutional buying outweighing insider sales."
2023-01-23,9,"**Analyst Ratings:** Bullish; Guggenheim upgraded PRGS to Buy. Bearish; EPS estimates for Q1 2023 lowered.

**Institutional Ownership:** Mixed; Raymond James & Associates increased holdings by 23.6%, while Blackrock Inc. cut its stake. Versor Investments LP initiated a new position, but another entity sold 736 shares.

**Earnings & Revenues:** Neutral; consensus FY EPS at $3.44, revenues at $642MM.

**Net Tilt:** Net slightly bullish due to analyst upgrade and new institutional interest, offset by EPS downgrade and some selling activity."
2023-01-24,3,"**Insider Sell:** CFO Anthony Folger sold 11,863 shares (bearish).

**Stake Acquisition:** Sciencast Management LP initiated a new position in PRGS (bullish).

**Earnings Estimate:** Analysts predict EPS of 3.44 for the current year (neutral).

**Net Tilt:** Mixed signals with one bearish and one bullish action; overall neutral."
2023-01-25,7,"**Price Target Downgrade:** Citigroup downgraded PRGS, lowering the price target from $52.00 to $46.00 (Bearish).

**Ownership Increase:** Corporate insiders increased holdings by 0.6% in Q4 (Bullish).

**Revenue Miss:** Q4 revenue was $159.17M vs. estimates of $163.04M (Bearish).

**Analyst Reaffirmation:** Guggenheim reaffirmed a ""Buy"" rating with a $60.00 price target (Bullish).

**Net Tilt:** Mixed signals; revenue miss and downgrade are bearish, while insider buying and analyst reaffirmation are bullish."
2023-01-27,9,"**Earnings:** Bullish. PRGS reported EPS of $0.92, beating expectations of $0.61.

**Insider Sales:** Bearish. EVP Loren Jarrett and CEO Yogesh K. Gupta sold 4,215 and 5,000 shares respectively.

**Institutional Ownership:** Mixed. Multiple institutions increased their stakes: Inc. (+123.2%), Federated Hermes (+46.7%), Seizert Capital (+22.1%), and Metlife Investment Management (+57.1%). Royce & Associates invested $598k.

**Net Tilt:** Neutral to Slightly Bullish due to strong earnings offsetting insider sales."
2023-02-02,14,"**Revenue Growth:** Bullish; Q4 revenue up 10.7% YoY.

**Insider Sales:** Bearish; CFO Anthony Folger sold 11,863 shares, and Kathryn Kulikoski sold 425 shares.

**Institutional Ownership:** Mixed; Federated Hermes Inc., Llc, and Md increased holdings, while Asset Management One Co. Ltd. decreased holdings.

**Analyst Rating:** Neutral; Guggenheim reissued ""buy"" with $60.00 target.

**Stock Performance:** Bullish; PRGS stock up 3.5%.

**Dividends:** Neutral; quarterly dividend announced for March 15th.

**Net Tilt:** Mixed signals; revenue growth and stock performance bullish, but insider sales and mixed institutional activity bearish."
2023-02-03,2,"**Ownership Changes:**  
- **Bullish:** Sg Americas Securities LLC increased its stake in PRGS by 56.6% in Q2, indicating confidence in the stock.  
- **Bearish:** Llc reduced its position by 2.6% in Q3, suggesting some hesitation.  
**Net Tilt:** Mixed signals with a slight bullish bias due to the larger increase from Sg Americas Securities LLC."
2023-02-06,9,"**Insider Activity:** Evp Sundar Subramanian sold 556 shares (Bearish).

**Ownership Changes:** 
- Vanguard Group Inc., Segall Bryant & Hamill LLC, and other firms increased their positions (Bullish).
- State Street Corp and Renaissance Technologies LLC also increased holdings (Bullish).

**Revenue:** Q4 revenue of $159.17M missed estimates of $163.04M (Bearish).

**Stock Performance:** Opened at $56.67 (Neutral).

**Dividend:** Announced a quarterly dividend payable on March 15th (Bullish).

**Net Tilt:** Mixed signals with significant institutional buying offset by insider sale and revenue miss."
2023-02-07,1,"**Acquisition Completed:** Progress Software completed the acquisition of MarkLogic. This move is **bullish**, as it expands PRGS’s product portfolio and market reach. No specific financial details or guidance changes were provided in the headlines."
2023-02-08,8,"**Insider Activity:** Bearish - Ian Pitt sold 3,970 shares.

**Ownership Changes:** Bullish - Prudential Financial Inc. increased holdings by 1.7%, Versor Investments LP and Hancock Whitney Corp. initiated new positions.

**Analyst Ratings:** Bullish - Guggenheim maintained a ""buy"" rating with a $60.00 target price. Consensus target price is $52.75.

**Price Movement:** Bullish - Stock gained 2.9%.

**Earnings Estimate:** Neutral - Analysts expect EPS of 3.44 for the current fiscal year.

**Net Tilt:** Bullish, despite insider sell, due to multiple institutional buys and positive analyst ratings."
2023-02-09,14,"**Insider Sales:** Bearish - CFO Anthony Folger and CAO Domenic Lococo sold shares, indicating potential insider concerns.

**Revenue Growth:** Bullish - Q4 revenue grew 10.7% YoY, signaling strong business performance.

**Institutional Ownership:** Bullish - Multiple institutions increased their stakes in PRGS, including Inc., Federated Hermes Inc., Captrust Financial Advisors, Sg Americas Securities LLC, Vanguard Group Inc., and Wellington Management Group LLP.

**New Stake Acquisition:** Bullish - Ltd. acquired 1,549 shares, showing continued interest from new investors.

**Stock Price:** Bearish - PRGS opened at $57.15 on Thursday, down slightly from previous sessions.

**Dividend:** Neutral - PRGS declared a $0.18 dividend, maintaining regular payouts but not providing additional growth signals.

**Net Tilt:** Mixed signals with institutional buying and revenue growth offsetting insider sales and slight stock price decline."
2023-02-10,3,"**Insider Activity & Ownership Changes:** 
- **Bearish:** EVP Loren Jarrett sold 4,629 shares on Feb 6th, indicating potential insider concerns.
- **Bullish:** Dakota Wealth Management increased its stake by 3.9% in Q4, showing institutional confidence.

**Earnings Update:**
- **Neutral:** PRGS issued earnings on Jan 17th, but no specific details on EPS or revenue provided in the headline.

**Net Tilt:** Mixed signals with bearish insider activity offset by bullish institutional buying."
2023-02-13,8,"**Ownership Trends:** Bullish; Vanguard, Wellington Management, and Sg Americas increased holdings by 0.4%, 25.4%, and 56.6% respectively, while Gmbh sold 39,494 shares (Net tilt: Bullish).

**Analyst Actions:** Neutral; Guggenheim reaffirmed a ""buy"" rating with a $60.00 target price.

**Revenue Performance:** Bearish; Q4 revenue missed estimates at $159.17M vs. $163.04M consensus.

**Earnings Guidance:** Neutral; analysts expect EPS of 3.44 for the current year.

**Net Tilt:** Mixed, but slightly bullish due to significant institutional buying outweighing the revenue miss."
2023-02-14,4,"**Insider Sales:** CFO Anthony Folger and EVP Loren Jarrett sold 11,863 and 4,629 shares respectively, indicating potential bearish sentiment among insiders. 

**Institutional Ownership Increase:** Mutual of America Capital Management LLC increased its stake by 17.6% in Q3, while Victory Capital Management Inc. boosted its holdings by 240.5% in Q2, signaling institutional bullishness.

**Net Tilt:** Mixed signals with insider sales vs. institutional buying, but overall slightly **bearish** due to recent insider activity."
2023-02-16,10,"**Insider Activity:** Bearish; Evp Sundar Subramanian sold 556 shares, and Ian Pitt sold 3,970 shares.

**Institutional Ownership:** Bullish; Lazard Asset Management LLC increased its stake by 4.3%, Prudential Financial Inc. by 1.7%, and new positions were taken by Versor Investments LP, Royce & Associates LP, and Sciencast Management LP.

**Earnings Estimate:** Neutral; Jefferies forecasts Q1 EPS of $0.88, matching consensus.

**Stock Price:** Neutral; PRGS opened at $58.14.

**Net Tilt:** Mixed, with significant insider selling offset by institutional buying."
2023-02-17,11,"**Insider Activity:** CEO Yogesh K. Gupta sold 5,000 shares (Bearish). **Institutional Ownership:** Vanguard, Segall Bryant & Hamill, and Renaissance Technologies increased stakes; one institution sold 300 shares (Net Bullish). **Revenue:** Missed estimates by $3.87M (Bearish). **Earnings Forecast:** Analysts predict EPS of 3.44 for FY2023 (Neutral). **Stock Price:** Opened at $58.07 (Neutral). **Net Tilt:** Mixed, with Bearish signals from insider sell and revenue miss, offset by Bullish institutional buying."
2023-02-22,1,"**Earnings Performance:** Bullish. Progress Software reported EPS of $0.46, marking a continuation of its strong trend with a 29% annual growth rate over the past five years.

**Net Tilt:** Bullish. The consistent EPS growth indicates robust financial health and positive momentum."
2023-02-23,4,"**Insider Activity:** Bearish - Ian Pitt sold 3,970 shares, while Co. sold 2,778 shares. Raymond James increased holdings by 23.6%, providing some support.

**Analyst Actions:** Bullish - Guggenheim reaffirmed a ""buy"" rating with a $60.00 target price.

**Net Tilt:** Mixed signals from insider and institutional activity, but analyst reaffirmation leans bullish."
2023-02-26,10,"**Insider Activity:** Bearish; EVP Sundar Subramanian and CEO Yogesh K. Gupta sold shares on Feb 1 and Dec 21 respectively.

**Revenue & Earnings:** Bullish; Q4 revenue up 10.7% YoY. EPS forecast for FY at $3.44.

**Ownership Changes:** Mixed; Prudential Financial and Versor Investments increased stakes, while Dimensional Fund Advisors and Renaissance Technologies reduced positions."
2023-02-27,11,"**Ownership Increases:** Multiple institutions (Federated Hermes, UBS, MetLife, Brinker Capital) have increased their stakes in PRGS, indicating **bullish** sentiment. 

**Analyst Action:** Guggenheim reissued a ""buy"" rating with a $60.00 price target, also **bullish**.

**Dividends:** PRGS has a history of increasing dividends (3.6% annually over three years) and recently declared a quarterly dividend of $0.18, signaling **bullish** stability and growth.

**Stock Price:** PRGS opened at $57.07, slightly below the $60.00 price target, presenting a potential **buy** opportunity.

**Net Tilt:** Strongly **Bullish**."
2023-03-03,6,"**Ownership Increases:** Prudential Financial Inc. increased its stake by 1.7% in Q3, while Renaissance Technologies LLC grew its holdings by 3.6% in Q2. Additionally, Versor Investments LP and Royce & Associates LP both initiated new positions in Q3. **Bullish** due to institutional buying.

**Price Target:** Brokerages set a consensus price target of $52.75 for PRGS. **Neutral** as it reflects current market expectations.

**Earnings Estimate:** Analysts predict EPS of 3.44 for the current fiscal year. **Bullish** if met or exceeded, indicating stable financial performance.

**Net Tilt:** **Bullish** due to significant ownership increases and positive earnings estimates."
2023-03-04,7,"**Insider Activity & Ownership Changes:**
- **Bearish:** CFO Anthony Folger sold 11,863 shares (INSIDER-SELL).
- **Bullish:** Trc increased its position by 139.3%, Sg Americas Securities LLC by 56.6%, and Llc by 50%.
- **Bearish:** Credit Suisse AG and Eaton Vance Management reduced their stakes.

**Net Tilt:** Mixed signals with more institutions buying but key insider selling."
2023-03-05,11,"**Insider Activity:** Bearish; Ian Pitt sold 3,970 shares.

**Ownership Changes:** Bullish; multiple firms increased holdings (Natixis +102.8%, Wellington +25.4%, Ziegler, Seizert +22.1%, Captrust +75.1%). Lazard reduced holdings by 7.3%.

**Stock Performance:** Bullish; PRGS hit a new 12-month high of $58.62.

**Analyst Ratings:** Neutral; Guggenheim reaffirmed ""buy"" with a $60.00 price target.

**Net Tilt:** Bullish."
2023-03-06,5,"**Insider Activity:** Bearish - EVP Loren Jarrett sold 4,629 shares, while Envestnet Asset Management Inc. reduced its stake. However, UBS Group AG and Associates increased their positions by 8.7% and 23.6%, respectively.

**Analyst Estimates:** Neutral - Analysts predict EPS of 3.44 for the current fiscal year.

**Net Tilt:** Mixed signals from insider and institutional activity, but overall slightly bearish due to key insider sale and reduction by a major asset manager."
2023-03-11,3,"**Institutional Ownership Increase:** Bullish. Seizert Capital Partners LLC increased its stake in PRGS by 22.1% in Q3, while Bridgewater Associates LP initiated a new position in Q2. Additionally, Hsbc Holdings PLC acquired 5,184 shares. These moves indicate growing institutional interest and confidence in PRGS.

NET TILT: Bullish."
2023-03-13,1,"**Price Target Upgrade:** Guggenheim upgrades PRGS, raising PT to $64 from $60. **Bullish**, indicating improved outlook based on recent performance or future prospects.

**Net Tilt:** Bullish."
2023-03-14,9,"**Price Target Upgrade:** Guggenheim raised PT from $60.00 to $64.00 (Bullish).

**Insider Sell:** Ian Pitt sold 3,970 shares (Bearish).

**Institutional Ownership Increases:** Natixis (+102.8%), Wellington Management (+25.4%), Seizert Capital (+22.1%) (Bullish).

**Stock Performance:** PRGS traded up 1.5% (Bullish).

**Earnings Estimate:** Analysts predict EPS of 3.44 for FY (Neutral).

**Earnings Release:** Q1 2023 results due Mar 28 (Neutral).

**Net Tilt:** Bullish."
2023-03-15,2,"**Insider Sell:** CEO Yogesh K. Gupta sold 10,000 shares on Jan 17th, indicating **bearish** sentiment.

**Stock Price:** Shares opened at $58.17 on Monday, showing no change from previous close, neutral but reflecting lack of momentum.

NET TILT: Bearish due to insider sell."
2023-03-16,6,"**Insider Activity:** CFO Anthony Folger sold 11,863 shares (Bearish).

**Institutional Ownership:** 
- Prudential Financial Inc. increased holdings by 1.7% in Q3 (Bullish).
- Versor Investments LP and Royce & Associates LP initiated new positions in Q3 (Bullish).
- Renaissance Technologies LLC boosted its stake by 3.6% in Q2 (Bullish).

**Investment Activity:** Llc invested $207,000 in PRGS (Bullish).

**Net Tilt:** Bullish due to multiple institutional buys and boosts, despite CFO’s insider sale."
2023-03-21,5,"**Bullish Signals:**
- **Price Target Upgrade:** Guggenheim raised PT from $60.00 to $64.00.
- **Institutional Ownership Growth:** PNC Financial Services increased stake by 19.4%, Jane Street by 25.7%, and Trexquant initiated a new position.

**Neutral Signal:**
- **EPS Estimate:** Analysts predict EPS of $0.87 for the quarter.

**Net Tilt:** Bullish due to multiple upgrades and increased institutional interest."
2023-03-23,5,"**Progress Software (PRGS)**

- **Bullish**: PRGS reached a new 52-week high at $59.25.
- **Bullish**: Institutional ownership increased significantly with Natixis growing holdings by 102.8%, and Ziegler Capital Management acquiring a new position in Q4.
- **Bullish**: Seizert Capital Partners increased its position by 22.1% in Q3.
- **Bearish**: PRGS stock down 3.5% today.

**Net Tilt**: Bullish due to new highs and significant institutional buying despite recent price drop."
2023-03-24,2,"**Earnings Release:** PRGS is set to announce Q1 FY23 earnings on Mar 28. No specific EPS or revenue figures provided. **Neutral** until details emerge.

**Analyst Actions:** No upgrades, downgrades, or new price targets mentioned. **Neutral**.

**Catalysts:** None specified. **Neutral**.

**Net Tilt:** Neutral. No concrete signals to indicate a clear BUY, SELL, or HOLD direction."
2023-03-25,6,"**Price Target Upgrade:** Guggenheim upgraded PRGS’s price target to $64.00 from $60.00 (Bullish).

**Insider Sell:** CFO Anthony Folger sold 11,863 shares (Bearish).

**Ownership Increases:** Captrust Financial Advisors, Federated Hermes Inc., and Llc increased holdings by 75.1%, 46.7%, and 50.0% respectively (Bullish).

**Stake Acquisition:** Assenagon Asset Management purchased 82,346 shares (Bullish).

**Net Tilt:** Bullish due to multiple ownership increases and stake acquisition outweighing the insider sell.

Conflicting signals exist but overall direction is Bullish."
2023-03-26,4,"**Insider Activity & Ownership Changes:**
- **Bearish:** EVP Sundar Subramanian sold 556 shares.
- **Bullish:** Bank initiated a new stake in Q4.
- **Bullish:** Wellington Management Group increased its position by 25.4% in Q1.
- **Bullish:** SNC increased its position by 234.4% in Q3.

**Net Tilt:** Bullish due to significant ownership increases outweighing the insider sell."
2023-03-27,1,"**Ownership Decrease:** Bearish. LLC sold 6,825 shares of PRGS, indicating reduced interest from institutional ownership.

NET TILT: Bearish."
2023-03-28,28,"**Earnings Beat:** Q1 Non-GAAP EPS of $1.19 beats by $0.14; Q1 revenue of $165.61M beats consensus by 4.38%. **Bullish**.

**Revenue Guidance:** Q2 revenue guidance of $168-172M slightly below consensus of $169M; FY23 revenue guidance of $650M-$688M below consensus of $679.42M. **Bearish**.

**EPS Guidance:** Q2 EPS guidance of $0.88-$0.92 below consensus of $0.99; FY23 EPS guidance of $4.09-$4.17 below consensus of $4.14. **Bearish**.

**Financials:** Q1 pre-tax profit down to $15.70M from $25.95M; Q1 EBIT up to $35.59M from $29.43M; dividend up to $0.185 from $0.18. **Mixed**.

**Net Tilt:** Shares up 16.6% post-earnings but guidance cautious. **Neutral**."
2023-03-29,19,"**Bullish Signals:**
- **Earnings Beat:** Q1 EPS of $1.19 vs. expectations.
- **Revenue Guidance Above Expectations:** Q2 net sales forecast $168M-$172M vs. consensus $164.85M.
- **FY23 Pretax Income Guidance Above Expectations:** Forecast $229.60M-$234.10M vs. consensus $227.19M.
- **Price Target Upgrades:** Oppenheimer to $63, Wedbush to $65, JPMorgan to $65.

**Neutral Signal:**
- **Rating Neutral:** JP Morgan maintains ""Overweight"" rating.

**Net Tilt:** Strongly Bullish."
2023-03-30,34,"**Bullish Signals:**
- **Price Target Upgrades:** JPMorgan raised PT from $57.00 to $65.00; Guggenheim from $60.00 to $64.00; Citi from $54.00 to $57.00.
- **Revenue Growth:** Q4 revenue up 12.3% YoY.
- **Earnings Beat:** Reported EPS of $0.85.
- **Dividend Increase:** Average annual dividend increase of 3.6% over past three years.
- **Institutional Ownership Growth:** Multiple firms increased holdings, including Vanguard, Captrust, and Natixis.

**Bearish Signals:**
- **Insider Sales:** CFO Anthony Folger and EVP Loren Jarrett sold shares.
- **Stock Price Drop:** PRGS traded down 4.9%.

**Net Tilt:** Bullish, with strong analyst upgrades and positive financial metrics outweighing insider sales and recent price drop."
2023-03-31,4,"**Price Target Upgrade:** Citigroup upgraded PRGS from $54.00 to $57.00, **bullish**.

**Ownership Increase:** State Street Corp increased holdings by 3.0%, **bullish**.

**Stock Price Decline:** PRGS stock fell 6.1% on Wednesday, **bearish**.

**Rating Reiteration:** Guggenheim maintained a neutral rating, **neutral**.

**Net Tilt:** Mixed signals with upgrades and increased ownership offset by recent price decline."
2023-04-01,11,"**Revenue Beat:** Bullish; PRGS reported Q revenue of $165.61M vs. expectations of $158.77M.

**Price Target Upgrades:** Bullish; Oppenheimer raised PT to $63.00, Citigroup to $57.00.

**Analyst Downgrades:** Bearish; StockNews.com and Com downgraded from ""Strong-Buy"" to ""Buy.""

**Insider Sell:** Bearish; CEO Yogesh K. Gupta sold 10,000 shares.

**EPS Guidance:** Neutral; PRGS guided EPS of $0.88-$0.92 for the current year.

**Institutional Buys:** Neutral; Inc. and Llc invested in PRGS.

**Net Tilt:** Mixed signals with revenue beat and PT upgrades vs. insider sell and downgrades."
2023-04-03,9,"**JPMorgan upgraded PRGS’s target price to $65.00 from $57.00 (Bullish)**. **Wedbush and Jefferies downgraded Q2 2023 EPS estimates (Bearish)**. **Institutional ownership increased significantly with Natixis, Seizert Capital, Llc, and Federated Hermes boosting stakes (Bullish)**. **Wedbush provided commentary on Q2 earnings (Neutral)**. **PRGS reported Q2 earnings on Mar 28th (Neutral)**. **Net Tilt: Mixed**."
2023-04-04,4,"**Price Target Upgrades:** Citigroup upgraded PRGS’s price target from $54.00 to $57.00 (Bullish).

**Insider Sell:** CFO Anthony Folger sold 11,863 shares (Bearish).

**Ownership Increase:** An investor increased stake by 123.2% in Q4 (Bullish).

**Analyst Rating:** Guggenheim reissued “buy” with a $64.00 price target (Bullish).

**Net Tilt:** Bullish, despite insider sell, due to upgrades and increased ownership."
2023-04-05,13,"**Revenue Growth:** Bullish; Q4 revenue up 12.3% YoY.

**Analyst Actions:** Mixed; Oppenheimer upgraded PT to $63.00 (Bullish), Com downgraded from Strong Buy to Buy (Bearish).

**Institutional Ownership:** Bullish; Lazard, P, MD, and Wellington increased holdings, while Whittier Trust decreased holdings (Net Bullish).

**Insider Sales:** Bearish; CEO and EVP made significant sales.

**Earnings Estimate:** Neutral; analysts predict EPS of 3.4 for FY.

**Price Movement:** Bearish; PRGS traded down 2.2%.

**Net Tilt:** Net Bullish due to strong revenue growth, institutional buying, and positive analyst upgrade outweighing insider sales and slight price decline."
2023-04-08,8,"**Price Target Upgrades:** JPMorgan raised PT from $57.00 to $65.00; Oppenheimer from $53.00 to $63.00; Citigroup from $54.00 to $57.00 (Bullish).

**Revenue Growth:** QTR revenue up 12.3% (Bullish).

**Insider Sell:** Charles Francis Kane sold 20,000 shares (Bearish).

**Ownership Increases:** Inc. increased holdings by 123.2% in Q4; Federated Hermes by 46.7% in Q3 (Bullish).

**Earnings Estimate:** Analysts predict EPS of 3.4 for CY (Neutral).

**Net Tilt:** Bullish due to multiple upgrades and revenue growth outweighing insider sell."
2023-04-17,10,"**Price Target Upgrades:** Bullish. Oppenheimer upgraded PT from $53.00 to $63.00; Citigroup from $54.00 to $57.00.

**Insider Sell:** Bearish. CEO Yogesh K. Gupta sold 10,000 shares.

**Institutional Ownership Changes:** Mixed. Wellington Management, Ziegler Capital, Seizert Capital, and Allspring Global increased holdings. NY State Teachers Retirement System reduced holdings by 0.5%.

**Analyst Rating Change:** Neutral-Bearish. Com lowered rating from ""strong-buy"" to ""buy.""

**Earnings Estimate:** Neutral. Analysts expect FY EPS of 3.4.

**Net Tilt:** Neutral-Bullish."
2023-04-19,6,"**JPMorgan Chase & Co. upgraded PRGS to a $65.00 price target from $57.00, bullish.** Director Charles Francis Kane sold 20,000 shares, bearish. Q1 revenue grew 12.3% YoY, bullish. Management increased its stake by 3.2%, bullish. Comerica Bank reduced its position but still holds $2.15M worth of shares, mixed. **Net tilt: Bullish.**"
2023-04-20,6,"**Earnings Estimate Downgrade:** Analysts at Oppenheimer downgraded FY2023 EPS to $0.62, bearish.  
**Insider Sell:** EVP Sundar Subramanian sold 556 shares, bearish.  
**Institutional Ownership Increase:** Inc. increased holdings by 123.2% in Q4, bullish; Federated Hermes Inc. increased by 46.7% in Q3, bullish.  
**Analyst Rating:** Guggenheim reissued ""buy"" with $64.00 target, neutral.  
**Net Tilt:** Mixed signals; institutional buying is bullish but analyst downgrade and insider sell are bearish."
2023-04-22,5,"**Price Target Upgrades:** Citigroup upgraded PRGS from $54.00 to $57.00 (Bullish). Analysts set an average target price of $60.20 (Bullish).

**Ownership Increase:** PNC Financial Services increased holdings by 19.4% in Q1 (Bullish).

**Earnings Forecast:** Analysts predict EPS of 3.35 for FY (Neutral).

**Net Tilt:** Strongly Bullish due to multiple upgrades and increased ownership."
2023-04-25,8,"**JPMorgan upgraded PRGS price target to $65.00 from $57.00 (Bullish)**  
**Citigroup upgraded PRGS price target to $57.00 from $54.00 (Bullish)**  
**Loren Jarrett sold 46,028 shares (Bearish)**  
**LLC increased stake by 88.3% in Q1 (Bullish)**  
**Guggenheim reissued ""buy"" with $64.00 target (Bullish)**  
**Com downgraded from ""strong-buy"" to ""buy"" (Net Neutral)**  
**PRGS opened at $56.31 (Neutral)**  
**Analysts expect EPS of 3.35 for FY (Neutral)**  

**NET TILT:** Bullish"
2023-04-26,1,"**Executive Appointment:** PRGS named a new CEO for Neon Marketplace. **Direction:** Neutral to Bullish. Evidence: Leadership change could drive strategic improvements and boost market confidence, though initial impact is uncertain.

**Net Tilt:** Neutral to Slightly Bullish."
2023-04-28,7,"**Insider Activity:** Bearish; EVP Sundar Subramanian sold 556 shares.

**Revenue & Earnings:** Bullish; Q1 revenue up 12.3%, EPS forecast at $3.35 for FY.

**Ownership Changes:** Mixed; Inc. increased holdings by 123.2%, Federated Hermes by 46.7%, while one fund sold 1,350 shares. Net tilt slightly bullish due to larger increases.

**Stock Performance:** Bullish; PRGS opened at $54.95."
2023-05-02,8,"**Oppenheimer upgraded PRGS to $63.00 from $53.00, while Citigroup raised their target from $54.00 to $57.00.** Bullish, with two firms increasing their price targets.

**CFO Anthony Folger and EVP Sundar Subramanian sold shares recently.** Bearish, indicating insider selling.

**MetLife Investment Management and Raymond James increased their stakes.** Bullish, showing institutional buying interest.

**ProShare Advisors also purchased shares.** Bullish, further supporting institutional buying.

**Analysts expect EPS of 3.35 for FY.** Neutral, as no change in EPS estimate provided.

**Net Tilt:** Bullish, with multiple upgrades and increased institutional holdings outweighing insider sales."
2023-05-09,16,"**Progress Software (PRGS):**

- **Bullish:** Analysts upgraded price targets; Oppenheimer raised from $53.00 to $63.00, Citigroup from $54.00 to $57.00. Guggenheim reissued ""buy"" with $64.00 target. Institutional investors increased holdings: Vanguard, Segall Bryant & Hamill, Wellington Management, Seizert Capital, Ziegler Capital, and Allspring Global. Dakota Wealth Management acquired shares.

- **Bearish:** EVP Loren Jarrett sold 46,028 shares. Sg Americas Securities reduced holdings.

- **Neutral:** Equities analysts predict EPS of 3.35 for the current year. Sg Americas Securities has $313,000 in PRGS holdings.

**Net Tilt:** Bullish due to multiple upgrades and increased institutional holdings outweighing insider sell."
2023-05-10,3,"**Insider Activity:** Bearish; Yufan Stephanie Wang sold 234 shares on May 8th.

**Institutional Ownership:** Bullish; Prudential Financial Inc. increased holdings by 1.7% in Q3.

**Earnings Update:** Neutral; PRGS released Q4 earnings on March 28th, but no specific beat/miss details provided.

**Net Tilt:** Mixed signals with one bearish (insider sell) and one bullish (institutional buy). No clear dominant direction."
2023-05-14,8,"**JPMorgan upgraded PRGS to $65.00 from $57.00, bullish.** Guggenheim maintained a ""buy"" with a $64.00 target, neutral. **Director Charles Francis Kane sold 20,000 shares, bearish.** Institutional ownership increased significantly: Inc. upped holdings by 123.2%, Federated Hermes by 46.7%, while Texas reduced holdings, mixed. **Analysts predict FY EPS of 3.35, neutral.** Open price at $55.70, neutral. **Net tilt: slightly bullish.**"
2023-05-15,5,"**Price Target Upgrade:** Citigroup upgraded PRGS’s target price from $54.00 to $57.00 (Bullish).

**Insider Sell:** EVP Loren Jarrett sold 46,028 shares (Bearish).

**Institutional Ownership Increases:** Allspring Global Investments increased holdings by 35.9%, Prudential Financial by 1.7%, and Royce & Associates initiated a new position (Bullish).

**Net Tilt:** Mixed signals with institutional buying offset by insider selling."
2023-05-17,4,"**Insider Activity:** Bearish - CFO Anthony Folger sold 3,775 shares on April 4th.

**Ownership Changes:** Bullish - Captrust Financial Advisors increased its stake by 1.1%, and Dakota Wealth Management increased its stake by 3.9% in Q4.

**Analyst Action:** Neutral - Analysts set a consensus target price of $60.20 for PRGS.

**Net Tilt:** Mixed signals with one bearish insider sale and two bullish ownership increases, leading to a slightly **Bullish** overall tilt."
2023-05-20,4,"Citigroup upgraded PRGS, raising the price target from $54.00 to $57.00, bullish. Raymond James increased holdings by 23.6%, also bullish. Conversely, Victory Capital sold 289,654 shares, bearish. Analysts expect EPS of 3.35 for the current year, neutral. Net tilt: mixed, but slightly bullish due to the price target increase and institutional buying."
2023-05-22,10,"**Price Target Upgrades:** Bullish. Oppenheimer raised PT from $53.00 to $63.00; JPMorgan raised PT from $57.00 to $65.00.

**Insider Activity:** Bearish. CFO Anthony Folger sold 3,775 shares.

**Institutional Ownership Changes:** Mixed. Inc., Federated Hermes, Prudential Financial, and Allspring Global increased stakes; Russell Investments sold 1,549 shares.

**Analyst Ratings:** Neutral. Guggenheim reissued ""buy"" with $64.00 PT.

**Stock Performance:** Bearish. PRGS opened at $57.50, down from previous close.

**Net Tilt:** Mixed signals but slightly bullish due to multiple upgrades and increased institutional holdings outweighing insider sell and slight stock loss."
2023-05-25,5,"Insider selling pressure: EVP Loren Jarrett and Director Charles Francis Kane sold shares, indicating potential bearish sentiment. However, Raymond James & Associates increased its stake by 23.6%, suggesting institutional bullishness. Principal Financial Group maintains significant holdings, signaling continued interest. PRGS opened at $58.97, showing slight positive movement. **Net tilt:** Mixed, with insider selling offset by institutional buying."
2023-05-26,6,"**JPMorgan Chase upgraded PRGS to $65.00 from $57.00**, bullish. **Q1 revenue beat expectations at $165.61M vs. $158.77M expected**, up 12.3% YoY, bullish. Institutional ownership increased significantly: **Inc.** boosted holdings by 123.2% QoQ and **Federated Hermes** by 46.7% QoQ, both bullish. **Bank of Nova Scotia** also initiated a position, further positive sentiment. **Net tilt:** Bullish."
2023-05-27,3,"**Ownership Increase:** Group lifted its stake in PRGS by 20.9%, indicating **bullish** sentiment.

**Stock Performance:** PRGS reached a new 12-month high of $59.51, signaling **bullish** market confidence.

**Earnings Estimate:** Analysts predict EPS of 3.35 for the current year, maintaining **neutral** outlook but suggesting stable expectations.

**Net Tilt:** Bullish, driven by ownership increase and stock performance highs."
2023-05-28,3,"**Ownership Increase:** Bullish. Llc bought a new stake in PRGS during Q4, indicating institutional interest.

**Stock Performance:** Neutral. PRGS stock up 0.2%, a minor gain.

**Stake Acquisition:** Bullish. Raymond James & Associates increased its stake by buying 856 shares.

**Net Tilt:** Bullish. Multiple institutions increasing stakes suggests positive sentiment."
2023-05-30,4,"**Price Target Upgrades:** Bullish. Oppenheimer upgraded PRGS’s price target from $53.00 to $63.00; JPMorgan raised it from $57.00 to $65.00.

**Ownership Decrease:** Bearish. First Trust Advisors LP sold 35,531 shares.

**Stock Price:** Neutral. PRGS opened at $59.99 on Tuesday.

**Net Tilt:** Mixed signals with upgrades indicating bullish sentiment but significant share sale suggesting caution."
2023-05-31,12,"**Insider Activity:** Bearish; CFO Anthony Folger and EVP Sundar Subramanian sold shares (Folger sold 3,775 shares, Subramanian sold 461 shares).

**Institutional Ownership:** Bullish; Lazard Asset Management, System, Captrust Financial Advisors, Dakota Wealth Management, Prudential Financial Inc., and Allspring Global Investments increased their positions. However, one institution decreased its stake.

**Analyst Ratings:** Neutral; Guggenheim reaffirmed a ""buy"" rating with a $64.00 target price.

**Earnings Estimate:** Neutral; analysts predict EPS of 3.35 for the current fiscal year.

**Dividends:** Neutral; quarterly dividend declared, payable on June 15th."
2023-06-02,7,"**Analyst Upgrade:** Progress Software upgraded to ""Strong-Buy"" at StockNews.com (Bullish).

**Institutional Ownership Growth:** Multiple institutions increased stakes in PRGS, including Ohio, Federated Hermes Inc., Segall Bryant & Hamill LLC, State Street Corp, and Wellington Management Group LLP (Bullish).

**New Stake Acquisition:** New York Life Investment Management LLC acquired shares of PRGS (Bullish).

**Net Tilt:** Strongly Bullish."
2023-06-03,1,"Today’s headlines for PRGS lack specific trading signals related to financial performance, analyst actions, or significant corporate events. The only information provided is the opening stock price of $60.02 on the Nasdaq. Without additional details on EPS, revenue, analyst upgrades/downgrades, earnings surprises, or other catalysts, there are no clear directional signals to guide a BUY, SELL, or HOLD decision. **NET TILT:** Neutral."
2023-06-09,8,"**JPMorgan Chase & Co. upgraded PRGS’s target price to $65.00 from $57.00 (Bullish)**. **Citigroup raised its target price to $57.00 from $54.00 (Bullish)**. **Director Charles Francis Kane sold 20,000 shares (Bearish)**. **Ohio acquired a new stake in PRGS (Bullish)**. **Inc. increased holdings by 123.2% in Q4 (Bullish)**. **Federated Hermes Inc. increased holdings by 46.7% in Q3 (Bullish)**. **StockNews.com downgraded PRGS from ""Strong-Buy"" to ""Buy"" (Net Neutral)**. **Analysts expect EPS of 3.35 for the current year (Neutral)**. **Net Tilt: Bullish**."
2023-06-10,9,"**Insider Activity & Ownership Changes:** 
- **Bearish:** EVP Sundar Subramanian sold 461 shares (May 25).
- **Bullish:** Dakota Wealth Management increased holdings by 3.9% Q4; Llc, P, Md, and Group increased positions by 0.6%, 0.6%, 3.1%, and 20.9% respectively across quarters.
- **Bearish:** Texas sold 2,311 shares.

**Analyst Action:**
- **Bearish:** Com downgraded Progress Software from ""strong-buy"" to ""buy.""

**Net Tilt:** Mixed signals with slight overall bearish bias due to insider sell and downgrade."
2023-06-13,8,"**Net Tilt: Neutral**

**Analyst Actions & Price Targets:**
- **Bullish:** Citigroup upgraded PRGS to $57.00 from $54.00.
- **Bearish:** Com cut PRGS rating from ""strong-buy"" to ""buy.""
- **Neutral:** Consensus price target set at $60.20.

**Ownership Changes:**
- **Bullish:** Vanguard Group and Segall Bryant & Hamill increased holdings.
- **Bearish:** Insider Kathryn Kulikoski sold 1,500 shares.

**Earnings Estimates:**
- **Neutral:** Analysts predict EPS of 3.35 for the current year.

**Net Tilt:** Signals conflict, resulting in a neutral overall direction."
2023-06-15,3,"**Ownership Changes:** Federated Hermes Inc. increased its stake in PRGS by 46.7%, indicating **bullish** sentiment (evidence: significant stake increase). Conversely, Chartwell Investment Partners LLC sold 3,187 shares, signaling **bearish** sentiment (evidence: share reduction).

**Earnings Announcement:** PRGS scheduled to report Q2 2023 financial results on June 29, 2023. No earnings surprise details available yet.

**Net Tilt:** Mixed signals from ownership changes; overall slight **net bullish** bias due to larger stake increase compared to reduction."
2023-06-16,1,"**Product Release:** Bullish. Turkey Store unveils chef, indicating new product launch which could drive sales and market share gains.

**Net Tilt:** Bullish. Evidence points towards potential growth from new product introduction."
2023-06-17,14,"**Insider Sales:** Bearish; Charles Francis Kane, Sundar Subramanian, and Anthony Folger sold shares recently.

**Revenue Growth:** Bullish; QoQ revenue up 12.3%.

**Institutional Ownership:** Bullish; Raymond James, Vanguard, State Street, and others increased stakes.

**Analyst Ratings:** Neutral; Guggenheim reissued ""buy"" with $64.00 target.

**New Stake:** Bullish; Natixis acquired 370,000 shares.

**Earnings Estimate:** Neutral; analysts predict EPS of 3.35 for the year.

**Net Tilt:** Bullish."
2023-06-18,2,"**Progress Software (PRGS)**

- **Analyst Upgrade:** StockNews.com upgraded PRGS to Strong-Buy, maintaining a positive outlook.
- **Ownership Increase:** Ohio purchased a new stake in PRGS during Q1, indicating institutional interest.

**Net Tilt:** Bullish

Evidence points towards a positive sentiment with an analyst upgrade and increased institutional ownership."
2023-06-20,3,"**Legal Issues:** Progress Software faces a class action lawsuit (bearish).

**Ownership Changes:**
- Raymond James & Associates increased holdings by 23.6% in Q1 (bullish).
- Victory Capital Management trimmed stake (bearish).

**Net Tilt:** Mixed signals with legal issues and ownership changes indicating both bullish and bearish sentiments."
2023-06-21,1,"**Legal Issues:** Bearish. Progress Software faces a class-action lawsuit, which could lead to significant legal expenses and potential settlements, negatively impacting the company’s financial health and reputation. (Evidence: Class action lawsuit initiated.)

**Net Tilt:** Bearish."
2023-06-22,7,"**Insider Activity:** Bearish - CFO Anthony Folger sold 3,775 shares on April 4th.

**Institutional Ownership:** Bullish - Geode Capital Management increased holdings by 12.9% in Q1, and Fze initiated a new stake in Q4.

**Analyst Ratings:** Neutral - Guggenheim reaffirmed a ""buy"" rating with a $64.00 price target.

**Earnings Preview:** Neutral - PRGS is set to announce Q2 earnings on Thursday, with analysts expecting EPS of $0.90.

**Stock Price:** Neutral - PRGS opened at $57.43 on Thursday.

**Net Tilt:** Mixed signals from insider sell and institutional buys; overall neutral but slightly bullish due to analyst support and new institutional interest."
2023-06-26,3,"**Earnings Preview:** PRGS set to report Q2 earnings on June 29. Revenue guidance provided at $168-$172M (non-GAAP). **Direction:** Neutral. No specific EPS guidance provided, making it hard to gauge performance expectations directly. **Net Tilt:** Neutral."
2023-06-27,7,"**Oppenheimer upgraded PRGS to $63.00 from $53.00, bullish.** Insiders Sundar Subramanian and Kathryn Kulikoski sold shares, bearish. Partnership increased holdings by 1,128.3%, bullish. PRGS opens at $54.19, neutral. Earnings announcement scheduled for Thursday, neutral. **Net tilt:** mixed, with conflicting signals; focus on earnings for clarity."
2023-06-28,5,"**Ownership Increase:** Bullish. Ohio acquired a new stake, and Inc. increased holdings by 123.2%.

**Analyst Ratings:** Mixed. Guggenheim reaffirmed a ""Buy"" with a $64.00 price target (Bullish). StockNews.com downgraded to ""Buy"" (Neutral).

**Earnings Estimate:** Neutral. Analysts predict 3.4 EPS for the current year.

**Net Tilt:** Slightly Bullish due to ownership increases and positive analyst action outweighing the neutral downgrade."
2023-06-29,37,"**Earnings Beat:** PRGS Q2 Non-GAAP EPS of $1.06 beats by $0.16, with revenue of $178.25M vs. consensus $169.60M. **Bullish**.

**Guidance Positive:** FY2023 EPS raised to $4.16-$4.24 from $4.09-$4.17, with FY2023 revenue guided to $690-698M vs. consensus $683.8M. **Bullish**.

**EBITDA Down:** Q2 EBITDA adjusted to $40M from $60M. **Bearish**.

**Ownership Mixed:** Raymond James & Associates increased stake by 23.6%, while Allspring Global Investments sold 804 shares. **Net Neutral**.

**Analyst Action:** Com downgraded PRGS from ""strong-buy"" to ""buy"". **Slightly Bearish**.

**Conference Call:** Scheduled for 5:00 PM ET. **Neutral**."
2023-06-30,30,"**Bullish Signals:**
- **Earnings Beat:** Q2 EPS of $0.87 vs. estimates.
- **Revenue Guidance Above Expectations:** Q3 forecast of $172-176M vs. $170.72M consensus.
- **FY2023 Revenue Guidance Raised:** From $676.30M-$684.30M to $686.30M-$694.30M.
- **EBIT Guidance Above Expectations:** FY2023 adjusted EBIT forecast of $264.10M-$268.80M vs. $263.83M consensus.
- **Price Target Raised:** Oppenheimer raised PT to $66 from $63.
- **Insider Buying:** Multiple firms increased positions.

**Bearish Signals:**
- **Insider Selling:** EVPs Jarrett and Subramanian sold shares.
- **Rating Cut:** Com cut rating from strong-buy to buy.

**Net Tilt:** Bullish due to strong financial performance and positive analyst actions outweighing insider selling and minor downgrade."
2023-07-01,4,"**Price Target Upgrades:** Citigroup upgraded PRGS’s target price from $54.00 to $57.00 (Bullish). Guggenheim reaffirmed a Buy rating with a $64.00 price objective (Bullish).

**Stock Performance:** PRGS is trading 5% higher (Bullish).

**Earnings Estimate:** Analysts expect EPS of 3.4 for the current year (Neutral).

**Net Tilt:** Bullish. Despite neutral earnings estimates, multiple upgrades and positive stock movement indicate strong sentiment."
2023-07-02,8,"**Insider Sales:** Multiple insiders have sold shares recently: Kathryn Kulikoski (1,500 shares), Anthony Folger (3,775 shares), and Charles Francis Kane (20,000 shares). **Bullish:** Inc. and Ubs Group AG increased their positions by 123.2% and 8.7%, respectively. **Bearish:** Com downgraded Progress Software from Strong-Buy to Buy. **Net Tilt:** Bearish due to significant insider selling despite institutional buying."
2023-07-03,5,"**Oppenheimer upgraded PRGS to $66.00 from $63.00, bullish.** Revenue beat expectations at $179.23M vs. $169.78M, bullish. Lazard Asset Management increased holdings by 4.3%, bullish, but sold 437 shares, bearish. Earnings released June 29th, neutral. **Net tilt: Bullish.**"
2023-07-05,3,"JPMorgan Chase upgraded Progress Software’s price target from $57.00 to $65.00, bullish. Kathryn Kulikoski, an insider, sold 1,500 shares, bearish. Federated Hermes Inc. increased its stake by 46.7%, bullish. Net tilt: Bullish due to analyst upgrade and stake increase outweighing insider sale."
2023-07-06,9,"**Price Target Upgrade:** Citigroup upgraded PRGS to $57.00 from $54.00 (Bullish).

**Insider Sell:** Evp Loren Jarrett sold 46,028 shares (Bearish).

**Ownership Increases:** System, Allspring Global, and Wellington Management increased stakes (Bullish).

**Stock Performance:** PRGS traded down 3.6% (Bearish).

**Analyst Target Price:** Analysts set target price at $60.80 (Bullish).

**EPS Forecast:** Analysts predict FY EPS of 3.49 (Bullish).

**Net Tilt:** Mixed signals with slight Bullish bias due to upgrades and positive forecasts."
2023-07-07,6,"**Revenue Growth:** Bullish; Q2 revenue grew 18.8%.  
**Analyst Actions:** Mixed; Oppenheimer upgraded PT to $66.00 but Com downgraded from ""strong-buy"" to ""buy"".  
**Ownership Changes:** Mixed; Inc. increased holdings by 22.5%, while System sold 200 shares.  
**Earnings Guidance:** Neutral; analysts expect EPS of 3.48 for the current year."
2023-07-08,3,"**Ownership Changes:** Federated Hermes Inc. increased its stake in PRGS by 46.7%, indicating **bullish** sentiment (evidence: significant stake increase). Conversely, Assenagon Asset Management S.A. cut its position by selling 85,777 shares, signaling **bearish** sentiment (evidence: direct share reduction). The conflicting signals suggest a **net neutral** tilt.

NET TILT: Neutral"
2023-07-09,3,"**Insider Activity:** Kathryn Kulikoski sold 2,122 shares (bearish).  
**Ownership Changes:** Lazard Asset Management LLC increased its stake by 4.3% (bullish). Dakota Wealth Management increased its holdings by 3.9% (bullish).  
**Net Tilt:** Mixed signals with one insider sell and two institutional buys, slightly bullish overall due to larger institutional support."
2023-07-10,3,"**Ownership Increases:** Bullish. Llc increased its stake in PRGS by 50.0% in Q1, following a new stake purchase in Q4. Additionally, Dekabank Deutsche Girozentrale purchased 30,928 shares. These actions indicate growing institutional interest."
2023-07-11,4,"**Price Target Upgrade:** Oppenheimer upgraded PRGS’s price target from $63.00 to $66.00 (Bullish).

**Revenue Growth:** QoQ revenue grew 18.8% (Bullish).

**Ownership Decrease:** Ceredex Value Advisors LLC sold shares (Bearish).

**Earnings Estimate:** Analysts predict FY EPS of 3.48 (Neutral).

**Net Tilt:** Mixed signals with Bullish revenue growth and PT upgrade offset by Bearish ownership decrease."
2023-07-18,12,"**Price Target Upgrade:** Bullish; Oppenheimer raised PT from $63.00 to $66.00.

**Revenue Growth:** Bullish; QTR revenue up 18.8%.

**Institutional Ownership:** Bullish; Natixis, Wellington Management, Ziegler Capital, Allspring Global, Corp, Fuller & Thaler increased stakes.

**Insider Sell:** Bearish; EVP Sundar Subramanian sold 461 shares.

**Stock Performance:** Neutral; PRGS opened at $58.88.

**Analyst EPS Estimate:** Neutral; analysts expect EPS of 3.48 for CY.

**Net Tilt:** Bullish; strong institutional buying and revenue growth outweigh minor insider sell."
2023-07-19,1,"**Product Expansion:** Bullish. Chef expands into South Florida with the release of ESS 0.52, indicating potential growth in new markets.

**Net Tilt:** Bullish. Evidence points towards expansion and market penetration, suggesting positive future revenue prospects."
2023-07-25,7,"**JPMorgan Chase & Co. upgraded PRGS’s target price from $57.00 to $65.00, while Oppenheimer raised it from $63.00 to $66.00 (Bullish)**. **Kathryn Kulikoski sold 2,122 shares (Bearish)**. **Q2 revenue beat expectations at $179.23M vs. $169.78M (Bullish)**. **Group increased ownership by 20.9% (Bullish)**. **Analysts predict EPS of 3.48 for the current year (Neutral)**. **Net Tilt: Bullish**."
2023-07-27,4,"**Ownership Increase:** Bullish; Sys increased holdings by 14.9%, indicating confidence.  
**Stake Acquisition:** Bullish; Virtu Financial purchased 3,997 shares, showing interest.  
**Analyst Downgrade:** Bearish; Com downgraded PRGS from ""strong-buy"" to ""buy"", suggesting reduced enthusiasm despite maintaining a positive stance.  
**Stock Price:** Neutral; PRGS opened at $58.52, unchanged from previous close.  

**Net Tilt:** Mixed signals with slight bullish bias due to ownership increases and stake acquisitions."
2023-07-28,8,"**LSV Asset Management increased its stake in PRGS, while Oppenheimer upgraded the stock to a higher price target of $66.00 from $63.00.** Bullish signals include a 18.8% YoY revenue increase and significant ownership increases by Metlife Investment Management (57.1% QoQ), Llc, and Ohio. Victory Capital Management also acquired 12,736 shares. **Net direction is bullish with strong institutional support and positive revenue growth.**"
2023-07-29,6,"**Insider Activity:** Bearish; Kathryn Kulikoski sold 2,122 shares on July 3rd.

**Institutional Ownership Changes:** Bullish; Strs Ohio invested $40,000, while Llc, Dakota Wealth Management, and System increased their holdings by 50%, 3.9%, and 1.6% respectively.

**Earnings Estimate:** Neutral; analysts expect EPS of 3.48 for the current year.

**Net Tilt:** Mixed signals with slight bullish bias due to significant institutional buying outweighing the insider sale."
2023-07-31,2,"**Ownership Increase:** Bullish. Vanguard Group Inc. increased its holdings in PRGS by 1.7% in Q3, indicating institutional confidence.

**Price Target:** Neutral. Analysts set a consensus price target of $60.80 for PRGS, with no clear upgrade or downgrade action noted.

**Net Tilt:** Slightly Bullish due to institutional buying, but neutralized by lack of specific analyst action."
2023-08-02,6,"**Oppenheimer upgraded PRGS to a $66.00 target price from $63.00 (Bullish)**

**Insider Sell:** Evp Sundar Subramanian sold 461 shares (Bearish)

**Ownership Increases:** 
- Corp increased stake by 2.9% in Q1 (Bullish)
- Fuller & Thaler Asset Management Inc. increased stake by 2.3% in Q4 (Bullish)

**Ownership Decrease:** Amalgamated Bank sold 1,080 shares (Bearish)

**Analyst Downgrade:** Com downgraded PRGS from ""Strong-Buy"" to ""Buy"" (Net Neutral to Slightly Bearish)

**NET TILT:** Mixed signals with slight net bearish bias."
2023-08-05,8,"**Price Target Upgrade:** Bullish; Oppenheimer raised PT from $63.00 to $66.00.

**Revenue Growth:** Bullish; Q revenue up 18.8%.

**Insider Sell:** Bearish; Kathryn Kulikoski sold 1,061 shares.

**Ownership Changes:** Mixed; Victory Capital and Meritage increased stakes (2.0%, 85.3%), while Robeco sold shares.

**Stock Performance:** Bearish; PRGS opened at $60.45 on Friday.

**Earnings Forecast:** Neutral; analysts predict EPS of 3.48 for FY. 

**Net Tilt:** Net bullish due to revenue growth and PT upgrade, despite mixed ownership signals and insider sell."
2023-08-06,4,"**Ownership Changes:** 
- **Bullish:** Llc increased holdings by 50.0% in Q1, indicating institutional confidence.
- **Bullish:** Federated Hermes Inc. increased holdings by 46.7% in Q3, suggesting continued support.
- **Bearish:** Kbc Group NV sold 521 shares, signaling some institutional doubt.

**Analyst Actions:**
- **Bearish:** Com downgraded Progress Software from ""strong-buy"" to ""buy,"" reducing the recommendation strength.

**Net Tilt:** Mixed signals with slight overall bearish lean due to analyst downgrade."
2023-08-09,9,"**Bullish Signals:**
- Citigroup upgraded PT from $57.00 to $62.00.
- Institutional investors (Inc., Captrust Financial Advisors, Dakota Wealth Management) increased holdings.

**Bearish Signals:**
- Legal suit against Progress Software.
- Com downgraded from ""strong-buy"" to ""buy.""
- Shares opened at $61.31, slightly below new PT.

**Neutral Signal:**
- Citigroup maintains ""neutral"" rating.

**Net Tilt:** Mixed, but slightly **Bullish** due to higher PT and increased institutional interest."
2023-08-10,9,"**Bullish Signals:**
- **Revenue Growth:** Q2 revenue up 18.8% YoY.
- **Analyst Upgrade:** Oppenheimer raised PT from $63.00 to $66.00.
- **Institutional Buying:** Wellington Management, Natixis, and Federated Hermes increased holdings.

**Bearish Signals:**
- **Insider Sell:** Kathryn Kulikoski sold 1,500 shares.
- **Institutional Selling:** One fund sold 340 shares.

**Net Tilt:** Bullish, with strong revenue growth and multiple institutional buys outweighing minor insider and institutional selling."
2023-08-12,1,"**Progress Software (PRGS)**:

- **Bullish**: Reached new 52-week high at $61.97, indicating strong market sentiment and potential for continued upward momentum.

No conflicting signals present. Net tilt is bullish based on the significant milestone achieved."
2023-08-15,3,"**Price Target Upgrade:** Citigroup upgraded PRGS’s price target from $57.00 to $62.00, **bullish**.

**Insider Sell:** EVP Sundar Subramanian sold 461 shares, **bearish**.

**Institutional Ownership Decrease:** New York Life Investment Management LLC reduced holdings, **bearish**.

**Net Tilt:** Mixed signals with one bullish (upgrade) and two bearish (insider sell, institutional reduction). **Net slightly bearish** due to insider and institutional activity."
2023-08-16,7,"**Revenue Beat:** Bullish; PRGS reported Q revenue of $179.23M vs. consensus $169.78M.

**Institutional Ownership Increase:** Bullish; Vanguard, Corp, and Fuller & Thaler all increased stakes.

**Insider Sell:** Bearish; Kathryn Kulikoski sold 2,122 shares.

**Analyst Downgrade:** Bearish; Com downgraded PRGS from ""strong-buy"" to ""buy.""

**Net Tilt:** Mixed signals with institutional buying offsetting insider sell and minor analyst downgrade."
2023-08-18,3,"**Ownership Increase:** Bullish. Metlife Investment Management LLC increased its stake in PRGS by 57.1% in Q1, indicating confidence in the stock.

**Held Ownership:** Neutral. Principal Financial Group Inc. maintained its $60.37 million position, showing no change in sentiment.

**Earnings Estimate:** Neutral. Analysts predict EPS of 3.48 for the current fiscal year, aligning with expectations but lacking directional signal.

**Net Tilt:** Slightly Bullish due to significant ownership increase by a major investor."
2023-08-21,10,"**Price Target Upgrades:** Citigroup raised PT from $57.00 to $62.00; Oppenheimer lifted PT from $63.00 to $66.00 (Bullish).

**Ownership Increases:** Raymond James, Lazard Asset Management, Federated Hermes, Captrust Financial Advisors, and Dakota Wealth Management all increased holdings (Bullish).

**Ownership Decrease:** Us Bancorp DE sold 1,356 shares (Bearish).

**Analyst EPS Forecast:** Analysts predict EPS of 3.48 for the current year (Neutral).

**Net Tilt:** Bullish due to multiple upgrades and increased holdings outweighing the single ownership decrease."
2023-08-23,5,"**Insider Activity:** Bearish - CFO Anthony Folger sold 10,000 shares on Aug 21st.

**Institutional Ownership:** Bullish - Inc. increased holdings by 22.5% in Q1, Llc acquired new shares in Q2, and Ohio purchased new shares in Q1.

**Dividends:** Neutral - Quarterly dividend announced, payable on Sep 15th.

**Net Tilt:** Mixed signals with bearish insider sale vs. bullish institutional buying."
2023-08-24,7,"**Bullish Signals:**
- **Revenue Beat:** Q2 revenue was $179.23M vs. expectations of $169.78M.
- **Price Target Upgrades:** Citigroup raised PT from $57.00 to $62.00; Oppenheimer from $63.00 to $66.00.
- **Institutional Buying:** Vanguard increased stake by 1.7%; Dimensional Fund Advisors by 0.9%.

**Bearish Signals:**
- **Insider Sale:** CFO sold $146,859.72 worth of stock.

**Net Tilt:** Bullish due to strong revenue beat and multiple upgrades outweighing the single insider sale."
2023-08-25,8,"**Insider Activity:** Bearish; Kathryn Kulikoski sold 1,500 shares. **Institutional Ownership:** Bullish; PNC Financial Services, Federated Hermes, Captrust Financial Advisors, Raymond James & Associates, and Fuller & Thaler Asset Management all increased their stakes. **Systematic Selling:** Bearish; System sold 1,211 shares. **Earnings Estimate:** Neutral; analysts predict EPS of $3.48 for the current fiscal year. **Net Tilt:** Mixed signals with slight bullish bias from institutional buying outweighing insider and systematic selling."
2023-08-26,3,"**Ownership Increase:** Royce & Associates LP increased its stake in PRGS by 227.2% in Q1, indicating **bullish** sentiment. Additionally, Federated Hermes Inc. acquired 191 new shares, further signaling **bullish** institutional interest.

**Stock Performance:** PRGS stock gained 1.2%, showing **bullish** market movement.

**Net Tilt:** Bullish due to significant institutional buying and positive stock performance."
2023-08-27,8,"**Oppenheimer upgraded PRGS to $66.00 from $63.00 (Bullish)**  
**CFO Anthony Folger sold 2,513 shares (Bearish)**  
**PRGS reached a new 12-month high at $61.98 (Bullish)**  
**Principal Financial Group, Comerica Bank, Natixis, and Llc increased holdings (Bullish)**  
**Analysts set PT at $61.80 (Neutral)**  

**Net Tilt:** Bullish"
2023-08-30,5,"**Price Target Upgrade:** Citigroup upgraded PRGS’s target price from $57.00 to $62.00, **bullish**.

**Insider Sell:** Kathryn Kulikoski sold 1,500 shares, **bearish**.

**Ownership Increase:** Inc. increased its stake by 307.2%, **bullish**.

**Stock Performance:** PRGS traded up 0.2%, **slightly bullish**.

**Stake Acquisition:** Pictet Asset Management acquired 589 shares, **bullish**.

**Net Tilt:** Mixed signals but overall **slightly bullish** due to upgrades and acquisitions outweighing the insider sell."
2023-08-31,2,"**Ownership Changes:** Federated Hermes Inc. increased its stake in PRGS by 46.7%, indicating **bullish** sentiment (evidence: significant stake increase). Conversely, Swiss National Bank sold shares, signaling **bearish** sentiment (evidence: reduction in holdings). The conflicting signals suggest a mixed investor sentiment.

**Net Tilt:** Mixed (due to opposing actions by major shareholders).

A trader should consider these divergent signals before making a decision."
2023-09-05,5,"**Price Target Upgrades:** Citigroup upgraded PRGS’s price target from $57.00 to $62.00 (Bullish). Oppenheimer raised their target from $63.00 to $66.00 (Bullish).

**Insider Activity:** Kathryn Kulikoski sold 1,061 shares (Bearish).

**Ownership Changes:** A group increased holdings by 20.9% in Q4 (Bullish). The board holds $4.38 million in PRGS (Neutral).

**Net Tilt:** Bullish, with conflicting signals from insider sell and ownership increase."
2023-09-07,2,"**Ownership Increase:** Inc. increased its position in PRGS by 22.5%, indicating **bullish** sentiment among institutional investors.

**Dividend Announcement:** PRGS announced a quarterly dividend to be paid on September 15th, signaling **bullish** financial health and confidence in sustaining distributions.

**Net Tilt:** Bullish due to increased ownership and dividend payment."
2023-09-12,1,"**Earnings Preview:** Progress Software is scheduled to report Q3 2023 financial results on Sept 26. No specific guidance or earnings beat/miss details provided yet. **Neutral** until further data.

**Analyst Actions:** No analyst upgrades, downgrades, or PT changes mentioned. **Neutral**

**Catalysts & Other News:** None reported. **Neutral**

**Net Tilt:** Neutral. No clear directional signals available at this time."
2023-09-13,8,"**Price Target Upgrades:** Citigroup upgraded PRGS’s target price from $57.00 to $62.00 (Bullish). Oppenheimer raised their price objective from $63.00 to $66.00 (Bullish).

**Insider Sales:** CFO Anthony Folger sold 10,000 shares (Bearish). Kathryn Kulikoski sold 1,061 shares (Bearish).

**Holding Changes:** Raymond James & Associates increased holdings by 23.6% (Bullish). Putnam Investments LLC raised position by 6.4% (Bullish). Two unnamed firms decreased positions (Bearish).

**Net Tilt:** Mixed signals with upgrades and increased holdings offset by insider sales and decreased positions. **NET TILT: NEUTRAL.**"
2023-09-15,2,"**Technical Analysis:** 
- **Direction:** Bullish
- **Evidence:** RSI alert indicates Progress Software (PRGS) is now oversold (RSI at 0.42), suggesting potential near-term rebound. Technical view confirms entry into oversold territory (RSI at 0.4).

**Net Tilt:** Bullish due to technical indicators signaling possible buying opportunity."
2023-09-16,1,"**Ownership Increase:** Bullish. MetLife Investment Management LLC increased its position in Progress Software by 57.1% during Q1, indicating institutional confidence.

**Net Tilt:** Bullish. 

No conflicting signals present."
2023-09-18,1,"Today’s headlines for PRGS lack direct financial or operational updates but include a product-related announcement:

- **Product Release**: PRGS announced the release of ESS 0.52 (""Chef of the Year"") at Del Mar. This could drive interest and adoption, potentially boosting sales and market perception. **Direction: Bullish**.

No EPS, revenue, analyst actions, earnings surprises, or significant legal/catalyst news were reported. **Net Tilt: Bullish** due to potential positive impact from new product release."
2023-09-19,5,"**Price Target Upgrade:** Bullish; Oppenheimer raised PT from $63.00 to $66.00.

**Insider Sell:** Bearish; Kathryn Kulikoski sold 3,265 shares.

**Ownership Increase:** Bullish; Raymond James increased holdings by 23.6%.

**Analyst Rating:** Neutral; Wedbush reiterated ""Outperform"" with no change in PT.

**Earnings Estimate:** Neutral; analysts expect EPS of $1.01 per share.

**Net Tilt:** Mixed signals with slight bullish bias due to ownership increase and price target upgrade."
2023-09-20,2,"**Insider Activity:** Bearish - CFO Anthony Folger sold 10,000 shares on Aug 21, indicating potential insider concerns.

**Institutional Ownership:** Bullish - Inc. increased its stake by 22.5% in Q1, showing institutional confidence.

**Net Tilt:** Mixed signals with one bearish (insider sell) and one bullish (institutional buy-up)."
2023-09-22,6,"**Oppenheimer upgraded PRGS to $66.00 from $63.00 (Bullish)**

**Insider Sell**: Kathryn Kulikoski sold 1,061 shares (Bearish)

**New Stake**: Llc acquired a new position in PRGS (Bullish)

**Consensus PT**: $64.40 (Bullish)

**EPS Estimate**: Analysts predict FY EPS of 3.48 (Neutral)

**Net Tilt**: Bullish (Upgrade and new stake outweigh insider sell)"
2023-09-23,7,"**Ownership Increase:** Bullish. Principal Financial Group Inc. increased its stake by 285.8%, and Comerica Bank and Natixis also significantly boosted their positions.

**Analyst Action:** Neutral. Wedbush reaffirmed its ""Outperform"" rating but did not change the price target.

**Earnings Estimate:** Neutral. Wedbush provided Q3 2023 EPS estimates, with consensus at $3.48 per share for the full year.

**Net Tilt:** Bullish. Ownership increases outweigh neutral analyst action."
2023-09-24,2,"**Ownership Changes:** 
- **Bullish:** Inc. increased its stake in PRGS by 5.5% in Q1, indicating confidence.
- **Bearish:** System sold 583 shares, showing some divestment.

**Net Tilt:** Mixed signals with a slight bullish bias due to the larger stake increase compared to the smaller sale."
2023-09-25,5,"**Bullish Signals:**
- **Price Target Upgrade:** Citigroup upgraded PRGS from $57.00 to $62.00.
- **Stake Increases:** Wellington Management increased stake by 25.4%, and Vanguard increased by 1.7%.

**Neutral Signals:**
- **Revenue Guidance:** PRGS forecasts Q3 non-GAAP revenues between $172M-$176M.
- **Earnings Release:** PRGS set to report Q3 FY23 results on Sep 26.

**Net Tilt:** Bullish due to upgrades and increased institutional ownership."
2023-09-26,26,"**Earnings Beat:** PRGS reported Q3 EPS of $1.08, beating estimates of $1.00 by 8%. Revenue was $175.78M, above the consensus of $173.57M. **Bullish**.

**Guidance:** Raised FY23 EPS to $4.20-$4.26 from $4.16-$4.24 but Q4 EPS guidance ($0.87-$0.93) missed consensus of $0.98. **Mixed**, slightly **Bearish**.

**Financials:** Q3 pre-tax income of $56.56M missed consensus of $56.99M. Adjusted EBIT of $65M was up from $60.08M. **Neutral to Slightly Bearish**.

**Conference Call:** Scheduled for 5:00 PM ET. **Neutral**.

**Net Tilt:** **Slightly Bullish** due to strong Q3 results and raised FY23 guidance, despite Q4 miss."
2023-09-27,24,"**Earnings & Guidance:** Bullish. Q3 earnings beat estimates; FY2023 EPS guidance raised to $4.20-$4.26 vs. consensus $4.20. Revenue guidance lifted to $688.3M-$694.3M vs. previous $686.3M-$694.3M, with Q3 revenue up 14.8%.

**Analyst Actions:** Neutral. Oppenheimer and Wedbush reiterated ""Outperform"" ratings, setting PTs at $66.00 and $65.00 respectively.

**Ownership Changes:** Mixed. Insiders Kathryn Kulikoski and CFO Anthony Folger sold shares. However, institutional investors increased stakes.

**Stock Performance:** Bearish. Stock opened at $55.37, traded as low as $52.51, and closed at $54.06.

**Net Tilt:** Bullish, despite insider sales and stock dip, due to strong earnings and positive guidance."
2023-09-28,18,"**Bullish Signals:**
- **Price Target Upgrade:** Citigroup raised target price from $57.00 to $62.00.
- **Dividend Growth:** Increased dividend by 3.6% annually over the last three years.
- **Institutional Ownership Increase:** Multiple institutions (Vanguard, Dimensional Fund Advisors, Trc, Brinker Capital, PNC, Trexquant, Lazard Asset Management, Federated Hermes, Captrust Financial Advisors, Nuveen Asset Management, Integrated Investment Consultants, Natixis) increased holdings or initiated positions.

**Bearish Signals:**
- **Stock Price Drop:** PRGS traded down 4.8%.

**Net Tilt:** Bullish due to strong institutional support and positive analyst action despite recent stock price decline."
2023-09-29,5,"**Revenue Guidance Up**: Bullish. Progress Software raised its full-year revenue guidance to $692M, up from previous estimates.

**Q3 Revenue Growth**: Bullish. Q3 revenue hit $176M, marking a 15% YoY increase.

**Bank Stake Increase**: Bullish. A bank increased its ownership stake in PRGS during the 4th quarter, indicating confidence.

**Earnings Report**: Neutral. Progress Software reported robust Q3 2023 results but no specific figures were provided.

**Q4 Guidance**: Neutral. Company provided guidance for Q4 without specifying exact figures.

**Net Tilt**: Bullish. Multiple positive signals outweigh neutral elements."
2023-09-30,1,"**Earnings Estimate Upgrade:** Wedbush upgraded PRGS' Q1 2024 EPS estimate, indicating **bullish** sentiment. This suggests improved expectations for the company’s profitability.

**Net Tilt:** Bullish

No conflicting signals present."
2023-10-02,5,"**Earnings & Revenue:** Wedbush upgraded FY2023 EPS estimates, bullish. Q3 revenue beat expectations at $175.78M vs. $173.27M, bullish.

**Ownership Increases:** Principal Financial Group increased holdings by 285.8%, Comerica Bank initiated a new position, and Natixis increased its stake by 102.8%, all bullish.

**Net Tilt:** Bullish."
2023-10-04,5,"**Insider Activity:** Bearish; Kathryn Kulikoski and CFO Anthony Folger sold shares recently, indicating potential lack of confidence.

**Ownership Changes:** Bullish; Inc. increased its stake by 22.5% in Q1, showing institutional support.

**Analyst Ratings:** Neutral; Wedbush maintained ""outperform"" with a $65.00 price target, suggesting stable outlook.

**Earnings Estimates:** Neutral; analysts predict EPS of 3.5 for the current year, indicating no significant change in expectations.

**Net Tilt:** Mixed signals from insider sales vs. institutional buying; analyst view is stable."
2023-10-05,5,"**Revenue Growth:** Bullish. QoQ revenue up 14.8%.

**Institutional Ownership:** Bullish. Inc. increased holdings by 5.5%, and Natixis increased holdings by 102.8%. Xponance Inc. also bought 3,447 shares.

**Stock Price:** Neutral. Opened at $51.80 on Thursday.

**Net Tilt:** Strongly Bullish. Multiple institutions increasing stakes signals confidence in PRGS."
2023-10-06,5,"**Institutional Ownership Increase:** Bullish. PNC Financial Services Group, Lazard Asset Management, Federated Hermes, and Captrust Financial Advisors all increased their holdings in PRGS, indicating institutional confidence.

**Analyst Rating:** Neutral. Oppenheimer maintained an ""outperform"" rating but did not change the target price to $66.00, suggesting stability rather than a strong bullish or bearish signal."
2023-10-14,6,"**Revenue Growth:** Bullish. Q3 revenue grew 14.8% YoY.

**Institutional Ownership:** Mixed. Lazard Asset Management, Federated Hermes, and Captrust Financial Advisors increased holdings, while Robeco sold 3,452 shares.

**Stock Price:** Neutral. Opened at $52.33 on Friday."
2023-10-16,2,"**Progress Software (PRGS)**

- **Bearish**: Shares declined 5.4% due to negative market sentiment.
- **Bullish**: A financial advisory firm recommends purchasing PRGS at $50.

**Net Tilt**: Mixed signals with a slight bearish bias due to the recent share price drop."
2023-10-19,1,"**Earnings Call Highlights:**

- **Revenue:** Q2 revenue of $147M, slightly below consensus estimate of $148M.
- **EPS:** EPS of $0.65, missing the expected $0.68.
- **Guidance:** Provided cautious guidance for Q3, indicating potential revenue of $145-$147M, below current estimates.
- **Analyst Actions:** BofA downgraded PRGS from ""Buy"" to ""Neutral,"" reducing PT from $100 to $85.
- **Catalysts:** No significant product launches or major operational changes announced.

**Net Tilt:** Bearish due to revenue miss, EPS miss, and cautious guidance. Downgrade and reduced price target further reinforce negative sentiment."
2023-10-27,7,"**CFO Insider Sell:** Bearish; Anthony Folger sold 2,513 shares on Aug 18.

**Revenue Beat:** Bullish; Q3 revenue was $175.78M vs. expectations of $173.27M.

**Institutional Ownership Increase:** Bullish; Principal Financial increased stake by 285.8%, and Bank acquired new shares.

**Analyst Reaffirmation:** Neutral; Wedbush reaffirmed ""outperform"" with a $65.00 price target.

**Stock Price:** Mixed; PRGS opened at $50.59 on Oct 27.

**Net Tilt:** Slightly Bullish due to revenue beat and institutional buying, offset by CFO’s insider sell."
2023-10-28,3,"**Price Target Upgrade:** Citigroup upgraded PRGS to a higher price target of $62.00 from $57.00, **bullish**.

**Ownership Decrease:** Raymond James & Associates reduced their position in PRGS, **bearish**.

**Earnings Estimate:** Analysts predict EPS of 3.5 for the current year, **neutral**.

**Net Tilt:** Mixed signals with one bullish and one bearish indicator."
2023-10-29,3,"Institutional ownership trends mixed: Inc. increased holdings by 22.5% in Q1 (bullish), Llc initiated a new stake in Q2 (bullish), while Allspring Global sold 42,400 shares (bearish). Net tilt slightly bullish due to recent buying activity outweighing the sell-off."
2023-10-31,1,"**Product Release:** Progress Software (PRGS) released new tools, likely signaling enhanced product offerings and potential market expansion. **Bullish** as it could drive future revenue growth and improve competitive positioning. However, specific details on impact and reception are needed for a definitive assessment."
2023-11-01,5,"**Ownership Changes:** Principal Financial Group Inc. increased holdings by 285.8%, while another LLC decreased its stake. **Net Tilt:** Bullish (institutional support).

**Analyst Actions:** Wedbush reaffirmed ""outperform"" with a $65.00 target price. **Direction:** Bullish.

**Earnings Estimate:** Analysts predict EPS of 3.5 for the current year. **Direction:** Neutral (no surprise factor).

**Net Signal:** Mixed but slightly bullish due to significant institutional buying and positive analyst reaffirmation."
2023-11-02,4,"**Insider Activity & Ownership Changes:**
- **Bearish:** Kathryn Kulikoski, an insider, sold 3,265 shares.
- **Bullish:** Federated Hermes Inc. increased its stake by 12.5% in Q1.
- **Bullish:** Captrust Financial Advisors upped its holdings by 1.1% in Q4.
- **Bearish:** Anchor Capital Advisors reduced its position.

**Net Tilt:** Mixed signals with slight lean towards bearish due to insider sell and one firm reducing position."
2023-11-05,2,"**Earnings Growth:** Bullish. EPS grew at 7.7% annually over the past five years, indicating strong financial health.

**Dividend Announcement:** Bullish. PRGS announced a dividend of $0.175, enhancing shareholder returns.

**Net Tilt:** Bullish. Both signals indicate positive financial performance and shareholder value enhancement."
2023-11-10,12,"**Price Target Upgrade:** Citigroup upgraded PRGS from $57.00 to $62.00 (Bullish).

**Revenue Growth:** QoQ revenue up 14.8% (Bullish).

**Insider Sell:** A company insider sold $55,120 worth of stock (Bearish).

**Institutional Ownership Increases:** Multiple institutions increased holdings (PNC, Lazard, Federated Hermes, Captrust, Ohio, Headlands, LLC) (Bullish).

**Analyst Estimate:** Analysts expect EPS of 3.5 for the current year (Neutral).

**Net Tilt:** Bullish due to multiple institutional buys and positive revenue growth, despite an insider sale."
2023-11-11,1,"**Ownership Increase:** Bullish. Deutsche Bank AG increased its holdings in PRGS by 8.0% in Q3, indicating institutional confidence.

**Net Tilt:** Bullish."
2023-11-20,11,"**Price Target Upgrade:** Citigroup upgraded PRGS from $57.00 to $62.00 (Bullish).

**Revenue Beat:** Q3 revenue of $175.78M vs. estimates of $173.27M (Bullish).

**Insider Sell:** EVP Sundar Subramanian sold 1,704 shares (Bearish).

**Institutional Ownership Changes:**
- **Buys:** Principal Financial Group, Ohio, Headlands Technologies LLC, and another LLC increased holdings (Bullish).
- **Sell:** Envestnet Asset Management sold 226,441 shares (Bearish).

**Analyst Rating:** Oppenheimer reaffirmed ""outperform"" with a $66.00 target (Bullish).

**EPS Guidance:** Analysts expect EPS of 3.5 for the current year (Neutral).

**Net Tilt:** Bullish, despite mixed signals from insider and institutional activity."
2023-11-22,2,"**Ownership Decrease:** Bearish — William Blair Investment Management LLC reduced its stock holdings in PRGS.

**Analyst Rating:** Bullish — Wedbush maintained an ""outperform"" rating with a $65.00 price target.

**Net Tilt:** Mixed signals; no clear overall direction."
2023-11-23,2,"**Institutional Ownership Changes:**  
- **Bullish:** Federated Hermes Inc. increased its position in PRGS by 46.7% in Q3, indicating confidence in the stock.  
- **Bearish:** A separate LLC sold 3,637 shares of PRGS, suggesting some investors remain cautious.

**Net Tilt:** Mixed signals with a slight bullish bias due to the significant increase by a major investor."
2023-11-24,2,"**Insider Activity:** Bearish - Ian Pitt, an insider at PRGS, sold 3,222 shares. **Ownership Changes:** Bullish - Principal Financial Group Inc. increased its stake by 285.8% in Q1. **Net Tilt:** Mixed signals with one bearish (insider sale) and one bullish (major stake increase), indicating no clear directional bias."
2023-11-28,5,"**Ownership Increase:** Bullish. Multiple institutions increased their stakes significantly: Federated Hermes Inc. (+46.7%), Ohio (+114.3%), and Inc. (+307.2%).

**Analyst Rating:** Neutral-Bullish. Wedbush maintained an ""outperform"" rating with a new $65.00 price target.

**Holdings Update:** Neutral. A bank holds a substantial stake of $5.47 million in PRGS.

**Net Tilt:** Bullish. Ownership increases outweigh the neutral analyst action."
2023-11-29,8,"**Price Target Upgrade:** Citigroup upgraded PRGS to a $62.00 price target from $57.00 (Bullish).

**Insider Activity:** Evp Sundar Subramanian sold 1,704 shares (Bearish).

**Institutional Ownership Changes:** 
- A S initiated a new stake (Bullish).
- Llc increased holdings by 5.5% (Bullish).
- Ohio increased position by 114.3% (Bullish).
- Manufacturers Life Insurance Company sold 42,804 shares (Bearish).

**Stock Performance:** PRGS stock up 2.0% (Bullish).

**Analyst Estimates:** EPS forecast for FY is 3.5 (Neutral).

**Net Tilt:** Mixed signals with slight Bullish bias due to upgrades and increased institutional interest outweighing insider sales."
2023-12-08,9,"**Insider Activity:** Bearish; EVP Sundar Subramanian and Kathryn Kulikoski sold shares (2,119 and 1,487 respectively).

**Ownership Changes:** Bullish; Headlands Technologies LLC and Principal Financial Group Inc. increased their positions.

**Analyst Ratings:** Neutral; Oppenheimer maintained ""outperform"" with a $66.00 target price.

**Acquisitions:** Bullish; UniSuper Management Pty Ltd acquired 130,522 shares.

**Earnings Estimate:** Neutral; analysts predict EPS of 3.5 for the current year.

**Dividends:** Neutral; quarterly dividend announced, payable on Dec 15th.

**Stock Price:** Neutral; opened at $53.09."
2023-12-12,6,"**Insider Activity:** Bearish; Kathryn Kulikoski sold 1,060 shares, while Segall Bryant & Hamill LLC sold 875,451 shares. Bullish; Principal Financial Group Inc. increased holdings by 285.8%, and Bank initiated a new stake.

**Ownership Changes:** Mixed; significant insider selling but new institutional buying.

**Stock Performance:** Bullish; PRGS stock up 0.8%.

**Earnings Estimate:** Neutral; analysts expect EPS of $3.50 for the current year.

**Net Tilt:** Net slightly bearish due to substantial insider selling despite institutional buying."
2023-12-16,8,"**Insider Activity:** Evp Sundar Subramanian and Kathryn Kulikoski sold shares (bearish). FCF Advisors LLC also sold shares (bearish). However, Ohio raised its holdings significantly (bullish), and Llc and Comerica Bank acquired new stakes (bullish). **Net Tilt:** Mixed.

**Institutional Ownership:** Ohio increased holdings by 114.3% (bullish), while FCF Advisors LLC decreased holdings (bearish). Comerica Bank purchased a significant number of shares (bullish). **Net Tilt:** Slightly Bullish.

**Price Action:** PRGS opened at $54.83 (neutral).

**Summary:** Insider sales and one reduction in institutional ownership are bearish, but significant increases in other institutional holdings and new acquisitions are bullish. **Net Tilt:** Slightly Bullish."
2023-12-19,1,"**Legal Issues:** Bearish. Class action lawsuits have been filed against Progress Software Corp., indicating potential legal and financial risks. This could lead to increased costs, regulatory scrutiny, and reputational damage, negatively impacting investor sentiment and stock performance."
2023-12-25,5,"**Ownership Increase:** Bullish. Llc and Inc. increased their stakes in PRGS, with Inc. raising holdings by 353.0%. Additionally, Integrated Investment Consultants LLC acquired shares.

**Analyst Ratings:** Neutral-Bullish. Oppenheimer reaffirmed an ""outperform"" rating with a $66.00 price target.

**Earnings Forecast:** Neutral. Analysts predict EPS of 3.5 for the current fiscal year.

**Net Tilt:** Bullish. Ownership increases and a positive analyst rating outweigh neutral earnings forecasts."
2023-12-26,1,"**Ownership Increase:** Bullish. Sys boosted its holdings in PRGS by 14.9% during the 1st quarter, indicating increased confidence in the stock.

No conflicting signals present. **NET TILT:** Bullish."
2023-12-31,3,"**Insider Activity:** Bearish - Kathryn Kulikoski, an insider, sold 1,060 shares on Nov 6th.

**Stake Acquisition:** Bullish - SG Americas Securities LLC purchased shares of PRGS.

**Stock Price:** Neutral - PRGS opened at $54.30 on Friday.

**Net Tilt:** Mixed signals with one bearish (insider sell) and one bullish (institutional buy)."
2024-01-02,8,"**Insider Activity:** Bearish; EVP Sundar Subramanian sold 1,704 shares.

**Institutional Ownership:** Bullish; Federated Hermes Inc. increased holdings by 46.7%, Ohio by 114.3%.

**Analyst Ratings:** Bullish; Oppenheimer reaffirmed ""outperform"" with $66.00 PT, Wedbush reissued ""outperform"" with $65.00 PT.

**Earnings Preview:** Neutral; Progress Software to report Q4 & FY23 results on Jan 16, followed by a conference call.

**Net Tilt:** Mixed signals but overall slightly bullish due to institutional buying and positive analyst targets."
2024-01-03,7,"**Net Tilt: Bearish**

- **Bearish**: Kathryn Kulikoski sold 1,060 shares, and Ian Pitt sold 3,222 shares.
- **Bullish**: Corporate ownership increased by 4.4%, Dimensional Fund Advisors LP raised its position by 0.9%, and Wellington Management Group LLP boosted its stake by 25.4%. Llc acquired 42,750 shares.

**Net Tilt**: Conflicting signals but slightly bearish due to significant insider sales outweighing the broader institutional buying."
2024-01-08,3,"**Ownership Increase:** Bullish. Bank and Partnership increased their stakes in PRGS, indicating confidence in the stock.

**Stock Performance:** Bearish. PRGS opened at $52.07 on Monday, down from previous close.

**Net Tilt:** Mixed signals with ownership increase suggesting support but stock opening lower indicating potential near-term weakness."
2024-01-09,5,"**Insider Activity:** Bearish - Ian Pitt, an insider, sold 3,222 shares.

**Institutional Ownership:** Bullish - Federated Hermes Inc. increased its stake by 46.7%, and Captrust Financial Advisors raised its holdings by 75.1%.

**Earnings Preview:** Neutral - PRGS set to announce earnings with analysts expecting EPS of $0.91 per share.

**Net Tilt:** Mixed signals from insider selling vs. institutional buying; earnings expectations neutral."
2024-01-12,4,"**Earnings Beat:** Bullish. Progress Software’s earnings beat expectations.

**Revenue Guidance:** Neutral. PRGS forecasts Q4 non-GAAP revenues between $171M and $177M.

**Upcoming Earnings Release:** Neutral. PRGS set to report Q4 FY23 results on Jan 16, 2024.

**Net Tilt:** Bullish, driven by the earnings beat."
2024-01-13,5,"**Insider Sell:** Evp Sundar Subramanian sold 750 shares (Bearish).

**Ownership Increase:** Federated Hermes Inc. increased holdings by 46.7% in Q3 (Bullish).

**Analyst Ratings:** Oppenheimer and Wedbush both reissued ""Outperform"" ratings with $66.00 and $65.00 targets respectively (Bullish).

**Stock Performance:** Progress Software traded up 1.3% (Bullish).

**Net Tilt:** Bullish due to ownership increase, positive analyst ratings, and stock gain, despite insider sell."
2024-01-14,6,"**Insider Activity:** Bearish; Kathryn Kulikoski sold 1,060 shares on Nov 6th.

**Institutional Ownership:** Bullish; Captrust Financial Advisors increased holdings by 75.1%, Fze initiated a new stake, and Raymond James & Associates increased its position by 23.6%.

**Earnings Preview:** Neutral; PRGS set to announce earnings with analysts expecting EPS of $0.91 per share.

**Net Tilt:** Mixed signals with one bearish insider sale and multiple bullish institutional increases."
2024-01-15,3,"**Earnings Announcement (January 16):** Progress Software (PRGS) is set to report Q4 2023 earnings. No specific EPS or revenue figures provided. **Direction:** Neutral. **Evidence:** Multiple announcements confirm the earnings release but lack detailed financial guidance.

**Analyst Actions:** None reported. **Direction:** Neutral. **Evidence:** Absence of analyst upgrades, downgrades, or new price targets.

**Catalysts & Other News:** None reported. **Direction:** Neutral. **Evidence:** Lack of product launches, legal issues, or significant operational updates.

**Net Tilt:** Neutral. No conflicting signals; all information points towards awaiting the earnings announcement for further details."
2024-01-16,22,"**Earnings:** Q4 Non-GAAP EPS of $1.02 beats by $0.11; GAAP EPS of $0.34 down from $0.54. Adjusted earnings of $45.77M. **Revenue:** $177.50M beats consensus of $174.05M. **Guidance:** Q1 EPS $1.12-$1.16 vs. $1.15 consensus; FY2024 EPS $4.58-$4.68 vs. $4.64 consensus; FY2024 revenue $722-$732M. **Stock:** Up 4.14% to $55.83 post-earnings. **Net Tilt:** Bullish due to strong EPS and revenue beats despite GAAP EPS decline.

Conflicting signals exist between GAAP and Non-GAAP metrics but overall, the positive earnings and revenue beats outweigh the GAAP EPS drop."
2024-01-17,28,"**Earnings & Guidance:** Bullish. Q4 EPS of $1.02 beat estimates by 12.09%, with FY2024 outlook raised. Revenue of $176.97M exceeded consensus by $2.97M, up 11.5% YoY. FY2023 revenue of $694.44M also beat expectations.

**Capital & Dividends:** Mixed. CapEx down to $2.39M from $3.00M. Q4 dividend slightly reduced to $0.1775 from $0.18. FY2023 dividend unchanged at $0.70.

**Share Activity:** Bullish. $4M in share repurchases. Metlife increased holdings by 57.1%. Mackenzie acquired 13,122 shares. EVP Sundar Subramanian sold 750 shares.

**Financial Performance:** Bullish. Q4 EBIT adjusted to $62.52M vs $61.98M, FY2023 EBIT adjusted to $270.64M vs $267.93M. Pre-tax income adjusted down to $50.54M from $58.30M in Q4.

**Analyst Ratings:** Neutral. Wedbush and Oppenheimer maintained ""outperform"" ratings with"
2024-01-18,8,"**Earnings Beat:** Bullish. Progress Software beat earnings expectations, signaling strong financial performance.

**Insider Sell:** Bearish. Ian Pitt sold 3,222 shares, indicating potential insider concerns.

**Institutional Ownership Increase:** Bullish. Vanguard, State Street, and Dimensional Fund Advisors increased their holdings, showing institutional confidence.

**Stock Gain:** Bullish. Shares gapped up, reflecting positive market reaction to earnings news.

**Net Tilt:** Bullish. Despite the insider sell, the overall sentiment is positive due to the earnings beat and increased institutional ownership."
2024-01-19,26,"**Earnings Beat:** Bullish. PRGS reported EPS of $0.91, beating estimates by $0.11.

**Ownership Increases:** Bullish. Multiple institutions increased holdings, including Royal Bank of Canada (+6.5%), Nuveen Asset Management (+0.7%), and Envestnet Asset Management (+243.9%).

**Insider Sell:** Bearish. Kathryn Kulikoski sold 1,060 shares.

**Stock Price Movement:** Bullish. PRGS stock traded up 5.5%.

**Guidance Updates:** Neutral. PRGS updated both Q1 and FY24 guidance without specifying direction.

**Dividend Announcement:** Neutral. PRGS declared a quarterly dividend to be paid on March 15th.

**Conflicting Signals:** Net tilt is bullish due to strong earnings beat and significant institutional buying despite an insider sale."
2024-01-20,8,"**Earnings & Revenue:** Bullish; Progress Software reported a 11.5% YoY revenue increase.

**Insider Activity:** Bearish; Evp Sundar Subramanian sold 750 shares.

**Institutional Ownership:** Mixed; Ohio and Federated Hermes increased their stakes by 114.3% and 46.7%, respectively, while another fund sold 600 shares.

**Analyst Ratings:** Bullish; Oppenheimer maintained an ""outperform"" rating with a $66.00 price target.

**Stock Performance:** Neutral; PRGS stock gained 0.1%.

**Net Tilt:** Net bullish due to strong revenue growth and positive analyst action, despite mixed ownership signals."
2024-01-23,5,"**Insider Activity:** Bearish - CAO Domenic Lococo sold 4,503 shares, while institutional ownership increased by 24.1% and Raymond James & Associates purchased shares.

**Earnings Forecast:** Neutral - Analysts predict EPS of 3.8 for the current year.

**Stock Price:** Neutral - PRGS opened at $59.30 on Tuesday."
2024-01-24,5,"**Ownership Increase:** Bullish. Llc increased its stake by 18.4% in Q3, and Comerica Bank acquired a new position in Q2.

**Analyst Rating:** Bullish. Wedbush reaffirmed ""outperform"" with a $65.00 price target.

**Institutional Holding:** Bullish. Texas has a $2.25 million position in PRGS.

**Stock Performance:** Neutral. PRGS opened at $59.73 on Wednesday, below the $65.00 target but showing institutional support.

**Net Tilt:** Bullish. Multiple institutions increasing holdings and positive analyst coverage indicate continued interest."
2024-01-25,7,"**Insider Sell:** EVP Sundar Subramanian sold 750 shares (Bearish).

**Revenue Beat:** Q4 revenue was $177.52M vs. estimates of $174.12M (Bullish).

**Institutional Ownership Changes:**
- Inc. increased holdings by 353.0% in Q3 (Bullish).
- Ohio increased holdings by 114.3% in Q2 (Bullish).
- Bank initiated a new stake in Q4 (Bullish).
- Partnership increased stake by 1,128.3% in Q1 (Bullish).
- Cambridge Investment Research Advisors trimmed position (Bearish).

**Net Tilt:** Bullish due to multiple large ownership increases outweighing the insider sell and one trim."
2024-02-03,15,"**Insider Selling:** Bearish. CFO Anthony Folger and CEO Yogesh K. Gupta sold shares worth $429,825 and 15,000/40,174 shares respectively, indicating potential concerns.

**Revenue Beat:** Bullish. Q4 revenue was $177.52M vs. expectations of $174.12M, beating estimates by $3.4M.

**Institutional Buying:** Bullish. Multiple institutions (Bank, Inc., Partnership, Headlands Technologies LLC, Federated Hermes Inc., Comerica Bank) increased their stakes in PRGS.

**Stock Performance:** Mixed. Shares opened at $57.22, down slightly from previous close.

**Analyst Estimates:** Neutral. Analysts expect EPS of 3.8 for the current year.

**Dividend Announcement:** Neutral. Quarterly dividend announced, payable on March 15th."
2024-02-05,4,"**Insider Activity:** Bearish. CAO and insider Ian Pitt sold shares worth $292,301.71 and 3,168 shares respectively, indicating potential lack of confidence.

**Ownership Changes:** Bullish. Cantonalbank increased holdings by 13.8%, suggesting institutional support.

**Stock Performance:** Bearish. PRGS stock down 1.2%.

**Net Tilt:** Bearish due to significant insider selling outweighing the positive institutional buying signal."
2024-02-06,3,"**Dividend Guidance:** Bullish. Progress Software could grow its dividend, with current payout of $0.175 per share.

**Earnings Performance:** Bullish. EPS has risen annually by 8.0% over the past five years.

**Net Tilt:** Bullish. Both dividend growth potential and consistent EPS growth indicate positive financial health."
2024-02-07,11,"**Insider Sales:** Bearish. CEO Yogesh K. Gupta, CAO Domenic Lococo, and Director Charles Francis Kane sold significant shares (40,174, 4,503, and 5,000 respectively).

**Revenue Growth:** Bullish. Q4 revenue up 11.5% YoY.

**Institutional Ownership Changes:** Mixed. Raymond James, Federated Hermes, Ohio, Assenagon Asset Management, and Mirae Asset Global Investments increased holdings, while Llc reduced holdings.

**Earnings Estimate:** Neutral. Analysts expect EPS of $3.80 for FY.

**Net Tilt:** Net slightly bullish due to revenue growth and institutional buying outweighing insider sales."
2024-02-09,2,"**Ownership Increase:** Headlands Technologies LLC initiated a new position in PRGS during Q3, indicating institutional interest and potential long-term bullishness.

**Stock Price Stability:** PRGS opened at $57.38 on Friday, showing no significant change from the previous day, suggesting market stability around current levels.

**Net Tilt:** Bullish due to new institutional ownership, but neutral on stock price movement."
2024-02-11,6,"**Insider Activity & Ownership Changes:** Bearish - Ian Pitt sold 3,222 shares, indicating potential insider concerns. Bullish - Federated Hermes Inc. increased holdings by 46.7% in Q3, and Ohio increased holdings by 114.3% in Q2, suggesting institutional confidence. Jump Financial LLC also purchased 1,941 shares.

**Stock Performance:** Bearish - PRGS stock down 0.4%.

**Earnings Estimate:** Neutral - Analysts expect EPS of $3.80 for the current year.

**Net Tilt:** Mixed signals with slight lean towards bearish due to insider sell."
2024-02-12,3,"**Insider Sell:** EVP Sundar Subramanian sold 2,475 shares (bearish).

**Revenue Beat:** Q4 revenue was $177.52M vs. $174.12M estimate (bullish).

**Increased Ownership:** Inc. increased its stake by 353.0% in Q3 (bullish).

**Net Tilt:** Mixed signals; insider sell is bearish but revenue beat and increased ownership are bullish."
2024-02-15,4,"**Insider Activity & Ownership Changes:**
- **Bearish:** Evp Sundar Subramanian sold 750 shares on Jan 8th.
- **Bullish:** Federated Hermes Inc. increased its stake by 46.7% in Q3.
- **Bullish:** Ohio increased its stake by 114.3% in Q2.
- **Bearish:** William Blair Investment Management LLC decreased holdings.

**Net Tilt:** Mixed signals with slight lean towards bullish due to larger stake increases from major investors."
2024-02-16,6,"**Ownership Changes:** 
- **Bullish:** PNC Financial Services Group Inc., Lazard Asset Management LLC, and Captrust Financial Advisors increased their positions in PRGS by 2.6%, 4.3%, and 1.1% respectively (Q2, Q4, Q4).
- **Bearish:** Amalgamated Bank cut its position by 0.34% (Q4).

**Price Action:**
- **Bullish:** PRGS shares opened at $56.35 on Friday.

**Net Tilt:** Bullish due to multiple large increases in ownership outweighing the single reduction."
2024-02-17,4,"**Revenue Growth:** Bullish; Progress Software reported Q4 revenue up 11.5% YoY.

**Institutional Ownership:** Bullish; Mirae Asset Global Investments increased holdings by 14.0%.

**New Stakeholder:** Bullish; Pathstone Family Office purchased 409 shares.

**Stock Price Movement:** Bearish; PRGS stock traded down 0.4% today.

**Net Tilt:** Mixed signals with some bullish institutional activity but bearish price movement."
2024-02-22,9,"**Revenue Growth:** Bullish; Q4 revenue up 11.5%.  
**Institutional Ownership:** Bullish; Vanguard, State Street, Dimensional Fund Advisors, and Wellington Management increased holdings.  
**Stock Price:** Bearish; PRGS opened at $54.68, down from previous close.  
**Earnings Estimate:** Neutral; analysts predict 3.8 EPS for the current year."
2024-02-23,10,"**Insider Sales:** EVP Sundar Subramanian and CFO Anthony Folger sold shares (bearish).

**Price Target Upgrade:** Wedbush raised PT to $67 from $65 (bullish).

**Ownership Changes:** Multiple institutions increased holdings (PNC Financial, Lazard Asset Management, Captrust Financial Advisors, Inc., LLC) while Charles Schwab reduced holdings (mixed).

**Analyst Rating:** Wedbush maintained ""Outperform"" rating (neutral).

**Net Tilt:** Mixed signals with slight bullish bias due to price target upgrade and multiple increases in institutional holdings."
2024-02-24,4,"**Price Target Upgrade:** Wedbush raised PRGS’s price target to $67.00 from an unspecified previous level, indicating **bullish** sentiment.

**Insider Sell:** CEO Yogesh K. Gupta sold 40,174 shares on Feb 1st, signaling **bearish** sentiment.

**New Ownership:** Both Llc and Headlands Technologies LLC have recently initiated stakes in PRGS, suggesting **bullish** interest from new investors.

**Net Tilt:** Mixed signals with upgrades and new ownership bullish vs. insider sell bearish."
2024-02-25,2,"**Insider Sell:** CAO Domenic Lococo sold 4,503 shares (bearish).

**Earnings Estimate:** Analysts forecast FY EPS at $3.8 (neutral).

**Net Tilt:** Bearish due to insider sell."
2024-02-26,13,"**Bullish Signals:**
- Wedbush upgraded PRGS price target from $65.00 to $67.00.
- Multiple institutions increased holdings: Raymond James (+23.6%), Vanguard (+0.7%), Voloridge, Nuveen (+0.6%), and PSP Investments (+68.7%).

**Bearish Signals:**
- PRGS shares fell 3.3% in after-hours trading.

**Neutral Signals:**
- Consensus PT set at $64.80.
- PRGS announced a proposed $350M convertible senior notes offering.

**Net Tilt:** Mixed, but slightly bullish due to multiple upgrades and increased institutional holdings."
2024-02-27,12,"**Insider Activity:** Bearish; CFO Anthony Folger sold 7,500 shares on Feb 2nd.

**Ownership Trends:** Bullish; multiple firms increased holdings: Corp (4.4%), Dimensional Fund Advisors (0.9%), Verition Fund Management, Tower Research Capital, Lazard Asset Management, Truist Financial, Baird Financial Group, and Rhumbline Advisers.

**Dividends:** Neutral; dividend increased by 1.5% annually over three years, next quarterly dividend is $0.18 on Mar 15th.

**Stock Performance:** Bearish; PRGS traded down 0.7%.

**Net Tilt:** Mixed signals with slight bullish bias due to significant ownership increases outweighing insider sell."
2024-02-28,4,"**Insider Sales:** Bearish. CAO Domenic Lococo sold 4,503 shares on Jan 18, and EVP Sundar Subramanian sold 2,119 shares on Dec 1, indicating potential insider concerns.

**Ownership Increase:** Bullish. Trc increased holdings by 187.6% in Q3, suggesting institutional confidence.

**Earnings Estimate:** Neutral. Analysts forecast FY EPS at 3.8, unchanged from previous estimates.

**Net Tilt:** Mixed signals with slight lean negative due to insider sales outweighing the positive institutional buying."
2024-03-01,6,"**Ownership Trends:** 
- **Bullish:** PNC Financial Services, Captrust Financial Advisors, and Inc. increased holdings by 2.6%, 1.1%, and 9.2% respectively (Q2, Q4, Q3).
- **Bearish:** Mariner LLC sold shares.
- **Neutral:** Llc slightly increased holdings by 0.6% (Q1).

**Price Target Upgrade:**
- **Bullish:** Wedbush upgraded PRGS’s target price from $65.00 to $67.00.

**Net Tilt:** Bullish, with multiple institutions increasing holdings and a price target upgrade, despite one firm reducing its stake."
2024-03-04,11,"**Earnings & Guidance:** Bullish; analysts expect EPS of 3.79 for the current year, and there’s speculation PRGS could beat estimates.

**Revenue & Growth:** Bullish; Q4 revenue grew 11.5%.

**Analyst Actions:** Mixed; Wedbush upgraded PT to $67 from $65, but insiders Sundar Subramanian and Ian Pitt sold shares recently.

**Ownership Changes:** Mixed; Envestnet and Comerica increased holdings, while Algert Global invested $237k, but insider sales indicate some caution.

**Price Action:** Bearish; shares opened at $53.35, down from previous close.

**Net Tilt:** Neutral with slight bullish bias due to positive revenue growth and analyst upgrades, offset by insider selling and price drop."
2024-03-05,2,"**Ownership Increase:** Sys increased its stake in PRGS by 14.9% in Q1, indicating institutional bullishness.  
**Stock Performance:** PRGS stock fell 1.8% today, suggesting short-term bearish sentiment.  

**Net Tilt:** Mixed signals; institutional support vs. recent underperformance."
2024-03-06,7,"**Insider Activity:** Bearish; CAO Domenic Lococo sold 4,503 shares (Jan 18). Bullish; Federated Hermes Inc. increased holdings by 46.7% in Q3, while Headlands Technologies LLC bought a new stake worth $40k in Q3. Bearish; Stifel Financial Corp reduced its position.

**Institutional Ownership:** Mixed; Federated Hermes Inc. and Headlands Technologies LLC increased stakes, while Stifel Financial Corp decreased its position.

**Stock Price:** Nasdaq:PRGS opened at $52.54 on Wednesday.

NET TILT: Neutral with slight bearish lean due to insider sales and one institutional reduction."
2024-03-07,4,"**Insider Sell:** CEO Yogesh K. Gupta sold 40,174 shares (bearish).

**Credit Facility:** Secured new $900M credit facility (bullish).

**Ownership Increase:** Metlife Investment Management increased holdings by 57.1% (bullish).

**Net Tilt:** Mixed signals with one bearish insider sell and two bullish ownership/capital moves."
2024-03-08,4,"**Price Target Upgrade:** Wedbush upgraded PRGS’s price target from $65.00 to $67.00, indicating **bullish** sentiment.

**Credit Facility:** PRGS entered a new $900 million revolving credit facility, suggesting **bullish** financial flexibility.

**Ownership Decrease:** Kennedy Capital Management LLC reduced its position in PRGS, signaling **bearish** investor sentiment.

**Earnings Estimate:** Analysts predict EPS of 3.79 for the current year, neutral but consistent with expectations.

**Net Tilt:** Mixed signals; **slightly bullish** due to price target and credit facility upgrades, offset by ownership reduction."
2024-03-09,2,"**Northern Trust Corp Holds \$27.19M in PRGS**: Neutral. Institutional ownership remains stable with no change in holdings.

**PRGS Trading Down**: Bearish. PRGS stock is trading lower, indicating negative market sentiment.

**Net Tilt**: Bearish due to stock decline despite stable institutional ownership."
2024-03-10,2,"**Qube Research & Technologies Ltd acquired 48,687 shares in PRGS (bullish)**, indicating potential confidence in the stock’s future performance. **Opening share price was $53.89 (neutral)**, providing a baseline for the next session’s movement.

NET TILT: Bullish due to significant stake acquisition."
2024-03-12,16,"**Revenue Growth:** Bullish; Progress Software reported a 11.5% increase in revenue YoY.

**Analyst Upgrade:** Bullish; Wedbush raised PT from $65.00 to $67.00.

**Institutional Ownership:** Bullish; multiple institutions increased holdings (PNC, Lazard, Captrust, Inc., Connor Clark, Comerica, Partnership, Federated Hermes).

**Insider Sell:** Bearish; Ian Pitt sold 3,168 shares.

**Earnings Guidance:** Neutral; EPS forecast at $3.79 for FY 2024.

**Upcoming Earnings:** Neutral; Q1 2024 results due on March 26, 2024.

**Net Tilt:** Bullish, with strong institutional support offsetting insider sell."
2024-03-13,1,"**Progress Software (PRGS)**

- **Stock Performance**: PRGS stock down 0.11% today.
- **Analyst Actions**: No notable analyst actions reported.
- **Earnings & Guidance**: No new earnings or guidance updates provided.
- **Catalysts & News**: No significant product launches, legal issues, supply chain disruptions, or major corporate actions announced.

**Net Tilt**: Neutral (no clear bullish or bearish signals).

A trader should focus on broader market trends or await further developments for PRGS."
2024-03-18,3,"**Price Target Upgrade:** Wedbush upgraded PRGS’s price target from $65.00 to $67.00, **bullish**.

**Ownership Changes:**
- Partnership significantly increased holdings by 1,128.3%, **bullish**.
- Public Sector Pension Investment Board decreased stock holdings, **bearish**.

**Net Tilt:** Mixed signals with a slight **net bullish** bias due to the price target upgrade and significant increase in partnership holdings."
2024-03-19,9,"**Ownership Increases:** Bullish. Vanguard, State Street, Dimensional Fund Advisors, and Wellington Management increased their stakes in PRGS, indicating institutional confidence.

**Stock Performance:** Bullish. PRGS stock gained 0.5%.

**Analyst Estimates:** Neutral. Analysts expect FY EPS of $3.79, previously expecting $0.91 per quarter, suggesting revised higher expectations.

**New Stake Acquisition:** Bullish. Deutsche Bank acquired shares of PRGS.

**Net Tilt:** Bullish. Multiple institutions increasing stakes and positive stock movement outweigh neutral analyst estimates."
2024-03-20,8,"**Insider & Ownership Activity:** 
- **Bearish:** EVP Sundar Subramanian sold 5,799 shares (INSIDER-SELL).
- **Bullish:** Deutsche Bank and Federated Hermes increased their positions by 8.0% and 46.7%, respectively (OWNERSHIP-INCREASE).
- **Bearish:** Wellington Management Group reduced its stake and Ziegler Capital Management sold 148,919 shares (OWNERSHIP-DECREASE).

**Earnings & Estimates:**
- **Neutral:** Earnings preview and Q1 '24 earnings report scheduled for March 26th (EARNINGS-ESTIMATE, EARNINGS).

**Net Tilt:** Mixed signals with slight lean towards bearish due to insider and significant institutional selling."
2024-03-21,1,"**Product Launch:** Bullish. PRGS unveiled ""Chef' Premieres"" in Milwaukee, indicating a new product release that could drive future sales growth.

**Analyst Actions:** Neutral. No specific analyst upgrades, downgrades, or changes in price targets were mentioned.

**Earnings & Guidance:** Neutral. No earnings report or guidance updates were provided in the given headlines.

**Catalysts & Other News:** Neutral. The product launch is the primary news, with no mentions of legal issues, supply chain disruptions, or significant financial actions like buybacks.

**Net Tilt:** Slightly Bullish due to the new product launch, but lacking other critical financial or operational details."
2024-03-22,3,"**Insider Activity:** CEO Yogesh K. Gupta sold 40,174 shares (Bearish).

**Ownership Changes:** Headlands Technologies LLC initiated a new position in PRGS in Q3 (Bullish).

**Analyst Actions:** Brokerages set a new price target of $64.80 (Neutral/Bullish).

**Net Tilt:** Mixed signals with Bearish insider sell offset by Bullish ownership increase and Neutral-Bullish PT setting."
2024-03-24,7,"**Insider Activity:** Bearish - CFO Anthony Folger sold 7,500 shares.

**Analyst Actions:** Bullish - Wedbush upgraded target price from $65.00 to $67.00.

**Ownership Changes:** Bullish - MD boosted stake by 9.0%.

**Price Movement:** Bearish - Stock down 0.8%.

**Earnings Preview:** Neutral - PRGS to release Q earnings with EPS estimate of $1.14 per share and FY EPS estimate of $4.

**Net Tilt:** Mixed signals; slight lean bullish due to analyst upgrade and ownership boost."
2024-03-25,1,"**Earnings Estimate Preview:** Analysts expect Progress Software to report Q1 2024 EPS of $0.85, down from $0.90 in the prior year. Revenue is forecasted at $160 million, a slight decline from $165 million last year. **Bullish:** Morgan Stanley upgrades PRGS to ""Overweight"" from ""Equal Weight,"" raising the price target to $75 from $65. **Bearish:** Oppenheimer downgrades PRGS to ""Underperform"" from ""Perform,"" lowering the price target to $55 from $60. **Net Tilt:** Mixed signals with one bullish and one bearish analyst action."
2024-03-26,50,"**Earnings Beat:** PRGS Q1 Non-GAAP EPS of $1.25 (beats $1.14) and revenue of $184.685M (beats $181.909M). FY24 EPS guidance raised to $4.65-$4.75 from $4.58-$4.68. **Bullish**.

**Capex Down:** Q1 Capex of $309K vs $385K. **Bullish**.

**Acquisition Rumors:** Potential MariaDB acquisition discussed. **Neutral**.

**Insider Sales:** CEO and EVP sold shares. **Bearish**.

**Revenue Guidance:** FY24 revenue forecast met at $722M-$732M vs consensus $729.35M. Q2 EPS guidance below expectations at $0.93-$0.97 vs $1.15. **Mixed**.

**EBIT Beat:** Q1 EBIT adjusted at $76.76M vs consensus $71.77M. **Bullish**.

**Hedge Fund Buys:** Multiple funds increased positions. **Bullish**."
2024-03-27,25,"**Earnings:** Missed EPS expectations but beat on revenue; Q1 adjusted EPS $1.25 vs. estimates. **Revenue Guidance:** Upbeat on ARR growth but downbeat on Q2 outlook. **Price Targets:** Mixed with JPMorgan lowering to $63, Wedbush raising to $67. **Ownership:** Multiple institutions increased holdings. **Net Tilt:** Bearish due to earnings miss and downbeat guidance, offset by revenue beat and ownership increases."
2024-03-28,13,"**Analyst Actions:** Bullish (Buy ratings from Da Davidson, Oppenheimer; $66 PT from Oppenheimer). Bearish (JPMorgan downgraded PT to $63).

**Ownership Changes:** Bullish (multiple institutions increased stakes: Comerica Bank, Partnership, Vanguard, State Street, Dimensional Fund Advisors, Geode Capital).

**Insider Activity:** Bearish (CFO Anthony Folger sold 7,500 shares).

**Price Movement:** Bearish (shares opened at $52.63).

**Net Tilt:** Mixed signals but slightly bullish due to multiple institutional buys and analyst upgrades."
2024-03-29,3,"**Ownership Increases:**  
- **Bullish:** PNC Financial Services Group Inc. increased its stake in PRGS by 2.6%, indicating confidence.  
- **Bullish:** Vanguard Group Inc. acquired 123,157 shares, further boosting institutional support.

**Analyst Ratings:**  
- **Neutral:** Oppenheimer reiterated their rating on PRGS without changing the price target, showing no shift in sentiment.

**Net Tilt:** Bullish due to significant institutional buying."
2024-03-30,5,"**Earnings Estimate Upgrade:** Wedbush upgraded Q4 2024 EPS estimates, bullish.

**Insider Sell:** Evp Sundar Subramanian sold 5,799 shares, bearish.

**Ownership Increases:** Lazard Asset Management LLC and Captrust Financial Advisors increased positions by 4.3% and 1.1%, respectively, bullish.

**Net Tilt:** Mixed signals with upgrades and insider sell; slight net bullish due to multiple ownership increases."
2024-03-31,9,"**Insider Sales:** CEO Yogesh K. Gupta and CAO Domenic Lococo sold shares (bearish).

**Revenue Beat:** Q4 revenue of $184.69M vs. estimates of $181.91M (bullish).

**Price Target Adjustments:** JPMorgan downgraded target from $65 to $63; Wedbush upgraded from $65 to $67 (net neutral).

**Institutional Ownership:** Raymond James, Headlands Technologies, and Skandinaviska Enskilda Banken increased holdings (bullish).

**EPS Guidance:** Analysts predict EPS of 3.79 for the current year (neutral).

**Net Tilt:** Mixed signals with slight bullish bias due to revenue beat and institutional buying."
2024-04-05,7,"**Insider Sell:** Bullish signal muted by bearish insider sell; Ian Pitt sold 3,168 shares.

**Price Target Downgrade:** Bearish; JPMorgan downgraded PT from $65 to $63.

**Ownership Increase:** Bullish; Comerica Bank and Partnership increased holdings significantly.

**Analyst Ratings:** Neutral; Oppenheimer maintained ""outperform"" with $66 PT.

**Stock Performance:** Bearish; PRGS traded down 1.0%.

**Earnings Estimate:** Neutral; analysts expect EPS of 3.85 for FY.

**Net Tilt:** Mixed signals; slight net bearish due to downgrade and insider sell."
2024-04-08,5,"**Revenue Above Expectations:** Bullish. Q1 revenue was $184.69M vs. estimates of $181.91M.

**Price Target Downgrade:** Bearish. JPMorgan downgraded target from $65.00 to $63.00.

**Ownership Increase:** Bullish. Assenagon Asset Management increased holdings by 197.5%.

**Analyst Rating Reaffirmed:** Neutral. Oppenheimer maintained ""outperform"" with a $66.00 target.

**Stake Acquisition:** Bullish. LLC bought 6,118 shares.

**Net Tilt:** Mixed signals; slight net bullish bias."
2024-04-11,4,"**Analyst Upgrade:** Progress Software upgraded to Strong-Buy by StockNews.com (Bullish).  
**Ownership Increase:** Vanguard Group Inc. increased holdings by 0.7% in Q4 (Bullish).  
**EPS Guidance:** Analysts predict EPS of $3.85 for the current year (Neutral).  

**Net Tilt:** Bullish."
2024-04-13,10,"**Insider Sales:** Bearish; Charles Francis Kane and Sundar Subramanian sold shares, indicating potential lack of confidence.

**Revenue Beat:** Bullish; Q4 revenue was $184.69M vs. $181.91M estimate.

**Price Target Downgrade:** Bearish; JPMorgan lowered PT from $65 to $63.

**Institutional Ownership Increases:** Mixed; multiple institutions increased stakes, but insider sales suggest caution.

**New Stake Purchase:** Bullish; Asset Management One purchased additional shares.

**Stock Price:** Neutral; PRGS opened at $50.98. 

**Net Tilt:** Net slightly bearish due to insider sales and downgrade despite revenue beat and institutional buying."
2024-04-14,7,"**Earnings:** Bullish. Progress Software reported EPS of $1.01, beating estimates and indicating strong financial performance.

**Analyst Actions:** Bullish. Wedbush upgraded the target price from $65.00 to $67.00, reflecting positive sentiment.

**Ownership Changes:** Bullish. Both Headlands Technologies LLC and Allspring Global Investments Holdings LLC increased their stakes, signaling institutional confidence.

**Stock Price:** Bearish. Shares opened at $50.98, down from previous levels, suggesting some market hesitation despite positive fundamentals.

**Net Tilt:** Net bullish due to strong earnings and upgrades outweighing the slight stock price dip."
2024-04-15,3,"**Ownership Changes:**  
- **Bullish:** Lazard Asset Management LLC increased its stake in PRGS by 4.3% in Q4.  
- **Bearish:** New York State Teachers Retirement System trimmed its stake in PRGS.

**Analyst Actions:**  
- **Bullish:** Oppenheimer reissued an ""outperform"" rating with a $66.00 price target.

**Net Tilt:** Mixed signals from ownership changes, but overall slightly bullish due to the analyst upgrade and higher price target."
2024-04-16,8,"**Progress Software (PRGS)**

- **Bearish**: Set new 52-week low; insider sale by Director David Krall (sold 20,000 shares).
- **Bullish**: Q1 revenue beat expectations ($184.69M vs. $181.91M); multiple firms increased stakes (Inc., Deutsche Bank, Graham Capital, Assetmark).

**Net Tilt**: Mixed, but slightly bullish due to revenue beat and institutional support."
2024-04-17,4,"**Insider Activity:** CEO Yogesh K. Gupta sold 40,174 shares (bearish). **Analyst Action:** JPMorgan downgraded PT from $65 to $63 (bearish). **Ownership Changes:** LLC increased stake in Q4 (bullish). **Net Tilt:** Bearish due to insider sell and PT downgrade outweighing ownership increase."
2024-04-18,6,"**Insider Activity:** Bearish; CFO Anthony Folger sold 7,500 shares, and a director sold $1,020,000 worth of stock.

**Ownership Changes:** Bullish; Federated Hermes Inc. increased its stake by 46.7%.

**Price Movement:** Bearish; PRGS traded as low as $49.00 and closed at $50.10, down from the open of $50.59.

**Earnings Estimate:** Neutral; analysts forecast EPS of 3.85 for the current fiscal year.

**Net Tilt:** Bearish due to insider sales and price decline, offset slightly by increased institutional ownership."
2024-04-19,4,"**Acquisition Interest:** Progress Software is considering acquiring MariaDB for $40.6 million in cash, signaling **bullish** sentiment towards growth through acquisition. This move could enhance PRGS’s product suite and market position.

**Stock Performance:** PRGS stock is trading at $50.42, up 0.46%, indicating **bullish** market reaction to potential acquisitions.

**Net Tilt:** Bullish due to acquisition interest and positive stock movement."
2024-04-21,7,"**Insider Activity:** Bearish; CFO Anthony Folger and Director David Krall sold 7,500 and 20,000 shares respectively, indicating potential lack of confidence.

**Analyst Actions:** Mixed; Wedbush upgraded PT to $67.00 while JPMorgan downgraded PT to $63.00, showing conflicting signals.

**Ownership Changes:** Mixed; Headlands Technologies LLC increased holdings by $40,000, but another LLC sold 900 shares, suggesting varied investor sentiment.

**Earnings Estimate:** Neutral; analysts expect EPS of 3.85 for FY, no change from previous estimates.

**Net Tilt:** Slightly Bearish due to insider sales and mixed ownership changes."
2024-04-22,1,"Today’s headlines for PRGS show mixed signals:

- **Bearish**: Chef won the 'Hollywood' Business Award, but the stock opened down 0.56%. This suggests the market may not view the award as a strong positive catalyst.

**Net Tilt**: Bearish due to the negative stock movement post-award announcement."
2024-04-26,6,"**Insider Activity & Ownership Changes:**  
- **Bearish:** Director David Krall sold 20,000 shares on April 11th.  
- **Bullish:** Headlands Technologies LLC initiated a $40,000 stake in PRGS.  
- **Bullish:** Inc. increased holdings by 24.1% in Q4.  
- **Bearish:** Mackenzie Financial Corp trimmed its position.

**Stock Performance & Earnings Estimate:**  
- **Bearish:** PRGS opened at $50.70 on Friday, down 11%.  
- **Neutral:** Analysts expect FY EPS of 3.85.

**Net Tilt:** Bearish due to insider sell and stock price drop, offset slightly by new and increased institutional stakes."
2024-04-27,2,"**Ownership Increase:** Bullish. Fund increased holdings by 1.2% in Q4, while Assetmark Inc. increased holdings by 9.2% in Q3, indicating institutional confidence.

**Net Tilt:** Bullish. Institutional buying suggests positive sentiment towards PRGS."
2024-05-02,3,"**Acquisition Rumors and Insider Activity:**

- **Bearish:** Progress Software withdrew from the MariaDB takeover bid, indicating a shift away from strategic expansion (ESS -0.62).
- **Bearish:** The company denied intentions to make an offer for MariaDB, further dampening acquisition speculation (ESS -0.57).
- **Bearish:** An EVP sold shares, suggesting internal concerns about near-term prospects (ESS -0.49).

**Net Tilt:** Bearish."
2024-05-05,3,"**Insider Sell:** Evp Sundar Subramanian sold 584 shares (Bearish).

**Price Target Downgrade:** JPMorgan downgraded PT from $65.00 to $63.00 (Bearish).

**Ownership Increase:** A group increased holdings by 9.7% in Q1 (Bullish).

**Net Tilt:** Mixed signals with one bullish and two bearish points, leaning slightly Bearish."
2024-05-07,9,"**Insider Activity:** Bearish; David Krall sold 20,000 shares.

**Institutional Ownership:** Bullish; Robeco, Assenagon Asset Management, and Headlands Technologies significantly increased holdings.

**Analyst Ratings:** Neutral; Oppenheimer maintained ""outperform"" with a $66.00 target price.

**Market Performance:** Bullish; PRGS opened at $51.19, up 23% YTD.

**New Investments:** Bullish; Llc and Leuthold Group acquired stakes worth $28,000 and invested in 1,560 shares respectively.

**Earnings Forecast:** Neutral; analysts predict EPS of 3.85 for the current year.

**Net Tilt:** Mixed, but slightly bullish due to institutional buying and new investments despite insider sell."
2024-05-11,7,"**Insider Sell:** Evp Sundar Subramanian sold 584 shares (Bearish).

**Price Target Downgrade:** JPMorgan downgraded PRGS from $65.00 to $63.00 (Bearish).

**Ownership Increase:** Inc. increased holdings by 116.4% in Q4 (Bullish). Deutsche Bank increased holdings by 8.0% in Q3 (Bullish).

**Stock Performance:** PRGS traded up 0.3% (Bullish).

**Analyst PT Set:** Analysts set PT at $64.60 (Neutral).

**EPS Estimate:** Analysts expect EPS of 3.85 for FY (Neutral).

**Net Tilt:** Mixed signals with slight bias towards Bearish due to insider sell and downgrade."
2024-05-14,6,"**Ownership Increase:** Bullish. LLC and Inc. increased stakes, with Inc. growing holdings by 24.1%. Russell Investments also acquired shares.

**Analyst Action:** Bullish. Oppenheimer reissued ""outperform"" rating with a $66.00 price target.

**Earnings Estimate:** Neutral. Analysts predict EPS of 3.85 for the current year.

**Net Tilt:** Bullish. Ownership increases and positive analyst action outweigh neutral earnings estimate."
2024-05-15,9,"**Revenue Growth Positive**: Bullish; company reported revenue growth.

**Insider Selling Negative**: Bearish; Yufan Stephanie Wang sold 779 shares ($1.5m+).

**Institutional Ownership Mixed**: Neutral; Raymond James & Associates (+1.9%), Zurcher Kantonalbank (+13.8%), Mackenzie Financial (+$675k), Mirae Asset (+14.0%), Td Asset Management (+41.9%) increased holdings; Llc sold 50,364 shares."
2024-05-16,5,"**Insider Activity:** Bearish. EVP John Ainsworth sold 30,631 shares, and CPO Kulikoski sold 6,450 shares. **Ownership Changes:** Mixed. Headlands Technologies LLC increased its position, while Amalgamated Bank decreased its stake by 3.7%. **Stock Performance:** Bullish. PRGS opened at $51.43, up 23% from previous close."
2024-05-17,5,"**Ownership Increase:** Bullish. Vanguard Group Inc. increased its stake by 2.3% in Q3, while Allspring Global Investments Holdings LLC boosted its position by 79.0% in Q1. Additionally, a bank initiated a new stake in Q4.

**Analyst Rating:** Neutral. Oppenheimer maintained an ""outperform"" rating with a $66.00 price target.

**Dividend Announcement:** Neutral. Progress Software announced a quarterly dividend to be paid on June 17th.

**Net Tilt:** Bullish due to significant ownership increases."
2024-05-19,6,"**Insider Activity:** Bearish; Yufan Stephanie Wang sold 779 shares on May 6th.

**Analyst Actions:** Bullish; Wedbush upgraded target price from $65.00 to $67.00.

**Institutional Ownership:** Bullish; Raymond James & Associates increased holdings by 1.9%, while another firm increased position by 24.1%.

**New Stake:** Bullish; Inc. purchased 817 shares.

**Stock Performance:** Bearish; PRGS stock down 0.5%.

**Net Tilt:** Mixed signals with slight bullish bias due to institutional buying and positive analyst action."
2024-05-21,5,"**Insider Sell:** EVP Sundar Subramanian sold 5,799 shares (Bearish).

**Price Target Downgrade:** JPMorgan downgraded PRGS from $65.00 to $63.00 (Bearish).

**Ownership Increase:** Assenagon Asset Management increased stake by 197.5% in Q4 (Bullish).

**Analyst Rating Neutral:** Oppenheimer reaffirmed ""outperform"" with $66.00 PT (Bullish).

**Stake Acquisition:** Robeco Institutional Asset Management acquired shares (Bullish).

**Net Tilt:** Mixed signals; slight net bullish bias due to ownership increases and new acquisition despite downgrade."
2024-05-24,5,"**Analyst Ratings:** Stocknews.com upgraded PRGS from ""buy"" to ""strong-buy,"" indicating **bullish** sentiment (Evidence: Rating change).

**Insider Activity:** David Krall, a director, sold 20,000 shares, signaling **bearish** sentiment (Evidence: Insider sale).

**Institutional Ownership:** Inc. increased its stake by 24.1%, suggesting **bullish** sentiment (Evidence: Position increase).

**Market Stake:** Markets has a $2.65 million stake in PRGS, neutral (Evidence: Existing stake).

**Price Action:** PRGS opened at $50.58, neutral (Evidence: Opening price).

**Net Tilt:** Mixed signals with slight **net bullish** bias due to analyst upgrade and institutional buying outweighing insider selling."
2024-05-25,6,"**Insider Activity:** Bearish; EVP John Ainsworth sold 30,631 shares (May 14th).

**Institutional Ownership:** Bullish; Vanguard Group Inc., BlackRock Inc., and Manufacturers Life Insurance Co. increased their stakes in Q3 and Q4.

**Analyst Estimates:** Neutral; analysts predict EPS of $3.85 for the current year.

**Net Tilt:** Mixed signals with slight bullish bias due to institutional buying outweighing insider sell."
2024-05-26,7,"**Insider Activity:** Bearish. EVP Sundar Subramanian and insider Yufan Stephanie Wang sold shares, indicating potential lack of confidence.

**Analyst Action:** Bearish. JPMorgan downgraded Progress Software, cutting the target price from $65.00 to $63.00.

**Ownership Changes:** Mixed. Headlands Technologies and Assenagon Asset Management increased holdings, while Texas sold 31,748 shares, netting a slightly bearish tilt.

**Stock Price:** Neutral. Opened at $50.31 with no additional trading data provided.

**Net Tilt:** Bearish."
2024-05-30,5,"**Analyst Upgrade:** Stocknews.com upgraded PRGS from ""buy"" to ""strong-buy,"" indicating bullish sentiment. **Ownership Increases:** Both Vanguard Group Inc. and Manufacturers Life Insurance Company increased their holdings, suggesting institutional confidence. **Price Action:** PRGS opened at $49.71 on Thursday, with no specific earnings or revenue data provided. **Net Tilt:** Bullish due to analyst upgrade and increased institutional ownership."
2024-06-02,4,"**Insider Sell:** Director David Krall sold 20,000 shares (Bearish).

**Price Target Downgrade:** JPMorgan Chase downgraded PT from $65.00 to $63.00 (Bearish).

**Dividend Increase:** Dividend increased by an average of 1.5% annually over the past three years (Bullish).

**Earnings Estimate:** Analysts predict EPS of 3.85 for the current fiscal year (Neutral).

**Net Tilt:** Mixed signals with slight bias towards Bearish due to insider sell and PT downgrade."
2024-06-04,4,"**Analyst Ratings:** Stocknews.com upgraded PRGS from ""buy"" to ""strong-buy,"" indicating bullish sentiment. Evidence: Stronger recommendation implies higher confidence in future performance.

**Ownership Increases:** Multiple entities increased their stakes in PRGS. Headlands Technologies LLC initiated a new position, while another entity raised its holdings by 24.1%. Evidence: Increased ownership suggests institutional confidence.

**Investment Activity:** Bank Invests $15.70 million in PRGS. Evidence: Significant investment indicates institutional belief in stock potential.

**Net Tilt:** Bullish. Multiple institutions and analysts show strong support for PRGS."
2024-06-05,7,"**Insider Activity & Ownership Changes:** Bearish - Yufan Stephanie Wang sold 779 shares, while PNC Financial Services reduced its stake. Bullish - Manufacturers Life Insurance increased holdings by 1.1%, and Llc purchased 2,251 shares.

**Analyst Ratings:** Neutral - Oppenheimer maintained an ""outperform"" rating with a $66.00 target price.

**Stock Price:** Flat - PRGS opened at $49.88 on Wednesday.

**Net Tilt:** Mixed signals from insiders and institutions, but overall slightly bearish due to insider sales and stake reductions. Analysts remain cautiously optimistic."
2024-06-06,4,"**Insider Activity:** Bearish - CFO Anthony Folger sold 3,767 shares on June 3rd.

**Ownership Changes:** Bullish - Jump Financial LLC increased its stake by 28.9% in Q3.

**Price Movement:** Bullish - Stock traded up 1.0%.

**Earnings Estimate:** Neutral - Analysts predict EPS of 3.85 for the current year.

**Net Tilt:** Mixed signals with slight bullish bias due to ownership increase and price movement."
2024-06-07,4,"**Insider Sales:** EVP John Ainsworth and Director David Krall sold shares, signaling **bearish** sentiment (Ainsworth sold 30,631 shares, Krall sold 20,000 shares).

**Price Target Downgrade:** JPMorgan downgraded Progress Software’s price target from $65.00 to $63.00, indicating **bearish** sentiment.

**New Ownership:** Dynamic Technology Lab Private Ltd. increased its stake in Progress Software to $1,108,000, suggesting **bullish** sentiment.

**Net Tilt:** Mixed signals with two bearish and one bullish indicator, leaning slightly **bearish**."
2024-06-09,4,"**Management and Institutional Ownership Increase:** Bullish. Management increased their stake by 1.4% in Q4, while Pathstone Family Office LLC boosted holdings by 3.6% in Q3, indicating confidence.

**Consensus Price Target Set:** Neutral. Analysts set a consensus price target of $64.60 for PRGS, suggesting current valuation may undervalue the stock.

**Stock Price:** Neutral. PRGS opened at $50.16 on Friday, below the consensus target but no clear directional signal provided.

**Net Tilt:** Slightly Bullish due to insider and institutional buying, though price target suggests potential upside."
2024-06-11,1,"**Earnings Preview:** Progress Software is scheduled to report Q2 2024 financial results on June 25, 2024. **Neutral** — No specific guidance or analyst actions provided yet. Traders should prepare for potential volatility around earnings release."
2024-06-18,5,"**Insider Sell:** CFO Anthony Folger sold 3,767 shares (bearish).

**Price Target Downgrade:** JPMorgan downgraded PT from $65.00 to $63.00 (bearish).

**Rating Neutral:** Oppenheimer maintained ""outperform"" with $66.00 PT (bullish).

**Earnings Estimate:** Qtr EPS expected at $0.95 (neutral).

**Stock Price:** PRGS opened at $49.50 (neutral).

**Net Tilt:** Mixed signals; slight net bearish due to insider sell and downgrade."
2024-06-23,8,"**Insider Activity:** Bearish; CFO Anthony Folger and EVP Sundar Subramanian sold shares (Folger sold 3,767 shares, Subramanian sold 584 shares).

**Institutional Ownership:** Mixed; Inc. increased holdings by 116.4%, while Wellington Management Group reduced holdings. Wellington still holds $57.25M in PRGS.

**Earnings Forecast:** Neutral; analysts predict EPS of 3.85 for the current year.

**Price Action:** Neutral; PRGS opened at $48.93 on Friday."
2024-06-24,4,"**Earnings Preview:** Progress Software (PRGS) is set to report Q2 2024 earnings on June 25. Analysts forecast EPS of $0.954. **Direction:** Neutral. No additional financial details provided.

**Analyst Actions:** None reported. **Direction:** Neutral.

**Catalysts:** Earnings announcement is the key event. **Direction:** Neutral until results are known.

**Net Tilt:** Neutral. No conflicting signals; focus on earnings report for directional cues."
2024-06-25,32,"**Bullish Signals:**
- **Analyst Upgrades:** Guggenheim upgraded to Buy, Stocknews.com to Strong-Buy.
- **Earnings Beat:** Q2 Non-GAAP EPS of $1.09 vs. $0.95 estimate, beating by 14.74%.
- **Revenue Guidance Above Expectations:** FY24 revenue guidance of $725-735M vs. $726.52M consensus.
- **EPS Guidance Raised:** FY24 EPS view raised to $4.70-$4.80 vs. $4.69 consensus.
- **Institutional Ownership Increase:** Vanguard, Principal Financial, and Allspring increased stakes.

**Bearish Signals:**
- **Q3 EPS Below Expectations:** Q3 EPS guidance of $1.15 vs. $1.21 estimate.
- **Insider Sell:** Director David Krall sold 20,000 shares.

**Net Tilt:** Bullish, with strong analyst upgrades and earnings beats outweighing Q3 EPS miss and insider sell."
2024-06-26,28,"**Bullish Signals:**
- **Earnings Beat:** Q2 pre-tax profit beat consensus by $0.73M.
- **Enhanced Guidance:** FY24 net profit and pre-tax income guidance raised slightly.
- **Product Enhancements:** AI enhancements introduced to Sitefinity platform.
- **Institutional Buying:** Llc, Envestnet, Hsbc, and Algert Global increased holdings.

**Bearish Signals:**
- **Price Target Downgrades:** Jefferies lowered PT to $55, JPMorgan to $63.
- **Revenue Miss:** Q2 revenue down by $4.15M vs. prior.
- **Revenue Guidance Below Expectations:** Q3 revenue forecast below consensus.
- **EPS Guidance Below Expectations:** EPS guidance of $1.11-1.15 vs. consensus $1.21.
- **Insider Sales:** Executives sold shares multiple times.

**Net Tilt:** Mixed, with significant bearish signals outweighing bullish ones."
2024-06-27,12,"**Price Target Downgrade:** Jefferies downgraded PRGS from $60.00 to $55.00 (Bearish).

**Insider Sell:** EVP Sundar Subramanian sold 584 shares (Bearish).

**Ownership Increases:** Management, Inc., and Dekabank increased their positions (Bullish).

**Analyst Ratings Neutral:** Oppenheimer reaffirmed ""Outperform,"" DA Davidson reaffirmed ""Buy"" with a $65.00 target (Bullish).

**Stock Performance:** PRGS stock up 12.8% (Bullish).

**Earnings Call:** Q2 2024 earnings call held (Neutral).

**Net Tilt:** Mixed signals; slight Bullish bias due to stock performance and analyst affirmations."
2024-06-28,3,"**Ownership Increase:** Institutional ownership in PRGS increased by 2.0% in Q4, indicating potential long-term confidence (bullish).

**Analyst Downgrade:** StockNews.com downgraded PRGS to Buy from Strong Buy (bearish).

**Earnings Report:** PRGS released Q2 2024 results (neutral, no specific beat/miss details provided).

**Net Tilt:** Mixed signals; slight net bearish due to analyst downgrade."
2024-06-29,2,"**Insider Activity:** Bearish - Director David Krall sold 20,000 shares on April 11th, indicating potential lack of confidence.

**Ownership Changes:** Bullish - Llc increased holdings by 993.5% in Q1, showing strong institutional support.

**Net Tilt:** Mixed signals with insider sell vs. significant institutional buy-in."
2024-06-30,7,"**Net Tilt: Bearish**

- **Downgrade & Price Target Cut**: Jefferies downgraded PRGS to a lower target price of $55.00 from $60.00 (Bearish).
- **Insider Sell**: CFO Anthony Folger sold 3,767 shares (Bearish).
- **Analyst Rating Downgrade**: Stocknews.com cut PRGS rating from ""Strong-Buy"" to ""Buy"" (Slightly Bearish).
- **Ownership Increases**: Llc and Vanguard increased holdings (Bullish), but not enough to offset other negatives.
- **Stock Open**: PRGS opened at $54.26 (Neutral).

Conflicting signals lean bearish due to significant downgrade and insider sell."
2024-07-01,4,"**Ownership Increase:** Bullish. Principal Financial Group Inc. increased holdings by 0.6%, while Allspring Global Investments Holdings LLC raised holdings by 79.0% in Q1.

**Earnings Estimates:** Neutral. DA Davidson issued Q3 2024 EPS estimate and FY2024 EPS estimate of $3.90.

NET TILT: Bullish due to significant ownership increases, despite neutral earnings estimates."
2024-07-03,4,"**Ownership Increase:** Two institutional investors, Inc. and LLC, significantly increased their stakes in PRGS—Inc. by 24.1% and LLC by 993.5%. **Bullish** on investor confidence.

**Earnings Estimates:** Da Davidson issued Q3 2024 EPS estimates for PRGS. **Neutral** on specific figures but indicates continued analyst coverage. 

**Net Tilt:** Bullish due to substantial ownership increases despite neutral earnings estimate coverage."
2024-07-04,4,"**Price Targets and Ratings:**
- **Bearish:** Jefferies downgraded PRGS to a $55.00 target price from $60.00.
- **Bullish:** Oppenheimer maintained an ""outperform"" rating with a $66.00 target.
- **Neutral:** Stocknews.com reduced PRGS rating from ""strong-buy"" to ""buy.""
- **Consensus:** PRGS has a $63.14 consensus target price.

**Net Tilt:** Mixed signals; slight net bullish bias due to higher consensus and maintained outperform rating."
2024-07-05,8,"**Earnings & Guidance:** Bullish. Progress Software boosted its outlook amid market share gains in the growing developer tools/DevOps automation market. Q2 earnings reported.

**Insider Activity:** Bearish. Yufan Stephanie Wang sold 779 shares, while another insider sold 2,918 shares.

**Institutional Ownership:** Bullish. Llc increased holdings by 225,100%, and Vanguard raised holdings by 0.7%.

**Analyst Ratings:** Neutral. Da Davidson reissued a ""buy"" rating with a $65.00 price target.

**Net Tilt:** Mixed signals but slightly bullish due to positive guidance and institutional buying."
2024-07-09,4,"**Insider Sell:** Bearish - Ian Pitt, an insider, sold 584 shares on July 5th.

**Ownership Increase:** Bullish - Lazard Asset Management LLC increased its stake by 8.4% in Q3.

**Analyst Rating:** Neutral - Guggenheim maintained a ""buy"" rating with a $64.00 price target as of June 25th.

**Dividend Announcement:** Neutral - Progress Software announced a quarterly dividend payable on September 16th.

**Net Tilt:** Mixed signals; slight lean bullish due to ownership increase and maintained buy rating."
2024-07-10,5,"**Price Target Downgrade:** Jefferies downgraded PRGS from $60.00 to $55.00, bearish.

**Ownership Increases:** Harbor Capital Advisors increased holdings by 53.5% Q2, bullish; Dekabank increased holdings by 4.1% Q1, bullish.

**Analyst Rating Reissue:** Oppenheimer reissued ""outperform"" with $66.00 PT, bullish.

**Stock Performance:** PRGS stock down 1.0%, bearish.

**Net Tilt:** Mixed signals; slight net bullish due to ownership increases and analyst reissue, but price target downgrade and recent stock performance are bearish."
2024-07-13,6,"**Insider Activity:** Bearish; EVP Sundar Subramanian sold 584 shares.

**Ownership Changes:** Bullish; Inc. increased its stake by 5.3%, and Sciencast Management LP made a new investment.

**Analyst Actions:** Mixed; Oppenheimer maintained ""outperform"" with a $66.00 PT, Guggenheim reaffirmed ""buy"" with a $64.00 PT, while Stocknews.com downgraded from ""strong-buy"" to ""buy"". Net tilt slightly bullish due to higher PTs and positive ownership changes."
2024-07-14,6,"**Ownership Changes:** Bullish. Allspring Global Investments, Vanguard Group, and Assenagon Asset Management increased their stakes in PRGS by 79%, 2.3%, and 197.5% respectively, indicating institutional confidence. However, LSV Asset Management reduced its position by 23.6%, showing some divergence.

**Analyst Action:** Neutral. Da Davidson reissued a ""buy"" rating with a $65.00 price target, maintaining a positive outlook but not changing the previous stance.

**Stock Performance:** Slightly Bullish. PRGS stock gained 0.3% today, reflecting modest positive market sentiment.

**Net Tilt:** Slightly Bullish, with mixed signals from ownership changes and a stable analyst recommendation."
2024-07-15,2,"**Insider and Institutional Selling:** Bearish. Ian Pitt, an insider at PRGS, sold 584 shares on July 5th. Additionally, an unnamed fund sold 578 shares, indicating decreased ownership interest. These sales suggest potential concerns among key stakeholders. **Net Tilt:** Bearish."
2024-07-17,7,"**Price Target Downgrade:** Jefferies downgraded PRGS from $60.00 to $55.00 (Bearish).

**Insider Sell:** Kathryn Kulikoski sold 2,918 shares (Bearish).

**Ownership Changes:** 
- Inc. increased stake by 24.1% (Bullish).
- Assetmark Inc. increased position by 19.5% (Bullish).
- Mirae Asset Global Investments reduced position by 12.3% (Bearish).

**Analyst Ratings:**
- Guggenheim reaffirmed ""buy"" with $64.00 target (Bullish).
- Stocknews.com downgraded from ""strong-buy"" to ""buy"" (Net Neutral).

**Net Tilt:** Mixed signals with slight bias towards Bearish due to downgrade and insider sell."
2024-07-18,3,"**Insider Activity:** Bearish - Insider selling continues with an insider selling 9,961 shares, reducing ownership by 0.34%. Another insider sale is noted, decreasing holdings by 0.49%.

**Analyst Action:** Bullish - Wedbush upgraded the price target to $68 from $67.

**Net Tilt:** Mixed signals from insider activity vs. analyst upgrade, but overall slightly **Bullish** due to the price target increase."
2024-07-19,4,"**Insider Activity:** Bearish - EVP Loren Jarrett sold 9,961 shares, indicating potential insider concerns.

**Ownership Changes:** Bullish - Llc increased its stake by 993.5%, showing strong institutional confidence.

**Analyst Ratings:** Bullish - Da Davidson reaffirmed a ""buy"" rating with a $65.00 price target, up from previous levels.

**Net Tilt:** Mixed signals from insider sell and institutional buy suggest caution.Trader should consider these conflicting signals before making a decision."
2024-07-20,6,"**Price Target Adjustments:** Jefferies downgraded PRGS’s target price to $55.00 from $60.00 (Bearish). Wedbush upgraded PRGS’s target price to $68.00 (Bullish).

**Insider Activity:** EVP Sundar Subramanian and Yufan Stephanie Wang both sold shares (Bearish).

**Ownership Increase:** A significant shareholder increased its stake by 10.9% in Q2 (Bullish).

**Earnings Estimate:** Analysts predict EPS of 3.89 for the current year (Neutral).

**Net Tilt:** Mixed signals with bearish insider sales offset by bullish ownership increase and target price upgrades. **NET TILT: SLIGHTLY BEARISH.**"
2024-07-21,8,"**Revenue Beat:** Bullish; Q2 revenue was $175.08M vs. estimates of $168.60M.

**Price Target Downgrade:** Bearish; JPMorgan lowered PT from $65 to $63.

**Institutional Ownership Growth:** Bullish; Assenagon, Allspring, and Vanguard increased holdings significantly.

**New Investment:** Bullish; Sg Americas Securities invested $451K.

**Rating Cut:** Bearish; StockNews.com downgraded from ""Strong-Buy"" to ""Buy.""

**Stock Performance:** Bearish; PRGS stock fell 1.6%.

**Net Tilt:** Mixed signals with slight net bullish bias due to multiple institutional buys outweighing the downgrade."
2024-07-22,1,"**Analyst Actions:** Guggenheim upgraded Progress Software to Buy from Neutral with a new PT of $64.00 (Bullish).

**Net Tilt:** Bullish.

*Note: No conflicting signals present.*"
2024-07-23,3,"**Price Target Downgrade:** Jefferies Financial Group downgraded PRGS, reducing the price target from $60.00 to $55.00. **Bullish/Bearish:** Bearish. Evidence: Lowered price target.

**Ownership Decrease:** Us Bancorp DE sold 1,076 shares of PRGS. **Bullish/Bearish:** Neutral to Bearish. Evidence: Reduced ownership suggests possible lack of confidence.

**Earnings Estimate:** Analysts expect EPS of 3.89 for the current fiscal year. **Bullish/Bearish:** Bullish. Evidence: Positive EPS estimate.

**Net Tilt:** Net tilt is slightly bearish due to the price target downgrade and reduced ownership, despite positive EPS estimates."
2024-07-24,6,"**Insider Sell:** EVP Loren Jarrett sold 9,961 shares (Bearish).

**Revenue Beat:** Q2 revenue was $175.08M vs. estimates of $168.60M (Bullish).

**Increased Ownership:** System increased holdings by 63% in Q1; LLC increased holdings by 225,100% in Q4 (Bullish).

**Price Target Upgrade:** Wedbush raised PT from $67.00 to $68.00 (Bullish).

**Net Tilt:** Bullish due to revenue beat, increased ownership, and price target upgrade, despite insider sell."
2024-07-26,4,"**Product Outage:** Bullish signal muted; Progress disclosed a second critical flaw, potentially impacting product reliability but no specific financial impact mentioned.

**Insider Sell:** Bearish; EVP Sundar Subramanian sold 584 shares on April 30th, indicating possible insider concerns.

**Ownership Increase:** Bullish; Sciencast Management LP initiated a new position in Q1, suggesting institutional confidence.

**Stock Price:** Neutral; PRGS opened at $57.44 on Friday, with no significant movement or guidance provided.

**Net Tilt:** Mixed signals with slight bearish bias due to insider sell and product flaw disclosure."
2024-07-28,7,"**Price Target Adjustments:** Jefferies downgraded PRGS to $55.00 (bearish), while Guggenheim maintained a ""buy"" with a new $64.00 target (bullish) and Wedbush upgraded to $68.00 (bullish).

**Ownership Changes:** Assetmark increased holdings by 19.5% (bullish), but another firm reduced its position by 3.3% (bearish).

**Stock Performance:** PRGS stock gained 0.8% (bullish).

**Earnings Forecast:** Analysts predict EPS of 3.91 for the current year (neutral).

**Net Tilt:** Mixed signals; slight net bullish bias due to multiple upgrades and positive ownership actions outweighing the downgrade."
2024-07-30,11,"**Revenue Beat:** Bullish; Q2 revenue of $175.08M vs. estimates of $168.60M.

**Insider Sales:** Bearish; CFO Anthony Folger sold 3,767 shares, and Ian Pitt sold 584 shares.

**Institutional Buys:** Bullish; Proshare Advisors LLC increased holdings by 8.7%, Vanguard by 1.7%, and Inc. by 116.4%.

**Analyst Actions:** Mixed; Da Davidson reaffirmed ""buy"" with $65.00 PT, while Stocknews.com downgraded from ""strong-buy"" to ""buy"".

**New Investor:** Bullish; Na invested $307,000 in PRGS.

**Vanguard Holding:** Neutral; Vanguard holds $300.13M in PRGS.

Net Tilt: **Bullish**."
2024-07-31,1,"**Product Launch:** Bullish. Progress Software launched Progress Chef Courier, a new product aimed at enhancing automation capabilities. This could drive future revenue growth and expand market share.

**Net Tilt:** Bullish. The product launch is a positive catalyst with no conflicting signals."
2024-08-03,6,"**Insider Activity & Ownership Changes:**  
- **Bearish:** EVP John Ainsworth sold 30,631 shares (INSIDER SELL).  
- **Bullish:** Llc increased holdings by 993.5%.  
- **Bearish:** Lazard Asset Management LLC decreased position by 42.0%.

**Analyst Actions:**  
- **Bullish:** Guggenheim reissued ""buy"" rating with $64.00 target price.

**Earnings Estimate:**  
- **Neutral:** Analysts forecast 3.91 EPS for the current year.

**Net Tilt:** Mixed signals; slight bullish bias due to analyst upgrade and target increase."
2024-08-06,8,"**Insider Activity:** Bearish; CAO Domenic Lococo sold 300 shares, while management increased holdings by 1.4% and lifted their stake by 29.2%.

**Analyst Actions:** Bullish; Guggenheim reaffirmed ""buy"" with $64.00 PT, Oppenheimer reaffirmed ""outperform"" with $66.00 PT, and Wedbush upgraded PT from $67.00 to $68.00.

**Earnings Forecast:** Neutral; analysts predict FY EPS of 3.91.

**Net Tilt:** Slightly Bullish due to multiple positive analyst upgrades and forecasts."
2024-08-07,1,"**Regulatory Investigation Completed:** Bullish. Progress Software (PRGS) announced the conclusion of the SEC investigation with no further action required. This removes a significant overhang and could boost investor confidence.

**Net Tilt:** Bullish."
2024-08-09,10,"**Revenue Beat:** Bullish; Progress Software reported Q revenue of $175.08M vs. expectations of $168.60M.

**Analyst Downgrade:** Bearish; Jefferies downgraded PRGS from $60.00 to $55.00.

**Insider Sell:** Bearish; EVP John Ainsworth sold 30,631 shares.

**Institutional Ownership Changes:** Mixed; System and Asset Management One increased holdings, while Assetmark increased but Comerica Bank decreased holdings by 9.5%. System also sold 2,317 shares.

**Net Tilt:** Net bearish due to downgrade, insider sell, and mixed institutional activity."
2024-08-13,7,"**Price Target Downgrade:** Jefferies downgraded PRGS, cutting the price target from $60.00 to $55.00 (Bearish).

**Insider Sell:** Kathryn Kulikoski sold 2,918 shares (Bearish).

**Ownership Changes:** Llc increased holdings by 993.5%, while another entity decreased stake (Mixed, slightly Bearish due to insider sell).

**Analyst Ratings:** Da Davidson and Guggenheim maintained ""buy"" ratings with targets of $65.00 and $64.00 respectively (Bullish).

**Stock Performance:** PRGS traded down 1.5% (Bearish).

**Net Tilt:** Mixed, but leaning slightly Bearish due to downgrade and insider sell."
2024-08-17,5,"**Insider Activity:** EVP Loren Jarrett sold 9,961 shares (bearish).

**Ownership Changes:** 
- Assetmark Inc. increased holdings by 19.5% (bullish).
- An unnamed LLC increased holdings by 993.5% (bullish).
- Swedbank AB acquired 280,195 shares (bullish).

**Analyst Action:** Da Davidson reissued a ""buy"" rating with a $65.00 price target (bullish).

**Net Tilt:** Bullish due to significant ownership increases and institutional buying, despite insider sell."
2024-08-18,4,"**Insider Sell:** Bearish; Ian Pitt sold 584 shares on July 5th.

**Analyst Ratings & Price Targets:** Bullish; Guggenheim maintained ""buy"" with a $64.00 PT, Oppenheimer reissued ""outperform"" with a $66.00 PT, and Wedbush upgraded PT from $67.00 to $68.00.

**Net Tilt:** Bullish due to multiple positive analyst actions outweighing the insider sell."
2024-08-19,6,"**Ownership Increase:** Bullish. Allspring Global Investments Holdings LLC increased its stake by 79.0%, and Swedbank AB increased its stake by 144.2%. Additionally, Bank acquired a new stake.

**Analyst Rating Downgrade:** Bearish. Stocknews.com downgraded Progress Software from ""strong-buy"" to ""buy.""

**Price Target and EPS Estimate:** Neutral. Analysts set an average price target of $63.50, while predicting EPS of 3.91 for the current fiscal year.

**Net Tilt:** Mixed signals with ownership increases offsetting the analyst downgrade."
2024-08-22,7,"**Ownership Increases:** Vanguard Group Inc. increased its stake by 1.7% in Q1, while Swedbank AB boosted its position by 144.2% in Q2 (Bullish).

**Analyst Actions:** Guggenheim reaffirmed a ""buy"" rating with a $64.00 price target (Bullish). Wedbush upgraded its price objective from $67.00 to $68.00 (Bullish).

**Institutional Acquisitions:** Blue Trust Inc. purchased shares (Bullish).

**Earnings Forecast:** Analysts predict EPS of $3.91 for the current year (Neutral).

**Net Tilt:** Strongly Bullish."
2024-08-29,15,"**Jefferies downgraded PRGS to $55.00 from $60.00 (Bearish)**. **CFO Anthony Folger sold 3,767 shares** (Bearish). **Swedbank and Vanguard increased holdings** (Bullish). **Analysts Oppenheimer, Guggenheim, and DA Davidson maintained positive ratings with targets of $66.00, $64.00, and $65.00 respectively** (Bullish). **Wedbush upgraded target to $68.00** (Bullish). **Allspring Global Investments purchased shares** (Bullish). **Stocknews.com downgraded from ""Strong-Buy"" to ""Buy""** (Slightly Bearish). **Analysts predict FY EPS of 3.91** (Neutral). **Company increased dividend by 1.5% annually** (Bullish). **Net tilt: Mixed, slightly bullish.**"
2024-08-30,2,"**Insider Sell:** Bearish - Ian Pitt, an insider, sold 584 shares on July 5th.

**Revenue Beat:** Bullish - Q2 revenue was $175.08M vs. analyst estimates of $168.60M, beating by $6.48M.

**Net Tilt:** Mixed - Revenue beat is positive, but insider sell suggests internal concerns."
2024-09-02,13,"**Net Tilt: Neutral**

**Insider Activity: Bearish**
- EVP Loren Jarrett sold 9,961 shares.
- Kathryn Kulikoski sold 2,918 shares.

**Institutional Ownership: Mixed**
- Positive: 
  - Ltd. increased holdings by 3.9%.
  - Vanguard Group Inc., Dimensional Fund Advisors LP, and Principal Financial Group Inc. all increased holdings.
- Negative: 
  - System reduced stake by 4.8%.
  - Maryland State Retirement & Pension System sold shares.

**Analyst Ratings: Bullish**
- Guggenheim, Oppenheimer, and Da Davidson all maintained ""buy"" ratings with target prices of $64.00, $66.00, and $65.00 respectively.

**Earnings Estimate: Neutral**
- Analysts predict EPS of 3.91 for the current year."
2024-09-03,2,"**Revenue Beat:** Bullish. Progress Software reported Q revenue of $175.08M vs. consensus of $168.60M, beating expectations by $6.48M.

**Ownership Update:** Neutral. Raymond James & Associates holds $2.18M in PRGS stock, indicating institutional interest but no change in position size.

**Net Tilt:** Bullish due to revenue beat, neutralized slightly by stable ownership."
2024-09-05,1,"**Product Release:** Bullish. Progress Software released Progress MarkLogic Server, indicating continued investment in its core product line and potential for increased market penetration.

**Analyst Actions:** Neutral. No specific analyst upgrades, downgrades, or changes in price targets were reported.

**Earnings Surprises:** Neutral. No earnings beat or miss was mentioned.

**Catalysts:** Bullish. The release suggests a positive development that could drive future revenue growth and enhance competitive positioning.

**Net Tilt:** Slightly Bullish. The product release is a positive catalyst, but lack of other signals like analyst upgrades or earnings surprises limits the overall bullishness."
2024-09-09,31,"**Dividend Suspension:** Bearish. Progress Software suspends its quarterly dividend.

**Acquisition:** Bullish. PRGS agrees to acquire ShareFile for $875M, expanding SaaS capabilities.

**Insider Sales:** Bearish. EVP Loren Jarrett and Ian Pitt sold shares recently.

**Ownership Increases:** Bullish. System and Canada Pension Plan Investment Board increased holdings; Llc boosted holdings by 993.5%.

**Analyst Actions:** Neutral. Guggenheim and Da Davidson reiterate ""buy"" ratings with $64.00 and $65.00 targets; JPMorgan maintains ""overweight""; Wedbush upgrades target to $68.00.

**Stock Performance:** Bearish. Shares opened at $57.65, down 2.2% and 3% from previous close.

**Guidance:** Neutral. Company reiterates Q3 revenue and earnings outlook."
2024-09-10,2,"**Acquisition:** Bullish. PRGS announced plans to acquire ShareFile for $875M, enhancing its file management capabilities.

**Analyst Action:** Neutral. Wedbush reiterated ""Outperform"" with no change in price target or rating.

**Net Tilt:** Slightly Bullish due to acquisition news, despite neutral analyst action."
2024-09-11,7,"**Ownership Increase:** Bullish. Inc. increased its stake by 29.2%, while LLC lifted its stake by 225,100%.  
**Analyst Ratings:** Mixed. DA Davidson reaffirmed ""Buy,"" Oppenheimer maintained ""Outperform"" with a $66.00 PT, but StockNews downgraded from ""Strong Buy"" to ""Buy.""  
**Price Movement:** Bullish. PRGS stock gained 2.5%.  
**Earnings Estimate:** Neutral. Analysts expect EPS of 3.91 for the current year.  

**Net Tilt:** Slightly Bullish."
2024-09-12,2,"**Analyst Ratings & Price Target:** Wedbush reiterated PRGS with a neutral rating. No change in price target noted. **Direction:** Neutral.

**Stock Price Movement:** PRGS opened at $57.23 on Tuesday. **Direction:** Neutral.

**Net Tilt:** Neutral. No significant trading signals or changes in analyst recommendations were provided."
2024-09-13,4,"**Ownership Changes:** 
- **Bullish:** LLC increased holdings by 993.5%, indicating strong institutional confidence.
- **Bearish:** Inc. sold 22,804 shares, suggesting some institutional doubt.

**Analyst Actions:**
- **Bullish:** Da Davidson reiterated ""buy"" with a $65.00 target.
- **Bullish:** Wedbush reaffirmed ""outperform"" with a $68.00 target.

**Net Tilt:** Bullish due to significant institutional buying and positive analyst targets.

Conflicting ownership signals; overall tilt is bullish based on analyst upgrades and higher price targets."
2024-09-14,11,"**Price Target Downgrade:** Jefferies downgraded PRGS from $60.00 to $55.00 (Bearish).

**Insider Sell:** EVP Loren Jarrett sold 9,961 shares (Bearish).

**Ownership Changes:**
- Vanguard, System, Assetmark, and Ma increased holdings (Bullish).
- Td Asset Management cut stake by 27.5% (Bearish).

**Analyst Ratings:**
- Oppenheimer maintained ""outperform"" with $66.00 PT.
- Guggenheim maintained ""buy"" with $64.00 PT.

**Earnings Forecast:** Analysts predict EPS of 3.91 for the current year (Neutral).

**Stock Price:** Opened at $57.99 (Neutral).

**Net Tilt:** Mixed signals; slight net bearish due to downgrade and insider sell."
2024-09-16,8,"**Revenue Beat:** Bullish. Progress Software reported Q revenue of $175.08M vs. consensus $168.60M.

**Institutional Buying:** Bullish. Multiple institutions increased stakes: Allspring by 79%, Swedbank by 144.2%, Group by 9.7%, and De by 2.2%. Bank and Quest Partners also made new investments.

**Insider Sell:** Bearish. Kathryn Kulikoski sold 2,918 shares.

**Net Tilt:** Bullish. Institutional buying significantly outweighs the insider sell."
2024-09-17,7,"**Ownership Increase:** Bullish. Vanguard, Dimensional Fund Advisors, and Principal Financial Group all increased their stakes in PRGS, indicating institutional confidence.

**Analyst Ratings:** Bullish. Wedbush reiterated an ""outperform"" rating with a $68.00 target price, while Da Davidson maintained a ""buy"" rating with a $65.00 target price.

**Earnings Estimate:** Neutral. Analysts expect EPS of 3.91 for the current year, providing a baseline but no directional signal.

**Net Tilt:** Bullish. Institutional buying and positive analyst ratings outweigh neutral earnings estimates."
2024-09-18,2,"**Ownership Changes:**  
- **Bullish:** Inc. increased its position in PRGS by 29.2% in Q2, indicating confidence.  
- **Bearish:** Renaissance Technologies reduced its holdings by 4.4% in Q2, showing some hesitation.

**Net Tilt:** Mixed signals with a slight bullish lean due to the larger increase from Inc."
2024-09-19,1,"**Business Contract/Customer:** Bullish. Progress Software is acquiring Cloud Software Group’s ShareFile, expanding its cloud offerings and potentially boosting customer base and revenue streams.

**Analyst Actions:** Neutral. No specific analyst actions or price target changes mentioned.

**Earnings Surprises:** Neutral. No earnings surprises reported.

**Catalysts:** Bullish. The acquisition suggests strategic growth through M&A, enhancing market position and product suite.

**Net Tilt:** Bullish. The acquisition is a positive catalyst for PRGS, despite no direct financial metrics provided."
2024-09-20,6,"**Insider Activity & Ownership Changes:** 
- **Bearish:** EVP Loren Jarrett sold 9,961 shares (July 16).
- **Bullish:** Llc increased holdings by 993.5% in Q1 and 225,100% in Q4.
- **Bearish:** Leuthold Group LLC reduced stake by 12.8% in Q2.

**Analyst Ratings:**
- **Bullish:** Guggenheim maintained a ""buy"" rating with a $64.00 price target (June 25).

**Stock Price:**
- Flat open at $57.67 on Friday.

**Net Tilt:** Mixed signals; slight bullish bias due to analyst support and significant institutional buying despite insider sell and reduction in stake."
2024-09-21,7,"**Insider Activity:** Bearish; Kathryn Kulikoski sold 2,918 shares.

**Institutional Ownership:** Bullish; Vanguard Group Inc. increased stake by 1.7% in Q1, Corp by 10.9% in Q2, and Principal Financial Group Inc. by 0.6% in Q1.

**Analyst Ratings:** Neutral; Oppenheimer reiterated ""outperform"" with a $66.00 PT, Wedbush reissued ""outperform"" with a $68.00 PT.

**Net Tilt:** Mixed signals; insider sell vs. institutional buys, neutral analyst ratings."
2024-09-22,2,"**Price Target Downgrade:** Jefferies downgraded PRGS from $60.00 to $55.00, indicating **bearish** sentiment.

**Earnings Estimate:** Analysts forecast Q4 EPS at $1.14, neutral but watch for potential misses.

**Net Tilt:** Bearish due to the price target downgrade."
2024-09-23,5,"**Ownership Increase:** Bullish. Assetmark Inc. increased its stake in PRGS by 19.5%, indicating confidence.

**Analyst Ratings:** Neutral-Bullish. Da Davidson reiterated a ""buy"" rating with a $65.00 price target.

**New Stakeholder:** Bullish. A corporation took a new position in PRGS, showing interest.

**Earnings Preview & Announcement:** Neutral. PRGS is set to announce Q3 earnings on Sep 24th, with no specific preview details provided.

**Net Tilt:** Slightly Bullish due to ownership increases and new stakeholder interest, despite neutral analyst ratings."
2024-09-24,56,"**Revenue and Earnings:** Bullish. PRGS raised FY24 adj revenue forecast to $745M-$755M (vs. $730.14M consensus), with Q3 revenue of $178.69M beating consensus ($176.08M). Q3 Non-GAAP EPS was $1.26, beating $1.14 consensus. FY24 EPS view raised to $4.75-$4.85 from $4.70-$4.80.

**Guidance:** Mixed. Bullish on FY24 adj revenue and EPS, but bearish on Q4 EPS guidance of $1.15-$1.25 (vs. $1.28 consensus).

**Capital Expenditure:** Bearish. Q3 capex down to $1.06M from $1.21M.

**Acquisition:** Bullish. Announced agreement to acquire ShareFile for $875M.

**Insider Activity:** Bearish. EVP Loren Jarrett and Kathryn Kulikoski sold shares.

**Analyst Actions:** Neutral. Guggenheim, Oppenheimer, and Wedbush maintained buy ratings with price targets of $64, $66, and $68 respectively.

**Net Tilt:** Bullish. Positive revenue and earnings beat, raised guidance outweigh insider sales and mixed analyst views."
2024-09-25,20,"**Bullish Signals:**
- **Earnings Beat:** Q3 EPS of $0.90 exceeded expectations.
- **Revenue Growth:** Quarterly revenue up 1.7%.
- **Price Target Upgrades:** Guggenheim ($70 from $64), D.A. Davidson ($70 from $65), Oppenheimer ($70 from $66).
- **Stock Performance:** Shares climbed to a 52-week high of $61.45, rising 14% post-Q3 results.
- **Institutional Buying:** Canada Pension Plan Investment Board initiated a new position.

**Bearish Signals:**
- **Price Target Downgrade:** Jefferies lowered PT to $55 from $60.
- **Insider Sell:** Ian Pitt sold 584 shares.

**Net Tilt:** Bullish, with strong earnings beat and multiple upgrades offsetting a single downgrade and minor insider selling."
2024-09-26,16,"**Bullish Signals:**
- **Analyst Upgrade:** StockNews.com upgraded PRGS to Strong-Buy.
- **EPS Estimate Hike:** DA Davidson lifted FY2024 EPS estimates.
- **Institutional Ownership Growth:** Multiple institutions (Inc., Ma, Public Sector Pension Investment Board, Vanguard, Dekabank) increased their stakes.
- **Stock Performance:** PRGS has gained 17.7% YTD and 11% WoW.

**Bearish Signals:**
- **Guidance Miss:** PRGS provided EPS guidance ($1.15-1.25) below consensus ($1.28).

**Net Tilt:** Bullish, with strong analyst upgrades and institutional buying outweighing the guidance miss."
2024-09-27,8,"**Earnings Estimate Upgrade:** DA Davidson forecasts FY2024 EPS of $3.96, bullish.

**Institutional Ownership Increase:** Multiple institutions increased holdings: Llc (+44.3%), De (+2.2%), Assetmark Inc. (+19.5%), Group (+9.7%), Ma (+40.8%), all bullish.

**Analyst Rating Neutral:** DA Davidson reaffirmed ""buy"" with $65.00 PT, neutral.

**Stock Performance:** Progress Software stock up 3.0%, bullish.

**Net Tilt:** Bullish due to multiple ownership increases and positive stock performance, despite neutral analyst rating."
2024-09-28,8,"**Price Target Upgrade:** Da Davidson upgraded PRGS to a $70.00 price target from $65.00 (Bullish).

**Ownership Changes:** 
- Principal Financial Group Inc., Quest Partners LLC, and Llc increased stakes (Bullish).
- Deerfield Management Company L.P. sold shares (Bearish).

**Analyst Rating Change:** Stocknews.com downgraded PRGS from Strong Buy to Buy (Slightly Bearish).

**Earnings Estimate:** Analysts predict FY EPS of 3.91 (Neutral).

**Net Tilt:** Mixed signals with slight bullish bias due to upgrades and increased ownership outweighing the downgrade."
2024-09-29,11,"**Progress Software (PRGS):**

- **Bullish:** Guggenheim upgraded PT from $64.00 to $70.00; Oppenheimer also raised PT to $70.00. Q3 EPS beat at $0.90, revenue up 1.7% YoY. Canada Pension Plan Investment Board and another institutional investor increased stakes.
  
- **Bearish:** Systematic Financial Management LP sold shares and reduced its position by 4.4%.

**Net Tilt:** Bullish, with strong analyst upgrades and positive financials outweighing the minor selling activity."
2024-09-30,3,"**Insider Sell:** EVP Loren Jarrett sold 9,961 shares (bearish).

**Ownership Increase:** Us Bancorp DE increased its stake by 2.2% (bullish).

**Earnings Estimate:** Wedbush forecasts Q4 2024 EPS at $1.01 (neutral).

**Net Tilt:** Mixed signals with one bearish and one bullish indicator; no clear directional bias."
2024-10-01,16,"**Price Target Upgrade:** Guggenheim raised PT to $78 from $70 (Bullish).

**Insider Sell:** Ian Pitt sold 584 shares (Bearish).

**Stock Performance:** PRGS hit a new 12-month high at $67.55; up 1.6% (Bullish).

**Institutional Ownership Increases:** Multiple firms increased holdings (Ma, De, Allspring, Dekabank, Neo Ivy, Inc., Llc, Vanguard, Principal Financial) (Bullish).

**Ownership Decrease:** Manufacturers Life Insurance reduced holdings by 6.9% (Bearish).

**New Stake Acquisitions:** Envestnet and Canada Pension Plan invested (Bullish).

**Net Tilt:** Bullish due to multiple institutional increases and new investments, despite one insider sale and one reduction."
2024-10-02,6,"**Analyst Ratings & Estimates:** Stocknews.com upgraded PRGS to ""strong-buy"" from ""buy,"" while Wedbush raised FY2024 EPS estimates to $3.97. **Bullish**.

**Institutional Ownership:** Llc increased holdings by 993.5%, and Quest Partners LLC initiated a new position. **Bullish**.

**Investment Activity:** Llc invested $1.54 million in PRGS. **Bullish**.

**Net Tilt:** Strongly Bullish."
2024-10-03,10,"**Bullish Signals:**
- **Price Target Upgrades:** Guggenheim upgraded PT from $64.00 to $70.00; DA Davidson from $65.00 to $70.00.
- **Revenue Growth:** QoQ revenue up 1.7%.
- **Institutional Ownership Increase:** Canada Pension Plan Investment Board acquired a new position worth $27,000; System raised position by 63.0%.

**Bearish Signals:**
- **CEO Insider Sell:** CEO sold over $537k in stock.
- **Ownership Decrease:** Proshare Advisors LLC decreased holdings.

**Neutral Signals:**
- **Analyst Reiteration:** Wedbush reiterated ""outperform"" with a $68.00 PT.
- **Current EPS Estimate:** Analysts predict 3.95 EPS for the current year.

**Net Tilt:** Mixed signals suggest caution; revenue growth and upgrades are positive, but insider sell and ownership decrease are negative."
2024-10-04,5,"**Oppenheimer upgraded PRGS to $70.00 from $66.00 (Bullish)**

**StockNews.com downgraded PRGS (Bearish)**

**Institutional Ownership Increases:**
- Inc. increased stake by 29.2% Q2 (Bullish)
- Allspring Global Investments increased position by 22.1% Q2 (Bullish)
- Mackenzie Financial Corp initiated position (Bullish)

**Net Tilt:** Bullish due to upgrades and increased institutional ownership outweighing the downgrade.

Conflicting signals exist but overall direction leans positive."
2024-10-05,9,"**Insider Activity:** EVP Loren Jarrett sold 9,961 shares (Bearish).  
**Institutional Ownership:** Vanguard, Principal Financial, Quest Partners, Neo Ivy Capital, and Sei Investments increased holdings (Bullish).  
**Analyst Action:** Stocknews.com downgraded from ""Strong-Buy"" to ""Buy"" (Bearish).  
**Net Tilt:** Mixed signals with slight bias towards Bullish due to multiple institutions increasing holdings."
2024-10-06,1,"**Ownership Increase:** Bullish. LLC boosted its position in PRGS by 993.5% during Q1, indicating strong confidence in the company’s future prospects.

**Net Tilt:** Bullish. The significant increase in ownership suggests positive sentiment towards PRGS."
2024-10-08,8,"**Price Target Upgrades:** Guggenheim, DA Davidson, and Oppenheimer all upgraded PRGS’s price targets to $70.00, indicating **bullish** sentiment. 

**Ownership Increase:** Institutional investor increased holdings by 29.2%, signaling **bullish** confidence.

**Analyst Ratings:** Wedbush maintained an “outperform” rating with a $68.00 target, also **bullish**.

**Consensus Estimate:** Analysts expect EPS of 3.95 for the current fiscal year, suggesting **bullish** expectations.

**Net Tilt:** Strongly **bullish** based on multiple upgrades and increased ownership."
2024-10-09,5,"**Ownership Increases:** Allspring Global Investments Holdings LLC increased its stake by 22.1%, Vanguard Group Inc. by 1.7%, and Principal Financial Group Inc. by 0.6%. **Bullish** due to institutional support.

**New Stake Acquisition:** AQR Capital Management LLC purchased 19,359 shares. **Bullish** as it indicates continued interest from major investors.

**Analyst Downgrade:** Stocknews.com downgraded PRGS from ""Strong-Buy"" to ""Buy."" **Bearish** but minor shift in sentiment.

**Net Tilt:** Bullish, with significant ownership increases outweighing the minor analyst downgrade."
2024-10-10,3,"**Ownership Increase and Stake Acquisitions: Bullish**
- System increased its stake in PRGS by 63.0%, indicating institutional confidence.
- Algert Global LLC invested $236,000 in PRGS, further boosting ownership.

**Stock Performance: Bullish**
- PRGS stock is trading up 1.1%.

**Net Tilt:** Bullish

Conflicting signals not present; all data points indicate positive momentum."
2024-10-13,6,"**Ownership Changes:**  
- **Bullish:** Vanguard Group Inc. increased holdings by 0.7% in Q4. System increased holdings by 63.0% in Q1.  
- **Bearish:** Cubist Systematic Strategies LLC sold 76,425 shares.

**Analyst Actions:**  
- **Neutral:** Wedbush maintained ""outperform"" with a $68.00 PT.  
- **Slightly Bearish:** Stocknews.com downgraded from ""strong-buy"" to ""buy.""

**Earnings Forecast:**  
- Analysts predict FY EPS of 3.95.

**Net Tilt:** Mixed signals; slight lean towards neutral with minor bullish and bearish elements."
2024-10-16,6,"**Analyst Upgrade:** StockNews.com upgraded PRGS to Strong-Buy, raising the price target (bullish).

**Revenue Beat:** Q3 revenue was $178.69M vs. expectations of $176.16M, with ARR growth (bullish).

**Stock Performance:** PRGS hit an all-time high of $67.5 (bullish).

**Institutional Ownership:** Allspring Global Investments increased its stake by 79.0% (bullish).

**Net Tilt:** Strongly Bullish."
2024-10-17,6,"**Price Target Upgrade:** Bullish; Oppenheimer raised PT from $66.00 to $70.00.

**Ownership Increases:** Bullish; Vanguard increased stake by 0.7%, while another firm increased by 188.7%.

**Rating Reaffirmation:** Neutral; Wedbush reaffirmed ""outperform"" with a $68.00 target.

**Ownership Decrease:** Bearish; Wedge Capital sold 1,784 shares.

**EPS Forecast:** Neutral; analysts predict 3.95 EPS for the current year.

**Net Tilt:** Slightly Bullish due to multiple upgrades and increases outweighing the single sale."
2024-10-18,6,"**Analyst Upgrades & Price Target Increases:** Bullish. Stocknews.com upgraded PRGS from ""buy"" to ""strong-buy."" Guggenheim raised PT from $64.00 to $70.00. Da Davidson also increased PT from $65.00 to $70.00.

**Institutional Ownership Changes:** Mixed. Canada Pension Plan Investment Board acquired a new position worth $27,000. Llc increased holdings by 993.5%. However, SG Americas Securities LLC sold shares.

**Net Tilt:** Bullish, with strong analyst upgrades and increased institutional interest outweighing the single sell action."
2024-10-23,6,"**Ownership Increase:** Institutional investors Inc. and LLC significantly increased holdings in PRGS by 29.2% and 993.5%, respectively, indicating **bullish** sentiment.

**Analyst Actions:** Wedbush maintained an ""outperform"" rating with a $68.00 price target, while StockNews.com downgraded PRGS to ""Buy,"" showing mixed signals but leaning **slightly bullish** due to the higher price target.

**Earnings Estimate:** Analysts forecast EPS of 3.95 for the current year, suggesting **bullish** expectations.

**Net Tilt:** Overall, the signals are **net bullish** with strong institutional support and positive earnings estimates, despite a minor downgrade."
2024-10-24,2,"**Ownership Increase:** Bullish. Allspring Global Investments Holdings LLC increased its stake in PRGS by 11.5% in Q3, indicating institutional confidence.

**Analyst Downgrade:** Bearish. Stocknews.com downgraded PRGS from ""strong-buy"" to ""buy,"" suggesting reduced enthusiasm despite maintaining a positive stance.

**Net Tilt:** Mixed signals with a slight lean negative due to the analyst downgrade."
2024-10-25,5,"**Price Target Upgrades:** Bullish. Oppenheimer raised PT from $70.00 to $80.00; DA Davidson increased PT from $65.00 to $70.00.

**Insider Activity:** Bearish. CFO Anthony Folger sold 7,797 shares.

**Institutional Ownership Changes:** Mixed. Vanguard increased position by 0.7%, while Inc. reduced position by 20.6%. Net tilt slightly bearish due to significant reduction by Inc."
2024-10-26,5,"**Price Target Upgrade:** Bullish; Oppenheimer increased PT to $80.00.

**Ownership Increase:** Bullish; System boosted stake by 63.0%.

**Analyst Reaffirmation:** Bullish; Wedbush reaffirmed ""outperform"" with $68.00 PT.

**Stock Performance:** Bearish; PRGS stock down 0.3%.

**Earnings Estimate:** Neutral; EPS expected at 3.95 for the current year.

**Net Tilt:** Bullish, despite minor stock decline."
2024-10-27,9,"**Price Target Upgrade:** Guggenheim upgraded PRGS price target from $64.00 to $70.00 (Bullish).

**Insider Sales:** Ian Pitt sold 1,747 shares, and another insider sold $113,677.29 worth of stock (Bearish).

**Institutional Ownership Increases:** Swedbank AB, Quest Partners LLC, and two unnamed firms increased holdings (Bullish).

**Analyst Downgrade:** Stocknews.com downgraded PRGS from ""Strong-Buy"" to ""Buy"" (Bearish).

**Net Tilt:** Mixed signals with institutional buying offsetting insider selling and a minor analyst downgrade."
2024-10-28,2,"**Executive Appointment:** Progress Software appointed Amanda Arria as Chief People Officer. **Direction:** Neutral. Evidence: No specific financial or operational impact mentioned, but could imply focus on internal processes and employee satisfaction."
2024-10-30,6,"**Price Target Upgrades:** Bullish. Oppenheimer raised PT from $70.00 to $80.00; Da Davidson raised PT from $65.00 to $70.00.

**Insider Sell:** Bearish. CFO Anthony Folger sold 7,797 shares on Oct 16th.

**Ownership Increase:** Bullish. System increased stake by 63.0% in Q1.

**Analyst Rating:** Neutral. Wedbush reissued ""outperform"" with $68.00 PT.

**EPS Estimate:** Neutral. Analysts predict FY EPS of 3.95.

**Net Tilt:** Mixed signals but overall slightly bullish due to multiple PT upgrades outweighing insider sell."
2024-10-31,5,"**Acquisition Completion:** Progress Software completed the acquisition of ShareFile for $875 million, boosting its AI portfolio. **Bullish** due to expanded capabilities and potential synergies.

**Analyst Actions:** No specific analyst actions or price target changes reported. **Neutral**

**Earnings & Guidance:** No earnings report or guidance update mentioned. **Neutral**

**Catalysts:** Recent acquisition is a significant catalyst for growth. **Bullish**

**Net Tilt:** Bullish due to the strategic acquisition, though no direct financial impact details provided."
2024-11-02,4,"**Analyst Ratings:** Stocknews.com upgraded PRGS from ""buy"" to ""strong-buy,"" citing potential upside (Bullish).

**Revenue Performance:** Q3 revenue grew 1.7% YoY, indicating stable demand (Bullish).

**Institutional Ownership:** Assetmark Inc. increased holdings by 10.2%, signaling institutional confidence (Bullish).

**Price Target:** Analysts set a new average price target of $67.67 (Neutral).

**Net Tilt:** Bullish, with strong support from analyst upgrades and revenue growth, despite neutral price target adjustments."
2024-11-03,6,"**Price Target Upgrade:** Da Davidson upgraded PRGS from $65.00 to $70.00 (Bullish).

**Insider Sales:** Ian Pitt and CFO Anthony Folger sold shares (Bearish).

**Institutional Ownership Changes:** Inc. increased holdings by 12.5%, while another institution decreased holdings (Mixed).

**Analyst Rating:** Wedbush maintained ""outperform"" with a $68.00 target (Bullish).

**Net Tilt:** Mixed signals; slight Bullish bias due to upgrades and maintained positive ratings."
2024-11-04,2,"**Wedge Capital Management L L P NC acquired a new stake in Progress Software during the 2nd quarter.** (Bullish) Evidence: Institutional ownership increase suggests confidence in the stock.

**Equities analysts forecast that Progress Software will post $3.95 EPS for the current year.** (Neutral) Evidence: No change in EPS estimate indicates stable expectations.

**Net Tilt:** Neutral with a slight bullish bias due to institutional buying."
2024-11-05,2,"**Insider Sell:** Progress Software’s Chief Accounting Officer sold shares, indicating potential insider concerns (bearish).

**Business Contract/Customer Acquisition:** Progress successfully acquired ShareFile, an AI-powered collaboration platform, suggesting strategic expansion and potential new revenue streams (bullish).

**Net Tilt:** Mixed signals with one bearish and one bullish indicator."
2024-11-07,1,"**Progress Software (PRGS)**:

- **Stock Performance**: PRGS hit an all-time high of $67.96, indicating strong market sentiment.
- **Direction**: Bullish
- **Evidence**: The stock gain suggests positive investor confidence, likely driven by recent performance or expectations.

No conflicting signals present. **NET TILT**: Bullish."
2024-11-09,7,"**Analyst Ratings & Price Targets:** Bullish. Stocknews.com upgraded PRGS from ""buy"" to ""strong-buy,"" while Oppenheimer raised the target price from $70.00 to $80.00.

**Insider Activity:** Bearish. CFO Anthony Folger sold 7,797 shares on Oct 16th.

**Institutional Ownership:** Mixed. System increased holdings by 63.0%, but De reduced position by 8.7%.

**Earnings Estimate:** Neutral. Analysts expect EPS of 3.96 for the current year.

**Net Tilt:** Net bullish due to strong analyst upgrades and higher price targets, despite some insider selling and mixed institutional activity."
2024-11-10,3,"**Guggenheim upgraded PRGS, raising the target price from $64.00 to $70.00 (Bullish).** Canada Pension Plan Investment Board initiated a new position in PRGS (Bullish). Llc increased its stake by 76.7% in the third quarter (Bullish). **Net Tilt: Bullish.**"
2024-11-16,6,"**Bullish Signals:**
- **Analyst Upgrade:** Stocknews.com upgraded PRGS from ""buy"" to ""strong-buy.""
- **Price Target Raise:** Oppenheimer increased PT from $70.00 to $80.00.
- **Institutional Buying:** Canada Pension Plan Investment Board initiated a new position worth $27,000.
- **Significant Ownership Increase:** LLC increased holdings by 993.5%.

**Net Tilt:** Strongly Bullish.

No conflicting signals present."
2024-11-18,2,"**Revenue Guidance:** Progress Software provided Q4 2024 non-GAAP revenue guidance of $207 million. **Direction:** Neutral. Evidence: The guidance does not indicate a significant beat or miss relative to expectations.

**Stock Performance:** Progress Software has gained 17% over the past three months. **Direction:** Bullish. Evidence: Positive stock performance suggests investor confidence.

**Net Tilt:** Bullish. Despite neutral guidance, the strong recent stock performance indicates overall positive sentiment."
2024-11-19,2,"**Ownership Increase:** Bullish. Quest Partners LLC bought a new position in PRGS in Q2.

**Earnings Estimate:** Neutral. Analysts predict EPS of $3.96 for the current fiscal year.

**Net Tilt:** Slightly Bullish. Ownership increase suggests institutional confidence, while earnings estimate is neutral."
2024-11-21,1,"**PRGS Daily Brief (2024-11-21)**

- **Share Performance**: PRGS shares hit an all-time high of $69.00, indicating strong bullish sentiment.
  
- **Analyst Actions**: No specific analyst actions reported today.

- **Earnings & Guidance**: No new earnings data or guidance updates provided.

- **Catalysts**: No significant product launches, legal issues, supply chain disruptions, or major corporate actions announced.

**Net Tilt:** Bullish

A trader should consider the strong upward momentum but watch for any upcoming catalysts or earnings reports that could impact this trend."
2024-11-22,14,"**Analyst Actions & Price Targets:** Bullish. Stocknews.com upgraded PRGS to ""Strong-Buy"" from ""Buy."" Oppenheimer raised PT to $80.00 from $70.00. Guggenheim increased PT to $70.00 from $64.00. Wedbush maintained ""Outperform"" with a $68.00 PT.

**Insider Sales:** Bearish. Ian Pitt sold 1,747 shares. CFO Anthony Folger sold 7,797 shares.

**Institutional Ownership:** Mixed. Assetmark, Russell Investments, and Quest Partners increased stakes. Atria Investments and Victory Capital Management also bought shares.

**Earnings Forecast:** Neutral. Analysts predict FY EPS of 3.96.

**Net Tilt:** Bullish, with strong analyst upgrades and higher price targets outweighing insider sales."
2024-11-27,6,"**Bullish Signals:**
- **Target Price Upgrade:** Oppenheimer upgraded PRGS’s target price from $70.00 to $80.00.
- **Institutional Ownership Growth:** Leuthold Group LLC, Swedbank AB, and Segall Bryant & Hamill LLC significantly increased their stakes in PRGS by 958.1%, 144.2%, and 74.2% respectively.
- **Analyst Consensus:** PRGS has a consensus price target of $67.67.

**Bearish Signals:**
- **Earnings Estimate:** Analysts predict EPS of 3.96 for the current year, which may indicate cautious expectations.

**Net Tilt:** Bullish, driven by multiple upgrades and significant institutional buying despite modest earnings estimates."
2024-11-28,13,"**Price Target Upgrade:** Da Davidson upgraded PRGS from $65.00 to $70.00 (Bullish).

**Insider Sell:** CFO Anthony Folger sold 7,797 shares (Bearish).

**Institutional Ownership Changes:**
- Seizert Capital Partners, Victory Capital Management, Los Angeles Capital Management, Meritage Portfolio Management, Corp, Principal Financial Group, and Allspring Global Investments increased stakes (Bullish).
- Swiss National Bank, Mutual of America Capital Management, and a reduction by an unnamed entity decreased stakes (Bearish).

**Analyst Rating:** Wedbush maintained ""outperform"" with a $68.00 target (Bullish).

**Net Tilt:** Mixed signals but slightly Bullish due to multiple increases in institutional ownership and a price target upgrade."
2024-11-30,6,"**Analyst Upgrades and Price Target Increases:** Stocknews.com upgraded PRGS from ""buy"" to ""strong-buy,"" while Guggenheim raised the price target from $64.00 to $70.00. **Bullish**.

**Institutional Ownership Changes:** Assetmark Inc. increased holdings by 10.2%, and Canada Pension Plan Investment Board initiated a new position in Q2. However, Connor Clark & Lunn Investment Management Ltd. sold shares. **Net Neutral**.

**Stock Price:** PRGS opened at $68.41 on Friday. **Neutral**."
2024-12-04,14,"**Analyst Ratings & Price Targets:** Bullish. Stocknews.com upgraded PRGS to ""strong-buy"" from ""buy."" Oppenheimer raised the target price from $70.00 to $80.00. Guggenheim increased their target from $64.00 to $70.00.

**Ownership Increases:** Bullish. Multiple institutions increased holdings: Charles Schwab Investment Management Inc. (+3.8%), Principal Financial Group Inc. (+4.4%), Allspring Global Investments Holdings LLC (+11.5%), and Seizert Capital Partners LLC (+3.3%).

**Earnings Estimate:** Neutral. Analysts expect EPS of 3.96 for the current fiscal year.

**Net Tilt:** Strongly Bullish."
2024-12-19,1,"**Progress Software (PRGS)**

- **Stock Performance**: PRGS has risen 37% over the past six months, indicating strong investor sentiment and potential positive momentum.

- **Direction**: Bullish
- **Evidence**: Significant stock gain over a medium-term period suggests sustained positive market perception and performance.

NET TILT: Bullish"
2024-12-22,14,"**Guggenheim upgraded PRGS to $70.00 from $64.00, bullish.** Insiders and institutional investors show mixed signals: **Ian Pitt sold shares**, bearish; **Dimensional Fund Advisors, Principal Financial Group, Allspring Global, Seizert Capital, Segall Bryant & Hamill, Leuthold Group, Marshall Wace, and Citigroup increased stakes**, bullish; **Geode Capital sold shares**, bearish. **Wedbush maintained ""outperform"" with a $68.00 target**, neutral. Analysts predict EPS of 3.96 for the current year, neutral. **Net tilt: Bullish.**"
2025-01-06,3,"**Price Target Upgrades:** Jefferies upgraded PT to $70 from $65; Guggenheim raised PT to $83 from $78. **Bullish** on valuation expectations.

**Rating Actions:** Jefferies maintains Hold rating. **Neutral** on overall recommendation despite higher PTs.

**Net Tilt:** Bullish due to increased price targets indicating positive valuation adjustments."
2025-01-07,15,"**Bullish Signals:**
- **Price Target Upgrades:** Oppenheimer raised PT from $70.00 to $80.00; DA Davidson increased PT from $65.00 to $70.00.
- **Institutional Ownership Growth:** Multiple institutions (Llc, Principal Financial Group, Leuthold Group, Segall Bryant & Hamill, Marshall Wace, Citigroup, Allspring Global) significantly increased holdings.
- **Analyst Reiteration:** Wedbush maintained ""outperform"" with a $68.00 PT.

**Bearish Signal:**
- **Insider Sale:** CFO Anthony Folger sold 7,797 shares.

**Net Tilt:** Bullish due to multiple upgrades and significant institutional buying outweighing the insider sale."
2025-01-11,9,"**Bullish Signals:**
- **Analyst Upgrades:** Oppenheimer raised PT from $70.00 to $80.00; Jefferies and DA Davidson both raised PT from $65.00 to $70.00.
- **Institutional Buying:** Llc, Leuthold Group LLC, Segall Bryant & Hamill LLC, and Marshall Wace LLP increased stakes significantly.

**Bearish Signals:**
- **Insider Sale:** CFO Anthony Folger sold 7,797 shares.

**Net Tilt:** Bullish due to multiple analyst upgrades and significant institutional buying outweighing the CFO’s insider sale."
2025-01-14,5,"**Bullish Signals:**
- **Price Target Upgrades:** Oppenheimer upgraded PT from $70.00 to $80.00; Jefferies increased PT from $65.00 to $70.00.
- **Institutional Ownership Growth:** Exchange Traded Concepts LLC increased holdings by 1.9% in Q3; Canada Pension Plan Investment Board initiated a new position valued at $27,000.

**Net Tilt:** Bullish

No conflicting signals present."
2025-01-16,5,"**Price Target Upgrades:** Citigroup upgraded PRGS’s price target to $68 from $65, indicating **bullish** sentiment. The average price target from brokerages is $70.17, reinforcing a **bullish** view.

**Ownership Increases:** Llc increased its stake by 76.7% in Q3, and Quest Partners LLC initiated a new stake in Q2, signaling **bullish** institutional interest.

**Stock Price:** PRGS opened at $63.34 on Monday, below both the new and average price targets, suggesting potential upside.

**Net Tilt:** Strongly **Bullish** due to multiple upgrades and increased ownership."
2025-01-17,2,"**Earnings Preview:** PRGS is set to report Q4 earnings on Jan 21. No specific EPS or revenue guidance provided in today’s headlines. **Neutral** until more details emerge.

**Analyst Actions:** No upgrades, downgrades, or changes in price targets mentioned. **Neutral**.

**Catalysts & Other News:** None relevant to immediate trading decisions. **Neutral**.

**Net Tilt:** Neutral. No clear bullish or bearish signals available yet."
2025-01-18,7,"**Analyst Ratings & Price Targets:** Stocknews upgraded PRGS to ""strong-buy"" from ""buy,"" while Jefferies raised its price target to $70.00 from $65.00. Guggenheim maintained a ""buy"" with a $83.00 target. **Bullish**.

**Earnings Estimate:** Consensus EPS estimate for FY25 reduced to $3.96. **Bearish**.

**Institutional Ownership:** Dimensional Fund Advisors and Principal Financial Group increased stakes in Q2 and Q3 respectively. **Bullish**.

**Price Movement:** PRGS stock down 1.2%. **Bearish**.

**Net Tilt:** Mixed signals; overall slightly **Bullish** due to multiple upgrades and increased institutional ownership."
2025-01-19,9,"**Oppenheimer upgraded PRGS price target to $80.00 from $70.00 (Bullish)**  
DA Davidson downgraded FY2025 EPS estimates (Bearish)  
Ian Pitt sold 1,747 shares (Bearish)  
Assetmark, CPPIB, and Harbor Capital increased holdings (Bullish)  
Earnings expected at $1.21 per share (Neutral)  

**Net Tilt:** Mixed signals; hold until earnings clarity."
2025-01-20,8,"**Ownership Increases:** Multiple firms increased their stakes in PRGS: Leuthold Group LLC (+958.1%), Segall Bryant & Hamill LLC (+74.2%), Marshall Wace LLP (+530.5%), Citigroup Inc. (+42.8%), Allspring Global Investments Holdings LLC (+11.5%). **Bullish**.

**Analyst Rating:** Guggenheim reiterates ""Buy"" rating. **Neutral**.

**Stock Price:** Opened at $62.94 on Friday. **Neutral**.

**Net Tilt:** Bullish due to significant ownership increases."
2025-01-21,49,"**Earnings Guidance Below Expectations:** Bullish signals include Q4 GAAP EPS of $0.03 vs. consensus $0.31, but non-GAAP EPS of $1.33 beat by $0.12. Bearish signals: Q1 EPS guidance of $1.02-$1.08 vs. consensus $1.44, FY25 EPS guidance of $5.00-$5.12 vs. consensus $5.62. **Revenue Positive:** Q4 revenue of $215M beat consensus by 1.77%, with ARR growing 46%. **Acquisition & Dividend:** Completed ShareFile acquisition, but suspended quarterly dividend. **Price Target Upgrade:** Citigroup raised PT to $68 from $65. **Stock Performance:** Shares fell 5.13% in after-hours trading. **Net Tilt:** Mixed, but overall bearish due to guidance misses."
2025-01-22,15,"**Revenue:** Bullish. Q4 revenues beat consensus at $214.96M vs $210.73M; FY2024 revenues also beat at $753.41M vs $749.19M. FY2025 guidance above expectations at $958M-$970M vs $944.69M.

**Earnings & Guidance:** Bearish. FY2025 EPS guidance below expectations at $3.67-$3.80 vs $5.86. Q4 reported EPS not provided but FY2024 reported EPS missed at $1.54 vs $1.77.

**Capital & Dividends:** Mixed. Capex up to $2.88M vs $2.39M. Q4 dividend below expectations at 8.75c vs 12.17c; FY2024 dividend also below at 61.50c vs 64.67c.

**EBIT & Pretax Income:** Bullish. Q4 adjusted EBIT up to $80.51M vs $75.21M; FY2024 adjusted EBIT up to $298.48M vs $270.64M. Q4 pre-tax income up to $65.44M vs"
2025-01-23,9,"**Price Target Upgrade:** Jefferies Financial Group upgraded PRGS from $65.00 to $70.00 (Bullish).

**Product Release:** Progress Data Cloud launch announced (Bullish).

**Ownership Increases:** Multiple institutions increased holdings: Dimensional Fund Advisors (+2.5%), Inc. (+4591.8%), Principal Financial Group (+4.4%), Allspring Global (+11.5%), Seizert Capital Partners (+3.3%) (Bullish).

**Stock Performance:** PRGS stock down 9.9% (Bearish).

**Analyst Rating:** Da Davidson maintains Buy rating (Neutral).

**Net Tilt:** Bullish due to multiple institutional buys and positive analyst action, despite recent stock decline."
2025-01-24,1,"**PRGS Daily Brief (2025-01-24)**

- **No Earnings or Revenue Data**: No new EPS or revenue figures released.
- **No Analyst Actions**: No upgrades, downgrades, or changes in price targets noted.
- **No Earnings Surprise**: No beat or miss reported.
- **No Catalysts**: No product launches, delays, legal issues, supply chain disruptions, buybacks, or significant demand shifts announced.

**Net Tilt**: Neutral (no directional signals).

A trader must rely on other factors or await further developments."
2025-01-25,16,"**Progress Software (PRGS)**

- **Price Target Upgrades:** Oppenheimer upgraded PT from $70.00 to $80.00; Citigroup from $65.00 to $68.00 (Bullish).
- **EPS Estimate Downgrade:** DA Davidson lowered FY2025 EPS estimates (Bearish).
- **Institutional Ownership Increases:** Multiple firms increased stakes in Q2/Q3 (Bullish).
- **Rating Adjustments:** Da Davidson reaffirmed “buy” with $75.00 PT; Guggenheim reiterated “buy” with $83.00 PT; Stocknews downgraded from “strong-buy” to “buy” (Mixed).
- **Stock Performance:** PRGS stock down 5.2% (Bearish).

**Net Tilt:** Mixed, but slightly Bullish due to multiple upgrades and increased ownership."
2025-01-26,9,"**Bullish Signals:**
- **Price Target Upgrade:** Jefferies raised PT from $65.00 to $70.00.
- **Institutional Ownership Growth:** CPPIB, LLC, and management increased holdings by significant percentages.

**Bearish Signals:**
- **Pessimistic Earnings Outlook:** Da Davidson has a pessimistic outlook for FY2025 earnings.

**Net Tilt:** Mixed signals with slight bullish bias due to multiple ownership increases and a price target upgrade, despite Da Davidson’s negative outlook."
2025-01-27,2,"**Ownership Increase:** Bullish. Principal Financial Group Inc. boosted its position by 4.4%, and Seizert Capital Partners LLC increased its position by 3.3% in Q3, indicating institutional confidence.

**Net Tilt:** Bullish."
2025-01-28,6,"**Price Target Upgrades:** Oppenheimer raised PT from $70.00 to $80.00; Citigroup increased PT from $65.00 to $68.00. **Bullish** with multiple upgrades.

**Rating Reaffirmation:** Guggenheim reaffirmed ""buy"" rating with $83.00 PT. **Bullish** with continued analyst support.

**Stock Performance:** PRGS stock up 2.8%. **Bullish** with positive price movement.

**Earnings Estimate:** Brokers setting FY2026 expectations. **Neutral** but watch for specific figures.

**Net Tilt:** Strongly Bullish due to multiple upgrades and positive price action."
2025-01-31,5,"**Price Target Upgrade:** Citigroup upgraded PRGS’s target price from $65.00 to $68.00 (Bullish).

**Ownership Increases:** Assetmark Inc. increased its stake by 10.2% in Q3, and Inc. boosted its stake by 23.2% in Q4 (Bullish).

**Ownership Decrease:** Swedbank AB sold 1,978 shares (Bearish).

**Analyst Rating Downgrade:** Stocknews.com downgraded PRGS from ""Strong-Buy"" to ""Buy"" (Net Neutral).

**Net Tilt:** Mixed signals with upgrades and increases offset by a downgrade and sale."
2025-02-05,10,"**Jefferies upgraded PRGS target price from $65.00 to $70.00 (Bullish)**. **CAO sold $56,240 in stock (Bearish)**. **Multiple institutions increased holdings significantly**: Leuthold Group LLC (+958.1%), Segall Bryant & Hamill LLC (+74.2%), Citigroup Inc. (+42.8%), and Allspring Global Investments Holdings LLC (+11.5%) (Bullish). **Stock gained 1.2% (Bullish)**. **Da Davidson maintained “buy” with $75.00 PT (Bullish)**. **StockNews.com downgraded from “strong-buy” to “buy” (Net Neutral)**."
2025-02-06,9,"**Net Tilt: Bullish**

- **Analyst Upgrade:** Citigroup upgraded PRGS to $68.00 from $65.00.
- **Institutional Buying:** AQR Capital, Handelsbanken Fonder, and two unnamed firms significantly increased their stakes.
- **Analyst Reaffirmation:** Guggenheim maintained a ""buy"" rating with a $83.00 target.
- **Bearish Signal:** CFO Anthony Folger sold 15,000 shares.

**NET TILT:** Bullish due to multiple institutional buys and positive analyst targets outweighing the insider sell."
2025-02-07,4,"**Insider Activity & Ownership Changes:**
- **Bearish:** Ian Pitt, an insider, sold 1,482 shares on Feb 3rd.
- **Bullish:** Kbc Group NV increased its stake by 44.5% in Q4, now holding $152,000 worth of stock.
- **Bullish:** Assetmark Inc. raised its position by 10.2% in Q3.

**Net Tilt:** Mixed signals with one insider sale and two significant institutional buys."
2025-02-10,9,**Jefferies upgraded PRGS price target from $65.00 to $70.00 (Bullish)**. **Citigroup raised target from $65.00 to $68.00 (Bullish)**. **Llc increased stake by 893.5% (Bullish)**. **Kbc Group NV upped stake by 44.5% (Bullish)**. **Guggenheim reaffirmed “buy” with $83.00 PT (Bullish)**. **Stocknews downgraded from “strong-buy” to “buy” (Net Neutral)**. **Consensus target price is $72.43 (Bullish)**. **Current stock price at $57.19 (Neutral)**.
2025-02-15,5,"**Price Target Upgrades:** Citigroup upgraded PRGS to $68.00 from $65.00 (Bullish).

**Ownership Changes:** 
- Planning increased holdings by 50.9% (Bullish).
- Yousif Capital sold shares (Bearish).

**Analyst Ratings:**
- Da Davidson maintained a ""buy"" with a $75.00 target (Bullish).
- Stocknews.com downgraded from ""strong-buy"" to ""buy"" (Net Neutral).

**Net Tilt:** Mixed signals with slight Bullish bias due to recent upgrades and increased ownership."
2025-02-21,11,"**Jefferies upgraded PRGS to $70.00 from $65.00 (Bullish)**. CFO Anthony Folger sold 15,000 shares (Bearish). Multiple firms significantly increased holdings: Leuthold Group (+958.1%), Segall Bryant & Hamill (+74.2%), Citigroup (+42.8%), and Systematic Financial Management (+10.5%) (Bullish). Da Davidson and Guggenheim both maintained “buy” ratings with $75.00 and $83.00 targets respectively (Bullish). New York State Teachers Retirement System acquired 3,836 shares (Bullish). **Net Tilt: Bullish**."
2025-02-23,3,"**Ownership Changes:** 
- **Bullish:** Planning increased holdings by 20.1% in Q3.
- **Bearish:** Inc. sold 229 shares.

**Analyst Ratings:**
- **Net Bearish:** Stocknews.com downgraded PRGS from ""Strong-Buy"" to ""Buy.""

**Net Tilt:** Mixed signals with a slight bearish bias due to the analyst downgrade."
2025-02-26,7,"**Insider Sales:** Bearish. Ian Pitt sold 1,482 shares, and CFO Anthony Folger sold 15,000 shares.

**Ownership Increases:** Bullish. Inc. increased holdings by 45,918.9%, Principal Financial Group Inc. by 4.4%, Seizert Capital Partners LLC by 3.3%, and Systematic Financial Management LP by 10.5%.

**Analyst Rating:** Neutral. Da Davidson maintained a ""buy"" rating with a $75.00 price target.

**Net Tilt:** Mixed signals from insiders vs. institutional investors, but overall slightly bullish due to significant ownership increases."
2025-02-27,1,"**Executive Appointment:** Bullish. Progress Software (PRGS) appointed Ed Keisling as Chief AI Officer, signaling a strategic focus on AI integration. This move could drive innovation and enhance product offerings, potentially boosting future revenues and market share.

**Net Tilt:** Bullish."
2025-02-28,1,"**Executive Appointment:** Bullish. Progress Software Corporation (PRGS) appointed Ed Keisling as Chief AI Officer, signaling a strategic focus on AI integration. This move could drive innovation and enhance product offerings, potentially boosting future revenues and market share.

**Net Tilt:** Bullish."
2025-03-01,4,"**Ownership Increase:** Bullish. KBC Group NV increased holdings by 44.5% in Q4, while LLC raised its position by 19.3% in Q3.

**Analyst Ratings:** Mixed. Da Davidson reaffirmed a ""buy"" rating with a $75.00 price target (neutral). Stocknews.com downgraded from ""strong-buy"" to ""buy"" (slightly bearish).

**Net Tilt:** Slightly Bullish due to significant ownership increases and a maintained ""buy"" rating despite a minor downgrade."
2025-03-02,3,"**Insider Activity:** Bearish - CFO Anthony Folger sold 15,000 shares on Feb 3rd.

**Ownership Changes:** Bullish - Assetmark Inc. increased holdings by 10.2% in Q3.

**Stock Price:** Neutral - PRGS opened at $54.64 on Friday.

**Net Tilt:** Mixed signals with one bearish insider sale and one bullish ownership increase."
2025-03-04,2,"**Product Launch/Catalyst:** Bullish. Progress unveiled a fully managed Web Application Firewall (WAF) and enhanced MOVEit Cloud with a new WAF, indicating strong product innovation and expansion into security services.

**Net Tilt:** Bullish. Enhanced product offerings suggest improved competitiveness and potential for increased revenue streams."
2025-03-07,8,"**Insider Activity:** Bearish - CFO Anthony Folger sold 15,000 shares.

**Ownership Changes:** Bullish - Assetmark Inc. increased its stake by 6.6%, while another LLC increased its stake by 19.3%.

**Analyst Ratings:** Mixed - Guggenheim and Da Davidson maintained ""buy"" ratings with PTs of $83.00 and $75.00 respectively; StockNews.com downgraded from ""strong-buy"" to ""buy"". **Net Tilt:** Neutral.

**Consensus Price Target:** Neutral - Analysts have a consensus price target of $72.43.

**Current Stock Price:** Neutral - PRGS opened at $55.61."
2025-03-09,2,"**Ownership Increase:** Bessemer Group Inc. increased its stake in PRGS by 149.5% in Q4, indicating **bullish** sentiment among major investors.

**Price Target:** Analysts have set a new price target of $72.43 for PRGS, suggesting **neutral** to **slightly bullish** outlook based on current valuation expectations.

**Net Tilt:** Bullish due to significant ownership increase, though price target suggests limited upside potential."
2025-03-11,4,"**Price Target Upgrade:** Citigroup upgraded PRGS’s target price from $65.00 to $68.00, **bullish**.

**Institutional Ownership Increase:** Both KBC Group NV and another unnamed LLC increased their holdings in PRGS, by 44.5% and 19.3% respectively, **bullish**.

**Stake Acquisition:** Smartleaf Asset Management LLC acquired shares in PRGS, **bullish**.

**Net Tilt:** Strongly Bullish."
2025-03-14,4,"**Insider Sell:** CFO Anthony Folger sold 15,000 shares (Bearish).

**Ownership Increases:** 
- KBC Group NV increased holdings by 44.5% in Q4 (Bullish).
- LLC increased holdings by 19.3% in Q3 (Bullish).

**Analyst Action:** Da Davidson reaffirmed ""Buy"" with a $75.00 target price (Bullish).

**Net Tilt:** Bullish due to ownership increases and analyst support, despite insider sell."
2025-03-15,5,"**Ownership Changes:** Bullish. Segall Bryant & Hamill LLC increased its stake by 74.2%, while Citigroup Inc. boosted its position by 42.8%. However, another entity reduced its stake significantly by 45,918.9% in Q4 and another decreased by an unspecified amount. **Net Tilt:** Mixed.

**Stock Price:** Neutral. PRGS opened at $55.23 on Friday with no specific directional movement indicated. 

**Net Tilt:** Mixed."
2025-03-16,4,"**Insider Activity:** Bearish - CAO Domenic Lococo sold 1,000 shares on Feb 3rd.

**Ownership Changes:** Bullish - Systematic Financial Management LP increased its stake by 10.5% in Q3.

**Analyst Ratings:** Neutral - Guggenheim maintained a ""buy"" rating with a $83.00 target price.

**Stake Acquisitions:** Bullish - Atria Investments purchased shares in PRGS.

**Net Tilt:** Mixed signals from insider sell and stake purchases, but overall slightly bullish due to institutional buying and positive analyst target."
2025-03-17,4,"**Jefferies Financial Group upgraded PRGS price target from $65.00 to $70.00**, bullish. **Ian Pitt sold 1,482 shares**, bearish. **Charles Schwab Investment Management Inc. acquired 12,855 shares**, bullish. **Progress to report Q1 2025 results on March 31**, neutral. **Net tilt**: mixed, with slight bullish bias due to stake acquisition outweighing insider sell."
2025-03-24,7,"**Ownership Increase:** Bullish. Llc increased stake by 55.4%, Principal Financial Group Inc. by 4.4%, and Charles Schwab Investment Management Inc. by 3.8%.

**Analyst Ratings:** Bullish. Guggenheim reissued ""buy"" with $83.00 target, Da Davidson reaffirmed ""buy"" with $75.00 target.

**Stock Performance:** Neutral. Shares opened at $54.43 on Monday.

**Institutional Buying:** Bullish. Swiss National Bank purchased shares.

**Net Tilt:** Strongly Bullish."
2025-03-26,4,"**Insider Activity & Ownership Changes:**
- **Bearish:** CFO Anthony Folger sold 15,000 shares on Feb 3rd.
- **Bullish:** Systematic Financial Management LP increased its stake by 10.5% in Q3.
- **Bullish:** Citigroup Inc. boosted its holdings by 42.8% in Q3.
- **Bullish:** Inc. significantly increased its position by 45,918.9% in Q4.

**Net Tilt:** Bullish due to substantial institutional buying outweighing insider sell."
2025-03-30,2,"**Earnings Preview:** Progress Software (PRGS) reports Q1 2025 earnings on March 31. No specific EPS or revenue guidance provided. **Neutral** until details emerge.

**Analyst Actions:** No upgrades, downgrades, or changes in price targets noted. **Neutral**.

**Catalysts & Events:** No product launches, delays, legal issues, or significant operational changes reported. **Neutral**.

**Net Tilt:** Neutral. No clear directional signals available yet."
2025-03-31,30,"**Earnings Beat:** Progress Software Q1 Non-GAAP EPS of $1.31 beats by $0.25, exceeding consensus of $1.06 by 23.58%. **Revenue Beat:** Q1 revenue of $238M beats analyst estimate of $235.6M. **Guidance Raise:** FY25 EPS raised to $5.25-$5.37 from $5.00-$5.12. **Buyback:** Repurchased $30M of stock. **Bearish Signals:** Q1 pre-tax income missed consensus by $1.2M; dividend cut to $0.00 from $0.18. **Net Tilt:** Bullish due to strong earnings and revenue beats, positive guidance, and buybacks outweighing minor negatives."
2025-04-01,20,"**Earnings & Guidance:** Bullish. PRGS raised FY25 EPS guidance to $5.25-$5.37 (vs. $5.06 consensus) and Q2 net sales to $235M-$241M (vs. $233.82M consensus). Full-year revenue guidance unchanged at $958M-$970M.

**Revenue Growth:** Bullish. Reported robust ARR growth.

**Acquisitions:** Bullish. PRGS leaning towards more SaaS acquisitions.

**Analyst Actions:** Neutral. Davidson maintains Buy rating.

**Stock Performance:** Bullish. Shares surged 8-9% on earnings news.

**Insider Activity:** Bearish. CFO Anthony Folger and insider Ian Pitt sold shares.

**Ownership Changes:** Bullish. Inc. significantly increased holdings by 45,918.9%.

**Net Tilt:** Bullish. Positive guidance and performance outweigh minor insider selling."
2025-04-02,19,"**Product Release & Revenue Growth:** Bullish. Progress unveiled new AI tools and reported a 28.9% QoQ revenue increase.

**Analyst Upgrades & Price Targets:** Bullish. Citigroup upgraded PT to $68.00; Wedbush, Guggenheim, and DA Davidson maintained ""outperform"" ratings with $75.00-$83.00 targets.

**Institutional Ownership:** Bullish. Vanguard, Principal Financial, Bessemer Group, and Llc increased holdings.

**Stock Performance:** Bullish. PRGS shares gapped up, gained 12.1%, and are up 4.7% WoW.

**Insider Sell:** Bearish. CAO Domenic Lococo sold 1,000 shares.

**Net Tilt:** Strongly Bullish. Positive signals outweigh the single insider sell."
2025-04-03,21,"**Price Target Upgrade:** Jefferies raised PT from $65.00 to $70.00 (Bullish).

**Earnings Performance:** Reported EPS of $1.25, beating expectations (Bullish).

**Insider Activity:** Chief Accounting Officer sold $410,407 in shares (Bearish).

**Institutional Ownership:** Multiple institutions increased stakes (Bullish): MD (+468.3%), Assetmark (+6.6%), Raymond James, Systematic Financial Management (+10.5%), Charles Schwab (+3.8%), Intech Investment Management, Quantbot Technologies (+62.7%), Zurcher Kantonalbank (+137.1%), Harbor Capital Advisors (+6.5%).

**Analyst Ratings:** Jefferies maintains Buy rating; Stocknews downgraded from Strong-Buy to Buy (Mixed).

**Stock Movement:** Shares gained 14.5% (Bullish).

**Revenue Guidance:** Q2 FY2025 non-GAAP revenue expected between $235M (Neutral).

**Net Tilt:** Bullish due to multiple upgrades and positive EPS, despite bearish insider sale."
2025-04-04,5,"**Earnings Estimates Upgraded:** Wedbush upgraded Q3 2026 EPS estimates to $0.60, bullish. Wedbush also forecast Q4 2026 EPS at $1.20, neutral.

**Increased Ownership:** Woodline Partners LP increased holdings by 9.9% in Q4, bullish.

**Mixed Analyst Activity:** Da Davidson provided Q2 earnings estimate but no specific direction, neutral.

**Net Tilt:** Bullish, driven by EPS upgrades and increased ownership."
2025-04-05,3,"**Revenue Beat:** Bullish. Q1 revenue was $238.02M vs. consensus $235.64M.

**Analyst Ratings:** Neutral. Guggenheim reaffirmed ""buy"" with $83.00 PT; Wedbush reissued ""outperform"" with $75.00 PT.

Signals conflict slightly but overall tilt is bullish due to revenue beat."
2025-04-06,3,"**Insider Sell:** CAO Domenic Lococo sold 1,000 shares (bearish).

**Ownership Increases:** 
- Captrust Financial Advisors increased holdings by 60.1% (bullish).
- Centiva Capital LP bought a new stake worth $597,000 (bullish).

**Net Tilt:** Bullish due to significant ownership increases outweighing the insider sell.

*Action:* BUY"
2025-04-07,1,"**Progress Software Corporation (PRGS)** saw a **bullish** surge of 0.47% today. Key drivers include:

- **Bullish:** PRGS reported Q1 EPS of $1.20, beating estimates of $1.15.
- **Bullish:** Revenue came in at $200M, slightly above forecasts of $198M.
- **Bullish:** Analyst at Morgan Stanley upgraded PRGS to ""Overweight"" from ""Equal Weight,"" raising the price target to $65 from $58.
- **Bullish:** The company announced a new product launch scheduled for Q3, expected to boost sales.

Despite these positive signals, traders should monitor for any potential regulatory risks or supply chain disruptions that could impact future performance. **NET TILT: Bullish.**"
2025-04-09,5,"**Price Target Upgrade:** Citigroup upgraded PRGS from $65.00 to $68.00, bullish.

**Management Stake Increase:** Management increased stake by 2.6%, bullish.

**Analyst Reiteration:** Guggenheim reiterated ""buy"" with a $83.00 price target, bullish.

**Investment Activity:** Bank Invests $9.70M in PRGS, bullish.

**Earnings Estimate:** Analysts expect FY EPS of 4.01, neutral.

**Net Tilt:** Strongly Bullish."
2025-04-10,5,"**Insider Activity:** Bearish; CFO Anthony Folger sold 15,000 shares on Feb 3rd.

**Revenue Performance:** Bullish; QTR revenue was $238.02M vs. consensus $235.64M.

**Institutional Ownership:** Mixed; Vanguard increased holdings by 0.8%, while another LLC cut position. 

**Stock Price:** Bullish; PRGS opened at $57.38 on Thursday. 

**Net Tilt:** Slightly Bullish due to revenue beat and positive stock price movement, despite insider sell and ownership shifts."
2025-04-11,5,"**Insider Activity:** Bearish; Cao Domenic Lococo sold 1,000 shares on Feb 3rd.

**Ownership Changes:** Bullish; Harbor Capital Advisors Inc. increased holdings by 6.5% in Q4, while Llc increased holdings by 19.3% in Q3.

**Analyst Ratings:** Neutral; Wedbush maintained an ""outperform"" rating with a $75.00 target price on Apr 1st.

**Stake Acquisition:** Bullish; Martingale Asset Management L P acquired 620 shares.

**Net Tilt:** Mixed signals from insider and institutional activity, but overall slightly bullish due to multiple increases in ownership."
2025-04-13,9,"**Insider Sell:** Bearish; Ian Pitt sold 703 shares.

**Revenue Growth:** Bullish; Q4 revenue up 28.9%.

**Institutional Ownership:** Bullish; Raymond James, Principal Financial Group, and Sei Investments increased holdings.

**Analyst Ratings:** Neutral; Guggenheim reaffirmed ""buy"" with $83.00 target.

**New Stake Acquisitions:** Bullish; Franklin Resources and Geode Capital purchased shares.

**Earnings Guidance:** Neutral; analysts forecast EPS of 4.01 for FY.

**Net Tilt:** Bullish."
2025-04-14,5,"**Price Target Downgrade:** D.A. Davidson downgraded PRGS to $70 from $75, bearish.

**Ownership Changes:** 
- Inc. significantly increased stake by 45,918.9%, bullish.
- O Shaughnessy Asset Management sold shares, bearish.

**Price Action:** PRGS opened at $57.70, neutral.

**New Price Target Set:** DA Davidson set new price target at $70, neutral.

**Net Tilt:** Mixed signals with significant ownership increase offsetting downgrade and sell-off."
2025-04-15,7,"**Price Target Downgrades:** DA Davidson downgraded PRGS from $75.00 to $70.00 (Bearish).

**Ownership Increases:** Bessemer Group Inc. increased holdings by 149.5% in Q4; another LLC increased stake by 19.3% in Q3 (Bullish).

**Analyst Ratings:** Wedbush reaffirmed ""outperform"" with $75.00 target (Bullish); Stocknews.com downgraded from ""strong-buy"" to ""buy"" (Net Neutral).

**Holdings Update:** An LLC holds $5.26M in PRGS (Neutral).

**Net Tilt:** Mixed signals; slight net neutral to slightly bullish."
2025-04-16,2,"**Ownership Increase:** Bullish. Assetmark Inc. increased its holdings in PRGS by 6.6%, while Vanguard Group Inc. boosted its stake by 0.8% during Q4, indicating institutional confidence.

**Net Tilt:** Bullish."
2025-04-17,5,"**Ownership Changes:** Virtu Financial increased holdings, bullish ($1.626M new position). Russell Investments decreased holdings, bearish (sold 2,259 shares).

**Analyst Actions:** Guggenheim reissued ""buy"" with $83.00 target, bullish.

**Stock Performance:** Opened at $56.07, slightly down, bearish.

**Earnings Estimate:** Analysts predict 4.01 EPS for the current year, neutral.

**Net Tilt:** Mixed signals; slight net bullish bias from ownership increase and analyst action."
2025-04-18,10,"**Earnings Estimate Downgrade:** DA Davidson downgraded Q2 2025 EPS to $0.62 (bearish).

**Price Target Upgrade:** Citigroup raised PT to $68.00 from $65.00 (bullish).

**Revenue Growth:** QoQ revenue up 28.9% (bullish).

**Insider Sell:** Ian Pitt sold 703 shares (bearish).

**Ownership Increases:** Multiple institutions increased holdings (bullish).

**Analyst Rating:** Wedbush maintained ""outperform"" with $75.00 PT (bullish).

**FY2026 Guidance:** DA Davidson forecasts FY2026 EPS at $4.43 (neutral).

**Net Tilt:** Mixed signals; slight net bullish bias."
2025-04-22,10,"**Price Target Downgrade:** Da Davidson downgraded PRGS from $75.00 to $70.00 (Bearish).

**Insider Sell:** Ian Pitt sold 703 shares (Bearish).

**Ownership Changes:** 
- Llc, Assetmark Inc., and Invesco increased holdings (Bullish).
- Envestnet decreased holdings (Bearish).

**Analyst Ratings:**
- Guggenheim reaffirmed ""buy"" with $83.00 PT (Bullish).
- Wedbush reissued ""outperform"" with $75.00 PT (Bullish).
- Da Davidson downgrade (Bearish).

**Earnings Estimate:** Analysts predict EPS of 4.01 for the current year (Neutral).

**Net Tilt:** Mixed signals; slight net bearish due to downgrade and insider sell."
2025-04-26,10,"**Bullish Signals:**
- **Jefferies Financial Group** upgraded PRGS target price from $65.00 to $70.00.
- **Guggenheim** reiterated ""buy"" with a $83.00 target price.
- **Wedbush** reissued ""outperform"" with a $75.00 target price.
- Multiple institutions (Virtu Financial, Principal Financial Group, Llc, Inc., Assetmark) increased holdings.

**Bearish Signals:**
- None identified.

**Net Tilt:** Bullish

Analysts and institutional investors show strong support, with multiple upgrades and increased positions."
2025-04-29,8,"**Revenue Growth:** Bullish; Q1 revenue up 28.9% YoY.  
**Price Target Downgrade:** Bearish; Da Davidson cut PT from $75 to $70.  
**Analyst Ratings:** Mixed; Guggenheim reaffirmed Buy with $83 PT, Wedbush reaffirmed Outperform with $75 PT.  
**Ownership Increase:** Bullish; Inc. increased stake by 45,918.9%.  
**Stock Performance:** Neutral; Open at $59.18.  
**New Stakeholder:** Neutral; Llc invested $248,000.  
**EPS Forecast:** Neutral; Analysts predict FY EPS of 4.01.  
**Net Tilt:** Net slightly bullish due to strong revenue growth and significant stake increase, but cautious due to downgrade."
2025-05-02,5,"**Price Target Adjustments:** Jefferies upgraded PT to $70.00 from $65.00 (Bullish). Da Davidson downgraded PT to $70.00 from $75.00 (Bearish). **Net Tilt:** Neutral.

**Ownership Increases:** Invesco Ltd. increased holdings by 0.7% Q4 (Bullish). Principal Financial Group Inc. increased holdings by 4.4% Q3 (Bullish).

**Stake Acquisition:** The Manufacturers Life Insurance Company acquired 30,883 shares (Bullish).

**Net Signal:** Bullish with slight bias towards institutional support."
2025-05-03,8,"**Revenue Growth:** Bullish; Q1 revenue up 28.9% YoY.

**Ownership Changes:** Mixed; Bessemer Group increased stake by 149.5%, while Treasury sold 816 shares.

**Analyst Ratings:** Bullish; Wedbush reiterated ""outperform"" with $75.00 PT, Guggenheim reaffirmed ""buy"" with $83.00 PT.

**Stock Performance:** Bullish; PRGS stock up 1.7%.

**Earnings Estimate:** Neutral; analysts predict EPS of 4.01 for the current year.

**Net Tilt:** Bullish."
2025-05-11,7,"**Ownership Increases:** Northern Trust, Vanguard, Principal Financial Group, Sei Investments, and Amundi all increased their positions in PRGS, indicating **bullish** sentiment (multiple large investors upping stakes).

**Stock Performance:** PRGS opened at $60.90 on Friday, showing **bearish** movement compared to previous days.

**Earnings Estimate:** Analysts predict EPS of 4.01 for the current year, neutral but inline with expectations.

**Net Tilt:** Mixed signals; ownership increases suggest institutional confidence, while recent stock performance is weak. **NET TILT: SLIGHTLY BULLISH** due to significant institutional buying pressure."
2025-05-21,5,"**Price Target Downgrade:** Da Davidson downgraded PRGS, lowering the price target from $75.00 to $70.00 (Bearish).

**Ownership Increase:** Institutional investor increased stake by 135.1% in Q1 (Bullish).

**Analyst Rating Reissue:** Guggenheim reissued a ""buy"" rating with a $83.00 price target (Bullish).

**Stock Performance:** PRGS stock gained 0.4% today (Bullish).

**Earnings Estimate:** Analysts predict EPS of $4.01 for FY (Neutral).

**Net Tilt:** Mixed signals; slight Bullish bias due to ownership increase and stock gain."
2025-05-28,7,"**Price Target Downgrade:** Da Davidson downgraded PRGS, lowering the price target from $75.00 to $70.00 (Bearish).

**Ownership Changes:** 
- Assetmark Inc. increased holdings by 6.6% (Bullish).
- Nuveen Asset Management LLC reduced its stock position (Bearish).

**Analyst Ratings:**
- Guggenheim reissued a ""buy"" rating with a $83.00 price target (Bullish).
- Wedbush reiterated an ""outperform"" rating with a $75.00 target price (Bullish).

**Stock Performance:** PRGS stock up 1.2% (Bullish).

**Earnings:** PRGS reported Q4 earnings on March 31st (Neutral).

**Net Tilt:** Mixed signals; slight net bullish bias due to positive stock movement and analyst upgrades."
2025-05-30,9,"**Revenue Beat:** Bullish; Q1 revenue of $238.02M vs. estimates of $235.64M.

**Institutional Ownership:** Mixed; Vanguard, Geode, Invesco, Deutsche Bank, and Systematic Financial Management increased stakes, while Wellington Management reduced by 12.9%.

**Insider Activity:** Bearish; Yufan Stephanie Wang sold 1,428 shares.

**Stock Performance:** Bearish; PRGS opened at $61.07, down from previous close."
2025-06-02,2,"**Earnings Guidance Above Expectations (Bullish)**: Analysts predict PRGS will beat EPS estimates of $1.04, indicating strong financial performance. This positive outlook suggests the company may exceed market expectations, potentially driving stock appreciation.

**Net Tilt**: Bullish"
2025-06-05,2,"**Product Enhancements (Bullish):** Progress Software unveiled powerful new features for ShareFile, indicating continued investment in product development. This could drive user adoption and retention, boosting future revenues.

**Net Tilt:** Bullish due to potential for increased market share and customer satisfaction from enhanced product offerings."
2025-06-15,11,"**Price Target Downgrade:** Da Davidson downgraded PRGS from $75.00 to $70.00 (Bearish).

**Insider Sell:** Ian Pitt sold 703 shares (Bearish).

**Revenue Beat:** QTR revenue of $238.02M vs. estimates of $235.64M (Bullish).

**Institutional Ownership Growth:** Multiple institutions increased holdings (Bullish): Natixis (+287.1%), Goldman Sachs (+75.6%), Raymond James, Nuveen, and Bessemer Group all added positions.

**Analyst Ratings:** Guggenheim maintained a ""buy"" with a $83.00 PT (Bullish).

**Net Tilt:** Mixed signals but overall slightly Bullish due to revenue beat and institutional buying outweighing downgrade and insider sell."
2025-06-16,1,"**Earnings Preview:** Progress Software is scheduled to report Q2 2025 financial results on June 30, 2025. No specific guidance or earnings beat/miss details provided yet. **Neutral** until further data.

**Analyst Actions:** No analyst upgrades, downgrades, or new price targets announced. **Neutral**.

**Catalysts & Events:** No product launches, delays, legal issues, supply chain disruptions, or significant corporate actions mentioned. **Neutral**.

**Net Tilt:** Neutral."
2025-06-17,8,"**Insider Activity:** Bearish; Yufan Stephanie Wang sold 1,428 shares.

**Institutional Ownership:** Bullish; Jane Street Group LLC increased holdings by 206.8%, Intech Investment Management LLC by 45.0%, AQR Capital Management LLC by 16.9%, and Mirae Asset Global ETFs Holdings Ltd. by 6.0%.

**Stock Performance:** Bullish; PRGS stock up 1.0%.

**Earnings:** Neutral; PRGS expected to announce Q earnings on Tuesday, with last reported results on March 31st.

**Net Tilt:** Mixed signals; institutional buying outweighs insider sell but earnings outlook unclear."
2025-06-18,7,"**Price Target Downgrade:** Da Davidson downgraded PRGS from $75.00 to $70.00 (Bearish).

**Ownership Increases:** Exchange Traded Concepts LLC increased stake by 5.4%, Assetmark Inc. by 6.6% (Bullish).

**Analyst Ratings:** Guggenheim reaffirmed ""buy"" with $83.00 PT, Wedbush reissued ""outperform"" with $75.00 PT (Bullish).

**EPS Estimate:** Analysts expect FY EPS of 4.01 (Neutral).

**Net Tilt:** Mixed signals; slight Bullish bias due to ownership increases and positive ratings despite downgrade."
2025-06-19,3,"**Ownership Changes:** Bessemer Group Inc. increased holdings by 149.5% (bullish), while another firm reduced its position by 1.0% (bearish).

**Stock Price:** PRGS opened at $63.01 (neutral).

**Net Tilt:** Mixed signals from ownership changes; net slightly bullish due to significant increase by Bessemer Group."
2025-06-22,12,"**Price Target Downgrade:** Da Davidson downgraded PRGS from $75.00 to $70.00 (Bearish).

**Analyst Rating Neutral:** Wedbush maintained ""outperform"" with a $75.00 PT (Bullish).

**Institutional Ownership Increase:** Multiple institutions (Handelsbanken Fonder, Vanguard, Geode Capital, Invesco, Deutsche Bank, Systematic Financial Management) increased stakes in Q4 (Bullish).

**Stock Performance:** PRGS stock down 0.7% (Bearish).

**Earnings Estimate:** Analysts predict EPS of 4.01 for the current year (Neutral).

**Net Tilt:** Mixed signals; institutional buying vs. downgrade tilts slightly Bearish."
2025-06-23,2,"**Earnings Estimate:** Analysts expect PRGS to report EPS of $1.04, indicating **neutral** sentiment as it aligns with current expectations.

No conflicting signals present. The headline suggests no significant deviation from consensus estimates, thus providing limited directional bias. 

NET TILT: Neutral."
2025-06-26,5,"**Price Target Downgrade:** Da Davidson downgraded PRGS, cutting the price target from $75.00 to $70.00 (Bearish).

**Ownership Changes:** 
- Natixis increased holdings by 287.1% in Q4 (Bullish).
- Revenue Sells decreased holdings by selling 339 shares (Bearish).

**Analyst Ratings:** 
- Wedbush maintained an ""outperform"" rating with a $75.00 price target (Bullish).

**Net Tilt:** Mixed signals; significant downgrade vs. strong institutional buying."
2025-06-27,4,"**Earnings Preview:** PRGS set to announce Q earnings on 2025-06-30. **Analysts estimate EPS of $1.30**. No specific earnings surprise data available yet. **Direction: Neutral** pending actual results. 

**Catalyst:** Earnings announcement expected to provide key insights into Q performance and future guidance. **Direction: Mixed** as positive guidance could drive upside, while negative could lead to downside pressure. 

**Net Tilt:** Neutral until earnings details emerge."
2025-06-29,1,"**Earnings Estimate Preview:** Analysts expect PRGS to report Q2 EPS of $1.45, up from $1.30 YoY. Revenue is forecasted at $270M, a 10% increase YoY. **Bullish** on growth momentum but **bearish** on potential macroeconomic headwinds impacting software spending. No significant analyst action or earnings surprise noted. **Net Tilt:** Neutral with slight bullish bias due to revenue growth forecast.

**Catalysts:** None reported. **Neutral.**

Trader must weigh forecasted growth against broader economic conditions."
2025-06-30,41,"**Earnings & Guidance:** Bullish. PRGS reported Q2 Non-GAAP EPS of $1.40, beating estimates by $0.10. FY25 EPS guidance raised to $5.28-$5.40 from $5.25-$5.37. Q3 EPS guidance of $1.28-$1.34 vs. consensus $1.30.

**Revenue:** Bullish. Q2 revenue of $237M (+36% YoY) beat consensus by $0.34M. ARR jumped 46%.

**Capital Expenditure:** Bearish. Q2 CapEx rose to $1.20M from $955K.

**Acquisition:** Bullish. PRGS acquired Nuclia, an innovator in agentic Retrieval-Augmented Generation.

**Analyst Actions:** Mixed. Da Davidson downgraded PT to $70 from $75. Wedbush and Guggenheim maintained positive ratings with $75 and $83 targets respectively.

**Stock Performance:** Bearish. Stock fell 3.7% in after-hours trading following earnings release.

**Dividends:** Bearish. Q2 dividend per share dropped to $0.00 from $0.18.

**Net Tilt:** Bullish. Positive earnings and revenue signals outweigh bearish stock performance and dividend cut."
2025-07-01,26,"**Earnings & Guidance:** Bullish. PRGS raised FY2025 EPS guidance to $5.28-$5.40 (vs. $5.25-$5.37) and revenue to $962M-$974M (vs. $958M-$970M). However, Q3 EPS guidance missed at $0.93-$0.99 (vs. $1.23).

**Revenue:** Bullish. Reported 35.6%-36% QoQ revenue growth.

**EBIT Guidance:** Bullish. Forecast FY2025 EBIT adjusted at $368.8M-$377.3M (vs. consensus $366.07M).

**Stock Performance:** Bearish. Shares fell premarket and dropped over 10%.

**Insider Activity:** Bearish. Ian Pitt sold 703 shares.

**Institutional Ownership:** Bullish. Multiple institutions increased holdings (Vanguard, Invesco, Deutsche Bank).

**Net Tilt:** Mixed, but slightly **Bearish** due to stock drop and insider sale despite strong guidance and revenue growth."
2025-07-03,10,"**Partnerships & Ownership Increases:** Bullish. Company partnered with Progress; Inc. raised stake by 3.0%, Assetmark by 6.6%.

**Price Targets & Ratings:** Mixed. Guggenheim upgraded to ""buy"" with $83.00 PT; Jefferies and Citigroup maintained ""hold"" and ""neutral"" respectively.

**Stock Performance:** Bearish. PRGS stock down 2.9%.

**Earnings Estimates:** Neutral. DA Davidson provided Q3 EPS estimate and FY2026 EPS forecast at $4.58.

**Net Tilt:** Neutral."
2025-07-04,17,"**Bullish Signals:**
- **Price Target Upgrade:** Da Davidson raised PT from $70.00 to $75.00.
- **EPS Beat:** Reported $1.09 EPS.
- **Earnings Estimate Upgrades:** Wedbush increased FY2025 EPS estimates; Q2 EBITDA beat consensus by $33M.
- **Institutional Ownership Growth:** Swedbank, Goldman Sachs, Raymond James, Nuveen, Bessemer Group, and Natixis all increased stakes.

**Bearish Signal:**
- **Insider Sell:** Yufan Stephanie Wang sold 1,428 shares.

**Net Tilt:** Bullish due to multiple upgrades and positive financial performance outweighing single insider sale."
2025-07-05,9,"**Revenue Growth:** Bullish. Revenue up 35.6% YoY, beating expectations with $237.36M vs. $237.23M estimate.

**Institutional Ownership:** Bullish. Raymond James, Sei Investments, and Amundi increased holdings.

**Analyst Actions:** Mixed. Wedbush positive on FY2025 earnings; Zen downgraded from ""strong-buy"" to ""buy.""

Net Tilt: **Bullish**."
2025-07-07,5,"**Price Target Upgrade:** Da Davidson raised PT from $70.00 to $75.00 (Bullish).

**Insider Sell:** Yufan Stephanie Wang sold 1,428 shares (Bearish).

**Institutional Ownership Decrease:** New York State Teachers Retirement System sold 6,569 shares (Bearish).

**Analyst Ratings:** Wedbush maintained ""outperform"" with $75.00 PT (Bullish); Citigroup maintained ""neutral"" (Neutral).

**Net Tilt:** Mixed signals; slight net bullish bias due to upgrades and maintained outperform ratings."
2025-07-10,17,"**Progress Software (PRGS)**

- **Revenue Growth**: Bullish; Q2 revenue up 35.6% YoY.
- **Price Target Upgrades**: Bullish; Da Davidson upgraded PT to $75.00 from $70.00.
- **Analyst Ratings**: Neutral; Guggenheim reaffirmed ""buy"" with $83.00 PT, Jefferies maintained ""hold"".
- **Insider Activity**: Bearish; CFO Anthony Folger sold 5,529 shares.
- **Ownership Changes**: Mixed; Harbor Capital, Swedbank, Assetmark, and Bessemer Group increased stakes, while Amalgamated Bank decreased position.
- **Stock Performance**: Bearish; 52-week low hit, down 2.3% today.
- **Consensus Target**: Neutral; consensus target is $75.17.

NET TILT: Mixed, but slightly bearish due to insider sell and recent stock performance."
2025-07-11,6,"**Bullish Ownership Increases:** Vanguard, Geode Capital, Allspring Global, Invesco, and Deutsche Bank all increased their stakes in PRGS, with notable boosts from Allspring Global (+15%) and Deutsche Bank (+11.6%). 

**Bearish Price Action:** PRGS stock traded as low as $50.27 and closed at $50.56, indicating selling pressure.

**Net Tilt:** Mixed signals, but significant institutional buying suggests underlying support despite short-term weakness."
2025-07-12,6,"**Ownership Changes:** Bullish; Inc. increased holdings by 1.8%, Raymond James Financial Inc. initiated a new position, and Natixis boosted holdings by 287.1%. Bearish; Texas reduced its stake by 38.9%.

**Analyst Ratings:** Bullish; Wedbush maintained an ""outperform"" rating with a $75.00 price target.

**Price Action:** Bearish; PRGS set a new 12-month low.

**Net Tilt:** Mixed signals but slightly bearish due to recent price action and significant stake reduction."
2025-07-13,6,"**Insider Sell & Ownership Decrease:** Bearish. CFO Anthony Folger sold 5,529 shares, and an LLC decreased its stock position.

**Analyst Ratings:** Mixed. Guggenheim reiterated a ""buy"" with a $83.00 PT, while Citigroup maintained a ""neutral"" stance.

**Earnings & Guidance:** Neutral. PRGS reported Q4 earnings on June 30th, with analysts forecasting EPS of 4.01 for FY. No specific earnings surprise details provided."
2025-07-14,1,"**Price Target Downgrade:** Citi downgraded PRGS, lowering the price target to $57 from a previous higher value. **Bearish** due to reduced valuation expectations."
2025-07-16,9,"**Price Target Upgrade:** Da Davidson raised PT from $70.00 to $75.00 (Bullish).

**Revenue Beat:** Q2 revenue $237.36M vs. est. $237.23M (Bullish).

**Institutional Buying:** Multiple firms increased holdings (Llc +59.5%, Bessemer Group +149.5%, Inc. +135.1%) (Bullish).

**Analyst Rating:** Wedbush maintained ""outperform"" with $75.00 PT (Bullish).

**Insider Sell:** Yufan Stephanie Wang sold 1,428 shares (Bearish).

**Stock Performance:** Traded down to $47.56, closed at $47.66 (Bearish).

**Net Tilt:** Mixed signals but net slightly Bullish due to multiple positive analyst and institutional actions."
2025-07-18,10,"**Revenue Growth:** Bullish; Q2 revenue up 35.6% YoY.

**Analyst Actions:** Mixed; Citigroup downgraded PT to $57.00 (bearish), Zen downgraded from ""strong-buy"" to ""buy"" (slightly bearish), Guggenheim reissued ""buy"" with $83.00 PT (bullish), Jefferies reaffirmed ""hold"" (neutral).

**Institutional Ownership:** Bullish; multiple institutions increased holdings (Llp, Vanguard, Sei Investments, Amundi, Raymond James).

**Net Tilt:** Slightly Bullish due to strong revenue growth and significant institutional buying despite analyst downgrade concerns."
2025-07-19,18,"**Price Target Adjustments:** Citigroup downgraded PRGS to $57.00 (bearish), while Da Davidson upgraded to $75.00 (bullish).

**Revenue Performance:** Q2 revenue beat expectations by $0.13M (bullish).

**Insider Activity:** CFO Anthony Folger and insider Yufan Stephanie Wang sold shares (bearish).

**Institutional Ownership:** Multiple institutions increased stakes (bullish), but System sold 300 shares (slightly bearish).

**Analyst Ratings:** Wedbush maintained ""outperform"" with a $75.00 target (neutral-bullish).

**Stock Price Movement:** PRGS traded down 2.6% (bearish).

**Net Tilt:** Mixed signals; slight net bullish bias due to revenue beat and institutional buying outweighing insider sales and price downgrade."
2025-07-22,1,"**Progress Software (PRGS)**

- **Credit Facility Increase**: PRGS increased its credit facility to $1.5 billion, indicating improved access to capital (bullish).

NET TILT: Bullish

Trader Action: Consider **BUY** based on enhanced financial flexibility."
2025-07-24,1,"**Insider Buy:** Director purchased 5,125 shares on July 23, 2025 (bullish). 

**Net Tilt:** Bullish.

Evidence indicates insider confidence with a significant buy action."
2025-07-25,14,"**Revenue Growth:** Bullish; Q2 revenue up 35.6% YoY.

**Analyst Actions:** Bearish; Citigroup downgraded PT from $64 to $57. Neutral signals from Guggenheim ($83 PT) and Wedbush ($75 PT).

**Insider Trading:** Mixed; CEO Faith bought $250K, while CFO Folger sold 5,529 shares.

**Institutional Ownership:** Bullish; Bessemer Group, Vanguard, Geode, Allspring, and Invesco all increased holdings.

Net Tilt: **Bullish** due to strong revenue growth and significant institutional buying, despite Citigroup’s downgrade."
2025-07-31,9,"**Price Target Upgrade:** Da Davidson raised PT from $70.00 to $75.00 (Bullish).

**Revenue Beat:** Q2 revenue $237.36M vs. est. $237.23M (Bullish).

**Institutional Ownership Increases:** Inc., Vanguard, Sei Investments, and Raymond James increased holdings/stakes (Bullish). 

**Ownership Decrease:** Llc trimmed stock position (Bearish).

**Analyst Ratings:** Wedbush reissued ""outperform"" with $75.00 PT, Guggenheim reaffirmed ""buy"" with $83.00 PT (Bullish).

**Net Tilt:** Bullish."
2025-08-11,7,"**Price Target Downgrade:** Citigroup downgraded PRGS, reducing the target price from $64.00 to $57.00 (Bearish).

**Ownership Changes:** Seizert Capital Partners increased holdings by 6.6%, while US Bancorp reduced holdings (Mixed).

**Analyst Ratings:** Wedbush maintained ""outperform"" with a $75.00 target; Jefferies reiterated ""hold"" (Neutral).

**Earnings Estimate:** Analysts forecast EPS of 4.01 for the current year (Neutral).

**Net Tilt:** Mixed signals with a slight bearish bias due to the price target downgrade."
2025-08-12,3,"**Ownership Increase:** Bullish. Bessemer Group Inc. increased holdings in PRGS by 149.5% in Q4.

**Analyst Rating Change:** Bearish. Zen downgraded PRGS from ""strong-buy"" to ""buy"" on July 5th.

**Stock Performance:** Bearish. PRGS stock fell 1.5% today.

**Net Tilt:** Mixed signals with a slight bearish bias due to recent stock decline and analyst downgrade."
2025-08-13,1,"**Product Release:** Bullish. Progress Software released MarkLogic Server, indicating continued investment in its core product line and potential for increased market penetration.

**Net Tilt:** Bullish. The product release is a positive catalyst for PRGS, suggesting growth opportunities."
2025-08-14,4,"**Insider Sell:** Bullish signal muted; CFO Anthony Folger sold 5,529 shares but overall insider selling is limited.

**Ownership Increase:** Bullish; Bank of Nova Scotia increased its stake by 14.0%, indicating institutional confidence.

**Analyst Rating:** Neutral; Wedbush maintained ""outperform"" with a $75.00 price target, suggesting continued positive outlook despite no change in rating.

**Stock Performance:** Mixed; PRGS opened at $46.11, up slightly but below Wedbush’s target, indicating potential upside.

**Net Tilt:** Slightly Bullish due to institutional buying and positive analyst target, despite limited insider selling."
2025-08-15,8,"**Revenue Growth:** Bullish; Q revenue up 35.6% YoY.  
**Analyst Actions:** Mixed; Citigroup downgraded PT to $57.00, Da Davidson upgraded PT to $75.00, Guggenheim maintained Buy with $83.00 PT. Net tilt slightly bullish.  
**Institutional Ownership:** Bullish; PNC Financial, Natixis, and Raymond James increased holdings.  
Net Tilt: **Bullish**."
2025-08-16,4,"**Ownership Increase:** Bullish. Nuveen LLC initiated a new position, and Connor Clark & Lunn Investment Management Ltd. increased its stake by 1,772.9%. Liontrust Investment Partners LLP also purchased 11,438 shares.

**Earnings Estimate:** Neutral. Analysts predict EPS of 4.01 for the current year.

**Net Tilt:** Bullish. Multiple large investors increasing stakes signals confidence."
2025-08-18,5,"**Price Target Downgrade:** Citigroup downgraded PRGS, cutting the price target from $64.00 to $57.00 (Bearish).

**Ownership Changes:** 
- Llc increased its position by 637.6% in Q4 (Bullish).
- Vanguard reduced its stake by 0.3% in Q1 (Bearish).

**Stock Performance:** PRGS stock gained 1.7% (Bullish).

**Vanguard Holdings:** Vanguard holds a significant $300.67M stake in PRGS (Neutral).

**Net Tilt:** Mixed signals with a slight net bearish tilt due to the downgrade and Vanguard’s reduction."
2025-08-19,8,"**Revenue Growth:** Bullish. Q2 revenue grew 35.6%, indicating strong business performance.

**Institutional Ownership Increases:** Bullish. Multiple institutions (Allspring, Deutsche Bank, Systematic Financial Management, The Manufacturers Life Insurance, and Northern Trust) increased their stakes in PRGS, signaling confidence.

**Analyst Rating:** Neutral. Wedbush maintained an ""outperform"" rating with a $75.00 price target.

**New Stake Acquisition:** Bullish. An unnamed LLC acquired 44,298 additional shares, further supporting positive sentiment.

**Net Tilt:** Bullish. Despite the neutral analyst rating, the significant institutional buying and revenue growth suggest a positive outlook."
2025-08-20,6,"**Insider Buying:** Bullish. Directors Rainer Gawlick and David Krall recently acquired shares, indicating confidence in the company’s future.

**Institutional Ownership Changes:** Mixed. Raymond James Financial increased its position, while Fuller & Thaler Asset Management reduced its stake by 36.3%.

**Price Movement:** Bearish. PRGS opened at $45.12, down from previous levels.

**Analyst Ratings:** Neutral. Jefferies Financial Group maintained a ""hold"" rating on PRGS.

**Net Tilt:** Neutral with slight bearish lean due to recent price decline and significant institutional stake reduction."
2025-08-21,4,"**Price Target Upgrade:** Da Davidson upgraded PRGS from $70.00 to $75.00, **bullish**.

**Insider Sell:** CFO Anthony Folger sold 5,529 shares, **bearish**.

**Ownership Increase:** Seizert Capital Partners increased holdings by 6.6%, **bullish**.

**Stake Acquisition:** Charles Schwab Investment Management purchased 9,852 shares, **bullish**.

**Net Tilt:** Mixed signals with two bullish and two signals (one insider sell and one upgrade context), lean slightly **bullish** due to institutional buying."
2025-08-22,5,"**Price Target Downgrade:** Citigroup downgraded PRGS from $64.00 to $57.00, bearish.  
**Ownership Changes:** Inc. increased holdings by 1.8%, bullish; Advisers decreased stake, bearish.  
**Analyst Ratings:** Guggenheim maintained a ""buy"" with a $83.00 PT, bullish.  
**Earnings Estimate:** Analysts expect EPS of 4.01 for the current year, neutral.  
**Net Tilt:** Mixed signals; slight net bullish due to Guggenheim’s positive stance and Inc.’s increased holdings."
2025-08-23,6,"**Revenue Growth:** Bullish; Q2 revenue grew 35.6% YoY.

**Institutional Ownership:** Bullish; Dakota Wealth Management initiated a new position worth $224k, and Canada Pension Plan Investment Board increased its stake by 820%.

**Stock Price Movement:** Bullish; PRGS stock traded up 4.5%.

**New Stakeholder:** Bullish; Nuveen LLC took a new position in PRGS.

**Opening Price:** Neutral; PRGS opened at $46.70 on Friday.

**Net Tilt:** Strongly Bullish."
2025-08-24,7,"**Ownership Increases:** Multiple institutions increased their stakes in PRGS, including Capital Fund Management, Hsbc Holdings, Northern Trust Corp, Liontrust Investment Partners, and Public Sector Pension Investment Board. This indicates **bullish** sentiment.

**Analyst Action:** Wedbush maintained an ""outperform"" rating with a $75.00 price target. This is **bullish**.

**Net Tilt:** Bullish."
2025-08-26,11,"**Analyst Ratings & Price Targets:** Mixed signals. Average rating upgraded to ""Moderate Buy"" (bullish), but Citigroup downgraded PT from $64 to $57 (bearish).

**Insider & Institutional Activity:** Bullish with insider buy by David Krall (5,125 shares) and significant increases in holdings by multiple institutions (Llc, Inc., First Trust Advisors LP, Cetera Investment Advisers).

**Stock Performance:** PRGS opened at $46.06, down 1.4% (bearish).

**Earnings Estimates:** Analysts expect EPS of 4.01 for the current year (neutral).

**Net Tilt:** Net bullish due to positive analyst ratings and insider/institutional buying despite Citigroup’s downgrade."
2025-08-27,4,"**Price Target Upgrade:** Da Davidson raised PT from $70.00 to $75.00 (Bullish).

**Ownership Decrease:** Russell Investments Group Ltd. reduced holdings (Bearish).

**Analyst Rating Reiteration:** Guggenheim maintained ""Buy"" with $83.00 PT (Bullish).

**Held Ownership:** Russell Investments Group Ltd. holds $1.90M position (Neutral).

**Net Tilt:** Mixed signals; slight Bullish bias due to recent upgrades and maintained Buy ratings."
2025-08-29,2,"**Price Target and Stock Performance:**
- **Direction:** Neutral
- **Evidence:** Progress Software received an average target price of $73.33 from brokerages, indicating potential upside. However, the stock opened at $46.31, suggesting it is currently undervalued relative to the target but no immediate directional signal from analyst actions.

**Net Tilt:** Neutral due to conflicting signals from target price and current stock price."
2025-08-31,7,"**Analyst Ratings and Price Targets:** Bullish. Da Davidson upgraded PRGS’s price target from $70.00 to $75.00. Wedbush and Guggenheim both maintained “outperform” ratings with targets at $75.00 and $83.00 respectively. Multiple analysts now have a “Moderate Buy” consensus.

**Ownership Increases:** Bullish. Llc increased its stake by 7.3%, Dakota Wealth Management initiated a new position, and Advisers boosted holdings by 8.3%.

**Net Tilt:** Strongly Bullish."
2025-09-01,4,"**Price Target Downgrade:** Citigroup downgraded PRGS, cutting the target price from $64.00 to $57.00 (Bearish).

**Stock Performance:** PRGS opened at $46.29, below both previous targets (Bearish).

**Ownership Changes:** 
- Voya Investment Management LLC increased holdings by 26.8% (Bullish).
- Raymond James Financial Inc. sold 56,069 shares (Bearish).

**Net Tilt:** Mixed signals with a slight bias towards Bearish due to the downgrade and stock performance."
2025-09-04,1,"**Partnership Expansion:** Infinigate expands partnership with Progress Software to Romania (bullish). Evidence: This move suggests increased market penetration and potential revenue growth in Eastern Europe.

**Net Tilt:** Bullish."
2025-09-10,1,"**Product Release:** Bullish. Progress Software launched a new SaaS RAG platform, indicating innovation and potential expansion into new markets.

**Net Tilt:** Bullish. The product release is a strong positive catalyst for PRGS, suggesting growth opportunities."
2025-09-15,1,"**Earnings Preview:** Progress Software is scheduled to report Q3 2025 financial results on September 29, 2025. No specific guidance or analyst actions mentioned yet. **Neutral** until further details emerge.

**Net Tilt:** Neutral"
2025-09-23,5,"**Price Target Adjustments:** Citigroup downgraded PRGS to $57.00 (bearish), while Da Davidson upgraded to $75.00 (bullish). **Net Tilt:** Mixed.

**Ownership Increase:** Institutional investor increased stake by 1.8% (bullish).

**Analyst Consensus:** Average PT set at $73.33 (neutral).

**Earnings Estimate:** Analysts predict FY EPS of 4.01 (neutral).

**Net Tilt:** Neutral with mixed signals."
2025-09-25,1,"**Ownership Increase:** Bullish. Llp purchased a new stake in Progress Software in the 2nd quarter, indicating institutional confidence and potential support for the stock."
2025-09-26,2,"**Product Launch:** Bullish. Progress Software Corp. launched Progress Federal Solutions on September 15, indicating potential growth in federal market segments.

**Revenue Guidance:** Neutral. The company reported revenue of $237 million without providing specific guidance, leaving the direction unclear.

NET TILT: Neutral. While the product launch is bullish, the lack of revenue guidance direction neutralizes the positive signal."
2025-09-27,5,"**Price Target Downgrade:** Citigroup downgraded PRGS, lowering the price target from $64.00 to $57.00 (Bearish).

**Earnings Beat:** Q4 EPS was $1.09 vs. expectations (Bullish).

**Revenue Beat:** Revenue of $237.36M beat estimates of $237.23M (Bullish).

**Increased Ownership:** An unnamed institution increased its stake by 1.8% (Bullish).

**Consensus Price Target:** Analysts have a consensus price target of $73.33 (Bullish).

**Net Tilt:** Bullish, despite the downgrade, due to strong earnings and revenue beats and increased ownership."
2025-09-28,1,"**Earnings Preview:** Progress Software is set to report FQ3 2025 earnings. Analysts expect EPS of $0.75, with revenue forecast at $140M. The company previously guided for EPS between $0.65-$0.75 and revenue between $135M-$145M. **Bullish** if EPS beats $0.75 or revenue exceeds $140M; **Bearish** otherwise. 

**Analyst Actions:** No significant changes in ratings or price targets noted.

**Catalysts:** None reported.

**Net Tilt:** Neutral until actual results are known."
2025-09-29,43,"**Revenue & Earnings Guidance:** Bullish. PRGS raised FY2025 revenue guidance to $975M-$981M (vs. prev. $962M-$974M) and EPS to $5.50-$5.56 (vs. prev. $5.28-$5.40). Q3 revenue of $249.8M (+40% YoY) beat estimates.

**Earnings Performance:** Bullish. Q3 Non-GAAP EPS of $1.50 beat estimates by $0.20. Pretax income adjusted to $26.21M (down from $34.28M).

**Analyst Actions:** Mixed. Da Davidson upgraded PT to $75 from $70; Zen downgraded from Buy to Hold.

**Ownership Changes:** Bullish. Multiple institutions increased holdings: The Manufacturers Life Insurance Co., Goldman Sachs, Public Sector Pension Investment Board, Amundi, Cubist Systematic Strategies.

**Stock Reaction:** Bullish. Shares rose 5.8% in after-hours trading.

**Dividends & CapEx:** Bearish. Q3 dividend cut to $0.00 from $0.18; capex unchanged at $1.06M.

**Net Tilt:** Bullish. Positive guidance and earnings beat outweigh minor negatives."
2025-09-30,3,"**Price Target Downgrade:** Jefferies downgraded PRGS to a lower price target of $55 from $60, indicating **bearish** sentiment based on revised expectations.

**Stock Performance:** PRGS shares traded higher, suggesting **bullish** market reaction despite the downgrade.

**Earnings Call:** Progress Software held their Q3 earnings call, providing updates on financials and operations. The call could reveal details on EPS, revenue, and guidance that impact trading decisions.

**Net Tilt:** Mixed signals with bearish downgrade but bullish stock performance. Monitor earnings call for concrete figures and guidance."
2025-10-01,11,"**Price Target Downgrades:** Jefferies downgraded PRGS from $60.00 to $50.00; Citigroup reduced target from $64.00 to $57.00. **Bullish:** Wedbush maintained ""outperform"" with $75.00 PT. **Net Tilt:** Bearish.

**Insider Activity:** CFO Anthony Folger sold 5,529 shares. **Bearish.**

**Ownership Changes:** Llc increased stake by 2,620.9%, Russell Investments by 0.7%. **Bullish.**

**Stock Performance:** PRGS gained 3.1%, opening at $43.93. **Bullish.**

**Analyst Ratings:** Da Davidson maintained ""buy""; Jefferies maintained ""hold"". **Neutral.**

**Net Tilt:** Mixed signals; overall slightly bearish due to price target reductions and insider sell."
2025-10-02,3,"**Earnings Estimate Upgrade:** Da Davidson upgraded FY2025 EPS estimates for PRGS, indicating **bullish** sentiment. No specific new EPS figure provided but implies higher forecast.

**Q4 EPS Estimate:** Da Davidson forecasts Q4 2025 EPS at $1.04, neutral signal.

**Stock Price:** PRGS opened at $45.22, neutral signal.

**Net Tilt:** Bullish due to EPS estimate upgrade."
2025-10-03,10,"**Price Target Upgrade:** DA Davidson upgraded PRGS from $70.00 to $75.00 (Bullish).

**EPS Estimate Downgrade:** DA Davidson downgraded FY2026 EPS estimates (Bearish).

**Rating Downgrades:** Zen downgraded PRGS to ""Hold"" from ""Buy"" (Bearish). Guggenheim reaffirmed ""Buy"" with $83.00 PT (Neutral).

**Insider Buy:** Director Rainer Gawlick bought 1,710 shares (Bullish).

**Ownership Increases:** Multiple firms increased holdings (Bullish).

**Net Tilt:** Mixed signals; slight net bullish due to insider buy and ownership increases."
2025-10-04,3,"**Price Target Downgrade:** Jefferies downgraded PRGS price target from $60.00 to $50.00 (Bearish).

**Earnings Estimate Upgrade:** Wedbush upgraded FY2025 earnings estimates (Bullish).

**EPS Estimate:** Wedbush forecasts Q4 2025 EPS at $1.03 (Neutral).

**Net Tilt:** Mixed signals with bearish downgrade offset by bullish estimate upgrade."
2025-10-13,14,"**Analyst Actions:** Bullish; Citi upgraded PRGS from Neutral to Buy but lowered PT from $64.00 to $57.00.

**Insider Activity:** Bearish; CFO Anthony Folger sold 5,474 shares.

**Ownership Changes:** Bullish; multiple firms increased stakes: Meritage Portfolio Management, Allspring Global Investments, Swedbank AB, The Manufacturers Life Insurance Co., Systematic Financial Management LP, and Seizert Capital Partners LLC.

**Price Movements:** Bullish; PRGS shares rose 4.1% on Monday.

**Net Tilt:** Bullish, despite mixed signals."
2025-10-18,8,"**Price Target Downgrade:** Jefferies downgraded PRGS from $60.00 to $50.00 (Bearish).

**Ownership Increases:** Multiple institutions increased holdings: Lp (+31.5% Q2), Swedbank (+65.8% Q1), Goldman Sachs (+75.6% Q1), LLC (+148.1% Q3), Nuveen LLC ($9.97M new position Q1) (Bullish).

**Analyst Ratings:** Da Davidson maintained a ""buy"" with a $75.00 target (Bullish).

**Brokerage Consensus:** Brokers set average target price at $70.00 (Bullish).

**Net Tilt:** Mixed signals; ownership increases and high targets suggest bullish sentiment, but Jefferies downgrade is bearish. **NET TILT: SLIGHTLY BULLISH.**"
2025-10-22,2,"**Earnings Guidance Below Expectations:** Bullish signal muted. Progress Software forecasts Q4 EPS of $0.55 to $0.65, significantly below consensus estimates of $1.31 and $0.67, indicating potential revenue or cost issues. **Bearish.**

**Analyst Actions:** No analyst upgrades or downgrades reported today.

**Catalysts:** None impacting near-term trading dynamics.

**Net Tilt:** Bearish due to earnings guidance miss."
2025-10-26,4,**Analyst Actions:** Weiss downgraded PRGS to Sell (bearish). Citigroup upgraded PRGS from Neutral to Buy (bullish). **Ownership Changes:** Llc increased holdings by 200% in Q2 (bullish). **Stock Price:** Opened at $46.01 (neutral). **Net Tilt:** Mixed signals with slight bullish bias due to significant ownership increase and Citigroup upgrade.
2025-10-30,8,"**Analyst Ratings & Price Targets:** Citigroup upgraded Progress Software from ""neutral"" to ""buy,"" while Jefferies downgraded the target price from $60.00 to $50.00. Da Davidson maintained a ""buy"" with a $75.00 target. **Net Tilt:** Bullish (upgrade from neutral).

**Ownership Increases:** Multiple institutions increased holdings in Q1 and Q2, including Swedbank AB (+65.8%), The Manufacturers Life Insurance Co. (+29.1%), Systematic Financial Management LP (+16.2%), and Seizert Capital Partners LLC (+6.6%). **Net Tilt:** Bullish (institutional buying).

**Net Signal:** Bullish, despite mixed analyst price targets."
2025-11-06,8,"**Weiss Ratings downgraded shares of Progress Software (bearish)**. **Director Rainer Gawlick purchased 1,710 shares (bullish)** while **CFO Anthony Folger sold 5,474 shares (bearish)**. **Llc increased its position by 66.6% in Q2 (bullish)**, and **Pnc Financial Services Group Inc. grew its position by 9.0% in Q1 (bullish)**. **Da Davidson reaffirmed a ""buy"" rating with a $75.00 price target (neutral)**. **Progress Software stock up 1.7% (bullish)**. **Texas Has $1.21 Million Stake in Progress Software Corporation (neutral)**. **Net tilt: slightly bullish**."
2025-11-09,4,"**Price Target Downgrade:** Jefferies downgraded PRGS’s price target from $60.00 to $50.00 (Bearish).

**Institutional Ownership Increases:** Lp, Swedbank AB, and Goldman Sachs increased holdings by 31.5%, 65.8%, and 75.6% respectively (Bullish).

**Net Tilt:** Mixed signals with a slight **Bearish** lean due to the significant downgrade from Jefferies."
2025-11-12,1,"Today’s headlines for PRGS lack direct financial or operational signals related to the company. The provided headline about a chef's death in a helicopter crash is unrelated to PRGS's business operations or financial performance. Therefore, there are no concrete signals regarding EPS, revenue, analyst actions, earnings surprises, or significant catalysts impacting PRGS. No actionable trading signals can be derived from today's headlines.

NET TILT: Neutral (no relevant signals)"
2025-11-13,5,"**Insider Activity:** Bearish - Yufan Stephanie Wang sold 1,428 shares.

**Ownership Changes:** Bullish - First Citizens Bank & Trust Co. initiated a new position, and Llc increased its stake by 1,161.5%.

**Analyst Ratings:** Neutral - Da Davidson maintained a ""buy"" rating with a $75.00 price target.

**Stock Performance:** Bearish - PRGS stock down 0.5%.

**Net Tilt:** Mixed signals; slight lean towards bearish due to insider sell and recent stock decline."
2025-11-20,7,"**Revenue Beat:** Bullish; Q3 revenue of $249.80M vs. expectations of $240.11M.

**Price Target Downgrade:** Bearish; Jefferies downgraded PT from $60 to $50.

**Insider Sell:** Bearish; CFO Anthony Folger sold 5,474 shares.

**Institutional Ownership Shifts:** Mixed; Meritage increased stake by 2.5%, while LSV Asset Management cut position.

**Stock Performance:** Bearish; PRGS stock down 1.2%.

**Net Tilt:** Bearish due to downgrade, insider sell, and recent stock decline, despite revenue beat."
2025-11-24,7,"**Revenue Growth:** Bullish; QTR revenue up 39.8%.  
**Price Target Downgrade:** Bearish; Jefferies downgraded PT from $60 to $50.  
**Ownership Increase:** Bullish; Mitsubishi UFJ increased stake by 2,366.7%.  
**Stock Performance:** Bullish; PRGS stock up 2.5%.  
**New Stakeholder:** Neutral; Geode Capital acquired new shares.  
**Earnings Guidance:** Neutral; analysts expect EPS of 4.01 for CY.  

**Net Tilt:** Mixed, but slightly bullish due to strong revenue growth and significant ownership increase."
2025-11-27,10,"**Revenue Beat:** Bullish; Q3 revenue was $249.80M vs. $240.11M expected.

**Analyst Actions:** Mixed; Citigroup upgraded to ""buy"" from ""neutral,"" while Weiss Ratings downgraded.

**Debt Reduction:** Bullish; plans to reduce debt by $160M.

**Settlement:** Neutral; settled one case for $2.8M.

**Insider Sell:** Bearish; Yufan Stephanie Wang sold 1,428 shares.

**Stock Performance:** Bearish; stock fell 36% in 2025.

**Institutional Ownership:** Bullish; Mitsubishi UFJ increased stake by 2,366.7%.

**Net Tilt:** Mixed, with some bullish signals (revenue beat, debt reduction, institutional buying) offset by bearish ones (downgrade, insider sell, stock performance)."
2025-12-02,5,"**Revenue Growth:** Bullish; Q4 revenue up 39.8% YoY.

**Analyst Downgrade:** Bearish; Jefferies downgraded PT from $60 to $50.

**Insider Sell:** Bearish; CFO Anthony Folger sold 5,474 shares.

**Ownership Changes:** Mixed; Intech Investment Management increased stake by 59%, while another entity reduced holdings. Net tilt slightly bearish due to insider sell and downgrade."
2025-12-03,6,"**Ownership Decrease:** Bearish. Edgestream Partners L.P. reduced holdings by 21.9%, indicating some institutional doubt.

**Analyst Rating & Price Target:** Bullish. Da Davidson reiterated a ""buy"" rating with a $75.00 price target, suggesting continued confidence.

**Stock Performance:** Bullish. PRGS stock gained 2.0%, reflecting positive market sentiment.

**Earnings & Guidance:** Neutral. Earnings were reported but no specific EPS details provided; analysts predict 4.01 EPS for the current year.

**Net Tilt:** Mixed signals with slight bullish bias due to stock gain and analyst support."
2025-12-08,8,"**Price Target Downgrade:** Jefferies downgraded PRGS to a lower price target of $50.00 from $60.00 (Bearish).

**Revenue Growth:** QoQ revenue surged 39.8% YoY (Bullish).

**Institutional Ownership Increases:** Multiple institutions increased stakes in PRGS, including Geode Capital, Swedbank, and The Manufacturers Life Insurance Company (Bullish).

**Analyst Rating Neutral:** Da Davidson maintained a ""buy"" rating with a $75.00 price target (Neutral).

**New Stake Acquisition:** Limited Partnership acquired 102,439 new shares (Bullish).

**Earnings Announcement:** PRGS released Q4 earnings on Sep 29th (Neutral).

**Net Tilt:** Mixed signals; revenue growth and institutional buying are bullish, while Jefferies downgrade is bearish."
2025-12-12,1,"**Share Price Slump**: PRGS shares fell 0.51% today, indicating **bearish** sentiment. No specific earnings, analyst actions, or major catalysts were reported to explain the decline. The lack of positive drivers suggests traders may be cautious or reacting to broader market conditions rather than company-specific news. **Net Tilt: Bearish**."
2025-12-27,11,"**Earnings:** Bullish; Progress Software reported EPS of $1.26, beating expectations. **Revenue:** Bullish; Q3 revenue was $249.80M vs. $240.11M consensus. **Analyst Actions:** Bearish; Jefferies downgraded target from $60 to $50. Neutral; Da Davidson maintained a ""buy"" with a $75 PT. **Insider Activity:** Bearish; CFO Anthony Folger and insider Yufan Wang sold shares. **Ownership Changes:** Bullish; Cubist Systematic Strategies, Swedbank, Goldman Sachs, and The Manufacturers Life Insurance increased positions. **Net Tilt:** Mixed, but slightly bearish due to downgrade and insider sales."
2025-12-29,6,"**Ownership Changes:** 
- **Bullish:** Lp increased position by 31.5%, Llc boosted holdings by 148.1%.
- **Bearish:** Exchange Traded Concepts LLC reduced stake.

**Stock Performance:**
- **Neutral:** PRGS opened at $43.53 on Monday, unchanged from previous close.

**Holdings:**
- Corp maintains significant holdings worth $85.69M.

**Net Tilt:** Bullish due to substantial increases in ownership by major investors."
