date,n_headlines,summary
2023-01-01,20,"**Net Tilt: Bearish**

- **Bearish:** Morgan Stanley downgraded Tesla’s target price from $330.00 to $250.00. SVP Andrew D. Baglino sold 10,500 shares. Tesla stock is collapsing.
- **Bullish:** JPMorgan upgraded Tesla’s target price from $137.00 to $153.00. Truist Financial raised their target from $333.00 to $348.00. Bank of America increased their target from $315.00 to $325.00. Multiple institutions increased stakes in Tesla.

**Conflicting Signals:** Downgrades and insider sales contrast with upgrades and institutional buying, leading to a net bearish tilt."
2023-01-02,33,"**Bearish Signals:**
- **Downgrades & Lower Price Targets:** Wedbush, Robert W. Baird, Goldman Sachs, and Canaccord Genuity all downgraded Tesla with lower price targets.
- **Earnings Misses:** Tesla missed both Wall Street and internal guidance.
- **Stock Performance:** Shares fell over 65% last year and dropped 37% in December.
- **Insider Sell:** CAO Vaibhav Taneja sold shares.

**Bullish Signals:**
- **Delivery Growth:** Q4 deliveries up 31%, and Tesla aims for 50% sales growth.
- **Product Launch:** Model S and X launches imminent.
- **Supply Increase:** 4680 cell production increase.
- **Ownership Increases:** Multiple firms increased holdings in Tesla.

**Net Tilt:** Bearish due to multiple downgrades and earnings misses outweighing positive delivery and product news."
2023-01-03,110,"**Bearish Signals:**
- **Price Target Downgrades:** Cowen lowered PT to $122 from $205; KGI Securities to $230 from $360; RBC Capital to $186 from $225; Goldman Sachs to $205 from $235; Deutsche Bank to $250 from $270; Piper Sandler to $340 from $360.
- **Revenue/Earnings Shortfalls:** 2022 sales/revenue missed expectations; Q4 delivery estimates missed; 2022 sales fell short; Tesla missed EPS estimates.
- **Stock Performance:** Shares fell 65% in 2022; tumbled to start 2023; down over 60%.
- **Supply/Demand Issues:** Missed production targets; Shanghai factory suspension; Model X deliveries down 8%.

**Bullish Signals:**
- **Revenue Growth:** 2022 deliveries up 40%; posted record sales; EV sales grew.

**Net Tilt:** Bearish due to multiple downgrades and revenue/earnings misses outweighing growth signals."
2023-01-04,40,"**Bearish Signals:**
- **Price Target Downgrades:** Evercore ISI ($200 from $300), RBC ($186 from $225), Cowen ($122 from $205), Truist Financial ($299 from $348), Deutsche Bank ($250 from $270).
- **Stock Declines:** Multiple reports indicate Tesla’s stock falling significantly, including a 65% drop YTD and a 12% decline in recent trading.
- **Sanctions & Fines:** South Korea fined Tesla $2.2M.
- **Insider Sell:** Elon Musk sold 4.4M shares.

**Bullish Signals:**
- **Insider Buys:** Cathie Wood bought $19M worth of Tesla stock, and multiple firms increased their stakes (e.g., Westwood Holdings, Sumitomo Mitsui Trust).

**Net Tilt:** Bearish due to overwhelming analyst downgrades and significant stock declines."
2023-01-05,34,"**Analyst Actions:** Bullish - Edward Jones upgraded Tesla to Buy from Hold. Bearish - Morgan Stanley, JPMorgan, Robert W. Baird, Mizuho, and Goldman Sachs all downgraded Tesla with lower price targets ($205-$285).

**Revenue & Sales:** Bearish - Tesla sales dropped in China, deliveries slumped in December. Bullish - Delivered 1.3M EVs in 2022, 55,796 in December.

**Stock Performance:** Bearish - Tanked 65% in 2022. Bullish - Stock up 5.1% on Wednesday, opened at $113.64 on Thursday.

**Supply & Production:** Bearish - Supply decrease noted in China. Bullish - Significant production increase reported.

**Ownership Changes:** Mixed - Multiple firms increased holdings/stakes, while others initiated positions.

**Net Tilt:** Bearish due to multiple downgrades and revenue declines outweighing positive production and ownership trends."
2023-01-06,72,"**Analyst Actions:** Bullish (Edward Jones upgraded to Buy); Bearish (Wedbush downgraded to $175, Truist downgraded to $299).

**Earnings & Revenue:** Bearish (missed consensus, December sales volume dropped); Bullish (Q4 deliveries up 40%, full-year Chinese sales up nearly 50%).

**Sanctions & Fines:** Bearish (fined over misleading claims, KFTC fined 2.85B won, facing multi-million dollar fine in South Korea).

**Product & Pricing:** Bearish (multiple price cuts in China, South Korea, Australia).

**Stock Performance:** Bearish (shares plunged 69% in 2022, hit 2-year low, fell 42%, closed at $113.64; recovered briefly).

**Net Tilt:** Bearish."
2023-01-07,22,"**Bearish Signals:**
- **Price Target Downgrades:** Cowen downgraded from $205 to $122, RBC from $225 to $186, Truist from $348 to $299, and Deutsche Bank from $270 to $250.
- **Earnings Miss:** Tesla missed expectations.
- **Stock Price Drop:** Tesla stock sank to a 29-month low, trading as low as $101.21.
- **Insider Sales:** CFO Zachary Kirkhorn and SVP Andrew D. Baglino sold shares.
- **Price Cuts:** Tesla lowered prices on its Model 3.

**Bullish Signals:**
- **Production Increase:** CyberTruck production revved up.
- **Stake Increases:** Multiple firms increased stakes in Tesla, including Renaissance Technologies, Sumitomo Mitsui Trust, Northern Trust, Charles Schwab, and others.
- **New Stakeholder:** Amica Mutual Insurance Co acquired Tesla shares.

**Net Tilt:** Bearish due to multiple downgrades, earnings miss, insider sales, and price cuts outweighing production and stake increases."
2023-01-08,17,"**Analyst Downgrades:** Cowen, Evercore ISI, Morgan Stanley, JPMorgan Chase, Goldman Sachs, Mizuho, and Deutsche Bank all downgraded Tesla, cutting price targets significantly (e.g., Cowen from $205 to $122, Morgan Stanley from $330 to $250). **Bullish vs Bearish:** Strongly Bearish.

**Price Adjustments:** Tesla initially raised prices in 2022 but recently slashed prices across all EV models in China and globally. **Bullish vs Bearish:** Mixed, but leaning Bearish due to recent price cuts.

**Catalysts:** Tesla officially opened its largest Australian site, a positive development. **Bullish vs Bearish:** Bullish.

**Ownership Changes:** Oh increased holdings in Tesla by 1.2%, and West Oak Capital acquired a new position. **Bullish vs Bearish:** Slightly Bullish.

**Stock Performance:** Tesla set a new 52-week low, with shares opening at $113.06. **Bullish vs Bearish:** Bearish.

**Net Tilt:** Strongly Bearish."
2023-01-09,34,"**Bearish Signals:**
- **Price Target Downgrades:** Royal Bank of Canada, Robert W. Baird, Goldman Sachs, and Canaccord Genuity all reduced their price targets on Tesla.
- **Stock Performance:** Tesla’s stock has dropped significantly, falling by 66% over the past year and 45% in the last three months.
- **Legal Issues:** CEO Elon Musk faces a shareholder trial.
- **Insider Sell:** CFO Zachary Kirkhorn sold shares.
- **Price Cuts:** Tesla cut prices for Model 3 and Model Y in Australia and experienced sharp price drops in China.

**Bullish Signals:**
- **Ownership Increases:** Multiple firms increased their holdings in Tesla, including Ark Invest, Mackenzie Financial, and Banco Santander.
- **Stake Acquisitions:** Pinnacle Bancorp, Verity & Verity LLC, and Raymond James Financial Services Advisors bought Tesla shares.
- **Revenue Volume:** Tesla sold 10,877 Model 3 units.

**Net Tilt:** Bearish due to multiple downgrades and significant stock declines outweighing ownership increases."
2023-01-10,35,"**Net Tilt: Bearish**

**Analyst Actions & Price Targets:**
- **Bearish:** Edward Jones upgraded Tesla to ""Buy"" but Bank of America downgraded price target from $275 to $135.

**Revenue & Sales:**
- **Bearish:** Tesla’s December sales in China plunged 41%, and overall retail electric car sales dropped 40%.

**Regulatory & Legal:**
- **Bearish:** US government investigating Tesla’s Autopilot and full self-driving features.

**Product Pricing:**
- **Bearish:** Model Y and Model 3 prices reduced in early January.

**Stock Performance:**
- **Bearish:** Shares lost nearly two-thirds value, with multiple negative events including a Bay Bridge crash.

**Positive Signals:**
- **Bullish:** Export growth in 2022 (+78%), Texas Gigafactory expansion ($776M), and some institutional buying (Ziegler Capital, Fifth Third Bancorp).

**Conflicting Signals:**
- Mixed analyst sentiment and institutional actions, but overall tilt is bearish due to significant revenue declines and regulatory scrutiny."
2023-01-11,47,"**Analyst Actions:** Bullish (Edward Jones upgraded to Buy); Bearish (Cowen downgraded PT to $122, Truist to $299, Deutsche Bank to $250).

**Stock Performance:** Bearish (shares sank 65-67% in 2022).

**Product Launches:** Bullish (Model 3/Y launched in India); Neutral (BYD’s competing model launching in India).

**Price Cuts:** Bearish (Model 3/Y prices significantly reduced in China and globally).

**Legal Issues:** Mixed (suit filed against Tesla, countersuit dismissed).

**Facility Expansion:** Bullish (Austin factory operational, expansion planned, potential Indonesian factory).

**Insider Activity:** Bullish (CFO purchases shares).

**Investments:** Bullish (Texas factory investment, supplier investment in Mexico).

**Net Tilt:** Bearish due to significant price cuts and downgrades outweighing bullish launches and expansions."
2023-01-12,31,"**Bearish Signals:**
- **Price Target Downgrades:** Multiple firms downgraded Tesla’s price targets: Wedbush ($250 → $175), RBC ($225 → $186), Robert W. Baird ($316 → $252), Mizuho ($285 → $250).
- **Earnings Miss:** Tesla missed Q4 delivery estimates.
- **Revenue Decline:** Sales in China fell.
- **Legal Setback:** Lost bid to stop workplace racism suit.
- **Executive Resignation:** Elon Musk stepping down as CEO.
- **Production Suspension:** Shanghai Gigafactory production suspended.
- **Price Cut:** Model Y price reduced.
- **Stock Performance:** Share price declined in H2 2022 and fell 3.33% in early Thursday trading.

**Bullish Signals:**
- **Profits:** Reported $11.19 billion in profits.
- **Order Growth:** Received 30,000 new orders.
- **Facility Expansion:** Plans to expand Texas factory.
- **Ownership Increases:** Multiple institutions increased stakes in Tesla.

**Net Tilt:** Bearish due to multiple downgrades, earnings miss, legal issues, and production suspension outweighing positive financial results and order growth."
2023-01-13,111,"**Analyst Actions:** Bearish. Guggenheim downgraded Tesla to Sell from Neutral. Bank of America, Wells Fargo, JPMorgan, and Citi all lowered price targets significantly (to $135, $130, $125, and $140 respectively).

**Earnings & Guidance:** Mixed. Tesla missed earnings expectations but guided for a Q4 sales rebound.

**Revenue Trends:** Mixed. Sales growth in North America (+40%) contrasts with a broader slowdown globally.

**Stock Performance:** Bearish. Tesla’s stock has declined sharply (down 64%), with multiple analysts predicting further drops.

**Product Pricing:** Bearish. Significant price cuts across models (nearly 20%) indicate weakening demand.

**Catalysts:** Bearish. Regulatory fines and ongoing market share losses in key markets add pressure."
2023-01-14,26,"**Bullish Signals:**
- **Ownership Increases:** Hancock Whitney Corp, Synovus Financial Corp, Llc, and Robeco Institutional Asset Management B.V. increased holdings in Tesla.
- **Price Cuts:** Tesla slashed Irish car prices, potentially boosting demand.

**Bearish Signals:**
- **Analyst Downgrades:** Guggenheim downgraded Tesla to ""sell""; Wells Fargo, Cowen, Morgan Stanley, Royal Bank of Canada, and Deutsche Bank all lowered price targets.
- **Earnings Miss:** Tesla missed 2022 estimates.
- **Stock Performance:** Tesla stock fell sharply, closing at $116.11, with a 0.94% drop.
- **Insider Sales:** CFO Zachary Kirkhorn and CAO Vaibhav Taneja sold shares.
  
**Net Tilt:** Bearish due to multiple downgrades, earnings miss, and insider sales outweighing ownership increases and price cuts."
2023-01-15,15,"**Analyst Downgrades:** Guggenheim downgraded Tesla to Sell; Wells Fargo lowered PT to $130; Truist reduced PT to $299; Mizuho cut PT to $250 (Bearish).

**Earnings:** Q4 EPS more than tripled to $2.26 (Bullish).

**Product Updates:** Model Y launched in 2020; Cybertruck may debut in 2023 (Neutral).

**Price Adjustments:** Model 3 and Y prices cut globally; China prices slashed (Bearish).

**Insider Activity:** Elon Musk sold 9.65M shares (Bearish).

**Ownership Changes:** Multiple firms increased stakes (Bullish); Cornerstone Capital bought shares (Bullish).

**Market Expansion:** Entering Thailand in 2023 (Bullish).

**Net Tilt:** Bearish due to multiple downgrades and price cuts, offset slightly by earnings beat and market expansion."
2023-01-16,22,"**Price Target Downgrades:** Bank of America, Cowen, Citigroup, and JPMorgan all downgraded Tesla’s price targets to $135, $122, $140, and $125 respectively from higher levels, indicating **bearish sentiment**.

**Earnings Estimate Downgrade:** Oppenheimer lowered FY2022 EPS estimates, signaling **bearishness**.

**Product Price Cuts:** Tesla reduced prices on the Model 3 to $45,000 and saw a £8,000 drop, suggesting **bearishness** due to pricing pressures.

**Demand Increase:** Reports indicate Tesla car orders rose, showing **bullishness**.

**Ownership Increases:** Multiple institutions significantly increased their stakes in Tesla, indicating **bullishness** among some large investors.

**Net Tilt:** Conflicting signals with significant bearish analyst actions and bullish ownership increases, but overall **net tilt towards bearish** due to multiple downgrades and price cuts."
2023-01-17,64,"**Analyst Actions & Price Targets:** Guggenheim downgrades Tesla to ""Sell"" from ""Neutral""; Jefferies lowers price target to $180 from $350. Edward Jones upgrades to ""Buy"" from ""Hold."" Multiple firms lower price targets: Wolfe Research to $160, Robert W. Baird to $252, Goldman Sachs to $205, KGI Securities to $196, Deutsche Bank to $250, Tudor Pickering to $128. **Bullish:** Edward Jones upgrade; **Bearish:** Downgrades, lower price targets.

**Earnings & Guidance:** Oppenheimer reduces earnings estimates; Tesla reports Q4 EPS of $1.15. **Mixed:** Reduced estimates vs. strong EPS forecast.

**Demand & Sales:** Tesla sees surging demand post-Model Y; retail sales in China surge. **Bullish:** Strong demand signals.

**Legal Issues:** Securities fraud trial begins; Tesla, Musk face trial. **Bearish:** Legal risks persist.

**Price Cuts & Market Share:** Tesla cuts vehicle prices 6.7%-19.7%; likely to gain market share. **Mixed:** Price cuts may boost short-term demand but could pressure margins.

**Stock Performance:** Tesla stock rallies 50% YTD; recent gains noted. **Bullish:** Recent performance.

**Net Tilt:** **Bearish** due to multiple"
2023-01-18,27,"**Price Target Downgrades:** Jefferies, Wells Fargo, Wedbush, and Piper Sandler all downgraded Tesla’s price targets to $180, $130, $175, and $300 respectively, indicating **bearish sentiment**.

**Revenue Increase:** Tesla China’s average daily sales rose 76%, signaling **bullish sentiment**.

**Product Price Adjustments:** Tesla raised home charger prices by 20% but cut vehicle prices in China, showing mixed signals (**net bearish**).

**Insider Activity:** Elon Musk sold 9.65M shares, indicating **bearish sentiment**.

**Supply Chain:** Tesla gained more orders from suppliers, suggesting **bullish sentiment**.

**Legal Issues:** Elon Musk is being sued by Tesla, adding **negative pressure**.

**Ownership Changes:** Multiple entities increased holdings, while others acquired shares, showing **mixed investor sentiment**."
2023-01-19,37,"**Bearish Signals:**
- **Price Target Downgrades:** Wells Fargo lowered PT to $130, Cowen to $122, RBC to $186, Citigroup to $140, Deutsche Bank to $220.
- **Stock Performance:** Tesla fell 61% YTD, sharply falling today, down 2.1%.
- **Analyst Actions:** Potter reduced price target.
- **Product Price Cuts:** Cox Automotive noted Tesla’s price cuts.

**Bullish Signals:**
- **Revenue Growth Forecast:** Analysts predict revenue growth.
- **Demand Increase:** Tesla demand in China expected to rise substantially.
- **Production Ramp-Up:** Tesla can continue increasing production.
- **Hirings:** Tesla hiring staff in Germany and other locations.
- **Ownership Increases:** Multiple firms increased holdings in Tesla.
- **Stock Gains:** Tesla up 19% in 2023, trading up 4.6%.

**Net Tilt:** Bearish due to multiple price target downgrades and significant stock losses outweighing positive signals."
2023-01-20,28,"**Analyst Downgrades & Price Target Cuts:** Guggenheim downgraded Tesla to Sell, while Cowen cut its target from $205 to $122. Goldman Sachs reduced its target from $235 to $205, and Deutsche Bank lowered it from $250 to $220. **Bullish:** Tesla repurchased 200K shares recently. **Bearish:** Stock declined 71% in 2022 and opened at $127.17 on Friday. **Neutral:** Oppenheimer downgraded Tesla but maintained Market Perform. **Mixed:** Multiple institutions increased holdings, yet new acquisitions were minor. **Upcoming Earnings:** Q4 2022 earnings on Jan 25, with Q3 revenue beating expectations at $24.2B vs $21.45B. **Net Tilt:** Bearish due to multiple downgrades and price cuts."
2023-01-21,19,"**Price Target Downgrades:** Multiple firms downgraded Tesla’s price targets: Baird from $316 to $252, Mizuho from $285 to $250, Piper Sandler from $340 to $300, and Deutsche Bank from $250 to $220 (bearish).

**Earnings Estimate Downgrade:** Zacks analysts cut Tesla’s earnings estimates (bearish).

**Insider Sell:** CFO Zachary Kirkhorn sold 3,751 shares (bearish).

**Ownership Increases:** Vanguard Group and Hancock Whitney significantly increased holdings (bullish). Several smaller investors also acquired shares (mildly bullish).

**Earnings Guidance:** FY2022 EPS expected at $3.46, FY2023 at $3.61 (neutral).

**Net Tilt:** Bearish due to multiple downgrades and insider sell, offset slightly by institutional buying."
2023-01-22,17,"**Price Target Downgrades:** Multiple firms downgraded Tesla’s price targets: Jefferies from $350 to $180, Morgan Stanley from $330 to $250, Royal Bank of Canada from $225 to $186, Truist Financial from $348 to $299, and Piper Sandler from $340 to $300. **Bullish:** Some institutional investors increased holdings significantly: Partners by 200%, Ergoteles LLC by 33.4%, Solstein Capital LLC by 200%, Inc. by 219.9%, Trust by 243.5%, and Sumitomo Mitsui Trust Holdings Inc. by 189%. **Neutral:** Analysts expect Q1 2023 EPS of $0.99 and FY EPS of $3.57. **Net Tilt:** Bearish due to multiple downgrades outweighing ownership increases."
2023-01-23,48,"**Bearish Signals:**
- **Price Target Downgrades:** UBS lowered PT to $220 from $350; Citigroup lowered PT to $140 from $176.
- **Earnings Miss:** Tesla missed earnings expectations.
- **Revenue Decline:** Sales fell 42%.
- **Legal Issues:** Shareholders suing Tesla; federal scrutiny ongoing.
- **Brand Decline:** Favorability declining.
- **Stock Performance:** Plunged 54% YTD; multiple price cuts.

**Bullish Signals:**
- **Patents:** Obtained Cybertruck patent.
- **Awards:** Won What Car? 2023 Safety Award; Model 3 won Executive Car Of The Year.
- **Institutional Buys:** Multiple firms increased holdings.
- **Stock Movement:** Shares up 6-7.5% in afternoon trading.

**Net Tilt:** Bearish due to significant downgrades, earnings miss, and legal issues outweighing positive movements and awards."
2023-01-24,63,"**Analyst Downgrades & Price Target Cuts:** Guggenheim downgraded Tesla to ""Sell"" from ""Neutral."" Cowen, Truist, and Mizuho cut price targets to $122, $245, and $250 respectively. **Bearish**.

**Revenue Trends:** Revenue growth over 5 years but recent slowdown noted. **Mixed**.

**Stock Performance:** Tesla’s stock fell 65% in 2022 and is down over 60% in the last year. **Bearish**.

**Product Pricing:** Model Y price cut by 20%, but some models saw slight increases. **Mixed**.

**Legal & Fines:** SEC charged Musk and Tesla with civil securities fraud; Tesla paid $20M in fines. **Bearish**.

**Executive Actions:** Musk stepped down as chairman; significant insider selling by Musk and executives. **Bearish**.

**Investments & Partnerships:** Tesla investing $3.6B in Nevada battery plant; partnership with Oklahoma. **Bullish**.

**Net Tilt:** **Bearish**."
2023-01-25,113,"**Price Targets Downgraded:** Jefferies, Wells Fargo, Truist, Deutsche Bank, and Morgan Stanley all downgraded Tesla’s price targets, indicating **bearish sentiment** (Jefferies to $180, Wells Fargo to $130, Truist to $245, Deutsche Bank to $220, Morgan Stanley to $220).

**Revenue Mixed:** Tesla’s revenue beat expectations but also reported a miss, showing **conflicting signals** (beats on revenue, sales miss).

**Earnings Positive:** Tesla exceeded earnings estimates, with Q4 GAAP EPS of $1.19, a 59% profit increase, and record-high earnings, signaling **bullish sentiment**.

**Cost Reduction Plans:** Tesla pledged to cut costs, which is **bullish**.

**Stock Performance:** Shares have slumped 53% YTD but gained nearly 19% recently, indicating **mixed signals**.

**Product Launch:** Tesla unveiled Full Self-Driving (FSD) and is on track to launch the truck, signaling **bullish sentiment**.

**Net Tilt:** Conflicting signals suggest a **net neutral to slightly bullish** tilt."
2023-01-26,125,"**Analyst Actions:** Goldman Sachs and Edward Jones upgraded Tesla to Buy; Royal Bank of Canada downgraded from $225 to $186. **Earnings:** FY2022 pre-tax profit $14.08B vs $6.34B, EPS Non-GAAP $4.07 vs $2.26, Q4 pre-tax income $5.08B vs $2.64B, Q4 EPS $1.19, Q4 net profit $4.11B vs $2.88B. **Guidance:** FY23 earnings could bottom, but car sales forecast to rise. **Revenue:** FY2022 revenues $81.46B vs $53.82B, Q4 revenue up, sales to hit 2M cars in 2023. **Margins:** Operating margin fell to 16%, but consistently improving. **Price Targets:** Raised by BofA ($155), Wolfe Research ($185), Wedbush ($200), Cowen ($140), Citigroup ($146); downgraded by RBC ($186). **Stock Movement:** Shares climbed 11%. **Catalysts:** Potential Twitter acquisition, increased capex. **Net Tilt:** Bullish."
2023-01-27,35,"**Revenue Growth:** Bullish; Tesla reported total revenue of $81.5B for 2022 (+51%) and Q4 revenue growth of 37%.

**Price Target Adjustments:** Mixed; Piper Sandler downgraded from $340 to $300, Argus lowered to $257, while Wells Fargo upgraded to $150 and Wolfe Research to $185.

**Insider Activity:** Bearish; SVP Andrew D. Baglino and Vaibhav Taneja sold shares.

**Stock Performance:** Bullish; Tesla shares rebounded, gaining 10-20% over two days, closing at $158.78.

**Ownership Changes:** Bullish; multiple firms increased stakes in Tesla.

**Other Signals:** Bearish; layoffs occurred in Q4, and US price cuts were implemented."
2023-01-28,20,"**Price Target Adjustments:** Bearish. Jefferies, Goldman Sachs, Deutsche Bank, and Mizuho downgraded targets to $180, $205, $220, and $250 respectively. However, Cowen, Wolfe Research, and Bank of America upgraded targets to $140, $185, and $155.

**Stock Performance:** Bullish. Tesla has rebounded 50% in the past week.

**Regulatory Investigation:** Bearish. SEC is investigating Tesla’s self-driving vehicle claims.

**Product Pricing:** Bearish. Tesla plans to cut prices.

**Ownership Increases:** Bullish. Multiple firms increased holdings significantly in Q3.

**Net Tilt:** Mixed, but slightly bearish due to multiple downgrades and regulatory scrutiny."
2023-01-29,20,"**Net Tilt: Bearish**

**Analyst Actions:** 
- **Bearish:** Truist Financial downgraded price target from $299 to $245; RBC downgraded from $225 to $186; Morgan Stanley from $250 to $220; Bank of America from $135 to $130.
- **Bullish:** Wedbush upgraded from $175 to $200; Citi from $137 to $146.

**Earnings & Revenue:**
- **Bearish:** Profit margin dropped; **Bullish:** Q4 revenue beat expectations at $24.32B vs. $24.26B.

**Ownership Changes:**
- **Bullish:** Multiple institutions increased stakes in Tesla.

**Other Signals:**
- **Bullish:** Increasing vehicle demand; Tesla ranked 4th globally in car unit sales in 2022.
- **Neutral:** Analysts expect EPS of 3.93 for FY2023; Q4 earnings call held."
2023-01-30,57,"**Analyst Actions:** Berenberg upgrades Tesla to Buy from Hold; Morgan Stanley cuts price target to $220 from $250; Citigroup raises price target to $146 from $137.

**Earnings:** Tesla’s Q4 profits beat expectations but EPS estimates for FY2024 were cut by Oppenheimer.

**Product & Pricing:** Tesla slashed prices for Model 3 and Y, indicating potential demand concerns.

**Facilities:** Shanghai plant closed; new factories ramping up.

**Ownership:** Multiple firms increased stakes in Tesla.

**Stock Performance:** Shares up significantly in recent months (77% in January, 63% in a month).

**Catalysts:** Battery fire incident; insider sale by SVP Andrew D. Baglino.

**Net Tilt:** Mixed signals with bullish analyst upgrades and strong earnings offset by bearish price cuts and facility closures. **HOLD** recommended pending further clarity."
2023-01-31,44,"**Analyst Actions:** Bullish; Berenberg upgraded TSLA to ""Buy"" from ""Hold,"" while Wells Fargo, Cowen, and Bank of America raised price targets to $150, $140, and $155 respectively.

**Earnings & Revenue:** Mixed; Q4 earnings showed a $140M Bitcoin net loss but unit sales and auto revenue were up year-over-year.

**Regulatory:** Bearish; DOJ is investigating Tesla’s self-driving technology.

**Supply & Production:** Bullish; Tesla is boosting output in Germany and increasing capital expenditures for future growth.

**Stock Performance:** Mixed; TSLA shares have seen significant volatility, rising 38% YTD but also experiencing sharp drops.

**Net Tilt:** Neutral with a slight bullish bias due to multiple upgrades and higher price targets despite regulatory concerns."
2023-02-01,40,"**Bullish Signals:**
- **Revenue Growth:** Tesla’s revenue growth in China and EV sales surged.
- **Earnings:** Q4 earnings rose 40%.
- **Output Plans:** Shanghai plant’s average weekly output to increase; overall production ramping up.
- **Investment:** Plans to invest in battery and car factory in Indonesia.
- **Facility Expansion:** New EV facility planned in Mexico.

**Bearish Signals:**
- **Price Target Downgrades:** Multiple downgrades from Truist, Deutsche Bank, Piper Sandler, and Mizuho.
- **Earnings Negative:** Revealed a loss of $204 million.
- **Product Delays:** Cybertruck delayed.
- **Regulatory Investigation:** DOJ investigating Autopilot.
- **Market Share Loss:** Declining EV market share in China.
- **Price Cuts:** 13 to 20% price cuts.

**Net Tilt:** Bearish due to multiple downgrades and negative earnings, despite positive production and revenue growth signals."
2023-02-02,26,"**Net Tilt: Mixed**

**Bullish Signals:**
- **Earnings Beat:** Tesla reported better-than-expected earnings.
- **Supply Increase:** Plans to hike output in Shanghai.
- **Cost Reduction:** Successfully cut costs.
- **Investment:** Invested $3.6 billion in Nevada Gigafactory.
- **Facility Expansion:** Building two new manufacturing facilities.
- **Ownership Increases:** Multiple firms increased holdings.

**Bearish Signals:**
- **Price Target Downgrade:** RBC downgraded price target to $186 from $225.
- **Insider Sell:** SVP Andrew D. Baglino sold shares.
- **Output Cut:** Reduced production at certain locations.
- **Price Cut:** Lowered Model Y Long Range price.

**Neutral Signals:**
- Stock gains and opinions on stock picks.
- Various ownership increases and stake acquisitions without significant impact.

**Net Tilt:** Mixed due to conflicting signals."
2023-02-03,40,"**Earnings & Revenue:** Bullish. Tesla reported stronger-than-expected Q4 earnings and saw significant revenue growth across multiple markets, including China and Germany.

**Analyst Actions:** Mixed. Morgan Stanley downgraded TSLA to $220, while Wedbush, Bank of America, and Cowen upgraded targets to $200, $155, and $140 respectively.

**Insider Activity:** Bearish. CEO Elon Musk and CFO Zachary Kirkhorn sold substantial shares recently.

**Supply & Pricing:** Bearish. Tesla slashed battery production and cut vehicle prices in Taiwan and globally.

**Ownership & Trading:** Bullish. Vanguard and other major investors increased holdings, while Tesla stock rallied despite some minor losses.

**Net Tilt:** Neutral to Slightly Bullish."
2023-02-04,33,"**Revenue Growth:** Bullish; Tesla reported Q4 revenue of $24.32 billion, up 37% YoY.

**Price Target Adjustments:** Bearish; Truist downgraded from $299 to $245, Piper Sandler from $340 to $300, JPMorgan from $125 to $120. Wells Fargo upgraded from $130 to $150.

**Legal Settlements:** Neutral; Tesla settled with SEC for $40M and paid $20M each to other parties.

**Product Pricing:** Mixed; Tesla raised prices on Model Y but also recently slashed prices, now priced at $54,990.

**Ownership Changes:** Mixed; Axs Investments, TD Asset Management, and Partners increased stakes, while another LLC reduced stake.

**Stock Performance:** Bullish; Tesla stock rose 1.6% in after-hours trading.

**Net Tilt:** Bearish due to multiple downgrades outweighing one upgrade and mixed pricing signals."
2023-02-05,15,"**Price Target Downgrades:** Jefferies downgraded TSLA’s price target to $180 from $350; RBC lowered it to $186 from $225; Deutsche Bank reduced it to $220 from $250. **Bullish:** Wolfe Research upgraded the price target to $185 from $160. **Net Tilt:** Bearish.

**Product Price Cuts:** Tesla slashed prices nearly 20%, with significant cuts in China and Europe. **Bearish.**

**Insider Sell:** SVP Andrew D. Baglino sold 10,500 shares. **Bearish.**

**Ownership Increases:** Multiple funds increased holdings, including Md, Hancock Whitney, Northern Trust, and another unnamed fund. **Bullish.**

**Stock Performance:** TSLA traded 4.7% higher. **Bullish.**

**Stake Acquisitions:** North Carolina purchased shares. **Bullish.**

**Net Tilt:** Mixed, but slightly **Bearish** due to multiple downgrades and price cuts outweighing positive ownership trends."
2023-02-06,28,"**Revenue & Guidance:** Bullish. Tesla sees over 900% sales growth and increased EV sales in January 2023, with German sales also rising.

**Analyst Actions:** Bullish. Berenberg Bank upgraded Tesla from ""hold"" to ""buy,"" while RBC Capital and Wedbush raised price targets to $223 and $225, respectively.

**Stock Performance:** Mixed. Tesla stock dropped over 60%, but rallied 54% and gained 0.50% in pre-market trading.

**Product Changes:** Bearish. Tesla lowered the price of the Model 3 sedan, though it also launched the Tesla Electric program and lifted Model Y prices.

**Ownership Changes:** Bullish. Multiple firms increased their stakes in Tesla, including Barclays PLC, which raised its stake by 358%.

**Catalysts:** Neutral. A shooting incident occurred at Tesla’s Texas Gigafactory, but no significant impact on operations was reported."
2023-02-07,20,"**Price Target Adjustments:** Bearish (Morgan Stanley downgraded from $250 to $220); Bullish (Royal Bank of Canada upgraded from $186 to $223, Cowen from $122 to $140, Citigroup from $137 to $146, and Wedbush to $225).

**Analyst Ratings:** Bearish (Oppenheimer cut from Outperform to Market Perform).

**Stock Performance:** Bullish (up 54% YTD, can rise further).

**Product Pricing:** Mixed (Tesla raised prices but also cut them in certain markets).

**Market Expansion:** Bullish (Tesla entering UK insurance market).

**Insider Activity:** Bearish (CFO Zachary Kirkhorn sold shares).

**Earnings Guidance:** Bearish (adjusted profit expected to fall 2% to $3.97).

**Net Tilt:** Mixed, with some bullish signals (price upgrades, stock performance, market entry) and bearish signals (downgrades, insider sell, earnings miss)."
2023-02-08,23,"**Price Target Adjustments:** Bullish (BofA, Wedbush upgraded targets to $155 and $225 respectively); Bearish (Truist downgraded to $245, JPMorgan to $120).

**Export Growth:** Bullish (January exports up 183% vs. December).

**Stock Performance:** Mixed (soared 40% YTD but down 0.7% today, crash concerns).

**Insider Activity:** Bearish (SVP Andrew D. Baglino sold 10,500 shares).

**Ownership Changes:** Bullish (multiple firms increased holdings).

**Earnings Estimates:** Neutral (analysts expect EPS of 3.57 for FY).

**Net Tilt:** Mixed signals with slight bullish bias due to export growth and ownership increases."
2023-02-09,18,"**Earnings & Financials:** Bullish. Tesla reported 2022 EPS of $4.07, beating expectations. CFRA upgraded Tesla’s price target to $250 from $200.

**Stock Performance:** Bullish. Tesla stock surged over 65%, with some analysts predicting it could double from current levels.

**Product & Market:** Mixed. Tesla launched a new car model but also cut prices on the Model Y Long Range, indicating potential pressure on margins. Market share fell slightly.

**Regulatory:** Bullish. Tesla’s Autopilot received clearance from the NTSB.

**Net Tilt:** Bullish. Despite mixed signals, the strong financial performance and regulatory approval outweigh the market share loss and price cuts."
2023-02-10,18,"**Supply Guidance Increase:** Bullish. Tesla plans to step up output, indicating positive production outlook.

**Executive Appointments:** Bullish. Tesla hires new General Counsel Brandon Ehrhart, signaling management strength.

**Stock Movement:** Mixed. Stock rallied 68% but fell slightly post-market, ending with a 5% drop.

**Product Pricing:** Mixed. Prices increased for Model Y in China, but earlier in the year, prices were cut.

**Facility Openings:** Bullish. Tesla to open a full-service store, expanding retail presence. 

**Net Tilt:** Net bullish due to production boost and executive appointments, despite recent stock volatility and mixed pricing signals."
2023-02-11,3,Tesla (TSLA) saw mixed signals today. Bullish: Stock price increased 100% from January. Bearish: Slumped 65% in 2022; fell 5% on Friday. **Net Tilt:** Bearish due to recent decline and broader year-to-date context.
2023-02-12,11,"**Price Target Adjustments:** RBC upgraded Tesla’s target from $186 to $223 (Bullish). JPMorgan downgraded from $125 to $120 (Bearish).

**Revenue Trends:** Year-over-year sales volume improved (Bullish).

**Product Pricing:** Multiple price hikes for Model 3 (Bullish).

**Ownership Changes:** NY State Teachers Retirement System, West Oak Capital, and Llc increased stakes (Bullish). PGGM Investments also bought shares (Bullish).

**Earnings Estimate:** Analysts predict EPS of $3.52 for the current year (Neutral).

**Net Tilt:** Bullish, with multiple upgrades and increased ownership offsetting the JPM downgrade.

Conflicting signals exist but overall tilt is Bullish."
2023-02-13,14,"**Revenue & Pricing:** Bullish. Tesla reported a sales spike and increased prices for its Model Y in both Australia and China.

**Product Launches:** Bullish. Preparing to launch new Autopilot hardware and Model Y in Australia.

**Ownership Changes:** Bullish. Vanguard, De, and Soros all increased their stakes in Tesla.

**Stock Performance:** Bearish. Tesla stock opened at $196.89 on Monday.

**Net Tilt:** Bullish. Positive signals from product launches and ownership increases outweigh the bearish stock performance."
2023-02-14,17,"**Analyst Ratings:** Barclays initiated Tesla with an Overweight rating, bullish.

**Stock Performance:** Shares lost 65% but remain up 91% since January 6, mixed.

**Government & Regulatory:** Delivered models to Thailand, Hardware 4 Autopilot approved in Europe, bullish. Filed for regulatory approval in China, neutral.

**Legal:** Musk & Tesla won a rare securities class action lawsuit, bullish.

**Product:** Cybertruck launch delayed to next year, bearish. Model Y price increased, bearish.

**Operations:** Laid off hundreds of workers, bearish. Delivered first Model 3 and Model Y in Thailand, bullish.

**Net Tilt:** Mixed signals, but overall slightly bullish due to analyst upgrades, legal win, and product approvals."
2023-02-15,25,"**Revenue & Profit Growth:** Bullish. Tesla’s revenue surged 912.2% YoY in January, and net profit hit $12.6B in 2022.

**Analyst Sentiment:** Bullish. Barclays initiated coverage with an Overweight rating.

**Stock Performance:** Mixed. Tesla stock gained significantly (76% YTD, 70% recently), but also saw a slump.

**Supply/Capacity:** Bearish. Tesla halted production at its Shanghai plant and may pause Model 3 production there.

**Government Support:** Bullish. Biden administration struck an EV deal with Tesla and expanded partnerships.

**Charging Infrastructure:** Bullish. Tesla plans to open 7,500 charging stations accessible to all EVs.

**Net Tilt:** Bullish, despite production halts, due to strong financials, analyst upgrades, and government support."
2023-02-16,58,"**Product Recall:** Bearish. Tesla recalled 362,758 vehicles due to Full Self-Driving issues, impacting brand trust and potentially increasing costs.

**Legal Issues:** Bearish. A California judge found Tesla guilty, adding legal risks and potential financial penalties.

**Layoffs:** Bearish. Tesla fired dozens of employees across multiple locations, signaling cost-cutting but raising concerns about operational stability.

**Stock Performance:** Bearish. Shares fell 1.6% to $210.74 amid negative news.

**Conflicting Signals:** Positive signals include a stock surge mentioned but no details provided, and a partnership tweet. However, net tilt remains bearish due to overwhelming negative catalysts."
2023-02-17,28,"**Product Recalls:** Bearish. Tesla recalling over 360,000 cars in the US and 20,000 in Canada due to FSD software issues.

**Acquisition Interest:** Bullish. Tesla considering a takeover of Sigma Lithium to secure lithium resources.

**Legal Issues:** Bearish. Investors are suing Tesla.

**Layoffs:** Bearish. Tesla laid off 4% of its workforce.

**Supply Decrease:** Bearish. Model 3 production slowing ahead of an unspecified event.

**Regulatory Investigation:** Bearish. NHTSA investigating Tesla.

**Price Adjustments:** Mixed. Prices raised for some Model Y variants but cut for rear-wheel drive models.

**Product Enhancements:** Bullish. Upgrades planned for Model 3 and driver assist software.

**Market Entry:** Bullish. Tesla expanding into Mexico.

**Awards:** Bullish. Tesla Model Y won the What Car? 2023 Car of the Year Safety Award.

**Stock Performance:** Mixed. Shares turned negative but closed up 0.6% in extended trading."
2023-02-18,8,"**Product Recall:** Bearish. FSD software recalled due to crash concerns.

**Price Target Upgrade:** Bullish. Wedbush upgraded Tesla’s target price from $200.00 to $225.00.

**Revenue Growth:** Bullish. Tesla reported increased sales.

**Acquisition Interest:** Bullish. Tesla exploring purchase of Sigma Lithium for $3B and considering takeover of battery-metals miner Sigma.

**Product Release:** Bullish. Teslas arrived in Australia in 2023.

**Ownership Increase:** Bullish. LLC increased Tesla holdings by 48.8%.

**Stock Performance:** Mixed. Shares opened at $208.31, showing slight gain but conflicting with recall news. **Net Tilt:** Bullish."
2023-02-19,8,"**Price Target Adjustments:** RBC upgraded Tesla’s target price from $186.00 to $223.00 (Bullish). JPMorgan downgraded Tesla’s target price from $125.00 to $120.00 (Bearish).

**Ownership Changes:** Multiple institutions increased stakes: Ltd by 200%, Hancock Whitney Corp by 234.4%, and Brown Advisory Inc acquired 20,000 shares (Bullish).

**Earnings Estimate:** Analysts predict EPS of $3.43 for FY2023 (Neutral).

**Net Tilt:** Bullish due to multiple ownership increases outweighing the JPM downgrade.

**Stock Price:** Opened at $208.31 (Neutral)."
2023-02-20,12,"**Acquisitions & Deals:** Bullish. Tesla is considering acquisitions (Sigma) and has signed offtake agreements with Magnis and Vale S.A., indicating strategic growth (Direction: Bullish).

**Product Recalls:** Bearish. Tesla recalled 20,000 cars in Canada and cut prices on adapters, signaling quality concerns (Direction: Bearish).

**Stock Performance:** Bullish. Shares closed 3.1% higher at $208.31, suggesting positive market sentiment (Direction: Bullish).

**Net Tilt:** Mixed signals from acquisitions/deals vs. product recalls, but overall stock performance leans bullish."
2023-02-21,22,"**Acquisition and Supply:** Bullish - Tesla is considering acquiring Sigma Lithium and has paused some output, indicating strategic moves to manage supply.

**Product Recalls:** Bearish - Over 362,000 Teslas were recalled, potentially impacting brand trust and costs.

**Stock Performance:** Bearish - Tesla’s stock declined 48% in Q4, fell 2.7% to $202.66, and dropped 5%, signaling investor concerns.

**Regulatory Issues:** Bearish - NHTSA is investigating Autopilot crashes, posing regulatory risks.

**Price Adjustments:** Mixed - Tesla increased prices in China but cut the Model Y price, reflecting market-specific strategies.

**Business Contracts:** Bullish - Multiple deals with Magnis Energy for battery components suggest supply chain stability.

NET TILT: Bearish"
2023-02-22,13,"**Product Recall:** Bearish. Tesla recalled nearly 363,000 Model S vehicles.

**Regulatory Investigation:** Bearish. Tesla is under investigation by regulators.

**Stock Performance:** Bearish. Tesla stock fell alongside Microsoft.

**Market Expansion & Facility Openings:** Bullish. Tesla returns to California with a new engineering HQ in Silicon Valley instead of Texas, and plans to open a flagship store in Franklin.

**Partnerships & Contracts:** Neutral. Tesla partners with unnamed entity and has previous deals with Australian companies BHP and Syrah Resources.

**Headquarters Change:** Neutral. Tesla moved its headquarters from Palo Alto to Austin in October 2021.

**Price Update:** Neutral. Tesla Model 3 starts at $41,600. 

**Net Tilt:** Bearish."
2023-02-23,15,"**Price Target Adjustments:** Deutsche Bank upgraded Tesla’s price target to $250 from $220 (bullish). JPMorgan downgraded Tesla’s price target to $120 from $125 (bearish). **Net Tilt:** Mixed.

**Acquisition and Facility Openings:** Tesla acquired a former HP building (neutral) and is opening a new global engineering HQ in Palo Alto (bullish).

**Insider Activity:** CFO Zachary Kirkhorn sold 3,750 shares (bearish). Management increased ownership by 230.3% in Q3 (bullish). **Net Tilt:** Neutral.

**Stock Performance:** Tesla shares rose 1.8% (bullish). Rival Lucid saw a 15% drop (neutral).

**Earnings Estimate:** Analysts predict EPS of $3.43 for the current year (neutral).

**Net Tilt:** Slightly Bullish."
2023-02-24,9,"**Price Target Upgrade:** Wells Fargo upgraded Tesla’s price target to $190 from $150, bullish.

**Product Recall:** Tesla recalled full self-driving cars, bearish.

**Supply Increase:** Elon Musk tweeted about ramping production, bullish.

**Facility Openings:** Tesla opened a new factory in Mexico and a global engineering headquarters in Palo Alto, CA, both bullish.

**Stock Performance:** Tesla stock gained 26.1% but is expected to lose 2% tomorrow, mixed signals.

**Net Tilt:** Mixed signals with slight net bullish tilt due to production ramp-up and facility openings outweighing the recall."
2023-02-25,4,"**Cost Reduction Efforts:** Bullish - Tesla aims to reduce expenses, potentially boosting profitability.

**Supply Constraints:** Bearish - Tesla cuts battery production at its German plant, indicating supply issues.

**Headquarters Shift:** Neutral - Tesla’s engineering HQ is moving back to California from Texas, with limited direct impact on operations.

**Stock Pick Mention:** Neutral - General mention in ""stocks to watch"" list, no specific trading signal provided.

**Net Tilt:** Mixed signals; cost reduction positive, supply cut negative."
2023-02-26,3,"**Price Target Upgrade:** Wells Fargo upgraded Tesla’s target price from $150.00 to $190.00, indicating **bullish** sentiment.

**Ownership Increase:** Llc increased its holdings in Tesla by 1.4%, signaling **bullish** investor confidence.

**Stock Performance:** Tesla shares opened at $196.88 on Friday, showing **bearish** pressure relative to the new target price.

**Net Tilt:** Mixed signals with one strong bullish indicator (target price upgrade) and two bearish indicators (ownership increase contextually neutral, stock open below new target). **NET TILT: SLIGHTLY BEARISH**."
2023-02-27,27,"**Earnings:** Missed Q4 EPS estimates (bearish).

**Stock Performance:** Mixed signals; surged 100% overall but also saw significant drops (conflicting signals).

**Product Updates:** Cybertruck set for Q2 2023 release (bullish); FSD Beta rollout paused (bearish).

**Legal Issues:** Multiple class action and shareholder suits filed (bearish).

**Supply & Operations:** Halted some China production (bearish); doubled Model Y output in US (bullish); expanding manufacturing in Nevada (bullish).

**Net Tilt:** Bearish due to earnings miss, legal issues, and production halts, despite positive product and expansion news."
2023-02-28,31,"**Net Tilt: Neutral-Bullish**

**Revenue & Volume (Bearish):** Tesla's China sales slowed, indicating weaker demand.

**Stock Performance (Bullish):** Shares have risen nearly 90% YTD, gaining 1.5% recently despite last week’s 5.5% drop.

**Product & Regulatory (Mixed):** Full Self-Driving rollout paused, but Mexico approved Tesla’s new plant and signed a $2.9B battery materials deal with South Korea’s L&F.

**Insider Actions (Bearish):** Elon Musk sold several billion dollars of Tesla shares.

**Supply & Demand (Bullish):** Musk aims to increase production and exports, with growing EV demand.

**Legal Issues (Bearish):** Facing class action and dueling lawsuits."
2023-03-01,28,"**Revenue & Guidance:** Bullish. Tesla beat revenue expectations and aims to reduce costs and expenses, including cutting assembly costs by 50%.

**Product Launches:** Bullish. Model Y and Cybertruck launches planned for this year.

**Regulatory & Investment:** Mixed. South Korea fined Tesla $2.2M but Malaysia approved Tesla’s battery imports. Tesla investing in Mexico ($5B) and a lithium plant ($365M).

**Stock Performance:** Bearish. Post-earnings, Tesla shares initially rose 92%, then fell 3% in after-hours trading.

**Facility Expansion:** Bullish. Plans to open offices and charging stations in Malaysia, and a new factory in Mexico."
2023-03-02,47,"**Revenue & Guidance:** Bearish. CFO Zach Kirkhorn vowed to cut production despite Tesla aiming to boost sales but not providing explicit guidance. (Evidence: [supply-guidance-decrease], [earnings-guidance-suspended])

**Stock Performance:** Bearish. Tesla stock fell sharply, closing at $202.77, with multiple reports of declines post-market and during the day. (Evidence: [stock-loss] x10)

**Product & Supply:** Mixed. Tesla unveiled new vehicles and prototypes, including Cybertruck, while planning to ramp up output and build new facilities in Mexico. However, it recalled 360,000 cars due to risks. (Evidence: [product-recall], [supply-increase] x2, [product-release] x3, [facility-open] x3)

**Cost Management:** Bullish. Tesla vows to cut production costs by half and is actively reducing expenses. (Evidence: [expenses-down] x3)

**Analyst Ratings:** Neutral. Deutsche Bank maintained a Buy rating, while JPMorgan reiterated an Underweight stance. (Evidence: [analyst-ratings-change-neutral] x2)

**Net Tilt:** Bearish."
2023-03-03,28,"**Price Target Upgrades:** Wells Fargo raised target from $150 to $190; Daiwa increased from $200 to $218 (Bullish).

**Price Cuts:** Tesla slashed prices by up to 20% in multiple markets (Bearish).

**Sales Growth:** February China sales grew 31-32% YoY (Bullish).

**Stock Performance:** Year-to-date gain of 76.6%; recent gains but also drops (Mixed).

**Analyst Actions:** Wells Fargo and Daiwa positive; KGI downgraded to Neutral (Mixed).

**Market Trends:** Chinese market share fell; export ambitions increased (Mixed).

**Other:** Insider sale by SVP; subscription service launched (Neutral/Bearish).

**Net Tilt:** Mixed signals with some bullish upgrades and strong sales growth offset by price cuts and market share loss."
2023-03-04,10,"**Royal Bank of Canada upgraded Tesla’s price target to $223.00 from $186.00 (Bullish)**. **KGI Securities downgraded Tesla from “outperform” to “neutral” (Bearish)**. **Wedbush reaffirmed “outperform” with a $225.00 target (Bullish)**. **Tesla recalled 3,470 Model Y units and previously recalled 362,758 vehicles (Bearish)**. **Tesla plans a $10 billion investment in a Mexico plant (Neutral/Bullish)**. **Analysts predict EPS of 3.43 for the current year (Neutral)**. **Stock gained 3.61% (Bullish)**. **Net tilt: Mixed, but slightly Bullish due to upgrades and positive stock movement**."
2023-03-05,3,"**Analyst Action:** Edward Jones upgraded Tesla from Hold to Buy with a new price target of $94, indicating **bullish** sentiment based on potential upside.

**Product Recalls:** Tesla recalled 3,470 Model Y vehicles in the U.S., and thousands more globally, signaling **bearish** sentiment due to quality concerns.

**Net Tilt:** Conflicting signals; overall slightly **bearish** due to recall risks outweighing the analyst upgrade."
2023-03-06,76,"**Analyst Actions:** Bullish (Berenberg upgraded to Buy); Bearish (Oppenheimer downgraded to Market Perform, KGI Securities to Neutral, Jefferies downgraded target from $350 to $180, JPMorgan downgraded from $125 to $120).

**Price Targets:** Mixed (Jefferies raised from $180 to $230, Cowen from $122 to $140; Jefferies previously downgraded from $350 to $180).

**Financials:** Bullish (Q4 EPS beat, revenue growth forecasted, cost-cutting initiatives announced).

**Product:** Bearish (Multiple price cuts across Model S, Model X, Model Y; recall for Model Y); Bullish (Cybertruck debut, Highland Model 3 release planned, production increase).

**Net Tilt:** Mixed, with significant analyst disagreement."
2023-03-07,29,"**Revenue Growth:** Bullish. Tesla sales up 90%, China sales rose 36%, and Model Y sales surged in Germany.

**Price Target Downgrades:** Bearish. Truist downgraded target from $299 to $245; Deutsche Bank from $250 to $220.

**Demand Increase:** Bullish. Increased demand noted for Tesla EVs.

**Insider Sales:** Bearish. SVP Andrew Baglino and CFO Zachary Kirkhorn sold shares.

**Price Cuts:** Bearish. Tesla slashed EV prices in China.

**Stock Movement:** Mixed. Stock headed upward but also dropped after news.

**Net Tilt:** Neutral to Slightly Bearish. Revenue growth and demand increase are positive, but price target downgrades and insider sales are negative. Price cuts could impact margins."
2023-03-08,48,"**Net Tilt: Bearish**

**Analyst Actions:**
- **Bearish:** Morgan Stanley downgraded price target from $250 to $220.
- **Bullish:** Wells Fargo upgraded price target from $150 to $190; Wolfe Research from $160 to $185.
- **Neutral:** Berenberg downgraded rating from Buy to Hold but raised price target.

**Regulatory & Legal:**
- **Bearish:** Multiple federal investigations into Tesla’s vehicles and Autopilot system.
- **Bearish:** Recalls of nearly 363,000 U.S. vehicles and 3,470 Model Y units.

**Stock Performance:**
- **Bearish:** Stock fell 10.2% since March 1, with ongoing declines.

**Product & Supply:**
- **Bullish:** Full Self-Driving rollout began.
- **Bullish:** Production ramp-up and hiring.

**Insider Trading:**
- **Bearish:** CFO Zachary Kirkhorn and SVP Andrew D. Baglino sold shares.

**Patents:**
- **Bullish:** Received Cybertruck patent.

**Net Tilt:** Conflicting signals, but regulatory issues and recalls outweigh positive developments."
2023-03-09,26,"**Analyst Actions:** Guggenheim downgraded Tesla to Sell; Berenberg downgraded from Buy to Hold. Cowen upgraded price target to $140 from $122. **Regulatory Issues:** NHTSA investigating steering wheels; regulator probing fatal crash. **Product Releases:** FSD beta program, new Ultra Red paint, Cybertruck production ramping up. **Insider Activity:** Elon Musk sold 3.2M shares. **Legal Issues:** Investors seek new trial over past lawsuit. **Supply Changes:** Cybertruck production increasing. **Ownership Changes:** Multiple firms increased holdings. **Stock Performance:** Shares down 3.3% in morning trade, last at $180.54. **Net Tilt:** Bearish due to multiple downgrades and regulatory/legal issues, offset slightly by product launches and ownership increases."
2023-03-10,12,"**Price Target Upgrades:** Jefferies raised target from $180 to $230; Bank of America from $130 to $155; Citigroup from $137 to $146 (Bullish).

**Product Release & Price Cut:** Revealed Model S; slashed prices (Mixed).

**Insider Sell:** CAO Vaibhav Taneja sold 2,466 shares (Bearish).

**Ownership Increases:** Inc. and Bank of New York Mellon increased holdings (Bullish).

**Analyst Downgrade:** KGI Securities downgraded from ""outperform"" to ""neutral"" (Bearish).

**Stock Performance:** Fell 3.8% mid-day (Bearish).

**Net Tilt:** Mixed signals with slight net bullish bias due to multiple upgrades and ownership increases."
2023-03-11,3,"**Product Release:** Bullish. Tesla officially launched Powerwall Direct and confirmed the Q1 2023 release of Powerwall, expanding its energy storage solutions. **Price Update:** Neutral. The new Powerwall starts at $9,200, providing clarity on pricing but no immediate signal on demand or margins."
2023-03-13,15,"**Product Recalls:** Bearish. Tesla issued vehicle recalls.

**Analyst Downgrades:** Bearish. Wolfe Research downgraded Tesla from Outperform to Peer Perform.

**Analyst Bullishness:** Mixed. Morgan Stanley remains bullish on Tesla.

**Product Launch:** Bullish. Tesla relaunched its Powerwall residential battery.

**Business Contracts:** Neutral. Tesla has a contract with BYD for car batteries.

**Ownership Increases:** Bullish. Mirae Asset Global Investments increased holdings by 19.7%, and Neuberger Berman purchased additional shares.

**Price Targets:** Neutral. Analysts set an average price target of $214.65.

**Earnings Estimate:** Neutral. Analysts expect EPS of 3.43 for the current year.

**Net Tilt:** Net bearish due to product recalls and analyst downgrades outweighing positive signals."
2023-03-14,12,"**Analyst Actions:** Bearish; Morgan Stanley downgraded Tesla’s price target to $220 from $250. Bullish; Royal Bank of Canada upgraded Tesla’s price target to $223 from $186. Wolfe Research downgraded Tesla to “Peer Perform” from “Outperform.”

**Legal & Business:** Bullish; Tesla won a defamation lawsuit against a Chinese entity. Bearish; Tesla is ending its battery supply cooperation with BYD.

**Ownership Changes:** Bullish; LLC increased Tesla holdings by 201.6%, and Ark Investment and First Business Financial Services purchased shares.

**Market Performance:** Bullish; Tesla stock gained over 5% on Tuesday."
2023-03-15,19,"**Price Target Adjustments:** Bullish (Jefferies upgraded to $230, Wells Fargo to $190); Bearish (Piper Sandler downgraded to $300, Deutsche Bank to $220).

**Revenue Growth:** Bullish (Tesla sales growth).

**Legal Issues:** Bearish (multiple lawsuits against Tesla).

**Insider Activity:** Bearish (CAO Vaibhav Taneja sold shares).

**Regulatory Investigation:** Bearish (DOJ investigating Tesla).

**Market Entry:** Bullish (Tesla entering energy market).

**Ownership Changes:** Mixed (Vanguard increased holdings, but some shareholders sold).

**Stock Performance:** Bearish (shares tumbled 15%).

**Analyst Ratings:** Bearish (KGI Securities downgraded to neutral).

**Competition:** Bearish (increased competition).

**Net Tilt:** Bearish."
2023-03-16,18,"**Net Tilt: Bearish**

**Price Target & Guidance:**
- **Bullish:** Bank of America upgraded Tesla’s target price to $155 from $130.
- **Bearish:** Tesla faces new legal issues and insider sales by CFO Zachary Kirkhorn (10,455 shares) and SVP Andrew D. Baglino (1,298 shares).

**Production & Facilities:**
- **Bullish:** Plans to double production in Germany and build a new factory in Mexico.
- **Neutral:** No significant earnings surprise; EPS estimate unchanged at $3.43.

**Ownership Changes:**
- **Bullish:** Multiple firms increased holdings (Geode Capital, Jennison Associates).
- **Bearish:** Insider sales and stock trading down 1.5%.

**Analyst Ratings:**
- **Bullish:** Wedbush reaffirmed “outperform” with a $225 price target.
- **Neutral:** StockNews.com maintained a “hold” rating.

**Summary:** Conflicting signals but net tilt is bearish due to legal issues and insider selling."
2023-03-17,5,"**Ownership Changes:** Bullish. Partners increased holdings in Tesla by 200.0%, while Optimum Investment Advisors sold 200 shares. Ep Wealth Advisors and Fulton Bank N.A. acquired significant stakes, with Ep buying 22,815 shares.

**Facility Expansion:** Bullish. Tesla announced plans to expand its Berlin Gigafactory.

**Net Tilt:** Bullish. Multiple acquisitions and a substantial increase in holdings outweigh the small sale."
2023-03-18,3,"**Analyst Ratings:** Berenberg Bank downgraded Tesla from ""buy"" to ""hold,"" bearish.

**Supply Guidance:** Tesla plans to boost production at Giga Berlin, bullish.

**Stake Movements:** Cambridge Trust Co. purchased additional shares, neutral to slightly bullish. 

**Net Tilt:** Mixed signals; supply boost is positive but analyst downgrade is negative."
2023-03-19,16,"**Price Target Upgrades:** Jefferies raised PT from $180 to $230; RBC from $186 to $223; Citigroup from $137 to $146 (Bullish).

**Rating Downgrade:** KGI Securities downgraded Tesla from ""Outperform"" to ""Neutral"" (Bearish).

**Product Rollout:** Tesla gradually rolling out Full Self-Driving (FSD) capability (Bullish).

**Insider Sales:** CFO Zachary Kirkhorn and SVP Andrew Baglino sold shares (Bearish).

**Sales and Exports:** Tesla increased retail EV sales and exports in February (Bullish).

**Holding Changes:** MidwestOne Financial, LLC, and Bank increased holdings; another LLC and management decreased holdings (Mixed).

**EPS Estimate:** Analysts predict FY EPS of $3.43 (Neutral).

**Net Tilt:** Mixed signals with slight Bullish bias due to multiple upgrades and product rollout vs. insider sales and mixed holding trends."
2023-03-20,12,"**Price Target Upgrade:** Wells Fargo upgraded Tesla’s target price from $150.00 to $190.00 (Bullish).

**Analyst Downgrade:** Wolfe Research downgraded Tesla from “Outperform” to “Peer Perform” (Bearish).

**Insider Sell:** Tesla CAO Vaibhav Taneja sold 2,466 shares (Bearish).

**Stock Performance:** TSLA opened at $180.13 (Neutral).

**Ownership Increase:** Multiple firms increased holdings in Tesla (Bullish).

**Credit Rating:** Moody’s assigned Tesla a Baa3 issuer rating (Neutral).

**Revenue Guidance:** Tesla expects to deliver nearly 1.8 million vehicles in 2023 (Bullish).

**Product Development:** Tesla rolled out ‘Full Self-Driving’ beta (Bullish).

**Net Tilt:** Mixed signals with some bullish and bearish indicators."
2023-03-21,27,"**Revenue & Sales Growth:** Bullish. Tesla reported record Q4 sales and saw European sales surge, indicating strong demand.

**Credit Rating:** Mixed. Moody’s initially withdrew Tesla’s Ba1 rating but then upgraded it to Baa3 with a stable outlook, reflecting improved financial health.

**Product Updates:** Bullish. Tesla launched Full Self-Driving Beta v11 in North America and announced plans for significant enhancements to the Tesla Semi.

**Stock Performance:** Bullish. Shares gained significantly, rising over 8% in pre-market trading, driven by positive earnings and product news.

**Cost Reduction & Guidance:** Bullish. Tesla aims to reduce costs, improving profitability.

**Analyst Actions:** Neutral. Wedbush maintained an “outperform” rating with a $225 price target.

**Ownership Changes:** Bearish. While one investor increased holdings, another reduced stake by 7.7%.

**Net Tilt:** Bullish. Positive revenue growth, credit upgrades, and strong stock performance outweigh minor bearish signals."
2023-03-22,9,"**Analyst Actions:** Deutsche Bank downgraded Tesla’s price target to $220 from $250; Piper Sandler lowered target to $300 from $340; Jefferies upgraded target to $230 from $180. **Insider Activity:** SVP Andrew D. Baglino sold 1,298 shares. **Ownership Changes:** Vanguard Group increased holdings by 212.2%, Geode Capital by 3.4%; First Hawaiian Bank reduced stake by 22.5%. **Earnings Estimate:** Consensus EPS for FY23 is $3.43. **Net Tilt:** Bearish due to multiple downgrades outweighing one upgrade and insider sell."
2023-03-23,28,"**Net Direction: Bearish**

**Analyst Actions & Price Targets:**
- **Bearish:** Truist downgraded price target from $299 to $245.
- **Bullish:** Cowen upgraded target from $122 to $140; Citigroup from $137 to $146.

**Earnings & Revenue:**
- **Bearish:** Zacks cut earnings estimates; revenue growth at 34% but mixed signals.

**Product & Operations:**
- **Bearish:** Product recalls, price cuts, regulatory investigation.
- **Bullish:** New self-driving tech launch.

**Ownership Changes:**
- **Mixed:** Multiple increases (Jennison, Midwestone) vs. decreases (Capital Advisors).

**Stock Performance:**
- **Mixed:** Gained 2.1% Thursday morning but lost 3.3% overall.

**Net Tilt:** Bearish due to multiple downgrades and operational issues outweighing positive launches."
2023-03-24,10,"**Product & Recall:** Negative review of Polestar 2 as ""Tesla Goon"" (Bearish). Model S recall in China (Bearish).

**Earnings & Estimates:** Q1 2024 EPS estimates downgraded (Bearish).

**Cybersecurity:** Hacked (Bearish).

**Product Launch:** $300 USD Cybertruck unveiled (Bullish).

**Legal Issues:** Under investigation (Bearish).

**Ownership Changes:** Alpha Paradigm buys stake (Bullish); Ark Investment sells shares (Bearish).

**Analyst Actions:** UBS maintains ""Buy"" rating (Neutral).

**Net Tilt:** Bearish due to multiple negative signals outweighing positive ones."
2023-03-25,6,"**Analyst Actions:** Deutsche Bank downgraded Tesla’s target price to $220.00 from $250.00 (Bearish). Royal Bank of Canada upgraded Tesla’s target price to $223.00 from $186.00 (Bullish). Wedbush reaffirmed “outperform” with a $225.00 target price (Neutral). **Ownership Changes:** Nc increased holdings by 3.6% in Q4 (Bullish). Another firm boosted its stake by 196.4% in Q3 (Bullish). Overall, mixed signals with slight net bullish tilt due to ownership increases and one positive price target adjustment."
2023-03-26,14,"**Price Target Upgrades:** Wells Fargo upgraded Tesla’s target from $150 to $190; Jefferies increased from $180 to $230 (Bullish).

**Supply Increase:** Tesla aggressively increasing production (Bullish).

**Product Price Cuts:** Tesla lowered prices across all models (Bearish).

**Facility Expansion:** Announced opening of a fifth factory in Mexico (Bullish).

**Insider Sell:** CAO Vaibhav Taneja sold 2,466 shares (Bearish).

**Ownership Increases:** Multiple firms increased holdings/stakes in Tesla (Bullish).

**Earnings Estimate:** Analysts predict EPS of 3.43 for FY (Neutral).

**Net Tilt:** Mixed signals, but net slightly bullish due to production increases and multiple upgrades."
2023-03-27,21,"**Price Target Adjustments:** Citi upgraded Tesla’s price target to $192 from $146 (Bullish). Morgan Stanley downgraded it to $220 from $250 (Bearish).

**Earnings Performance:** Q4 earnings beat expectations significantly (Bullish).

**Analyst Ratings:** Wolfe Research downgraded Tesla from “Outperform” to “Peer Perform” (Bearish). Barclays maintained an “Overweight” rating (Neutral).

**Product Launch:** Tesla unveiled a Cybertruck-inspired wireless charging platform (Bullish).

**Insider Activity:** CFO Zachary Kirkhorn and SVP Andrew Baglino sold shares (Bearish).

**Ownership Changes:** Vanguard and MidwestOne Financial increased holdings (Bullish). NA sold shares (Bearish).

**Net Tilt:** Mixed signals with slight net bullish bias."
2023-03-28,21,"**Analyst Actions:** Guggenheim downgraded Tesla to Sell, Deutsche Bank lowered target price to $220 from $250, Oppenheimer cut to Market Perform. Barclays upgraded to Overweight, Citigroup raised target to $192. **Net Tilt:** Bearish.

**Legal & Regulatory:** Tesla facing new trials for race bias and hit by multiple investigations including one by NHTSA over Model X safety. **Net Tilt:** Bearish.

**Product & Supply:** Model 3 launch in Turkey, production ramp up. **Net Tilt:** Bullish.

**Price Adjustments:** Price cuts led to EPS and revenue estimates being lowered. **Net Tilt:** Bearish.

**Ownership Changes:** Geode Capital increased holdings. **Net Tilt:** Neutral.

**Stock Price:** Closed at $191.81. **Net Tilt:** Neutral.

**Net Overall Tilt:** Bearish."
2023-03-29,20,"**Revenue & Sales:** Mixed signals. Tesla saw strong sales in Germany and Norway but weak March unit sales (5,639 Model Y, 5,993 total), indicating potential demand softness (bearish).

**Product:** New Model X release (bullish), but price cuts in China, Asia, and US (bearish), and a major vehicle recall (bearish).

**Legal & Ownership:** Facing lawsuit (bearish), but significant ownership increases by institutional investors (bullish).

**Analyst Views:** Baird maintains ""Outperform"" rating (neutral).

**Net Tilt:** Bearish due to multiple negative signals outweighing positive ones."
2023-03-30,15,"**Price Target Upgrades:** Citigroup, Jefferies, Wells Fargo, Bank of America, and Cowen all upgraded Tesla’s price targets, indicating bullish sentiment. Citigroup raised from $146.00 to $192.00, Jefferies from $180.00 to $230.00, Wells Fargo from $150.00 to $190.00, Bank of America from $130.00 to $155.00, and Cowen from $122.00 to $140.00.

**Earnings Estimate Downgrade:** Deutsche Bank downgraded Tesla’s Q1 delivery estimates, signaling bearishness.

**Product Recalls:** Tesla recalled 2,649 Model S vehicles in China and 362,758 Model S and Model X vehicles due to security issues, negatively impacting sentiment.

**Stock Performance:** Tesla stock gained 57% in 2023 and edged up 0.7% on Thursday, with a current price of $193.88.

**Product Launch:** Tesla launched the Cybertruck, a positive catalyst.

**Price Cuts:** Model Y prices were cut in China and the U.S., potentially boosting demand but pressuring margins.

**Net Tilt:** Mixed signals; upgrades and stock gains are bullish, while recalls and price cuts are bear"
2023-03-31,28,"**Analyst Actions:** CFRA upgraded Tesla from Buy to Strong Buy (Bullish). Morgan Stanley downgraded Tesla’s price target from $250 to $220 (Bearish).

**Product Recalls:** Tesla recalled 35 Semi trucks due to a brake defect (Bearish).

**Market Trends:** Tesla is losing market share in China but experiencing surging demand elsewhere (Mixed).

**Legal Issues:** Tesla faced a new lawsuit in California and race bias claims (Bearish).

**Insider Activity:** CFO Zachary Kirkhorn and SVP Andrew D. Baglino sold shares (Bearish).

**Supply & Demand:** Tesla is likely to continue ramping production (Bullish). Price cuts in early Q1 (Bearish).

**Ownership Changes:** Vanguard increased holdings by 212.2%, while another firm reduced position (Mixed).

**Stock Performance:** Shares up 58.5% YTD but fell over 12% recently (Mixed).

NET TILT: Mixed."
2023-04-01,11,"**Net Tilt: Bearish**

- **Analyst Actions:** Wolfe Research downgraded Tesla from ""outperform"" to ""peer perform""; JPMorgan lowered price target from $125 to $120.
- **Product Updates:** Tesla unveiled a Cybertruck-inspired EV charger in China and released an FSD update.
- **Partnerships:** Tesla is considering a partnership with CATL.
- **Ownership Changes:** Mackenzie Financial and Meag MUNICH ERGO increased holdings; Sargent Bickham Lagudis sold shares.
- **Product Development:** Cybertruck spotted testing in Fremont.

Conflicting signals but overall tilt is bearish due to analyst downgrades and price target reductions."
2023-04-02,36,"**Price Target Upgrades:** Citigroup raised PT to $192 from $146; Bank of America bumped PT to $155 from $130 (Bullish).

**Earnings & Revenue:** Q1 results beat expectations but delivery estimates were missed (Mixed). Sales fell but deliveries rose 36% (Mixed).

**Analyst Actions:** Deutsche Bank downgraded Q1 EPS estimates (Bearish).

**Stock Performance:** Shares fell 65% post-earnings miss but gained 68% YTD (Mixed).

**Product & Supply:** Cybertruck-inspired beer launched; Full Self-Driving recall initiated (Neutral-Bullish).

**Regulatory & Legal:** NHTSA investigating Tesla (Bearish).

**Ownership Changes:** LLC increased holdings by 224.1%, while National Bank of Canada sold shares (Mixed).

**Net Tilt:** Mixed, with significant conflicting signals."
2023-04-03,76,"**Price Targets:** Bearish; Piper Sandler downgraded from $340 to $300, Deutsche Bank from $250 to $220. Bullish; Jefferies upgraded from $180 to $230, Goldman Sachs from $200 to $225, TD Cowen to $170.

**Earnings & Revenue:** Mixed; Tesla’s Q1 sales beat expectations with revenues up 23.45B vs. 18.76B, but profitability took a hit. Sales volume was strong at 422,875 units (+36%), yet deliveries missed Wall Street.

**Product & Supply:** Bearish; Semi-truck recall, price cuts across models, and cyber-attack on Model 3. Bullish; increased production, new home charger in China, and plans for a Mexican factory.

**Legal & Insider Actions:** Bearish; ordered to pay $3.175M in a racism case, CFO and SVP sold shares.

**Stock Performance:** Mixed; stock up 68% YTD but down 46% in the past year, recent dips due to various factors.

**Net Tilt:** **Bearish** due to multiple downgrades, legal issues, and supply concerns outweighing positive sales and production data."
2023-04-04,36,"**Analyst Upgrades:** Edward Jones upgraded Tesla to Buy; Wells Fargo raised PT to $190; Cowen raised PT to $140 (Bullish).

**Product Launches:** Portable home, Model Y Long Range in Japan/Europe, third shift introduced in Europe (Bullish).

**Revenue Growth:** March China sales up 35%, Q1 delivery guidance met (Bullish).

**Price Cuts:** Multiple price reductions in US, China, and Australia (Bearish).

**Legal Issues:** Found guilty of violation (Bearish).

**Stock Performance:** Shares closed 6.1% lower (Bearish).

**Facility Openings:** Supercharger sites and Design Studio launched (Bullish).

**Ownership Changes:** Geode Capital increased holdings, Fifth Third Bancorp decreased stake (Mixed).

**Net Tilt:** Bullish, with significant analyst upgrades and product launches offsetting legal issues and price cuts."
2023-04-05,18,"**Price Target Adjustments:** Bearish - Morgan Stanley downgraded Tesla’s target price from $250.00 to $220.00. Bullish - Royal Bank of Canada upgraded Tesla’s target price from $186.00 to $223.00. **Rating Change:** Bearish - Wolfe Research downgraded Tesla from “outperform” to “peer perform.” **Product Launches:** Bullish - Tesla FSD coming to China, new home EV charger unveiled, GigaBier German beer debut, and Cybertruck expected mid-2023. **Stock Performance:** Bearish - Tesla shares crashed on Sunset Boulevard and gapped down to $207.46. **Institutional Ownership:** Mixed - Vanguard increased holdings by 212.2%, while Artemis Investment Management sold shares. **Other Developments:** Bullish - Toyota and Tesla won awards; Tesla tripled Austin workforce. **Conflicting Signals:** Net tilt slightly bearish due to stock performance and analyst downgrade."
2023-04-06,15,"**Price Target Adjustments:** Truist downgraded Tesla’s price target to $245 from $299 (Bearish). TD Cowen upgraded Tesla’s price target to $170 from $140 (Bullish).

**Earnings Guidance:** Analysts expect Tesla to beat earnings estimates (Bullish).

**Government Contract:** Tesla will deliver vehicles to Turkey (Bullish).

**Product Launch:** Tesla launched a Cybertruck-inspired beer (Neutral).

**Stock Movement:** Tesla stock is up 51% (Bullish).

**Insider Sell:** Kimbal Musk sold 100,000 shares (Bearish).

**Board Appointment:** Former CTO JB Straubel nominated to Tesla’s board (Bullish).

**Facility Launch:** Tesla opened a new Design Studio (Bullish).

**Ownership Changes:** Multiple entities increased holdings in Tesla (Bullish).

**Revenue Projections:** Q1 2023 revenue expected at $23.4 billion (Neutral).

**Supply Update:** Q1 deliveries announced (Neutral).

**Net Tilt:** Mixed signals with a slight Bullish bias."
2023-04-07,58,"**Bullish Signals:**
- **Price Target Upgrade:** Jefferies raised target from $180 to $230.
- **Revenue Guidance Up:** Sales figures rising.
- **Earnings Guidance Up:** Profitability expected to grow.
- **Supply Increase:** Q1 deliveries up 4% to 423k vehicles.
- **Facility Openings:** New supercharging stations in China, second U.S. Model Y plant in Texas, and new plants in Shanghai.

**Bearish Signals:**
- **Earnings Down:** Earnings to decline in 2023.
- **Product Recalls:** Over 321k vehicles recalled globally.
- **Executive Resignation:** CTO left in 2017.
- **Stock Loss:** TSLA fell 10.8% to $185.06.
- **Insider Sell:** CFO Zachary Kirkhorn sold shares.
- **Regulatory Investigation:** NHTSA investigating multiple issues.
- **Product Price Cuts:** Multiple price reductions across models globally.

**Net Tilt:** Mixed signals with significant bearish pressure outweighing bullish indicators."
2023-04-08,11,"**Product Recall:** Bearish. Tesla recalled Model 3 cars.

**Legal Issues:** Bearish. Tesla hit with multiple class action lawsuits and a customer lawsuit.

**Regulatory Investigation:** Bearish. US launches probe into Tesla.

**Price Cuts:** Bearish. Tesla cut prices on Model X Plaid to $94,990 and other vehicles.

**Demand:** Bullish. Elon Musk stated robust demand for Tesla vehicles.

**Stock Performance:** Bearish. TSLA shares fell over 10%.

**Revenue Volume:** Neutral. Sold 150k Model 3 units.

**Net Tilt:** Bearish."
2023-04-09,24,"**Price Target Adjustments:** Truist downgraded TSLA’s price target to $245 from $299 (Bearish). Citigroup, Cowen, and Goldman Sachs upgraded targets to $192, $170, and $225 respectively (Bullish).

**Market Dynamics:** Tesla lost market share (Bearish). Shares fell post-first quarter (Bearish). SVP Andrew D. Baglino sold shares (Bearish). 

**Supply & Operations:** Increasing production (Bullish). Opening new facilities in Shanghai (Bullish). Boosting China investment (Bullish).

**Product Strategy:** Price cuts in January (Bearish). Model 3 starts at $43k (Neutral).

**Analyst Actions:** Barclays reaffirmed “overweight” with a $275 price target (Neutral).

**Net Tilt:** Mixed signals; slight net bullish due to production increases and facility openings outweighing price cuts and market share loss."
2023-04-10,43,"**Regulatory Investigation:** NHTSA investigating Tesla failures (Bearish).

**Demand Guidance Increase:** Tesla aims to boost demand (Bullish).

**Product Release:** Tesla entering India, new EV blitz (Bullish).

**Price Target Downgrade:** JP Morgan cuts target from $125 to $120 (Bearish).

**Legal Issues:** Facing potential class action suits (Bearish).

**Stock Performance:** Shares down 47.5%, sliding post-earnings (Bearish).

**Supply Increases:** Model Y and Megapack production ramping (Bullish).

**Product Price Cuts:** Multiple price reductions across models (Bearish).

**Facility Openings:** New factory developments (Bullish).

**Analyst Actions:** Neutral ratings maintained (Neutral).

**Ownership Changes:** Insider sell, reduced holdings (Bearish).

**Net Tilt:** Mixed signals, but overall **Bearish** due to legal issues, price cuts, and stock performance."
2023-04-11,22,"**Net Tilt: Bearish**

**Price Actions & Analyst Views:**
- **Bearish:** Wolfe Research downgraded Tesla from ""outperform"" to ""peer perform.""
- **Bullish:** Royal Bank of Canada upgraded Tesla’s price target from $186 to $223.
- **Mixed:** Shares surged this year but dropped 4% despite positive Q1 sales growth.

**Financial Performance:**
- **Bullish:** Q1 sales grew 36%, with 422,875 vehicles delivered.
- **Bearish:** Multiple price cuts for Model S/X/Y.

**Catalysts & Legal Issues:**
- **Bullish:** Model Y unveiling in Shanghai, new battery storage site.
- **Bearish:** Lawsuit filed against Tesla.

**Ownership Changes:**
- **Mixed:** Multiple firms increased holdings, while M&G Investment Management cut stake.

**Net Signal:** Conflicting signals suggest a cautious stance."
2023-04-12,29,"**Net Tilt: Bearish**

**Analyst Actions & Guidance:**
- **Bearish:** Cowen upgraded price target to $170 from $140; Goldman Sachs downgraded price target to $210 from $225.
- **Bullish:** Revenue guidance up; EPS expected at $0.75.

**Earnings & Delivery Expectations:**
- **Bearish:** Missed delivery expectations; EPS estimate unchanged but context suggests disappointment.

**Product Launches & Price Cuts:**
- **Mixed:** Preparing to launch Powerwall 3 and new EVs; multiple product price cuts (Powerwall, Model S, Model 3, Model Y).

**Legal & Insider Activity:**
- **Bearish:** Facing class action lawsuit; Director Kimbal Musk sold shares.

**Stock Performance:**
- **Mixed:** Stock up 76% YTD but down 15% in 6 months; recent gap down to $185.06 followed by a 1.2% rebound."
2023-04-13,11,"**Analyst Ratings & Price Target:** Morgan Stanley reiterated Tesla with an ""Overweight"" rating (Bullish).

**Market Share & Competition:** Tesla’s EV market share dropped to 58%, and increased competition is expected (Bearish).

**Stock Movement:** Tesla stock initially gained 2.06% but then lost 3.35% (Mixed).

**Product Pricing:** The Model 3 Performance received a 14.7% price cut in Hong Kong (Bullish). 

**Facility Expansion:** Tesla opened a new showroom and service facility (Bullish).

**Earnings Preview:** Tesla is scheduled to report Q1 2023 earnings on April 19 (Neutral).

**Net Tilt:** Mixed signals suggest caution."
2023-04-14,26,"**Product Price Cuts:** Bearish. Tesla cut prices across multiple markets including Europe, Israel, and Singapore, with reductions ranging from 4.5% to 9.2%. This suggests weakening demand or competitive pressures.

**Regulatory Investigation:** Bearish. U.S. Senators questioned Elon Musk, potentially signaling regulatory scrutiny.

**Stock Movement:** Bullish. Tesla stock opened at $185.90, up over 2%.

**Earnings Preview:** Neutral. Tesla reports Q1 earnings next week, providing potential catalysts for future performance.

**Net Tilt:** Bearish due to widespread price cuts and regulatory concerns, offset slightly by positive stock movement."
2023-04-15,11,"**Net Tilt: Bullish**

**Analyst Actions & Price Targets:**
- **Bullish:** Cowen upgraded Tesla’s target price from $140.00 to $170.00.
- **Neutral:** Barclays reissued an “overweight” rating with a $275.00 target price.
- **Bearish:** Berenberg downgraded Tesla from “buy” to “hold.”

**Ownership Changes:**
- **Bullish:** Multiple firms increased holdings (Cowen, LLC, Mackenzie Financial Corp).
- **Bearish:** Atria Investments decreased holdings.

**Supply & Demand:**
- **Bullish:** Tesla announced plans to increase production.

**Price Movement:**
- **Bearish:** Tesla stock down 0.5%.

**Net Signal:** Mixed signals but net bullish due to multiple upgrades and increased holdings outweighing the downgrade and minor price drop."
2023-04-16,4,"**Jefferies Financial Group upgraded Tesla’s price target from $180.00 to $230.00**, bullish. However, **Tesla recalled certain Model X EVs**, bearish. Additionally, **SVP Andrew D. Baglino sold 10,500 shares**, bearish, and **Ltd. Reduced its position in Tesla**, bearish. **Net tilt is bearish** due to multiple negative signals outweighing the positive analyst action."
2023-04-17,22,"**Bullish Signals:**
- **Facility Open:** Tesla to set up Megapack battery factory in Shanghai.
- **Analyst Ratings Neutral:** Baird analyst Ben Kallo reiterated a Buy rating on Tesla.
- **Ownership Increase:** Mirae Asset Global Investments Co. Ltd., Vanguard Group Inc., and State Street Corp increased their positions in Tesla.

**Bearish Signals:**
- **Price Target Downgrade:** Barclays lowered Tesla’s price target to $230 from $275.
- **Product Recall:** Tesla recalled 35 semi trucks.
- **Legal Issues:** Facing a class action lawsuit.
- **Insider Sell:** CFO Zachary Kirkhorn sold shares.
- **Product Support Discontinued:** Phasing out Apple CarPlay from EVs.
- **Price Cuts:** Tesla cut prices in Europe, Singapore, and Israel.
- **Ownership Decrease:** Exchange Traded Concepts LLC trimmed its position.
- **Stock Loss:** Tesla stock fell over 5% and 3% before Monday.

**Net Tilt:** Bearish due to multiple downgrades, legal issues, insider selling, and price cuts outweighing positive analyst ratings and ownership increases."
2023-04-18,25,"**Price Target Downgrade:** Barclays downgraded Tesla’s price target from $275.00 to $230.00, bearish.

**Product Reviews & Recalls:** Positive review of Model S Plaid; Tesla most recalled car, mixed.

**Analyst Ratings:** Oppenheimer downgraded from Outperform to Market Perform; KGI Securities downgraded from Outperform to Neutral; Wedbush and Barclays maintained ratings, net negative.

**Stock Performance & Insider Activity:** Stock up 51.8% YTD; Kimbal Musk sold 100,000 shares, bearish.

**Ownership Changes:** Multiple firms increased stakes, bullish.

**Earnings Preview:** Q1 EPS expected at $3.43; revenue forecast at $23.37B; earnings call scheduled for April 19, neutral.

**Supply Guidance:** Production target unchanged, neutral."
2023-04-19,145,"**Bullish Signals:**
- Wells Fargo upgraded Tesla’s target price to $190 from $150.
- Tesla’s sales grew 80%.
- Tesla reported Q1 EPS of $0.85, in line with expectations.
- Tesla’s net income was $2.51 billion.

**Bearish Signals:**
- Tesla missed Q1 revenue and earnings estimates.
- Operating margin declined.
- Tesla cut prices on Model 3 and Model Y by 11% and 9.1%, respectively.
- Wolfe Research downgraded Tesla from “outperform” to “peer perform.”

**Net Tilt:** Bearish due to multiple earnings and revenue misses, price cuts, and a downgrade despite positive EPS and sales growth."
2023-04-20,120,"**Analyst Downgrades & Price Target Cuts:** Multiple firms downgraded Tesla to Sell or reduced price targets, including Guggenheim, Tudor Pickering, Deutsche Bank, BNP Paribas, Goldman Sachs, Cowen, KGI Securities, Morgan Stanley, Citigroup, Mizuho, and Canaccord. **Bullish:** Goldman Sachs raised the price target to $225 from $200. **Net Tilt:** Bearish.

**Earnings & Revenue Miss:** Tesla reported Q1 earnings and revenues below expectations, with revenue dropping year-over-year but beating Q4 levels. Operating margins hit a two-year low. **Net Tilt:** Bearish.

**Supply & Demand:** Deliveries rose 36%, but overall sentiment is weak due to profit sacrifices and margin pressure. **Net Tilt:** Mixed, leaning bearish."
2023-04-21,68,"**Revenue and Earnings:** Bearish. Tesla reported lower-than-expected revenue and weaker-than-expected profit, missing EPS and revenue targets.

**Analyst Actions:** Bearish. Tudor, Pickering, Holt & Co. downgraded Tesla to ""sell"" from ""hold."" Truist Securities downgraded Tesla to ""hold"" from ""buy,"" and Barclays lowered their price target to $230 from $275.

**Legal Developments:** Mixed. Tesla won a key Autopilot lawsuit but faces a U.S. Justice Department investigation. 

**Product and Pricing:** Mixed. Tesla launched new Model Y configurations and Autopilot features but raised prices on several models while cutting others.

**Market Trends:** Bearish. Tesla is losing market share, insiders are selling, and multiple price targets were lowered.

**Net Tilt:** Bearish."
2023-04-22,30,"**Net Tilt: Bearish**

**Analyst Actions:** Tudor Pickering downgraded Tesla to Sell; Truist, Mizuho, Goldman Sachs, and Canaccord cut price targets; but Wells Fargo and Jefferies raised theirs. **Mixed, slightly bearish.**

**Market Share:** Tesla’s California market share declined. **Bearish.**

**Legal:** Tesla won key lawsuits but faces NHTSA investigation. **Neutral to Slightly Bullish.**

**Insider Activity:** SVP Andrew D. Baglino sold shares. **Bearish.**

**Product:** FSD beta rollout paused. **Bearish.**

**Revenue:** Q1 revenue up 24.4%. **Bullish.**

**Price Changes:** Vehicle prices increased last year. **Bullish.**

**Facility:** New battery factory planned. **Bullish.**

**Ownership:** Mixed ownership changes among institutions. **Neutral.**

**Stock Performance:** Stock up 1.3%, opening at $165.08. **Slightly Bullish.**"
2023-04-23,15,"**Demand Increase:** Bullish; Q1 deliveries up 36%.

**Revenue Up:** Bullish; gross sales rose in Q1.

**Price Target Downgrades:** Bearish; Citigroup ($175→$175), Morgan Stanley ($220→$200), Canaccord Genuity ($275→$257), Wedbush ($225→$215), JPMorgan ($120→$115).

**Analyst Downgrades:** Bearish; Tudor Pickering, Wolfe Research (outperform→peer perform).

**Product Release Slowdown:** Bearish; delayed new model releases.

**Facility Open:** Bullish; new Megapack battery facility opening.

**Stock Performance:** Mixed; YTD rise 32%, but Brin sold $366M shares.

**Net Tilt:** Bearish due to multiple downgrades and price target reductions outweighing positive signals."
2023-04-24,50,"**Analyst Actions:** Bearish; Tudor, Pickering, Holt & Co., Guggenheim, Truist Financial downgraded Tesla to Sell; Edward Jones upgraded to Buy. **Price Targets:** Bearish; Barclays, Cowen, Goldman Sachs, Morgan Stanley, Mizuho lowered targets to $230, $150, $185, $200, $230 respectively. **Guidance:** Mixed; Tesla increased FY23 CapEx to $7B-$9B but Oppenheimer downgraded Q2 EPS estimates. **Market Share:** Bearish; Tesla losing EV market share but aims to grow. **Legal/Catalysts:** Bullish; Tesla won a key court battle. **Product Launches:** Bullish; Model Y RWD launched in Canada, production ramps. **Supply/Production:** Bullish; CapEx hike for increased output. **Insider Activity:** Bearish; Kimbal Musk sold 100,000 shares. **Ownership Changes:** Mixed; Vanguard, Associates, Llc increased positions while Trust sold shares. **Stock Performance:** Bearish; TSLA dipped 1.6%."
2023-04-25,21,"**Analyst Actions:** Bearish (Sell ratings from Bernstein, Tudor Pickering; downgrade from Jefferies to Hold). Bullish (Cowen upgrades target from $122 to $140, BofA raises target to $225).

**Price Movements & Insider Activity:** Shares down 1.5%, down 21% in April; CFO Zachary Kirkhorn and co-founder Sergey Brin sell shares.

**Product Updates:** Price cuts on Tesla models; software update; product release expected this year.

**Other:** Tesla expects to produce 1.8M vehicles; Maxwell Biosciences appoints new VP unrelated to Tesla.

**Net Tilt:** Mixed signals but overall slightly bearish due to multiple downgrades and insider selling."
2023-04-26,42,"**Net Tilt: Bearish**

**Analyst Actions & Price Targets:**
- **Bearish:** Deutsche Bank downgraded from $250 to $200, Wells Fargo from $190 to $170, Canaccord Genuity from $275 to $257, Jefferies downgraded to Hold, Berenberg cut to Hold, Wedbush from $225 to $215, JPMorgan from $120 to $115.

**Earnings & Operating Margin:**
- **Mixed:** Reported net income of 85 cents (positive), but operating margin fell (negative).

**Product & Supply Changes:**
- **Negative:** Model X discontinued in Australia, price cut, legal verdict against Tesla.
- **Positive:** Plans to hike production.

**Ownership Trends:**
- **Mixed:** Multiple firms increased holdings, while one decreased stake.

**Stock Performance:**
- **Bearish:** Stock fell 1.2%, then 4.31% to $153.75, with forecasts predicting further declines."
2023-04-27,18,"**Bullish Signals:**
- **Revenue Growth:** Tesla vehicle sales are growing.
- **Product Popularity:** Carmax reports Tesla as the most popular brand.
- **Production Ramp-Up:** Tesla is increasing Model Y production.
- **Facility Expansion:** Tesla opened new charging facilities.

**Bearish Signals:**
- **Price Target Downgrades:** Goldman Sachs lowered PT to $185 from $210; Citigroup to $175 from $192.
- **Analyst Downgrades:** Jefferies downgraded Tesla to ""hold"" from ""buy.""
- **Stock Performance:** Tesla’s stock fell 4.3%, tanking over the past five days.
- **Negative Product Reviews:** A list of 10 disliked aspects of Tesla vehicles.
- **Executive Change:** Tesla replaced its South Korea chief.

**Net Tilt:** Bearish due to multiple downgrades and negative stock performance outweighing positive sales and production news."
2023-04-28,14,"**Bullish Signals:**
- **Supply Guidance Increase:** Tesla plans to double 2022 production.
- **Stock Pick Recommendation:** A ""Stocks To Buy And Watch"" list includes Tesla.

**Bearish Signals:**
- **Analyst Downgrades:** Tudor Pickering downgraded Tesla to ""Sell,"" and Wolfe Research to ""Peer Perform.""
- **Price Target Cuts:** Cowen reduced target from $170 to $150; RBC from $223 to $217.
- **Product Price Cuts:** Multiple reports indicate Tesla lowering prices for Model Y variants.
- **Ownership Changes:** Inc. sold shares, while Privium Fund Management B.V. bought new shares.

**Net Tilt:** Bearish due to multiple analyst downgrades and price target reductions outweighing bullish production guidance and stock pick recommendation."
2023-04-29,6,"**Wells Fargo Downgrades Tesla**: Target price lowered from $190.00 to $170.00 (Bearish).

**Product Recall**: Over 360,000 cars recalled in February 2023 (Bearish).

**Regulatory Investigation**: Ongoing NHTSA investigation (Bearish).

**Increased Ownership**: Two firms increased holdings significantly (Bullish): Inc. by 125.6% in Q3, LLC by 97.7% in Q4.

**Earnings Estimate**: Analysts predict EPS of $3.15 for the current year (Neutral).

**Net Tilt**: Mixed signals with significant bearish pressure from downgrades and recalls outweighing bullish ownership increases."
2023-04-30,6,"**JPMorgan Downgrades Tesla**: JPMorgan reduced Tesla’s target price from $120.00 to $115.00, bearish. **Revenue Misses Expectations**: Q1 revenue was $23.33B vs. consensus $23.36B, slightly bearish. **GFN Reduces Stake**: GFN decreased its Tesla holdings, bearish. **Analyst EPS Estimate**: Analysts expect FY EPS of $3.15, neutral. **Stock Price**: TSLA opened at $164.31, neutral. **Net Tilt**: Bearish due to downgrade and reduced stake, offset by minor revenue miss."
2023-05-01,3,"**Product Enhancement:** Bullish. Tesla extended the Model S and Model X lines, potentially boosting long-term sales and customer interest.

**Revenue Growth:** Bullish. QoQ Tesla sales grew 24.6%, indicating strong demand and operational efficiency.

**Stock Performance:** Bullish. Tesla stock gained 2.6% on Friday, reflecting positive market sentiment.

**Net Tilt:** Bullish. All signals indicate positive momentum for Tesla."
2023-05-02,41,"**Earnings & Guidance:** Bullish/Bearish Mixed. Tesla missed EPS estimates but gained market share. Analysts at Piper Sandler downgraded the stock, lowering the price target to $280 from $300, while Wolfe Research cut the rating to ""peer perform."" Jefferies downgraded Tesla to ""hold"" from ""buy.""

**Price Actions:** Bearish. Tesla raised prices in the U.S. and Canada but cut prices in China, indicating mixed regional demand dynamics.

**Analyst Actions & Ownership Changes:** Bearish. Multiple downgrades and lower price targets from Piper Sandler and RBC contrast with strong buy recommendations. Envestnet reduced its stake, while Vanguard and Geode increased holdings.

**Catalysts:** Neutral. Tesla acquired SolarCity and received a patent, but faces heightened competition. Shares fluctuated, dropping 10% post-earnings and sliding 1.5% on Monday, before gaining 1.4%.

**Net Tilt:** Bearish. Conflicting signals suggest caution."
2023-05-03,18,"**Bullish Signals:**
- Q1 revenue up 24%.
- Model 3 relaunched.
- Prices raised in China.
- Bank of America upgraded price target to $225.

**Bearish Signals:**
- Tudor Pickering downgraded to ""sell.""
- Cowen cut price target to $150.
- Morgan Stanley cut price target to $200.
- CFO Zachary Kirkhorn sold shares.
- Model 3 and Megapack production halted.
- Oppenheimer reduced holdings by 34.2%.

**Net Tilt:** Bearish due to multiple downgrades and production halts outweighing positive revenue and product launches."
2023-05-04,19,"**Price Target Downgrades:** Deutsche Bank, Citigroup, and Wedbush all downgraded Tesla’s price targets, indicating bearish sentiment. Deutsche Bank cut from $250 to $200, Citigroup from $192 to $175, and Wedbush from $225 to $215.

**Product Launches:** Tesla launched the new Model S Plaid and announced plans to sell Optimus humanoid robots by 2027, expanding into Western Washington.

**Insider Activity:** SVP Andrew Baglino sold 10,500 shares, signaling potential concerns.

**Settlement:** Elon Musk settled a defamation lawsuit for $10,000.

**Market Entry:** Tesla is moving into the autonomous robo-taxi business.

**Supply Changes:** Berlin began production of Model Y, while Tesla increased prices in China.

**Ownership Changes:** A. and Arrow Financial Corp increased holdings in Tesla by 40.1% and 30.8%, respectively.

**Net Tilt:** Mixed signals with significant downgrades and insider selling offset by product launches and market entry initiatives. **NET TILT: SLIGHTLY BEARISH.**"
2023-05-05,9,"**Product Price Increases:** Bullish. Tesla raised prices for its premium models in China, with the Model S increasing significantly and the Model Y marginally. Evidence: ""Tesla Inc. raised the prices of its premium models in China,"" ""Tesla increased the prices of its Model S,"" ""Model Y prices were increased marginally.""

**Revenue Down in China:** Bearish. Tesla’s April sales of China-made EVs declined by 14.7%. Evidence: ""Tesla's April sales of China-made EVs down 14.7%.""

**Stock Performance:** Mixed. Tesla shares rose 0.88% and then jumped 5.5% on Friday. Evidence: ""Shares of Tesla (TSLA) moved up 0.88%,"" ""Tesla stock jumps 5.5% on Friday."" 

**Net Tilt:** Mixed signals suggest cautious stance."
2023-05-06,7,"**Earnings:** EPS fell 21%, missing estimates (-$0.67 vs -$0.65 expected), bearish.

**Stock Price:** Stock halted, then fell 20.8% in April but surged recently (+$0.47), mixed signals.

**Product:** Model Y price cut (-0.44), bearish; battery storage expansion with BYD (+0.44), bullish.

**Net Tilt:** Mixed, with earnings and pricing negative, recent stock surge and product enhancements positive."
2023-05-08,16,"**Bullish Signals:**
- **Revenue/Volumes:** Vehicle sales increased.
- **Product Launch:** Model S Plaid unveiled.
- **Stock Performance:** Stock gained 1.02% to $171.79 on Monday, opening at $170.06.
- **Stake Acquisition:** Corp purchased 37,392 shares.

**Bearish Signals:**
- **Price Target Downgrades:** Deutsche Bank cut PT from $250 to $200; Wedbush from $225 to $215.
- **Insider Sell:** SVP Andrew D. Baglino sold 1,298 shares.
- **Stock Loss:** Stock fell slightly overall.

**Net Tilt:** Mixed signals with slight bearish bias due to multiple downgrades and insider sell."
2023-05-09,8,"**Price Target Adjustments:** Bearish; Cowen downgraded TSLA’s target price from $170.00 to $150.00. Bullish; Bank of America upgraded the target price from $220.00 to $225.00. **Net Tilt:** Mixed.

**Regulatory & Product Updates:** Bullish; FSD received regulatory approval. Bullish; Tesla unveiled a new teaser for the Cybertruck and announced a free FSD trial for a month.

**Legal & Insider Activity:** Bearish; Tesla faces a new racial discrimination lawsuit. Bearish; CFO Zachary Kirkhorn sold $610K worth of shares. **Net Tilt:** Bearish.

**Overall Signal:** Mixed with a slight bearish tilt due to legal issues and insider selling."
2023-05-10,2,"Today’s headlines for Tesla (TSLA) indicate a mixed trading environment:

- **Stock Performance**: Tesla’s stock rebounded in Q4 2022, ending with a positive gain (bullish).
- **Current Price**: Stock closed at $169.15 (neutral).

**Net Tilt**: Bullish due to the recent rebound, though current price data is neutral.

No conflicting signals present."
2023-05-11,11,"**Revenue & Volume:** Bullish. Tesla sold more electric cars, indicating strong demand.

**Analyst Actions:** Bearish. Jefferies downgraded Tesla from ""buy"" to ""hold,"" and Argus lowered their price target.

**Stock Performance:** Mixed. Tesla shares surged over 59% YTD but dipped 0.4% on Wednesday, with Thursday seeing a 2% gain.

**Product Launch:** Bullish. Tesla launched Powerwall in Spain, expanding energy storage offerings.

**Net Tilt:** Neutral to Slightly Bearish. Positive sales and product launch offset by analyst downgrades and recent volatility."
2023-05-12,57,"**Product Recalls:** Bearish. Goldman Sachs downgraded Tesla’s price target to $185 from $210. Tesla recalled over 1.1 million cars in China due to braking defects, impacting sentiment.

**Revenue & Supply:** Mixed. Revenue from China climbed, but Goldman Sachs’ downgrade suggests concerns. Tesla plans to ramp up production and launched Cybertruck raffle, slightly updating Model S/X.

**Price Adjustments:** Mixed. Tesla raised prices for all US vehicles but also reduced prices for some cars, indicating pricing strategy adjustments.

**Executive & Ownership Changes:** Neutral-Bearish. Musk stepping down as CEO is speculative. Williams Inc. increased holdings while Soros Fund Management cut stake.

**Stock Performance:** Bullish. Despite recalls, Tesla shares rose 1.2-2.22% recently, with gains over three weeks."
2023-05-13,4,"**Revenue Growth:** Bullish. Tesla and Li Auto reported significant sales surges, indicating strong demand.

**Product Recall:** Bearish. Tesla is recalling over 1.1 million Model 3 and Model Y vehicles due to potential safety issues.

**Executive Resignation:** Bearish. Elon Musk announced his intention to step down as Tesla CEO, potentially leading to leadership uncertainty.

**Net Tilt:** Bearish. Despite positive revenue growth, product recall and executive resignation pose significant risks."
2023-05-14,10,"**Net Tilt: Bearish**

**Analyst Actions:** Wells Fargo downgraded Tesla’s price target from $190 to $170; JPMorgan downgraded from $120 to $115. Bank of America upgraded from $220 to $225. Truist downgraded from “buy” to “hold.” **Bearish**.

**Insider Activity:** CFO Zachary Kirkhorn sold 3,751 shares. **Bearish**.

**Legal Issues:** Tesla owners sued the company; settled claims for $1.9M in July 2021. **Bearish**.

**Partnerships:** Samsung and Tesla discussed collaboration. **Bullish**.

**Ownership Changes:** Partners increased holdings by 200%. **Bullish**.

**Stock Price:** Tesla shares gapped up to $172.08. **Neutral**."
2023-05-15,10,"**Net Tilt: Bearish**

**Legal Issues:** Tesla hit with multiple class action suits (bearish).

**Recall:** Recalling 1.1M cars in China (bearish).

**Ownership Changes:** Soros dumped entire stake in Tesla (bearish).

**Price Cuts:** Last cut prices for some US cars (bearish).

**Stock Performance:** Shares closed down 2.4% and slid 0.97% to $166.35 (bearish).

**Investments:** Plans significant investments (neutral to bullish).

**Contradictory Signals:** Positive Q1 share performance (+68%) vs. recent declines (mixed).

**Net:** Strongly bearish due to legal issues, recall, and ownership changes outweighing positive Q1 performance."
2023-05-16,22,"**Price Target Downgrades:** Barclays, Mizuho, and Canaccord Genuity all downgraded Tesla’s price targets, with Barclays and Mizuho setting new targets at $230.00, and Canaccord Genuity at $257.00 (bearish).

**Executive Movements:** Elon Musk clarified he has no plans to step down as CEO, while a veteran was appointed as Senior VP of Cars (mixed).

**Product Updates:** Discounts introduced for business and fleet buyers in Germany, Tesla Insurance rollout planned, and Cybertruck launch confirmed for this year (bullish).

**Insider Activity:** SVP Andrew D. Baglino sold 10,500 shares (bearish).

**Investment & Ownership Changes:** LSV Asset Management and Soros Fund Management reduced stakes (bearish).

**Stock Performance:** Stock opened at $166.35, showing a slight loss (bearish).

**Net Tilt:** Bearish."
2023-05-17,20,"**Revenue & Sales:** Bullish. Model Y sales skyrocketed 79% in Q1.

**Analyst Actions:** Neutral. Wedbush and CFRA reiterated their ratings (Outperform, Buy).

**Stock Performance:** Mixed. Stock gained 4-4.41%, but fell 19.7% since March end.

**Product Updates:** Bullish. Revealed next-gen small EV; developing two new models.

**Supply & Facilities:** Bearish. Lowered Cybertruck production estimates; bullish on proposed Indian factory reopening talks.

**Net Tilt:** Slightly Bullish. Positive product and sales news outweighs supply concerns."
2023-05-18,3,"**Product Updates:**
- **Bullish:** Tesla showcased enhancements to its robot, indicating ongoing innovation in automation.
- **Neutral:** Reports suggest a new Tesla EV is under development, with no specific details provided.
- **Bearish:** The Cybertruck’s price was confirmed at $75,000, potentially impacting affordability and demand.

**Net Tilt:** Mixed, with one bullish and two neutral-to-bearish signals."
2023-05-19,10,"**Earnings & Guidance:** Bullish. Tesla reported Q1 EPS of 85 cents, beating expectations. The firm is ""serious"" about expanding production, indicating supply growth.

**Market Position:** Bullish. Tesla maintained and even increased its market share in the BEV segment in Q1 2023, leading the market.

**Price Adjustments:** Bearish. Tesla raised prices on multiple models, including the Model S and Model Y, signaling cost pressures or strategic pricing adjustments.

**Facility Expansion:** Bullish. Tesla plans to build a new EV factory in Mexico, boosting long-term production capacity.

**Revenue Projections:** Bullish. Analysts predict Tesla will generate $1.02 trillion in revenue by 2027, reflecting strong growth expectations.

**Net Tilt:** Bullish. Despite price hikes, overall signals indicate positive momentum and growth prospects."
2023-05-20,2,"**Legal Victory:** Tesla won a significant direct sales court battle in Delaware, a bullish signal as it clears a major regulatory hurdle for direct sales operations.

**Stock Performance:** Shares rallied 7% over the week, indicating strong market sentiment and support for the company’s recent developments.

**Net Tilt:** Bullish

Conflicting signals not present; both points indicate positive momentum."
2023-05-21,4,"**Insider Sell:** CFO Zachary Kirkhorn sold 3,751 shares, bearish.

**Price Target Downgrade:** RBC downgraded Tesla’s price target from $223.00 to $221.70 (rounded), bearish.

**Ownership Update:** LLC maintains a $24.89M stake in Tesla, neutral.

**Earnings Estimate:** Analysts expect EPS of $3.05 for the current year, neutral.

**Net Tilt:** Bearish due to insider sell and downgrade."
2023-05-22,11,"**Bullish Signals:**
- Tesla deployed AI-enabled robots in real-world applications.
- Tesla plans to invest in Korea.
- Tesla stock climbed 2.9% and 2.23% on different days.

**Bearish Signals:**
- Tudor Pickering downgraded Tesla from ""hold"" to ""sell.""
- Barclays lowered target price from $275 to $230.
- Wells Fargo dropped target price from $190 to $170.
- Cowen reduced target price from $170 to $150.
- Tesla scrapped plans for a plant in India.

**Net Tilt:** Bearish due to multiple downgrades and lower price targets outweighing positive developments."
2023-05-23,7,"**Analyst Actions:** Bearish. Citigroup downgraded Tesla’s price target from $192 to $175. Canaccord Genuity lowered their target from $275 to $257. Piper Sandler reduced their target from $300 to $280.

**Ownership Changes:** Mixed. Vanguard Group Inc. significantly increased its stake by 212.2%, while O Shaughnessy Asset Management LLC sold shares.

**Stock Performance:** Bullish. Tesla stock surged after positive news, with analysts suggesting potential further gains. 

**Net Tilt:** Net bearish due to multiple downgrades outweighing ownership increases."
2023-05-24,12,"**Price Target Downgrade:** Wedbush downgraded Tesla’s price target from $225 to $215, bearish.

**Product Release:** Berlin Gigafactory introduced Model Y, bullish.

**Stock Performance:** Mixed; shares dropped but then climbed 4.85% to $188.87, net neutral.

**Legal Issues:** Lawsuit against Elon Musk dismissed, bullish.

**Insider Activity:** SVP Andrew D. Baglino sold shares, bearish.

**Institutional Ownership:** State Street, Geode Capital, and Fmr LLC increased stakes, bullish.

**Net Tilt:** Net slightly bullish due to product release, legal win, and institutional buying outweighing downgrade and insider sale."
2023-05-25,12,"**Product Release:** Bullish. Tesla launched FSD Beta in Europe and Australia, shipped Shanghai-made cars to Canada, and announced a ride-hailing program.

**Partnership:** Bullish. Tesla and Ford expanded their Supercharging partnership, with Ford striking a deal to tap into Tesla’s network.

**Market Share:** Bullish. Tesla controls nearly 60% of the US EV market.

**Stock Forecast:** Bullish. A forecast predicts Tesla’s stock could reach $2,000 by 2027, a 1,030% increase.

**Net Tilt:** Strongly Bullish."
2023-05-26,22,"**Product Release & Expansion:**
- **Bullish:** Tesla Cybertruck coming to Australia.
- **Bullish:** Megapack batteries’ production ramping up and expanded storage capacity.
- **Bullish:** Setting up a manufacturing plant in India.

**Partnerships:**
- **Bullish:** Ford and Tesla signed multiple agreements on EV collaboration, including charging infrastructure.

**Regulatory Investigation:**
- **Bearish:** European authorities and Dutch watchdog probing Tesla for a data leak.

**Stock Performance:**
- **Bullish:** Tesla shares surged 4.7%-7% on the day.

**Net Tilt:** Bullish due to multiple positive product and partnership developments outweighing regulatory concerns."
2023-05-27,8,"**Wells Fargo Downgrades Tesla**: Price target lowered from $190.00 to $170.00 (Bearish).

**Product Launch**: Tesla launches new Model 3 (Bullish).

**Supplier Deal**: Ford to use Tesla EV technology (Bullish).

**Stake Increase**: LLC increases Tesla stake by 62.1% (Bullish).

**Stock Performance**: Shares rise 7.5% to $197.95 (Bullish).

**Analyst Estimates**: EPS forecast for FY 2023 is $3.05 (Neutral).

**Net Tilt**: Mixed signals with significant bullish momentum from product launch, stake increase, and share performance, but bearish from downgrade. Overall **NET BULLISH**."
2023-05-28,1,"Tesla and Ford have announced a surprising partnership to build charging stations, a bullish development for Tesla as it expands its charging network. This collaboration could enhance Tesla’s Supercharger network coverage and potentially boost vehicle sales by addressing range anxiety. However, the extent of the impact remains uncertain without specific details on scope and timeline. Net tilt: Bullish."
2023-05-29,3,"**Deutsche Bank Downgrades Tesla**: Deutsche Bank reduced Tesla’s target price from $250.00 to $200.00, indicating **bearish** sentiment.

**Insider Sell**: Tesla CFO Zachary Kirkhorn sold 3,751 shares, signaling **bearish** sentiment.

**Stake Acquisition**: ING Groep NV purchased 96,983 Tesla shares, suggesting **bullish** sentiment.

**Net Tilt**: Conflicting signals with overall **slightly bearish** tilt due to analyst downgrade and insider sell."
2023-05-30,33,"**Bullish Signals:**
- **Revenue Guidance:** Tesla aims to boost regional sales (revenue guidance up).
- **Stock Performance:** Year-to-date gain of 57%.
- **Patent Awarded:** Tesla received U.S. patents.
- **Product Release:** Baywa r.e. plans to introduce Tesla Powerwall in California.
- **Partnerships:** Ford chose Tesla for EV partnership; Baywa r.e. collaborates with Tesla.
- **Regulatory Approval:** Cleared by NHTSA.
- **Market Expansion:** Entered Thai market; opening flagship store in Bangkok.
- **Supercharger Network:** Expanded network.
- **Job Postings:** Increased Cybertruck job postings.
- **Ownership Increase:** Veritas Investment Partners increased holdings by 200%.

**Bearish Signals:**
- **Price Target Downgrades:** Citigroup ($175 from $192), Morgan Stanley ($200 from $220), Piper Sandler ($280 from $300).
- **Investigations:** Ongoing US probe; previously closed investigations.
- **Supply Changes:** Braked production; increased job postings.
- **Product Discontinuation:** Roadsters abandoned in China.

**Net Tilt:** Mixed, but slightly bearish due to multiple downgrades and ongoing regulatory scrutiny."
2023-05-31,19,"**Bullish Signals:**
- **Analyst Upgrade:** Baird upgraded Tesla to Outperform from Neutral.
- **Revenue Guidance:** Tesla aims to accelerate EV sales.
- **Sales Growth:** Model Y sales doubled in March and skyrocketed in China.
- **Demand Strength:** Strong demand for Model 3 in Thailand.
- **Market Expansion:** Tesla expanding in China with new product releases like the Roadster.
- **Stationary Storage Investment:** Tesla investing in stationary storage.

**Bearish Signals:**
- **Market Share Decline:** Tesla’s Canadian market share is the lowest since mid-2021.
- **Stock Performance:** Tesla stock down -0.68% on May 31st.
- **Heightened Competition:** Increased competition facing Tesla.

**Net Tilt:** Mixed signals suggest a cautiously bullish stance."
2023-06-01,17,"**Analyst Downgrades:** Tudor, Pickering, Holt & Co. downgraded Tesla from ""hold"" to ""sell,"" while Truist Financial downgraded from ""buy"" to ""hold."" Mizuho and JPMorgan lowered price targets to $230 and $115, respectively. **Bullish:** China aims to boost Tesla sales and welcomes new product introductions. **Bearish:** Zacks analysts lowered earnings estimates, and Tesla slashed prices on Model Y and Model 3. **Neutral:** Facility expansions and openings, patent filings, and resuming production of right-hand drive models. **Net Tilt:** Bearish."
2023-06-02,19,"**Net Tilt: Bearish**

**Price Target Downgrades:** Barclays downgraded Tesla’s price target from $275 to $230; Cowen from $170 to $150; Piper Sandler from $300 to $280. **Bearish**

**Earnings & Supply Guidance:** Q2 EPS estimates lowered; China output expected to double. **Mixed**

**Share Movements:** Shares sank 75%, then climbed 2%. **Bearish**

**Insider Activity:** SVP Andrew D. Baglino sold 10,500 shares. **Bearish**

**Ownership Changes:** Multiple institutions increased holdings. **Bullish**

**Product Review:** Positive review of Tesla Model Y vs. Ford Mustang Mach-E. **Bullish**

**Net Signal:** Conflicting signals with significant bearish pressure from downgrades and insider sales outweighing bullish ownership increases."
2023-06-03,6,"**Supply Increase:** Bullish. Tesla is ramping production, indicating stronger output capacity.

**Product Discontinuation:** Bearish. Tesla discontinued the Model S and Model X in Australia, potentially signaling reduced demand or strategic shift.

**Price Cuts:** Bearish. Tesla’s recent price cuts were padded by $1.8 billion, suggesting cost pressures.

**Business Contract:** Bullish. Tesla maintains supply agreements with Piedmont Lithium Inc., securing critical raw materials.

**Stock Performance:** Bullish. Tesla stock hit a 4-month high and soared 10%, reflecting positive market sentiment.

**Net Tilt:** Mixed signals but overall slightly bullish due to strong stock performance and supply security."
2023-06-05,30,"**Analyst Actions & Price Targets:** Tudor Pickering downgraded Tesla to ""sell"" from ""hold,"" while Morgan Stanley and Piper Sandler lowered their price targets to $200 and $280, respectively. Goldman Sachs cut their target to $185 but Citi upgraded it to $215. **Net Tilt:** Bearish.

**Product Recalls & Supply Issues:** Tesla recalled 137 Model Y vehicles and Shanghai reportedly reduced Model 3 production. **Net Tilt:** Bearish.

**Stock Performance & Insider Trading:** Tesla’s stock surged 73.7% YTD and gained 25% in the last month. However, SVP Andrew D. Baglino and CFO Zachary Kirkhorn sold shares. **Net Tilt:** Mixed.

**Revenue & Government Support:** Tesla reported a 2.4% increase in China sales, while receiving $41 billion in government subsidies. **Net Tilt:** Bullish.

**Price Adjustments:** The Model 3 price was slashed. **Net Tilt:** Bearish."
2023-06-06,24,"**Price Target Adjustments:** Barclays downgraded Tesla’s price target from $275 to $230 (bearish). Mizuho also lowered it from $250 to $230 (bearish). However, Citigroup upgraded it from $175 to $215 (bullish) and Bank of America raised it from $220 to $225 (bullish). **Net tilt:** Neutral.

**Analyst Ratings:** Truist Financial downgraded Tesla from Buy to Hold (bearish). **Net tilt:** Bearish.

**Stock Performance:** Tesla shares jumped 104% YTD and rose 0.9% today (bullish). **Net tilt:** Bullish.

**Recalls:** Tesla issued two recalls affecting over 1.1 million vehicles (bearish). **Net tilt:** Bearish.

**Partnerships & Supply:** Panasonic plans to boost battery production for Tesla (bullish). **Net tilt:** Bullish.

**Product Updates:** Tesla acquired SolarCity for $2.6B, updated Autopilot licensing, and opened a new showroom (neutral to bullish). **Net tilt:** Neutral to Bullish.

**Ownership Changes:** Veritas Investment Partners increased holdings by 200%, while Neuberger Berman trimmed holdings (mixed). **Net tilt:** Neutral."
2023-06-07,20,"**Revenue Beat:** Bullish. Tesla reported Q1 revenue of $23.33bn, exceeding expectations.

**Stock Performance:** Bullish. Shares are up 111% YTD, hit a 7-month high, and gained nearly 30% in the past month.

**Sanctions & Fines:** Bearish. Ordered to pay $3.2 million in sanctions.

**Market Expansion:** Bullish. Plans expansion in New York and setting up a vendor base in India.

**Price Movements:** Bullish. Shares climbed 5% pre-market and surged to a 2023 high.

**Conflicting Signals:** Net Tilt Positive due to strong stock performance and market expansion outweighing the fine.

**Net Tilt:** Bullish."
2023-06-08,24,"**Bullish Signals:**
- **Analyst Upgrade:** Neil reinstated Tesla at Buy.
- **Stock Performance:** Tesla’s share price up over 100%, 89% YTD, and gained 3.4% in after-hours trading.
- **Product Launches:** Cybertruck rollout in 2024, new facility in Canastota in 2025.
- **Partnerships:** GM, Ford collaborating with Tesla on EV initiatives.
- **Facility Expansion:** Discussions to build a €4.5 billion factory in Spain, Gigafactory in France.

**Bearish Signals:**
- None identified.

**Net Tilt:** Bullish."
2023-06-09,49,"**Analyst Actions:** Tudor Pickering downgraded Tesla to ""sell"" from ""hold""; Deutsche Bank and Morgan Stanley lowered targets to $200 and $200 respectively; Canaccord Genuity to $257; JPMorgan to $115. Wolfe Research downgraded from ""outperform"" to ""peer perform."" However, Wedbush upgraded the price target to $300 from $215. **Net Tilt:** Bearish.

**Partnerships:** General Motors and Tesla collaborated on multiple fronts, including charging infrastructure and EV adoption. **Net Tilt:** Bullish.

**Production and Supply:** Tesla is ramping up production at a dedicated Megapack facility and acquiring the Fremont facility. **Net Tilt:** Bullish.

**Stock Performance:** Tesla shares rose significantly, closing at $221.31, driven by the GM partnership. **Net Tilt:** Bullish.

**Ownership Changes:** Various funds increased holdings, while some reduced positions. **Net Tilt:** Neutral.

**Overall Signal:** Mixed, but slightly bearish due to multiple downgrades and lower price targets."
2023-06-10,15,"**Price Target Downgrades:** Barclays and Mizuho downgraded Tesla’s price targets to $230 from $275 and $250 respectively, indicating **bearish sentiment**.

**Expansion and Regulatory Approval:** Tesla acquired a new location in Fremont for expansion and is set to receive California approval, signaling **bullish** growth prospects.

**Insider Sales:** CFO Zachary Kirkhorn and CAO Vaibhav Taneja sold shares, suggesting **bearish** insider confidence.

**Partnerships and Ownership Changes:** Tesla formed a charging partnership with Ford and GM, while major investors like Vanguard and State Street increased holdings, indicating **mixed** but slightly **bullish** institutional support.

**Analyst Rating Change:** Jefferies downgraded Tesla to “hold” from “buy,” adding to the **bearish** outlook."
2023-06-11,8,"**Insider Sales:** Bearish. Kimbal Musk and Andrew D. Baglino sold shares, indicating potential concerns about near-term performance.

**Sales & Exports Growth:** Bullish. Tesla reported increased retail sales and exports in May, suggesting robust demand.

**Price Cuts:** Bearish. The Model 3 price dropped to $23,000, potentially signaling competitive pressure or inventory management issues.

**Institutional Ownership:** Bullish. Inc. increased its Tesla holdings by 1.2%, showing continued institutional confidence.

**Stock Performance:** Bullish. TSLA shares gained 6.6% mid-day, reflecting positive market sentiment.

**New Stake:** Bullish. Grey Fox Wealth Advisors LLC bought 843 shares, indicating renewed interest from investors.

**Net Tilt:** Mixed signals with some bullish (sales growth, institutional buying) and bearish (insider sales, price cuts) indicators."
2023-06-12,19,"**Analyst Actions:** Tudor Pickering downgraded Tesla to Sell, while KGI Securities upgraded it to Outperform. Wells Fargo lowered the price target to $170, Piper Sandler to $280, Wedbush to $215, and JPMorgan to $115. Citigroup raised the target to $215, and Bank of America to $225. **Net Tilt:** Bearish.

**Stock Performance:** Tesla’s stock gained 98.4% YTD and is up 1.1% today at $247.15. **Net Tilt:** Bullish.

**Catalysts:** Tesla unveiled a new Giga Laboratory showroom in China and signed a deal with Circuit. **Net Tilt:** Bullish.

**Earnings Estimate:** Analysts expect EPS of $3.03 for FY2023. **Net Tilt:** Neutral."
2023-06-13,18,"**Analyst Actions:** KGI Securities upgraded Tesla to ""Outperform"" (Bullish), while Morgan Stanley and Canaccord Genuity downgraded their price targets to $200 and $257 respectively (Bearish). Wolfe Research cut Tesla from ""Outperform"" to ""Peer Perform"" (Bearish).

**Revenue & Earnings:** Tesla reported a 24.4% YoY revenue increase (Bullish).

**Ownership Changes:** Llc and Veritas Investment Partners increased their stakes significantly (Bullish), while Ark Investment sold 393K shares (Bearish).

**Stock Performance:** Tesla shares are up 53% in the past month and traded up 2.2% today (Bullish).

**Product Updates:** A new feature for the Model 3 was revealed (Bullish).

**Net Tilt:** Mixed signals with a slight net bullish bias due to recent revenue growth and strong stock performance."
2023-06-14,25,"**Bearish Signals:**
- **Price Target Downgrades:** Deutsche Bank, Cowen, Goldman Sachs, and Mizuho all lowered their price targets on Tesla, indicating reduced expectations.
- **Insider Sales:** Kimbal Musk and Vaibhav Taneja sold shares, suggesting potential lack of confidence.
- **Executive Resignation Speculation:** Musk may step down as CEO, which could impact leadership stability.
- **Stock Loss:** Tesla shares fell 0.35% at close.

**Bullish Signals:**
- **Price Increases:** Tesla raised prices for the Model Y and Model S, signaling strong demand.
- **Production Updates & Facility Expansion:** Musk updated Tesla Semi production and announced a new Gigafactory in France.
- **Stock Gains:** Shares rose 2%, opening at $258.71.
- **Increased Ownership:** Several firms increased their Tesla holdings.

**Net Tilt:** Bearish due to multiple downgrades and insider sales outweighing positive price hikes and production updates."
2023-06-15,7,"**Price Target Upgrade:** RBC Capital upgraded Tesla’s price target to $305 from $212, bullish.

**Product Price Increase:** Tesla raised EV prices, potentially signaling higher margins but could dampen demand, mixed.

**Ownership Changes:** Geode Capital and Mackenzie Financial increased stakes by 3.4% and 6.8%, respectively, bullish. Altshuler Shaham sold 3,830 shares, bearish. Net ownership tilt slightly bullish.

**Stock Performance:** Tesla fell 3.26% to $248.43, bearish.

**Net Tilt:** Mixed, with some bullish signals from upgrades and increased ownership offset by price hikes and stock decline."
2023-06-16,28,"**Net Tilt: Bearish**

**Analyst Actions:**
- Tudor, Pickering, Holt & Co. downgraded Tesla to ""Sell"" (Bearish)
- Citigroup upgraded target price to $215.00 (Bullish)
- Canaccord Genuity Group downgraded target price to $257.00 (Bearish)

**Product/Catalysts:**
- Recall for over 1.1M vehicles (Bearish)
- Cybertruck unveiling delayed (Bearish)
- Increase in China sales (Bullish)
- Model 3 affordability boost in China (Bullish)

**Insider Activity:**
- SVP Andrew D. Baglino sold 10,500 shares (Bearish)

**Stock Performance:**
- Stock declined (Bearish)
- Stock gained 25% in June (Bullish)

**Earnings/Guidance:**
- Analysts expect EPS of 3.03 for FY (Neutral)

**Ownership Changes:**
- Various firms increased stakes (Bullish)
- National Pension Service purchased shares (Bullish)

**Conflicting Signals:** Bullish signals from product enhancements and ownership increases contrast with bearish analyst downgrades and product recalls. **NET TILT: Bearish** due to analyst downgrades and recalls outweighing positive factors."
2023-06-17,9,"**Price Target Upgrade:** Royal Bank of Canada upgraded Tesla’s price target from $212 to $305, bullish.

**Legal Setback:** A Belgian resident won a lawsuit against Tesla, bearish.

**Stock Performance:** Tesla shares gapped down to $256.79, bearish.

**Insider Sell:** SVP Xiaotong Zhu sold 2,500 shares, bearish.

**Partnerships:** Tesla partnered with Formula Electric Racing NUST team in Pakistan, bullish.

**Ownership Increases:** Ep Wealth Advisors and another firm increased stakes in Tesla, bullish.

**Net Tilt:** Mixed signals; slight net negative due to legal issues, insider sell, and price drop."
2023-06-18,8,"**Net Direction: Bearish**

- **Analyst Downgrades:** Goldman Sachs downgraded Tesla’s target price from $210.00 to $185.00; Wedbush lowered from $225.00 to $215.00; JPMorgan reduced from $120.00 to $115.00.
- **Insider Sell:** Tesla’s CAO Vaibhav Taneja sold 12,000 shares on June 9th.
- **Ownership Increases:** Vanguard, State Street, and FMR increased holdings, but these positive signals are outweighed by the downgrades and insider sell.

**Net Tilt:** Bearish due to multiple downgrades and insider selling despite some institutional buying."
2023-06-19,28,"**Analyst Actions:** Tudor Pickering downgraded Tesla to ""sell"" from ""hold,"" while KGI Securities upgraded it to ""outperform"" from ""neutral."" Deutsche Bank, Wells Fargo, Morgan Stanley, Mizuho, and Piper Sandler all lowered their price targets, indicating **bearish sentiment**.

**Price Targets:** Deutsche Bank lowered from $250 to $200, Wells Fargo from $190 to $170, Morgan Stanley from $220 to $200, Mizuho from $250 to $230, and Piper Sandler from $300 to $280, signaling **bearishness**.

**Product Release:** Tesla Cybertruck arrived in New Zealand, a **bullish** sign for global expansion.

**Insider Activity:** SVP Andrew D. Baglino sold 10,500 shares, indicating **bearishness**.

**Institutional Ownership:** Omega Financial Group invested $205,000, while multiple institutions increased holdings, showing mixed signals but leaning **slightly bullish**.

**EPS Forecast:** Analysts predict EPS of 3.03 for FY, neutral.

**Net Tilt:** **Bullish/Bearish Conflict**, with significant bearish analyst actions and insider selling, but some bullish institutional buying and product release."
2023-06-20,25,"**Net Direction: Bullish**

**Analyst Actions:**
- **Bullish:** Royal Bank of Canada upgraded price target from $212.00 to $305.00.
- **Bullish:** Citigroup raised price target from $175.00 to $215.00.
- **Bearish:** Canaccord Genuity downgraded target price from $275.00 to $257.00.

**Stock Performance:**
- **Bullish:** Tesla shares have surged over 40% in the last month, with recent gains pushing past key levels.

**Partnerships & Contracts:**
- **Bullish:** Rivian adopts Tesla’s EV technology, GM uses Tesla’s charging network.
- **Neutral:** Legal verdict against Tesla in Europe.

**Other Signals:**
- **Bearish:** Insider sale by SVP Xiaotong Zhu.
- **Bullish:** Increased ownership by institutional investors.
- **Neutral:** Upcoming facility expansion plans.

**Net Tilt:** Bullish due to strong analyst upgrades and significant stock gains outweighing bearish signals."
2023-06-21,39,"**Net Direction: Bearish**

**Analyst Actions:**
- Barclays downgraded Tesla to Equal Weight from Overweight, lowering the target price from $275 to $230.
- Wedbush reduced their price target from $225 to $215.
- JPMorgan lowered their target from $120 to $115.

**Supply and Demand:**
- Tesla’s deliveries increased 40%, but stock slipped post-earnings expectations.
- China sales tripled in three years, yet stock fell nearly 6%.

**Product and Market Expansion:**
- Tesla launching in India seen positively.
- Price cuts on multiple models noted.

**Insider Activity:**
- CFO Zachary Kirkhorn sold shares.

**Stock Performance:**
- Stock up 140% YTD, 49% in 30 days, but down 5.5% on June 21.

**Conflicting Signals:** Positive sales growth and market entry offset by negative analyst downgrades and insider selling. **NET Tilt: Bearish**."
2023-06-22,16,"**Analyst Actions:** Wells Fargo downgraded Tesla to a $170 price target from $190; Jefferies downgraded to Hold; Barclays downgraded to Equal Weight; Morgan Stanley downgraded but raised price target (bearish).

**Insider Activity:** CAO Vaibhav Taneja and SVP Andrew D. Baglino sold shares (bearish).

**Stock Performance:** Tesla stock slid 5.5%, closing at $251.23 (bearish).

**Supply/Catalysts:** Cybertruck production set to begin at Giga Texas (bullish).

**Ownership Changes:** Israel boosted holdings by 33.4%; Mackenzie Financial increased position by 6.8%; Atlas Private Wealth Advisors reduced holdings (mixed).

**Earnings Estimate:** Analysts predict EPS of $3.03 for FY (neutral).

**Net Tilt:** Bearish due to multiple downgrades and insider sales outweighing positive production news."
2023-06-23,28,"**Analyst Actions:** Tudor, Pickering, Holt & Co., DZ Bank, and Morgan Stanley downgraded Tesla to ""Sell"" or equivalent, while KGI Securities upgraded to ""Outperform."" Deutsche Bank lowered the price target to $200, DZ Bank to $200, and Cowen to $150. Royal Bank of Canada raised the target to $305. **Net Tilt:** Bearish.

**Stock Performance:** Tesla’s stock gained 110.8% YTD but fell 1.9% in morning trade, hitting an intraweek high of $279. **Net Tilt:** Mixed.

**Acquisitions:** Tesla acquired a German wireless charging firm. **Bullish.**

**Investments & Ownership Changes:** Tesla is investing in Karnataka. Multiple firms increased holdings, while one sold shares. **Net Tilt:** Slightly Bullish.

**Price Targets:** Analysts set the average price target at $203.15. **Bearish.**

**Net Signal:** **Bearish.**"
2023-06-24,11,"**Bearish Signals:**
- **Downgrade & Price Target Cut:** Canaccord Genuity downgraded Tesla to a hold rating and cut the target price from $275 to $257.
- **Rating Change:** Berenberg Bank lowered Tesla’s rating from buy to hold.
- **Stock Performance:** Tesla shares gapped down to $259.46.
- **Insider Sell:** SVP Xiaotong Zhu sold 2,500 shares.
- **Sell-off by Major Investor:** ARK Invest sold 27,841 shares.

**Bullish Signals:**
- **Market Expansion:** Tesla expanding into India.
- **Increased Ownership:** Multiple large investors increased their positions in Tesla, including Vanguard, State Street, Geode Capital, FMR LLC, and another unnamed LLC.

**Net Tilt:** Bearish due to multiple downgrades and insider/sales by major investors outweighing bullish market expansion news."
2023-06-25,13,"**Analyst Actions:** Citigroup upgraded Tesla’s price target to $215.00 from $175.00 (Bullish). Mizuho downgraded the price target to $230.00 from $250.00 (Bearish). Morgan Stanley downgraded Tesla from “overweight” to “equal weight” (Bearish). Wedbush cut their price target to $215.00 from $225.00 (Bearish).

**Ownership Changes:** Alpha Paradigm Partners LLC, MD, and another firm increased stakes (Bullish). Chartwell Investment Partners LLC sold shares (Bearish). Shulman DeMeo Asset Management LLC purchased shares (Bullish).

**Net Tilt:** Mixed signals with more bearish analyst actions but some bullish ownership increases.

**Earnings & Guidance:** Analysts predict EPS of 3.03 for the current year (Neutral). Q2 2022 deliveries were nearly 255,000 vehicles (Neutral).

**Net Tilt:** Bearish on analyst actions, mixed on ownership changes."
2023-06-26,52,"**Analyst Actions:** Tudor Pickering downgraded Tesla to ""sell"" from ""hold""; Goldman Sachs downgraded to ""neutral"" from ""buy."" Wells Fargo cut the price target to $170 from $190; Goldman Sachs lowered to $185 from $248. Positive upgrades came from KGI Securities to ""outperform"" and Deutsche Bank to $230 from $200. Bank of America raised to $225 from $220.

**Financial Performance:** Tesla sales soared, but shares fell in premarket trading. Insiders Kimbal Musk, Andrew D. Baglino, and Zachary Kirkhorn sold shares.

**Product/Catalysts:** Tesla recalled Model 3 and Model Y vehicles. Ford will use Tesla’s charging network. 

**Net Tilt:** Bearish due to multiple downgrades and price target cuts outweighing positive upgrades."
2023-06-27,26,"**Price Target Adjustments:** Royal Bank of Canada upgraded Tesla’s price target to $305 from $212 (Bullish). Guggenheim raised its target from $105 to $112 (Bullish). JPMorgan downgraded its target from $120 to $115 (Bearish).

**Analyst Ratings:** Wolfe Research downgraded Tesla from Outperform to Peer Perform (Bearish). Needham maintained a Hold rating (Neutral).

**Product Updates:** New Cybertruck videos highlight feature enhancements (Bullish). Volvo adopts Tesla chargers (Bullish).

**Ownership Changes:** Multiple large investors increased holdings (Bullish). SVP Zhu sold shares (Bearish).

**Market Performance:** Shares gained post-earnings (Bullish). Pre-market trading saw a 1.4% drop (Bearish).

**Net Tilt:** Mixed signals; slight Bullish bias due to upgrades and product news outweighing downgrades and insider sell."
2023-06-28,13,"**Revenue & Sales:** Bullish; Tesla’s China sales are rising.

**Analyst Actions:** Bearish; Morgan Stanley downgraded Tesla from “overweight” to “equal weight,” and Wedbush lowered the target price from $225 to $215.

**Partnerships:** Bullish; Volvo Cars partnered with Tesla.

**Ownership Increases:** Neutral; multiple firms increased holdings in Tesla, but this is offset by analyst downgrades.

**Stock Performance:** Mixed; Tesla shares rose 3% to $248.33 despite negative analyst ratings."
2023-06-29,8,"**Price Target Upgrade:** Guggenheim upgraded Tesla’s target price from $105.00 to $112.00, bullish.

**Partnerships & Agreements:** Volvo and Polestar signed agreements with Tesla, indicating growing partnerships, bullish.

**Stock Performance:** Tesla hit a new all-time high, very bullish.

**Ownership Changes:** Llc and System significantly increased holdings in Tesla (97.7% and 197.4%, respectively), while Ark Investment reduced holdings by selling 28.4K shares, mixed but net slightly bullish due to larger increases.

**Net Tilt:** Bullish."
2023-06-30,14,"**Analyst Actions:** DZ Bank downgraded Tesla from ""buy"" to ""sell,"" while Royal Bank of Canada and Citigroup upgraded price targets to $305.00 and $215.00 respectively (bearish signal from DZ Bank, bullish signals from RBC and Citi).

**Partnerships:** Tesla partnered with Polestar and Northland Workforce Training Center (neutral to slightly positive).

**Insider Activity:** SVP Andrew D. Baglino sold 10,500 shares (bearish).

**Ownership Changes:** Nordea Investment Management reduced holdings, while another entity increased stake (mixed signals, net slightly negative).

**Supply Update:** Tesla increasing Texas Model Y production (bullish).

**Earnings Estimate:** Analysts predict EPS of 2.91 for FY (neutral).

**Net Tilt:** Mixed signals, but overall slightly negative due to downgrade and insider sell."
2023-07-01,9,"**Stock Performance:** Bullish; Tesla’s stock has surged 109% in 2023.

**Product Launches & Price Cuts:** Bearish; Tesla introduced Model S and Model X for China but simultaneously cut prices across multiple markets, including Australia and China, with reductions exceeding 4.5% for the Model Y and Model S.

**Revenue Guidance:** Neutral; Tesla expects to report sales of around 448,350 cars in Q2, inline with expectations.

**Net Tilt:** Mixed signals with strong stock performance offset by price cuts indicating potential demand concerns."
2023-07-02,28,"**Supply Increase & Revenue Growth:** Bullish. Tesla’s production and deliveries surged 85.5% and 83%, respectively, exceeding revenue expectations. New factories will further boost production.

**Earnings Beat:** Bullish. Tesla beat EPS estimates in Q2, though operating margins fell to 11.4% from 19.2%.

**Analyst Downgrades & Price Target Cut:** Bearish. Goldman Sachs downgraded Tesla to Neutral, while Wedbush lowered the price target to $215.00. Barclays also cut the rating from Overweight to Equal Weight.

**Price Cuts & Insider Sell:** Bearish. Tesla reduced prices on several models, and CAO Vaibhav Taneja sold shares.

**Net Tilt:** Mixed, but slightly **Bullish** due to strong revenue and delivery growth despite analyst downgrades and price cuts."
2023-07-03,68,"**Bullish Signals:**
- **Price Target Upgrades:** Truist ($240→$275), Goldman Sachs ($248→$275), Canaccord ($257→$293), Deutsche Bank ($200→$230→$270), Citigroup ($175→$215).
- **Revenue Surges:** Q2 sales up 83%, record sales in Q2.
- **Earnings Beat:** Delivery estimates and expectations exceeded.
- **Market Share Gain:** Tesla continues to gain market share.

**Bearish Signals:**
- **Price Target Downgrade:** Piper Sandler ($300→$280).
- **Analyst Downgrades:** Goldman Sachs and Morgan Stanley downgraded Tesla.
- **Market Share Loss:** Expected significant loss in EV market share.
- **Product Price Cuts:** Multiple price reductions in China and globally.
- **Insider Sell:** SVP Andrew D. Baglino sold shares.

**Net Tilt:** Mixed signals suggest caution but overall bullish bias due to multiple upgrades and strong revenue/earnings performance."
2023-07-04,36,"**Analyst Actions:** Bearish tilt. Tudor Pickering, DZ Bank, Morgan Stanley, and Jefferies downgraded Tesla to sell or hold. Wells Fargo cut the price target to $170.00. Mizuho reduced the target to $230.00. Positive: Royal Bank of Canada raised the target to $305.00, Goldman Sachs to $275.00, Guggenheim to $112.00, and JPMorgan to $120.00.

**Revenue & Volume:** Bullish. Q2 deliveries surged 83%. June sales of China-made EVs jumped 18.72%.

**Ownership Changes:** Mixed. Multiple institutions increased stakes, while Walkner Condon Financial Advisors LLC sold shares.

**Price Movements:** Bullish. Tesla shares traded at $279.03, up 7% from previous close.

**Insider Activity:** Bearish. CFO Zachary Kirkhorn sold 3,751 shares.

**Net Tilt:** Neutral to slightly bullish due to strong revenue growth and mixed analyst sentiment."
2023-07-05,13,"**Revenue & Production:** Bullish. Tesla reported record sales and increased production in Q2.

**Acquisition:** Neutral. Mention of past acquisition of SolarCity in 2016.

**Partnerships & Market Entry:** Bullish. Partnership discussions and expansion into South Texas.

**Price Cuts:** Bearish. Multiple reports of price cuts in Japan for Model 3 and Model Y.

**Hirings:** Bullish. Tesla hiring test drivers.

**Stakeholder Actions:** Neutral. Personal investment history mentioned.

**Net Tilt:** Bearish due to multiple price cut signals outweighing other positive indicators."
2023-07-06,19,"**Bullish Signals:**
- **Revenue Growth:** Sales in China were strong, and overall Q2 sales showed a bump.
- **Analyst Upgrades:** BofA raised price target to $300 from $225; CFRA raised to $310 from $300.
- **Production Ramp-Up:** Tesla is increasing production.

**Bearish Signals:**
- **Price Cuts:** Tesla slashed prices on Model 3 and Model Y.
- **Demand Dip:** Model 3 demand has significantly decreased.
- **Negative Event:** A fatal crash involving a Tesla vehicle.
- **Sell-off:** Ark Investment sold 28.3K shares.

**Net Tilt:** Mixed signals suggest caution."
2023-07-07,45,"**Analyst Actions:** Tudor, Pickering, Holt & Co. downgraded Tesla to Sell; Piper Sandler cut target from $300 to $280; Mizuho reduced target from $250 to $230. Bullish: Truist, Royal Bank of Canada, Mizuho, Canaccord Genuity, Citigroup, Goldman Sachs, Bank of America, JPMorgan raised targets.

**Product Changes:** Model Y price cut by 10%; FSD release expected by end of 2023; global referral program launched; discounts added to referral program. Bearish: Layoffs announced in Shanghai.

**Supply/Production:** Increased car production; battery workforce cuts in Shanghai.

**Regulatory/Catalysts:** NHTSA reopens investigation; insider sales by executives; new business contract with Mercedes.

**Ownership Trends:** Multiple institutions increased holdings; some reduced positions.

**Net Tilt:** Mixed signals; analyst downgrades and price cuts are bearish, while upgrades and product launches are bullish."
2023-07-08,15,"**Analyst Actions:** Bearish (Cowen downgraded price target from $170 to $150); Bullish (Guggenheim upgraded from $105 to $112, Deutsche Bank from $260 to $270).

**Partnerships & Contracts:** Bullish (Mercedes-Benz adopting Tesla’s EV tech).

**Insider Sales:** Bearish (CFO sold $1.05M, CAO sold 3,181 shares).

**Institutional Ownership:** Mixed (Na, System, Geode Capital, Fmr LLC increased holdings).

**Net Tilt:** Neutral to Slightly Bearish due to conflicting signals but leaning towards bearish due to recent insider sales and downgrade."
2023-07-09,7,"**Price Target Adjustments:** Wells Fargo downgraded Tesla’s target price to $170 from $190 (bearish). Bank of America upgraded Tesla’s target price to $300 from $225 (bullish).

**Ownership Changes:** Mackenzie Financial Corp increased its stake by 6.8% (bullish). Inc. and Linden Thomas Advisory Services LLC acquired new stakes (bullish). Bank Hapoalim BM also invested $258,000 (bullish).

**Earnings Update:** Tesla reported Q1 earnings on April 19th (neutral).

**Net Tilt:** Mixed signals with net bullish bias due to multiple ownership increases and upgrades."
2023-07-10,25,"**Bullish Signals:**
- **Analyst Upgrades:** KGI Securities upgraded Tesla from ""neutral"" to ""outperform""; multiple firms raised price targets: Truist to $240, Jefferies to $265, Mizuho to $300, Citigroup to $215, Canaccord Genuity to $293.
- **Regulatory Approval:** Mexican authorities to issue final permits for Tesla.
- **Product Launch:** Tesla’s humanoid robot Optimus debuted in the US.
- **Revenue Growth:** Tesla China sales up 20.6%.
- **Investor Sentiment:** Multiple institutions increased holdings in Tesla.

**Bearish Signals:**
- **Price Target Downgrade:** Wedbush cut target price from $225 to $215.
- **Insider Sell:** CFO Zachary Kirkhorn sold 3,750 shares.

**Net Tilt:** Bullish, with strong analyst upgrades and positive product developments outweighing the single downgrade and insider sell."
2023-07-11,31,"**Analyst Actions:** Tudor Pickering downgraded Tesla to ""sell"" (bearish). However, Royal Bank of Canada, Jefferies, Bank of America, Goldman Sachs, Guggenheim, and JPMorgan upgraded their price targets (bullish). Cowen downgraded their price target (bearish). **Insider Sales:** SVPs Zhu and Baglino sold shares (bearish). **Settlements:** Tesla settled multiple lawsuits for $6 million each (neutral). **Price Increases:** Tesla raised prices for products (bullish). **Ownership Changes:** Multiple firms increased holdings (bullish). **Stock Performance:** Tesla traded lower but opened higher (mixed). **Net Tilt:** Mixed signals with slight bullish bias due to multiple upgrades outweighing the downgrade."
2023-07-12,14,"**Market Share & Ownership:** Bullish. Pinnacle Financial Partners and Williams Inc. increased their stakes in Tesla, indicating confidence.

**Price Target & Analyst Actions:** Bullish. Citigroup upgraded Tesla’s price target to $278.00.

**Product Pricing & Enhancements:** Mixed. Tesla cut prices on Model Y and Model 3 but also updated Model 3 and entered the British energy market. 

**Insider Activity:** Bearish. Tesla CAO Vaibhav Taneja sold 4,000 shares.

**Earnings Outlook:** Neutral. Expected EPS of $0.67 for Q1 2023, with earnings release on July 19.

**Net Tilt:** Net bullish due to positive ownership trends and analyst upgrades outweighing insider selling."
2023-07-13,22,"**Net Tilt: Bearish**

**Analyst Actions:** Wells Fargo downgraded Tesla’s target price from $190 to $170; Piper Sandler lowered it from $300 to $280. Deutsche Bank upgraded from $260 to $270. **(Bearish)**

**Product Launches:** Tesla launching new AI, Cybertruck, and an electric quad bike in China. **(Bullish)**

**Supply Changes:** Production ramping up; plans to produce 500K vehicles/year. **(Bullish)**

**Price Adjustments:** Aggressive price cuts on cars. **(Bearish)**

**Facility Updates:** Setting up an EV factory in India. **(Bullish)**

**Ownership Changes:** Insider selling; Ark Investment sold shares. **(Bearish)**

**Earnings Guidance:** Q2 EPS expected to grow 8%. **(Bullish)**

**Consensus Rating:** Hold recommendation. **(Neutral)**"
2023-07-14,13,"**Revenue Growth & Product Expansion (Bullish):** Tesla’s Model 3 sales grew, driving an 8% QoQ revenue expansion. The company is launching in Malaysia and selling the Model Y in South Korea, indicating continued global market penetration.

**Market Share Decline (Bearish):** Tesla’s U.S. EV market share dropped to 59% in Q2, suggesting increased competition.

**Facility & Market Entry (Bullish):** Plans to open a HQ in Malaysia and possibly a factory in India signal strategic expansion.

**Ownership & Analyst Actions (Mixed):** Forvis Wealth Advisors reduced holdings, while analysts expect EPS of $2.96 for FY2023. No specific analyst upgrades/downgrades noted.

**Earnings Preview (Neutral):** Tesla reports Q2 earnings on July 19, with no earnings surprises mentioned yet."
2023-07-15,13,"**Bullish Signals:**
- **Price Target Upgrades:** Truist raised PT from $154 to $240; Mizuho from $230 to $300; Bank of America from $225 to $300.
- **Production Increase:** Tesla plans to ramp up production.
- **Product Launch:** Cybertruck production has started two years ahead of schedule.

**Bearish Signals:**
- **Insider Sales:** SVP Andrew D. Baglino sold 10,500 shares; CFO Zachary Kirkhorn sold 3,751 shares.
- **Stock Price Drop:** TSLA fell 9.8%.

**Net Tilt:** Mixed signals with slight bullish bias due to multiple upgrades and production increases outweighing insider sales and stock drop."
2023-07-16,13,"**Bullish Signals:**
- **Price Target Upgrades:** Citigroup upgraded Tesla’s price target from $215.00 to $278.00; Guggenheim raised it from $105.00 to $112.00.
- **Product Launches:** Tesla unveiled its first electric pickup and a new car model.
- **Ownership Increases:** LLC increased holdings by 451.9%, and Inc. increased by 1.2%.

**Bearish Signals:**
- **Ownership Decrease:** Mi sold 491 shares of Tesla.

**Neutral Signals:**
- **Earnings Release:** Tesla will release Q2 earnings on July 19, with the Cybertruck build announcement preceding it.
- **Analyst Target Price:** Analysts set Tesla’s target price at $219.16.

**Net Tilt:** Bullish due to multiple upgrades and product launches outweighing the single ownership decrease."
2023-07-17,79,"**Price Target Upgrades:** Wells Fargo upgraded to $265.00, Jefferies to $265.00, Baird to $300.00 (Bullish).

**Price Target Downgrades:** Wells Fargo downgraded to $170.00, Piper Sandler to $280.00, Wedbush to $215.00 (Bearish).

**Earnings:** EPS expected to increase to $0.82, reported $0.85 (Bullish). Operating margins missed expectations (Bearish).

**Legal Issues:** Patent infringement claims by Cap XX, Tesla sues Cap-XX and Tornetta (Neutral).

**Product Releases:** Cybertruck production ongoing (Bullish).

**Regulatory:** SEC investigation into Tesla over Twitter (Bearish).

**Net Tilt:** Mixed signals with slight net bullish bias due to multiple upgrades and positive EPS outlook."
2023-07-18,65,"**Revenue & Earnings:** Bullish. Tesla’s Q2 revenues are expected to exceed consensus, rising over 43% YoY to $24.5B, and deliveries beat estimates.

**Analyst Actions:** Mixed. KGI Securities upgraded Tesla to Outperform, while TD Cowen downgraded it to $150. Other upgrades include RBC ($305), Canaccord ($293), and Goldman Sachs ($275).

**Product Releases:** Bullish. Multiple product launches including Cybertruck availability, Model Y in Shanghai, and an electric quad bike in China.

**Regulatory Investigations:** Bearish. Multiple investigations into fatal crashes and Autopilot, including from NHTSA and the US Justice Department.

**Net Tilt:** Bullish, driven by strong revenue expectations and product launches outweighing regulatory concerns."
2023-07-19,100,"**Earnings:** Tesla Q2 EPS of $0.91 beat estimates by $0.09, with revenue surging 83%. However, profitability shrank, and operating margins fell. **Mixed (Bullish/Earnings, Bearish/Margins)**.

**Analyst Actions:** Tudor, Pickering downgraded Tesla to Sell from Hold; Hsieh upgraded to Buy from Neutral; Mizuho raised PT to $300 from $230. **Net Bullish**.

**Revenue & Delivery:** Q2 deliveries surged 83%, and revenue soared, beating expectations. **Bullish**.

**Price Cuts & Costs:** Tesla cut prices by up to 20%, indicating cost pressures. **Bearish**.

**Stock Performance:** Stock gained 58% in three months but fell sharply in 2022. **Mixed (Bullish/Recent, Bearish/Past)**.

**Other:** Patent lawsuit filed against an Australian company; Model Y release in 2020; Nissan to adopt Tesla EV technology. **Neutral**."
2023-07-20,115,"**Morningstar downgrades Tesla to Sell from Hold, citing concerns.** (Bearish)

**Production increases by 80%, but multiple product recalls affect sentiment.** (Mixed)
- **Bullish:** Production increase.
- **Bearish:** Recalls for nearly 16,000 vehicles due to seat belt issues.

**Earnings beat expectations despite profit decline.** (Mixed)
- **Bullish:** Beat EPS estimates with $0.91.
- **Bearish:** Profit margins bottomed out, Q2 earnings miss.

**Price targets raised by Guggenheim ($125), Wedbush ($350), and Deutsche Bank ($300).** (Bullish)

**Stock gains significantly in 2023, up 136%.** (Bullish)

**Revenue growth noted, particularly in China.** (Bullish)

**Goldman Sachs downgrades Tesla stock.** (Bearish)

**Cybertruck launch expected by year-end, EU production boost eyed.** (Bullish)

**Net Tilt:** Mixed, with significant analyst actions and conflicting signals."
2023-07-21,24,"**Bullish Signals:**
- **Revenue Growth:** Q2 revenue up 47.2%.
- **Price Target Upgrades:** Wells Fargo upgraded to $265.00, Jefferies to $265.00, TD Cowen to $200.00.
- **Product Launches:** Preparing to launch two new models, unveiling Cybertruck, entering Malaysia.
- **Ownership Increase:** MD and LLC increased stakes significantly.

**Bearish Signals:**
- **Earnings Miss:** Post-earnings plunge.
- **Stock Decline:** Shares fell nearly 10%, closing down 9.7% to $262.90.
- **Regulatory Investigation:** SEC investigating Elon Musk and Tesla.
- **Stock Loss Opinions:** Multiple articles citing reasons for stock drop.

**Net Tilt:** Mixed, but slightly bearish due to significant stock decline and regulatory issues overshadowing positive analyst upgrades and product launches."
2023-07-22,28,"**Analyst Actions:** Tudor Pickering downgraded Tesla to Sell (bearish). However, multiple firms upgraded price targets: Truist to $240, RBC to $305, Citigroup to $278, Bank of America to $300, Canaccord to $293, Mizuho to $330, and Robert W. Baird to $300 (bullish).

**Stock Performance:** Shares gapped down to $291.26 but have seen significant gains (mixed).

**Regulatory & Legal:** Elizabeth Warren requests SEC investigation into Tesla (bearish).

**Insider Activity:** CAO Vaibhav Taneja sold 12,000 shares (bearish).

**Ownership Changes:** Multiple institutions increased holdings significantly (bullish).

**Product Release:** Potential for new model introduction (neutral to bullish).

**Net Tilt:** Mixed signals with net bullish bias due to numerous price target upgrades and institutional buying."
2023-07-23,11,"**Bullish Signals:**
- Goldman Sachs upgraded Tesla’s price target to $275 from $248.
- Q2 EPS was $0.65 vs. expectations.
- Revenue beat estimates at $24.93B vs. $24.22B.
- State Street, Geode Capital, and FMR increased holdings.

**Bearish Signals:**
- Morgan Stanley downgraded Tesla to equal weight from overweight.
- Tesla expects production to dip.
- Stock fell in after-hours trading.
- NHTSA opened a third special investigation.
- Settlement claims against Tesla.

**Net Tilt:** Mixed, but slightly **bearish** due to production dip, regulatory issues, and stock decline."
2023-07-24,38,"**Bullish Signals:**
- KGI Securities upgraded Tesla to Outperform.
- Jefferies raised PT to $265 from $185.
- Guggenheim raised PT to $125 from $112.
- Tesla beat Q2 EPS and revenue estimates.
- Revenue grew 47.2% YoY.
- Wedbush increased Q3 EPS estimates.

**Bearish Signals:**
- Piper Sandler cut PT to $280 from $300.
- UBS downgraded Tesla to Neutral.
- Tesla recalled Model S.
- Cybertruck demand described as ""off.""
- Stock fell 9.7% NYSE, 1.02% premarket, 1.18% intraday.

**Net Tilt:** Mixed, with slightly more bullish signals."
2023-07-25,23,"**Bullish Signals:**
- **Earnings Beat:** Tesla posted earnings above expectations.
- **Price Target Upgrades:** Td Cowen upgraded from $150 to $200; Mizuho from $300 to $330; Truist Financial from $240 to $254.
- **Revenue Growth:** Revenues up ~7%.
- **Management Buy-In:** Both management and LLC increased stakes.

**Bearish Signals:**
- **Product Recalls:** Multiple recalls due to camera and steering wheel issues.
- **Market Share Decline:** Market share dropped.
- **Stock Dip:** Shares dipped post-earnings.
- **R&D Costs Jumped:** R&D costs rose to $943 million.
- **Price Cuts:** Price reductions implemented.
- **Demand Slump:** Reported weak demand.
- **Sell Rating Reiterated:** Analysts reiterated a sell rating.

**Net Tilt:** Mixed, but slightly bearish due to multiple recall issues, declining market share, and weak demand despite earnings beat and upgrades."
2023-07-26,15,"**Price Target Upgrade:** Citigroup upgraded Tesla’s price target from $215.00 to $278.00 (Bullish).

**Earnings & Revenue:** Tesla’s profitability is declining (Bearish); however, it outsold Toyota in California (Bullish).

**Product Recalls:** Tesla initiated a recall for 1,337 Model SXY vehicles (Bearish).

**Regulatory Issues:** California AG is investigating Tesla’s Autopilot (Bearish).

**Embargo:** Elon Musk’s X.com is blocked in Indonesia (Bearish).

**Stock Performance:** Shares edged higher despite negative signals (Mixed).

**Facility Expansion:** Tesla plans to open new showrooms (Bullish).

**Ownership Increase:** Na increased its Tesla holdings by 87.8% (Bullish).

**Net Tilt:** Mixed, with significant bearish regulatory and recall concerns offset by bullish analyst upgrades and expanding retail presence."
2023-07-27,14,"**Net Tilt: Bearish**

**Analyst Actions & Price Targets:**
- **Bearish:** Wedbush upgraded target from $300 to $350; UBS downgraded Tesla.
- **Bearish:** Barclays downgraded Tesla from overweight to equal weight.

**Product & Facility News:**
- **Bearish:** Tesla charger launch delayed.
- **Bullish:** Tesla opening new showroom in Connecticut.

**Regulatory & Legal Issues:**
- **Bearish:** California AG probing Tesla; NHTSA investigating Autopilot crashes; Twitter blocked in Indonesia.

**Insider Trading:**
- **Bearish:** CFO Zachary Kirkhorn sold shares.

**Stock Performance:**
- **Mixed:** Stock drop reported; also noted as higher over unspecified reason."
2023-07-28,5,"**Earnings:** Tesla reported lower EPS at $0.67, missing estimates. **Bearish.**

**Market Access:** China barred Tesla cars from government procurement lists. **Bearish.**

**Expansion:** Tesla is expanding its Supercharger network and opening new showrooms/service centers in The Woodlands and Flower Mound. **Bullish.**

**Net Tilt:** Mixed signals with significant bearish pressure from earnings miss and market access issues, offset slightly by positive expansion news. **Net Bearish.**"
2023-07-29,5,"**Earnings:** Bullish. Tesla reported Q2 net income of $2.7 billion, beating expectations.

**Product Recall:** Bearish. Tesla recalled 19,697 Model S vehicles in China and 3 models overall, potentially impacting brand reputation and costs.

**Supply/Demand:** Neutral. Tesla delivered 466,000 EVs in Q2, up 83% YoY, indicating strong demand.

**Revenue:** Neutral. Revenue was $24.9 billion in Q2, inline with expectations.

**Net Tilt:** Mixed. Positive earnings offset by recall concerns."
2023-07-30,10,"**Revenue Growth:** Bullish; Tesla reported Q2 revenue up 47.2%.  
**Analyst Upgrades:** Bullish; KGI Securities upgraded Tesla to ""outperform"" and RBC raised PT to $305 from $212.  
**Insider Sell:** Bearish; SVP Andrew D. Baglino sold 10,500 shares.  
**Ownership Trends:** Mixed; management increased stake in Q4, while LLC boosted holdings by 135.7% in Q1.  
**Price Target Reaffirmation:** Neutral; Morgan Stanley maintained ""equal weight"" with a $250 PT.  
**Earnings Guidance:** Neutral; analysts predict FY EPS of 2.93.  
**Net Tilt:** Net bullish due to strong revenue growth and analyst upgrades outweighing insider sell."
2023-07-31,14,"**Price Target Upgrades:** Jefferies raised PT to $265 from $185; Guggenheim raised PT to $125 from $112 (Bullish).

**Product Price Cuts:** Tesla cutting prices on Model 3 and Model Y globally, including a drop to 388,000 yuan in Hong Kong (Bearish).

**Acquisitions & Contracts:** Uber purchasing 100 Teslas; Tesla acquiring wireless business (Bullish).

**Ownership Changes:** Agf Management Ltd. reduced holdings by 29.5%; Tesla planning to sell shares (Bearish).

**Facility Openings & Deployments:** Opening regional hub in Providence; deploying Model Y vehicles (Bullish).

**Stock Movement:** TSLA fell about 12% after opening at $266.44 (Bearish).

**Net Tilt:** Mixed signals with significant price cuts and share sales offsetting positive analyst upgrades and new contracts. **NET TILT: Bearish.**"
2023-08-01,20,"**Price Target Upgrades:** Canaccord Genuity raised its price target from $257.00 to $293.00; Truist Financial increased its target from $240.00 to $254.00 (Bullish).

**Product Recall:** Tesla issued a voluntary recall for over 1,300 Model S vehicles (Bearish).

**Regulatory Investigations:** Multiple reports indicate a US regulator probe into Tesla’s cars, specifically Model 3 and Model Y (Bearish).

**Demand Increase:** Reports suggest strong Tesla orders extending to October 2023 (Bullish).

**Ownership Increases:** Several institutions significantly increased their Tesla holdings (Bullish).

**Stock Performance:** Tesla stock fell 2.25% in afternoon trading, down 4% over the past month (Bearish).

**Net Tilt:** Mixed signals with significant regulatory risks but positive analyst upgrades and strong demand."
2023-08-02,10,"**Price Target Upgrades:** Td Cowen raised price target from $150 to $200; Deutsche Bank raised from $260 to $270 (Bullish).

**Product Recall:** Voluntary recall of some Model S and Model X vehicles (Bearish).

**Legal & Regulatory Issues:** Employees face trial; federal investigation ongoing (Bearish).

**Business Contracts:** Signed 5-year office lease in Pune (Bullish).

**Ownership Changes:** Morgan Stanley increased position by 26.3%; Renaissance Technologies increased by 243,115.5%. Achmea sold shares (Mixed).

**Net Tilt:** Mixed signals with slight bullish bias due to multiple upgrades and new contracts."
2023-08-03,30,"**Price Target Upgrades:** Baird raised PT from $252 to $300; JPMorgan raised PT from $115 to $120 (Bullish).

**Supply/Production:** Deliveries surged 83%; production expected to increase (Bullish). 

**Revenue/Earnings:** Q2 revenue up 47.2%, but July sales fell (Bearish). 

**Legal Issues:** Multiple lawsuits and regulatory scrutiny (Bearish). 

**Insider Activity:** Executives selling stock (Bearish). 

**Sanctions/Fines:** South Korea fined Tesla $2.2M (Bearish). 

**Product Pricing:** Price cuts initiated (Bearish). 

**Net Tilt:** Mixed signals with some bullish supply and revenue growth offset by bearish legal issues, insider selling, and revenue declines."
2023-08-04,4,"**Product Review:** Positive review of the Tesla Model Y indicates strong consumer satisfaction, **bullish**.

**Product Recall:** Tesla recalls Model S in China due to potential safety issues, **bearish**.

**Acquisition:** Tesla completes acquisition of wireless charging company Wiferion, enhancing tech capabilities, **bullish**.

**Investment:** Continued investment in cutting-edge technology suggests focus on innovation, **bullish**.

**Net Tilt:** Mixed signals but overall **slightly bullish** due to positive product review and strategic acquisitions."
2023-08-05,4,"**Tesla (TSLA) Daily Brief for 2023-08-06**

- **Revenue & Volume Down**: Bullish signal muted; Tesla China sales sagged, indicating potential demand weakness (bearish).
- **Market Expansion**: Bullish; expected to expand operations to India, signaling growth opportunities.
- **Product Release**: Bullish; Model Y introduction in Japan suggests continued global market penetration.
- **Partnership**: Neutral; partnership with Chinese suppliers for Mexican operations indicates supply chain diversification but no clear impact on near-term financials.

**Net Tilt**: Mixed, with some bullish signals offsetting bearish ones."
2023-08-06,9,"**Bullish Signals:**
- **Price Target Upgrades:** Bank of America raised PT from $225 to $300; Guggenheim from $112 to $125; Mizuho from $300 to $330; Deutsche Bank from $260 to $270.
- **Partnership:** Tesla partnered with Pepsi.
- **Ownership Increases:** Na increased holdings by 87.8%; Inc. increased holdings by 4.8%.

**Bearish Signals:**
- **Insider Sell:** SVP Xiaotong Zhu sold 2,500 shares.

**Net Tilt:** Bullish due to multiple upgrades and partnerships outweighing the insider sell.

**Neutral Signal:**
- **Earnings Estimate:** Analysts predict EPS of $2.95 for FY.

**Action:** Consider BUY based on strong analyst support and strategic partnership."
2023-08-07,78,"**Bullish Signals:**
- **Price Target Upgrades:** Citigroup raised PT from $215 to $278; Canaccord Genuity from $257 to $293; Robert W. Baird from $252 to $300.
- **Earnings Positive:** Q2 EPS of 91 cents, first quarterly profit.
- **Stock Performance:** Shares up over 100% YTD.
- **Acquisitions:** Tesla acquired SolarCity for $2.6B and a German wireless charging company.

**Bearish Signals:**
- **Executive Resignations:** CFO Zachary Kirkhorn stepped down after 13 years.
- **New CFO Appointment:** Vaibhav Taneja named as new CFO.

**Net Tilt:** Mixed, but slightly bullish due to multiple upgrades and strong earnings performance."
2023-08-08,19,"**Executive Changes:** Bearish - Tesla’s CFO Kirkhorn resigned after 13 years, replaced by Taneja, who joined via the $2.6B SolarCity acquisition in 2017.

**Product Release:** Bullish - Tesla is set to release the highly anticipated Cybertruck.

**Stock Performance:** Mixed - Stock price soared but later fell along with Nikola and Nio shares.

**Acquisition:** Neutral - Tesla acquired SolarCity for $2.6B in 2017.

**Earnings:** Neutral - Earnings report released in July, no specific details provided.

NET TILT: Mixed, with significant bearish signals from executive changes and stock performance."
2023-08-09,12,"**Price Target Upgrades:** Wedbush raised price target from $300 to $350; Mizuho from $300 to $330; Truist from $240 to $254 (Bullish).

**Product Recall:** Tesla recalling Model S and Model X (Bearish).

**Executive Appointments:** Tesla appointing new executives (Neutral/Bullish).

**Stock Performance:** Tesla stock fell for fourth consecutive day (Bearish).

**Insider Sell:** Tesla CFO Vaibhav Taneja sold 4,000 shares (Bearish).

**Investments & Partnerships:** Tesla investing in Nevada Gigafactory; Rivian collaboration announced (Bullish).

**Ownership Changes:** Llc increased stake by 451.9%; Volex chosen to supply US charging network (Bullish).

**Net Tilt:** Mixed signals; slight net bullish bias due to multiple upgrades and investments."
2023-08-10,22,"**Bullish Signals:**
- **Price Target Upgrades:** Royal Bank of Canada raised PT to $305.00, Goldman Sachs to $275.00, and Guggenheim to $125.00.
- **Stock Performance:** Tesla’s stock surged over 100%.
- **Executive Appointments:** Tesla appointed Vaibhav Taneja as CFO and Michael Hildebrand as Gigafactory Director of Operations.
- **Partnership:** Tesla selected Volex as licensed partner.

**Bearish Signals:**
- **Regulatory Investigations:** U.S. government investigating fatal Tesla Model Y accident, potential seat belt issues.
- **Legal Issues:** Sued for trademark infringement.
- **Executive Departure:** CFO Zach Kirkhorn is leaving.
- **Insider Sell:** SVP Andrew D. Baglino sold shares.

**Net Tilt:** Mixed signals suggest caution; regulatory scrutiny and executive turnover could weigh on sentiment despite strong analyst upgrades and stock performance."
2023-08-11,9,"**Earnings:** Bullish. Tesla reported EPS of $0.61, beating expectations.

**Product Launches:** Mixed. Bullish: Debut in Malaysia, preparing to unveil Model 3. Bearish: Model 3 discontinuation on Aug 14th.

**Investments:** Bullish. Significant investments in Southeast Asia, particularly Malaysia.

**Regulatory:** Bearish. NHTSA opens special probe into fatal Tesla incident.

**Facility Upgrades:** Bullish. Plans to expand Berlin factory.

**Ownership Changes:** Bearish. Ark Investment sold 76K shares.

**Net Tilt:** Neutral with slight bullish bias due to earnings beat, new market entry, and expansion plans outweighing product discontinuation and regulatory concerns."
2023-08-12,5,"**Executive Resignation:** Bearish. Tesla’s CFO Kirkhorn resigned after 13 years, signaling potential internal issues.

**Safety Incident:** Bearish. A fatal shooting occurred at a Tesla charging station, raising concerns about safety and public perception.

**Ownership Decrease:** Bearish. Federated Hermes Inc. sold 109,097 shares, indicating reduced confidence among institutional investors.

**Stock Price:** Neutral. TSLA opened at $242.65 on Friday, reflecting current market sentiment without additional directional signals."
2023-08-13,1,"**Earnings Beat:** Tesla reported Q2 EPS of $1.07, beating estimates of $0.94, a **bullish** signal. Revenue came in at $24.9 billion, above forecasts of $24.5 billion, also **bullish**.

**Analyst Actions:** Morgan Stanley upgraded Tesla to ""Overweight"" from ""Equal Weight,"" with a new price target of $300 from $200, a **bullish** move. Oppenheimer maintained their ""Outperform"" rating but lowered the price target to $325 from $350, **mixed**.

**Supply/Production:** Tesla announced plans to increase production capacity at Shanghai factory by 20%, a **bullish** development. However, delays in Model Y deliveries due to supply chain issues remain, **bearish**.

**Net Tilt:** Overall, **bullish** with mixed signals on analyst targets."
2023-08-14,41,"**Revenue & Guidance:** Bearish. Tesla's China-made EV sales fell 31%, indicating weak demand. However, the firm aims to boost sales globally.

**Stock Performance:** Bearish. Shares declined significantly, slipping 4.4% in premarket trading and falling over 1% in U.S. markets.

**Product & Pricing:** Bearish. Multiple price cuts were announced across various models in China, with the Model Y Long Range dropping 4.5%. Additionally, limited-time insurance subsidies were introduced.

**Investment & Operations:** Mixed. Tesla plans investments in battery facilities but saw a decline in operating margins.

**Net Tilt:** Bearish. Conflicting signals suggest caution, with significant declines in stock price and sales overshadowing positive investment news."
2023-08-15,50,"**Price Target Upgrades:** Citigroup upgraded Tesla’s price target from $215 to $278; Guggenheim raised from $112 to $125. **Bullish**.

**Product Releases:** Tesla launched more affordable versions of Model S and Model X. **Bullish**.

**Revenue Trends:** Reports indicate weakening sales but also mention sales recovery. **Mixed**.

**Price Cuts:** Tesla reduced prices for Model S, Model X, and some Model Y variants. **Bearish**.

**Stock Performance:** Tesla’s stock fell slightly. **Bearish**.

**Deal News:** Fisker inked a deal with Tesla. **Neutral**.

**Ownership Changes:** Geode Capital and Jennison Associates increased stakes; Vestor Capital sold shares. **Mixed**."
2023-08-16,30,"**Bullish Signals:**
- **Price Target Upgrades:** Mizuho upgraded from $300 to $330; Canaccord Genuity from $257 to $293; Truist Financial from $240 to $254.
- **Earnings Beat:** Q2 results were stronger than expected.
- **Product Launches:** Cheaper Model S versions, Full Self-Driving in China, Model 3 expected in China soon.
- **Regulatory Approval:** Texas approved Tesla’s technology requirement.

**Bearish Signals:**
- **Stock Decline:** Pre-market drop to $242.65, 2-month low, down 13% in August, 2.2% decline.
- **Price Cuts:** Model S price cut by 6.7%, overall price cuts amid 13% market pressure.
- **Executive Resignation:** CFO Zachary Kirkhorn stepped down.
- **Insider Sell:** CFO sold 3,750 shares.

**Net Tilt:** Mixed signals suggest caution; consider holding pending further clarity."
2023-08-17,5,"**Product Release/Cuts:** Bullish (ESS 0.52, -0.44). Tesla Model 3 Highland expected to go on sale in China this month, potentially boosting sales. However, Model 3 and Model Y prices dropped in China, with the Model Y Performance seeing a 14,000 yuan cut, indicating pricing pressure.

**Regulatory Investigation:** Bearish (ESS -0.47). U.S. safety regulators are investigating Tesla, which could lead to potential fines or delays.

**Net Tilt:** Mixed, but slightly bearish due to regulatory risks and pricing pressures."
2023-08-18,7,"**Earnings:** Bullish. Tesla reported Q2 2023 EPS of $0.91, beating expectations.

**Product Release & Supply:** Bearish. Megapack delivery timeline extended to Q2 2025, indicating demand issues and supply constraints. However, Tesla is expanding production with a new Megafactory in China.

**Stock Performance:** Bearish. TSLA down 16.6% since an unspecified date and fell 3% recently.

**Net Tilt:** Bearish due to extended delivery timelines and recent stock declines, despite positive earnings."
2023-08-19,8,"**Data Breach:** Bearish. A significant data breach affecting 75,735 users could harm Tesla’s reputation and lead to regulatory scrutiny.

**Product Launch:** Bullish. Tesla unveiled the futuristic Cybertruck, potentially boosting long-term sales and brand image.

**Executive Resignation:** Bearish. CFO Zachary Kirkhorn stepping down may introduce operational uncertainty.

**Legal Action:** Neutral. Immediate legal action taken against responsible employees, but ongoing litigation risks remain.

**Price Cuts:** Bearish. Multiple price cuts on Model Y and Model 3 suggest weakening demand or need to clear inventory.

**Sales Promotions:** Bearish. Massive discounts indicate efforts to boost short-term sales, possibly signaling underlying demand issues.

**Net Tilt:** Bearish. Conflicting signals with some positive product developments, but overall negative indicators dominate."
2023-08-20,15,"**Price Target Upgrades:** Jefferies raised PT to $265 from $185; Guggenheim to $125 from $112; Truist to $254 from $240 (Bullish).

**Revenue Mixed:** Q2 revenue up 47.2% YoY (Bullish); Tesla sales in China dropped (Bearish).

**Product Updates:** Introduced new Standard Range trims for Model S/X (Bullish); Price cuts in China (Bearish).

**Analyst Actions:** UBS downgraded from Buy to Neutral (Bearish).

**Ownership Changes:** Renaissance Technologies significantly increased holdings (Bullish); Bessemer Group and Tocqueville reduced holdings (Bearish).

**Net Tilt:** Mixed signals with slight Bullish bias due to multiple upgrades and product launches."
2023-08-21,18,"**Price Target Upgrades:** Royal Bank of Canada upgraded Tesla’s price target from $212.00 to $305.00; Canaccord Genuity raised it from $257.00 to $293.00 (Bullish).

**Data Breach:** Tesla discovered a data breach (Bearish).

**Product Launch:** Tesla’s Cybertruck EV launch expected (Bullish).

**Insider Sell:** SVP Andrew D. Baglino sold 10,500 shares (Bearish).

**Legal Issues:** Tesla filed lawsuits against employees (Bearish).

**Stock Performance:** Tesla’s stock has risen significantly, jumping over 5% on Monday and up 85% year-to-date (Bullish).

**Ownership Changes:** Na increased stake by 87.8%, while Burney Co cut its stake (Mixed).

**Net Tilt:** Bullish due to multiple upgrades and strong stock performance, but concerns over insider sell and legal issues."
2023-08-22,15,"**Earnings & Guidance:** Mixed signals. Bullish: Exceeded earnings estimates, high sales volume. Bearish: Slashed earnings estimates. **Product:** Bullish: Preparing to introduce full self-driving technology in China, global robotaxi. Bearish: Nearly 363,000 vehicles recalled. **Supply & Production:** Bullish: Expecting Model 3 production ramp, scaling up battery production. **Legal & Layoffs:** Bearish: Lawsuits ongoing, layoffs reported in China. **Stock Performance:** Mixed: Fell 20%, but rallied 3.6% and rose 4.5%. **Net Tilt:** Neutral with slight bearish bias due to earnings guidance and legal issues."
2023-08-23,19,"**Revenue Growth:** Bullish; Tesla reported significant revenue growth over years.

**Analyst Actions:** Mixed; UBS downgraded Tesla to neutral, while Guggenheim raised PT to $125 and Deutsche Bank to $270.

**Supply/Capacity:** Bearish; Tesla lowered output targets and cut production, indicating supply constraints.

**Product Updates:** Bearish; Tesla slashed Model Y prices, suggesting pricing pressure.

**Market Performance:** Bearish; Tesla shares slipped after news, closing down 2.28%.

**Catalysts:** Bullish; Tesla expanding into Kyle, TX, and partnerships with GM and Volvo."
2023-08-24,16,"**Price Target Adjustments:** Bullish (Wells Fargo upgraded to $265, Bank of America to $300, Citigroup to $278, Td Cowen to $200, Wedbush to $350, Truist Financial to $254) vs Bearish (Piper Sandler downgraded to $280).

**Regulatory Approval:** Bullish (Tesla received approval for 2 virtual power plants).

**Insider Activity:** Bearish (CFO Vaibhav Taneja sold 4,000 shares).

**Ownership Changes:** Bullish (Jennison Associates LLC increased stake by 7.5%, another entity by 4.9%).

**Stock Performance:** Bullish (Shares up 3%).

**Net Tilt:** Bullish."
2023-08-25,1,"Today’s headlines on Tesla (TSLA) include a partnership announcement with an unspecified entity, likely related to plant operations. This could indicate expansion or efficiency improvements but lacks specific details on impact. **Direction:** Neutral to Bullish (potential for enhanced production or market reach). No EPS, revenue, or guidance updates provided. No analyst upgrades/downgrades or price target changes noted. No earnings surprises or significant legal/catalyst events reported. **Net Tilt:** Neutral with potential upside if partnership proves beneficial."
2023-08-26,7,"**Price Target Upgrades:** Guggenheim raised its target from $112.00 to $125.00; Canaccord Genuity Group increased its target from $257.00 to $293.00. **Bullish**.

**Product Competition:** Rival unveils 3 new EVs; start-up launches new Model Y competitor. **Bearish**.

**Insider Sell:** CFO Zachary Kirkhorn sold 3,750 shares. **Bearish**.

**Ownership Changes:** Bank of New York Mellon Corp increased holdings by 203.9%; M&G Investment Management Ltd cut position. **Net Neutral**."
2023-08-27,2,"**Sanctions and Fines:** Bearish. The South Korean government fined Tesla $2.2 million, impacting sentiment and potentially increasing operational costs.

**Stock Performance:** Bullish. TSLA stock rebounded, indicating positive market sentiment despite the fine.

**Net Tilt:** Mixed signals with a slight bullish bias due to the stock rebound."
2023-08-28,5,"**Executive Resignation:** Bearish. Colin Campbell, a long-standing Tesla executive, resigned after 17 years.

**Stock Performance:** Bearish. Tesla stock opened lower and experienced a sell-off.

**Earnings Report:** Neutral. Tesla released Q2 2023 financial results without specific details on EPS or revenue.

**Product Pricing:** Neutral. The Megapack battery system is priced at approximately $2.4 million. 

**Net Tilt:** Bearish due to resignation and stock performance."
2023-08-29,19,"**Bullish Signals:**
- **Revenue Growth:** Q2 revenue beat estimates at $24.93B vs. $24.22B consensus.
- **Price Target Upgrades:** Wells Fargo raised PT to $265 from $170; Baird to $300 from $252.
- **Product Rollouts:** Full Self-Driving (FSD) software released; first version launched.
- **Stock Performance:** Shares surged +1.45%, up 6% today, and nearly 10% over the past week.

**Bearish Signals:**
- **Legal Issues:** Facing two trials.
- **Price Cuts:** Model X and Chinese market prices reduced.
- **Regulatory Scrutiny:** NHTSA investigating Autopilot.

**Net Tilt:** Bullish, with strong revenue beats and multiple upgrades offsetting legal and regulatory concerns."
2023-08-30,45,"**Bullish Signals:**
- **Price Target Upgrades:** Royal Bank of Canada ($305.00), Jefferies ($265.00), TD Cowen ($200.00), Citigroup ($278.00), Bank of America ($300.00), Canaccord Genuity ($293.00), Mizuho ($330.00), Wedbush ($350.00), Deutsche Bank ($270.00).
- **Share Price Performance:** Tesla’s share price has risen nearly 138% in 2023.
- **Acquisition:** First Republic Investment Management Inc. acquired Tesla shares.
- **Government Contract:** Tesla received a special order from NHTSA.

**Bearish Signals:**
- **Price Target Downgrade:** Piper Sandler reduced target from $300.00 to $280.00.
- **Earnings Estimate Downgrade:** Guggenheim lowered Tesla’s estimates.
- **Insider Sales:** CFO Zachary Kirkhorn and CFO Vaibhav Taneja sold shares.
- **Regulatory Scrutiny:** Multiple investigations by US regulators, including DOJ and SEC.
- **Share Price Decline:** Tesla’s share price fell 26% between July 18 and August 18.
- **Ownership Decreases:** Several firms cut positions in"
2023-08-31,32,"**Revenue and Sales Growth:** Bullish. Tesla’s Q2 electric vehicle sales surged 83% YoY, and quarterly revenue grew 47.2% YoY.

**Analyst Actions:** Mixed. JPMorgan upgraded Tesla’s price target from $115 to $120, while Sanford C. Bernstein and Guggenheim maintained negative ratings at $150 and $125 respectively.

**Regulatory Scrutiny:** Bearish. US authorities, including the SEC, are investigating Tesla over undisclosed matters.

**Price Cuts and Promotions:** Bearish. Tesla slashed Model 3 prices to $37,020 and offered deep discounts on inventory models.

**Insider Activity:** Bearish. Tesla SVP Baglino sold 10,500 shares for $2.5 million.

**Net Tilt:** Bearish."
2023-09-01,84,"**Revenue & Guidance:** Bullish. Tesla aims to boost sales, with China revenues up 49%. However, price cuts in China and the U.S. (Model S Plaid by 19%) are bearish.

**Stock Performance:** Mixed. Stock climbed 120% YTD but skidded post-earnings announcement. 

**Product Updates:** Bullish. Multiple Model 3 upgrades and launches globally, including a refreshed version in China and Europe. Cybertruck release in 2023 remains a positive catalyst.

**Earnings & Market Share:** Bullish. Soaring Q2 profits and maintaining leading EV market share despite increasing competition.

**Executive Changes:** Bearish. Unexplained departure of CFO could impact stability.

**Net Tilt:** Net bullish due to strong earnings, product launches, and market share gains, despite price cuts and stock volatility."
2023-09-02,14,"**Price Target Upgrades:** Wells Fargo upgraded Tesla’s price target from $170 to $265; TD Cowen from $150 to $200; Mizuho from $300 to $330; Goldman Sachs from $248 to $275; Canaccord Genuity from $257 to $293 (Bullish).

**Product Release/Cuts:** Tesla unveiled a restyled Model 3 in China before the US; cut prices on premium vehicles and FSD software (Bearish).

**Ownership Changes:** Board increased holdings by 5.8%; Morgan Stanley by 26.3%; Axs Investments and another LLC sold shares (Mixed, slightly Bearish).

NET TILT: **Bullish** due to multiple price target upgrades outweighing product price cuts and minor ownership reductions."
2023-09-03,9,"**Price Target Upgrades:** Bank of America upgraded Tesla’s target price from $225 to $300 (Bullish). Truist Financial raised their target from $240 to $254 (Bullish).

**Legal Issues:** Tesla faces legal proceedings (Bearish).

**Product Updates:** Introduced new alloy wheels (Bullish). Full Self-Driving Beta price decreased (Bearish).

**Insider Activity:** SVP Andrew D. Baglino sold shares (Bearish).

**Ownership Changes:** Llc increased holdings by 451.9% (Bullish).

**Net Tilt:** Mixed signals with some bullish (target upgrades, product release, ownership increase) and bearish (legal issues, insider sell, price cuts) indicators."
2023-09-04,18,"**Bullish Signals:**
- **Price Target Upgrades:** Royal Bank of Canada upgraded TSLA PT from $212 to $305; Wedbush raised PT from $300 to $350.
- **Revenue Growth:** QoQ revenue up 47.2%; August sales rise; China sales up 9.3%.
- **Product Launches:** Upgraded Model 3 unveiled; premium Model S introduced; train shuttle service launched.

**Bearish Signals:**
- **Revenue Decline:** Jan.-July sales down 43% YoY.
- **Price Cuts:** Model S & X prices reduced in China; Model X Plaid price cut.
- **Ownership Decrease:** Stake decreased by a group.
- **Stock Loss:** TSLA traded down 5.1%, closing at $245.01.

**Net Tilt:** Mixed signals suggest caution; focus on upcoming catalysts and further earnings details."
2023-09-05,42,"**Bullish Signals:**
- **Price Target Upgrades:** Jefferies raised PT from $185 to $265; JPMorgan raised PT from $115 to $120.
- **Revenue Guidance:** Modest gains in China sales; August vehicle sales up 57.5% to 274,086 units.
- **Product Launches:** Upgraded Model 3 in China; production ramp-up in China.
- **Ownership Increases:** Multiple firms increased stakes in Tesla.

**Bearish Signals:**
- **Price Cuts:** FSD price cut to $12,000; Model 3 prices slashed up to $11,000 in North America; Model S price reduction.
- **Insider Sales:** CFO Zachary Kirkhorn, Vaibhav Taneja, and SVP Xiaotong Zhu sold shares.
- **Legal Issues:** Lawsuit against Chinese entities.
- **Analyst Downgrade:** Guggenheim reissued sell rating with $125 PT.

**Net Tilt:** Mixed signals, but overall slightly bullish due to multiple upgrades and positive sales data."
2023-09-06,19,"**Product Launch/Delay:** Bearish. Tesla unlikely to launch in Indonesia (ess-0.52), won’t open a plant there (ess-0.41). Bullish: Launched EV sales in Malaysia (ess0.52).

**Legal Issues:** Bearish. Sued over data breach (ess-0.52), sued Xiaomi (ess-0.48).

**Stock Performance:** Bearish. Share price expected to fall (ess-0.51).

**Partnerships:** Bullish. Collaborated with McDonald’s (ess0.49).

**Price Changes:** Bearish. Increased Yoke steering wheel price (ess0.46).

**Ownership Changes:** Bearish. Musk sold nearly 22M Tesla shares (ess-0.34).

**Net Tilt:** Bearish."
2023-09-07,26,"**Bullish Signals:**
- Td Cowen upgraded Tesla’s price target to $200.00 from $150.00.
- Tesla to supply Hilton Hotels with 20,000 EV chargers by 2025.
- State Street Corp and Geode Capital Management LLC increased their stakes in Tesla.

**Bearish Signals:**
- Tesla faces class action lawsuits over employee issues.
- European data protection authorities are investigating Tesla.
- Tesla exec sells $643K in common stock.
- Tesla to reduce prices.

**Neutral Signals:**
- Tesla’s Q1 2024 EPS forecasted at $0.80.
- Consensus estimate for Tesla’s FY23 EPS is $2.95.
- Tesla rolled out its 2 millionth vehicle from Shanghai Gigafactory.

**Net Tilt:** Mixed, but slightly bearish due to legal issues, price cuts, and insider selling."
2023-09-08,22,"**Analyst Actions:** Bullish. KGI Securities upgraded Tesla to ""Outperform"" from ""Neutral."" Multiple firms raised price targets: Royal Bank of Canada to $305.00, Bank of America to $300.00, Mizuho to $330.00, Robert W. Baird to $300.00, Canaccord Genuity to $293.00, and Wedbush to $350.00. Barclays downgraded from ""Overweight"" to ""Equal Weight.""

**Product Releases:** Bullish. Tesla launched Powerwall 3 and refreshed Model 3, with a new Model Y SUV.

**Business Contracts:** Bullish. Honda signed an agreement to adopt Tesla’s EV technology.

**Stock Movements & Insider Activity:** Bearish. Tesla shares slid. CFO Taneja sold 4,177 shares for $1 million.

**Ownership Changes:** Mixed. MD, Zurich, and Mackenzie Financial increased holdings, but overall sentiment is neutral due to conflicting signals.

**Net Tilt:** Bullish, with strong analyst upgrades and product launches outweighing negative stock movements and insider sales."
2023-09-09,17,"**Bullish Signals:**
- **Price Target Upgrades:** Wells Fargo upgraded from $170 to $265, Jefferies from $185 to $265, and Citigroup from $215 to $278.
- **Product Release:** Tesla plans to release an affordable vehicle.
- **Product Enhancement:** Tesla unveiled a major update for Model 3.
- **Partnership:** Tesla and McDonald’s launched a Cybertruck-inspired McFlurry in China.
- **Ownership Increase:** Fmr LLC, Inc., and Llc increased their stakes in Tesla.

**Bearish Signals:**
- **Insider Sales:** CFO Vaibhav Taneja and SVP Xiaotong Zhu sold shares.
- **Ownership Decrease:** Llc trimmed its position in Tesla.
- **Stock Loss:** TSLA traded down $2.99 to $248.50.

**Neutral Signals:**
- **Earnings Estimate:** Analysts expect EPS of $2.94 for the current fiscal year.

**Net Tilt:** Bullish, with strong analyst upgrades and product developments outweighing insider sales and minor ownership decreases."
2023-09-10,24,"**Bullish Signals:**
- **Price Target Upgrades:** TD Cowen raised PT from $150 to $200; JPMorgan from $115 to $120; Deutsche Bank from $260 to $270.
- **Product Releases:** New Magnetic Latch System, Model 3 Highland debuted in Japan, Model 3 unveiled in Norway.
- **Partnerships:** Tesla and McDonald’s partnership announced.
- **Ownership Increases:** Multiple firms increased holdings in Tesla.

**Bearish Signals:**
- **Price Increase:** Tesla quadrupled price of unspecified product.
- **Accident:** Tesla Cybertruck involved in rollover crash.
- **Downgrades:** Guggenheim reaffirmed “sell” rating with $125 PT.

**Net Tilt:** Bullish, due to multiple upgrades and new product launches outweighing the negative factors."
2023-09-11,53,"**Analyst Actions:** Bullish (Morgan Stanley upgraded to Overweight from Equal Weight, raised PT by 60% to $300; Robert W. Baird raised PT to $300; Truist Financial raised PT to $254). Bearish (UBS downgraded from Buy to Neutral).

**Earnings & Revenue:** Bullish (Q2 earnings beat expectations, car sales rose 2.2% YoY, 9.3% MoM, 8.5% QoQ).

**Product Updates:** Mixed (Model S Plaid price cut in China by 19%, FSD price reduction in US to $12k, potential full self-driving system unveiling).

**Market Trends:** Bullish (China market share doubled, India market entry).

**Legal & Other:** Bearish (NHTSA considering significant action against Tesla).

**Net Tilt:** Bullish."
2023-09-12,33,"**Bullish Signals:**
- **Price Target Upgrades:** Royal Bank of Canada ($305.00), Bank of America ($300.00), Canaccord Genuity ($293.00).
- **Revenue Increase:** Significant uptick in sales.
- **Market Share Gain:** Price cuts boosting market share.
- **Product Launches:** Third Gen Powerwall, Cybertruck.
- **Stock Performance:** Soared after recent events, +10% on Monday.
- **Investment:** $15 billion investment in Mexico factory.

**Bearish Signals:**
- **Stock Dip:** Premarket dip, $2.36 loss to $271.22.
- **Insider Sales:** CFO Zachary Kirkhorn and SVP Xiaotong Zhu sold shares.
- **Price Cuts:** EV price reductions.
- **Ownership Decrease:** Graham Capital Management reduced position.

**Net Tilt:** Mixed signals suggest caution but overall bullish due to strong analyst upgrades and product launches."
2023-09-13,37,"**Price Target Upgrades:** Wells Fargo, Jefferies, Citigroup, Td Cowen, Wedbush, Mizuho, and UBS all upgraded Tesla’s price targets, with most raising them significantly (Bullish).

**Product Launches:** Tesla launched Powerwall 3 and hinted at potential growth from Model 3 (Bullish).

**Insider Sales:** CFO Vaibhav Taneja sold shares twice (Bearish).

**Stock Performance:** Shares gapped up to $248.50 and traded up 2.6% (Bullish).

**Investment Increases:** Multiple firms increased holdings in Tesla (Bullish).

**Ownership Decreases:** Some investors trimmed stakes (Bearish).

**Analyst Ratings:** Sanford C. Bernstein, Guggenheim maintained negative ratings while RBC reaffirmed positive outlook (Mixed).

Net Tilt: **Bullish** due to multiple upgrades and product launches outweighing insider sales and ownership decreases."
2023-09-14,23,"**Analyst Upgrades & Price Target Increases:** KGI Securities upgraded Tesla to Outperform, Morgan Stanley to Overweight, Robert W. Baird to $300.00, Goldman Sachs to $275.00, and Truist Financial to $254.00 (Bullish).

**Product Launches:** Full Self-Driving (FSD) software released for Hardware 3 vehicles (Bullish).

**Legal Issues:** Potential legal verdict against Tesla (Bearish).

**Insider Trading:** SVP Andrew D. Baglino sold 10,500 shares (Bearish).

**Ownership Changes:** Mackenzie Financial increased holdings (+6.8%), while Ark Investment and Atria Wealth Solutions reduced holdings (Mixed).

**Fundraising:** Received EUR150m in EU funding (Bullish).

**Net Tilt:** Bullish with some bearish signals."
2023-09-15,15,"**Price Target Upgrades:** Bullish. Bank of America upgraded Tesla’s price target from $225 to $300. Deutsche Bank raised its target from $260 to $270.

**Product Enhancement:** Bullish. Tesla is innovating car manufacturing with quieter technology.

**Stock Performance:** Bearish. Tesla shares dipped 0.60% to $274.39.

**Insider Activity:** Mixed. CFO Zachary Kirkhorn sold 3,750 shares, while management and several institutional investors increased their stakes.

**Ownership Changes:** Mixed. Trust and Livforsakringsbolaget Skandia Omsesidigt sold shares, while multiple firms increased holdings."
2023-09-16,20,"**Bullish Signals:**
- **Price Target Upgrades:** Wells Fargo upgraded from $170 to $265; Jefferies from $185 to $265; Citigroup from $215 to $278; Wedbush from $300 to $350; Mizuho from $300 to $330.
- **Analyst Actions:** JPMorgan raised price target from $115 to $120.
- **Supply Increase:** Potential boost in Cybertruck production.
- **Ownership Increases:** Multiple firms increased stakes in Tesla.

**Bearish Signals:**
- **Insider Sales:** SVP Xiaotong Zhu sold 1,065 shares; CAO Vaibhav Taneja sold 4,000 shares.
- **Downgrade:** UBS downgraded Tesla to neutral from buy.
- **Ownership Decreases:** Some firms reduced positions in Tesla.

**Neutral Signals:**
- **EPS Estimates:** Consensus EPS forecast for FY is $2.94.
- **Stock Price:** Opened at $274.39 on Friday.

**Net Tilt:** Bullish, with significant upgrades and ownership increases outweighing insider sales and one downgrade."
2023-09-17,12,"**Price Target Upgrade:** Td Cowen upgraded Tesla’s price target from $150.00 to $200.00 (Bullish).

**Product Price Cut:** Tesla cut prices on its EV models (Bearish).

**Revenue:** Q2 revenue was $24.93 billion (Neutral).

**Analyst Ratings:** Guggenheim reaffirmed a “sell” rating with a $125.00 price target (Bearish).

**Ownership Increases:** Multiple entities increased holdings, including a 14.5% rise in position by an unnamed investor (Bullish).

**Stock Performance:** Tesla stock is rising on Friday (Bullish).

**Net Tilt:** Mixed signals; slight net bullish bias due to price target upgrades and ownership increases outweighing the bearish analyst downgrade and product price cuts."
2023-09-18,36,"**Earnings & Guidance:** Bearish. Earnings forecasts downgraded by Goldman Sachs and others, with EPS estimates lowered. Revenue guidance mixed but slightly positive. **Analyst Actions:** Mixed. Guggenheim downgrades to Sell; Robert W. Baird and Truist Financial raise price targets to $300 and $254 respectively. **Product & Pricing:** Bearish. Powerwall 3 unveiled but vehicle prices cut multiple times in 2023. **Insider Activity:** Bearish. SVP Andrew D. Baglino sold 10,500 shares. **Ownership Changes:** Mixed. Some firms increased holdings while others reduced positions. **Stock Performance:** Marginally lower overall, with slight pre-market gains. **Facility News:** Bullish. Plans to open new factories in Turkey and possibly Saudi Arabia. **Net Tilt:** Net bearish due to earnings downgrades and insider sell activity."
2023-09-19,19,"**Earnings & Revenue:** Bullish. Tesla reported better-than-expected Q2 earnings and a 47.2% increase in revenue.

**Product Launch:** Bullish. Introduction of Model 3 Plus scheduled.

**Legal Issues:** Bearish. Regulators accuse Tesla of obstructing an investigation; DOJ scrutiny ongoing.

**Insider Activity:** Bearish. An insider sold 1,065 shares.

**Partnerships:** Bullish. Tesla partners with CATL and Commonwealth Bank.

**Regulatory Scrutiny:** Bearish. Ongoing DOJ investigation.

**Legal Resolutions:** Mixed. Investor lawsuit against Musk dismissed.

**Facility Expansion:** Bullish. Plans to set up a manufacturing plant in Saudi Arabia.

**Ownership Changes:** Bullish. Multiple institutions increased stakes in Tesla.

**Stock Performance:** Mixed. Shares rose 0.7% but traded down 3.3%.

**Net Tilt:** Mixed, with some bullish signals outweighing bearish ones."
2023-09-20,52,"**Bullish Signals:**
- **Price Target Upgrades:** Citigroup ($278), Bank of America ($300), Mizuho ($330), Canaccord Genuity ($293), Wedbush ($350), Deutsche Bank ($270).
- **Revenue Growth:** Robotaxi revenue expected to grow.
- **Product Launches:** Robotaxi service Q4 2023, Model 3 Highland unveiled in US.
- **Partnerships:** Tesla partners with CBA for low-interest financing in Australia.

**Bearish Signals:**
- **Stock Slides:** Due to federal issues.
- **Insider Sales:** Multiple executives sell shares.
- **Regulatory Investigation:** DOJ investigating Tesla and Elon Musk.

**Net Tilt:** Mixed, but slightly bullish due to multiple price target upgrades and product launches outweighing regulatory concerns and insider sales."
2023-09-21,10,"**Price Target Upgrades:** Wells Fargo upgraded Tesla’s price target from $170.00 to $265.00; JPMorgan raised it from $115.00 to $120.00. **Bullish**.

**Legal Issues:** A lawsuit against Tesla board for $735M. **Bearish**.

**Partnerships:** Jaguar partners with Tesla for unspecified purposes. **Bullish**.

**Product Expansion:** Tesla expands EV ambitions in India. **Bullish**.

**Ownership Changes:** LLC increased Tesla holdings by 205.4%; Consilium Wealth Advisory acquired 2,510 shares. **Bullish**.

**Analyst Actions:** Ark Invest offloads Tesla stock. **Bearish**.

**Stock Performance:** Tesla shares fell 2.31% in morning trading. **Bearish**.

**Net Tilt:** Mixed signals but slightly **Bullish** due to multiple upgrades and expansions outweighing legal and ownership concerns."
2023-09-22,18,"**Bullish Signals:**
- **Product Enhancement:** Tesla introduces ambient lights in Model 3.
- **Supply Increase:** Cybertruck production ramps up.
- **Facility Expansion:** Proposes setting up a battery storage factory in India.
- **Analyst Upgrade:** Royal Bank of Canada reissues outperform rating with $305 PT.
- **Ownership Increase:** System increases holdings by 3.5%.

**Bearish Signals:**
- **Stock Performance:** Tesla shares dip by 8%, open at $255.70.
- **Ownership Decrease:** Multiple entities reduce positions (Wood dumps 170k shares).
- **Guidance:** Focus on cost reduction.

**Net Tilt:** Mixed, but slightly bearish due to multiple ownership reductions and stock performance issues."
2023-09-23,5,"**Product Release:** Bullish. Tesla initially unveiled the Cybertruck in 2019, indicating ongoing anticipation for its release.

**Insider Sell:** Bearish. SVP Xiaotong Zhu sold 2,500 shares on July 3rd, signaling potential insider concerns.

**Stock Performance:** Bearish. Tesla stock down 4.2% today.

**Analyst Rating:** Neutral. Goldman Sachs reissued a neutral rating with a $275.00 target price.

**Net Tilt:** Bearish due to insider sell and stock performance, offset slightly by product anticipation."
2023-09-24,7,"**Market Share Gain (Bullish):** Tesla gained market share.

**Price Target Upgrades (Bullish):** TD Cowen raised its price target from $150 to $200. Mizuho increased its target from $300 to $330.

**Insider Sell (Bearish):** Tesla’s CAO Vaibhav Taneja sold 4,000 shares.

**Ownership Reduction (Bearish):** A limited entity reduced its stake in Tesla.

**Product Update (Neutral-Bullish):** Tesla released an update on its Optimus robot.

**Rating Neutral (Neutral):** Barclays reaffirmed its “Equal Weight” rating for Tesla.

**Net Tilt:** Bullish, with significant upgrades offsetting insider and ownership concerns."
2023-09-25,15,"**Product Releases & Developments:** Bullish. Tesla unveiled multiple versions of its humanoid robot Optimus and a performance variant of the Cybertruck, indicating technological advancements and potential future product lines.

**Demand & Supply:** Mixed. Increased EV demand is positive, but Guggenheim reiterated a sell rating due to negative demand indicators. Q3 vehicle deliveries of 461,000 suggest strong production.

**Stock Performance:** Bearish. Tesla’s stock declined, with recent drops of 12% and 1.49%, despite a minor gain noted elsewhere.

**Labor Issues:** Bearish. UAW strike at Tesla’s battery factory highlights labor tensions and potential disruptions."
2023-09-26,14,"**Earnings:** Bullish. Tesla reported EPS of $0.91, beating estimates of $0.61.

**Legal & Regulatory:** Bearish. NHTSA and EU are investigating Tesla; a lawsuit has been filed.

**Supply & Operations:** Mixed. Model Y production resumed (Bullish), but a fire broke out at a battery storage site (Bearish).

**Analyst Actions:** Neutral. Baird reiterates ""Outperform,"" while some analysts maintain a ""Hold"" rating.

**Product Pricing:** Bearish. Tesla dropped the Powerwall 2 price, indicating competitive pressure.

**Stock Price:** Tesla shares opened at $246.99. Analysts forecast EPS of $2.94 for the current year.

**Net Tilt:** Bearish due to legal/regulatory issues and product pricing adjustments, offset slightly by positive production news and earnings beat."
2023-09-27,38,"**Net Direction: Mixed**

**Bullish Signals:**
- **Price Target Upgrades:** Wedbush raised PT to $350, Truist to $254, Mizuho to $330.
- **Earnings Growth:** 2024 EPS growth expected.
- **Product Launches:** Model 3 in China, next-gen vehicle.
- **Government Contract:** Musk wins US Space Force contract.
- **Earnings Beat:** Q2 EPS of $0.91 vs. $0.69 estimate.
- **Ownership Increase:** Multiple firms increased holdings.

**Bearish Signals:**
- **Price Target Downgrades:** Deutsche Bank lowered PT to $285.
- **Supply Shortfall:** Q3 deliveries and production miss estimates.
- **Insider Sales:** Zhu, Taneja, Baglino sold shares.
- **Regulatory Scrutiny:** EU investigation into Tesla.
- **Product Price Cut:** Powerwall price reduced by $300.
- **Ownership Decrease:** Some firms sold shares.

**Conflicting Signals:** Price target upgrades vs. downgrades; insider sales vs. ownership increases. **Net Tilt: Mixed**."
2023-09-28,38,"**Analyst Actions:** Bullish (BofA, Citi, RW Baird upgrade targets to $300, $278, $300 respectively); Bearish (Deutsche Bank downgrades target to $285).

**Legal & Sanctions:** Bearish (Tesla ordered to pay $3.2M in damages, faces multiple lawsuits including EEOC for employment discrimination).

**Product Updates:** Bullish (FSD launch); Bearish (Megapack battery fire in Australia).

**Ownership Changes:** Mixed (major investors like Alpha Paradigm, Fmr, Mirae Asset, State Street, Geode increase stakes; some sell).

**Stock Performance:** Bullish (share price up 2.4%).

**Net Tilt:** Neutral to Slightly Bearish due to conflicting signals."
2023-09-29,23,"**Bullish Signals:**
- Canaccord Genuity upgraded Tesla’s price target to $293 from $257.
- Ownership increased by Llc (451.9%) and Midwestone Financial Group Inc. (3.3%).
- Inc. and Regent Peak Wealth Advisors LLC invested in Tesla.

**Bearish Signals:**
- Ordered to pay $137 million.
- Deliveries expected to fall.
- Facing multiple legal issues including a jury trial, lawsuits from a regime and US agency, and a class action lawsuit.
- Price cut on Model Y in the US.
- Fund sold 56,053 Tesla shares; Heartland Bank & Trust Co. also sold shares.
- Shares declined about 5%.

**Net Tilt:** Bearish due to multiple legal and financial headwinds outweighing positive ownership trends."
2023-09-30,16,"**Revenue Growth:** Bullish; Tesla reported a 47% increase in sales.

**Analyst Upgrades:** Bullish; Wells Fargo upgraded price target from $170 to $265, and Td Cowen raised target from $150 to $200.

**Legal Issues:** Bearish; US watchdog filed a lawsuit against Tesla.

**Product Launch:** Bullish; Tesla unveiled a humanoid robot.

**Insider Sales:** Bearish; SVP Xiaotong Zhu and CFO Zachary Kirkhorn sold shares.

**Ownership Changes:** Mixed; System and Mackenzie Financial increased holdings, while Sumitomo Life Insurance decreased holdings.

**Partnerships:** Bullish; Tesla partnered with JD.com to expand.

**Net Tilt:** Bullish, despite mixed signals, positive analyst upgrades and product launches outweigh legal issues and insider sales."
2023-10-01,33,"**Bullish Signals:**
- **Revenue Growth:** Q2 revenue rose 47.2% YoY to $24.93B.
- **Earnings Beat:** Q2 EPS of $0.91.
- **Price Target Upgrade:** Mizuho raised target from $300 to $330.
- **Stock Performance:** TSLA up 107% YTD.
- **Product Launches:** Updated Model Y in China, new dashboard, Model 3 launch in China.
- **Investment Plans:** To invest nearly $2B in India.

**Bearish Signals:**
- **Price Target Downgrade:** Deutsche Bank cut target from $300 to $285.
- **Insider Sale:** Andrew D. Baglino sold 10,500 shares.
- **Analyst Neutral Rating:** Sanford C. Bernstein reissued ""underperform"" with $150 target.
- **Ownership Decrease:** HF Advisory Group LLC sold shares.

**Net Tilt:** Mixed, but slightly bullish due to strong financials and product launches outweighing analyst downgrades and insider sales."
2023-10-02,71,"**Revenue and Earnings:** Bearish. Tesla missed sales and earnings expectations, with revenue declining and production dropping 10% in Q3.

**Analyst Actions:** Mixed. Wedbush upgraded price target to $350, while Deutsche Bank and CFRA downgraded targets to $285 and $310 respectively.

**Product Updates:** Bullish. Tesla launched updated Model S/X and Model 3 Highland, set to debut in Malaysia soon.

**Executive Changes:** Bearish. CFO Zachary Kirkhorn is stepping down.

**Supply and Demand:** Bearish. Production paused at some factories, leading to delivery slides. However, global production increased.

**Legal Issues:** Neutral. Ongoing lawsuit and government suit against Tesla.

**Stock Performance:** Bearish. Shares declined despite a slight recovery midday.

**Net Tilt:** Bearish."
2023-10-03,33,"**Net Tilt: Bearish**

**Earnings & Revenue:**
- **Bearish:** Tesla’s Q3 earnings and revenues missed estimates. EPS was $0.91 vs. expectations, and global sales fell short of forecasts.
- **Bearish:** Analysts downgraded Tesla’s Q3 earnings estimates.

**Stock Performance:**
- **Bearish:** Shares fell post-earnings announcement due to revenue and earnings misses.

**Supply & Production:**
- **Bullish:** Anticipated production ramp-up.
- **Bearish:** Deliveries missed estimates; Q3 production was slashed.

**Product Releases:**
- **Bullish:** Cheaper Model Y launched, aiming to boost demand.
- **Neutral:** Multiple product releases including RWD Model Y and FSD software updates.

**Analyst Actions:**
- **Bullish:** Td Cowen upgraded price target to $200.
- **Bearish:** Goldman Sachs lowered price target to $252.

**Catalysts:**
- **Bullish:** Patent awarded.
- **Bearish:** Concerns over waning EV demand.

**Facility & Contracts:**
- **Neutral:** Facility opened in Thailand; business contract with Volkswagen supplier.

**Net Signal:** Conflicting signals but overall bearish due to earnings/revenue misses and stock decline."
2023-10-04,48,"**Price Target Upgrades:** Wells Fargo upgraded TSLA’s price target from $170 to $265; Robert W. Baird raised it from $252 to $300; Mizuho increased it from $300 to $330 (Bullish).

**Product Releases:** Introduced new luxury EVs and an affordable Model Y SUV (Bullish).

**Revenue Trends:** Tesla sales rose, with China sales up 31% post-July (Bullish).

**Insider Sales:** SVP Andrew D. Baglino and SVP Xiaotong Zhu sold shares (Bearish).

**Ownership Changes:** Multiple firms increased stakes, while some decreased (Net Neutral).

**Stock Performance:** TSLA shares rebounded and surged multiple times (Bullish).

**Product Enhancements/Cuts:** Expanded Cybertruck testing, updated Model Y, but also cut prices on Model Y (Mixed)."
2023-10-05,14,"**Bullish Signals:**
- **Price Target Upgrades:** Bank of America upgraded Tesla’s price target from $225 to $300; Citigroup raised it from $215 to $278.
- **Product Launch:** Tesla’s humanoid robot Optimus debuted in Taiwan.
- **Business Contract:** Hyundai Motor will adopt Tesla EV technology.
- **Supply Ramp:** Tesla Semi production is ramping up.
- **Safety Feature:** Tesla introduced a new safety feature.
- **Ownership Increases:** Multiple firms increased their stakes in Tesla.

**Bearish Signals:**
- **Insider Sell:** CAO Vaibhav Taneja sold 4,000 shares.
- **Management Cut Position:** Management reduced its position in Tesla.

**Net Tilt:** Bullish, with significant analyst upgrades and product developments outweighing insider sales."
2023-10-06,62,"**Bullish Signals:**
- JPMorgan upgraded Tesla’s price target to $135 from $120.
- Tesla anticipates high demand in Q4.
- Tesla is ramping up production in Q4.
- Tesla launched a cheaper Model Y.
- Tesla aims to expand market share.
- Tesla is trimming costs.

**Bearish Signals:**
- Tesla missed delivery estimates for Q3.
- Tesla reported a $623M quarterly loss.
- Multiple price cuts for Model 3, Model Y, and Model S/X.
- Tesla shares fell after missing estimates and price cuts.
- Facing racial discrimination lawsuit.

**Net Tilt:** Bearish due to significant earnings miss and multiple price cuts overshadowing production and demand optimism."
2023-10-07,25,"**Net Tilt: Bearish**

**Price Target Adjustments:**
- **Bullish:** Mizuho upgraded price target from $300 to $330.
- **Bearish:** Truist downgraded target from $254 to $243.

**Share Price & Insider Activity:**
- **Bearish:** Share price dipped.
- **Bearish:** SVP Andrew D. Baglino sold 10,500 shares.

**Product & Facility News:**
- **Bullish:** Model Y prices reduced.
- **Bullish:** Opening of massive store in Shanghai.

**Ownership Changes:**
- **Mixed:** Multiple firms increased stakes (Williams Inc., Midwestone Financial, etc.), but others decreased (QCM Cayman Ltd., First Merchants Corp., Dupont Capital Management).
  
**Analyst Ratings:**
- **Neutral:** Canaccord Genuity, Royal Bank of Canada, Piper Sandler maintained ratings with target prices ($293, $305, $300 respectively).

**EPS Estimate:**
- **Neutral:** Analysts expect EPS of 2.92 for the current year."
2023-10-08,15,"**Bullish Signals:**
- Bank of America upgraded Tesla’s price target from $225 to $300.
- Wedbush raised its price target from $300 to $350.
- Multiple institutions increased their holdings in Tesla: Zurich (+9826%), Lp (+11%), Md (+52.6%), State Street (+0.7%), and Geode Capital (+1.9%).

**Bearish Signals:**
- Tesla missed market estimates.
- Sales in China declined.
- SVP Xiaotong Zhu sold 2,500 shares.
- Sanford C. Bernstein maintained an “underperform” rating with a $150 price target.
- Olistico Wealth LLC reduced its stake.

**Net Tilt:** Mixed, but slightly **bearish** due to earnings miss, sales decline, insider sell, and bearish analyst ratings."
2023-10-09,27,"**Net Direction: Bearish**

**Price Target Adjustments:**
- JPMorgan upgraded price target from $120 to $135 (Bullish)
- Jefferies downgraded price target to $250 (Bearish)
- Wells Fargo downgraded price target from $265 to $260 (Bearish)

**Earnings & Revenue:**
- Q3 EPS beat at $0.91 (Bullish)
- Sales dip (Bearish)

**Product & Pricing:**
- Model 3 & Model Y prices cut (Bearish)
- Cybertruck video reveals new software design (Neutral)
- Cybertruck sold for $400,000 (Neutral)

**Ownership Changes:**
- Insiders and institutions show mixed activity (Neutral overall)

**Stock Performance:**
- Stock declined by 1.65% to $254.65 (Bearish)

**CFO Insider Sell:**
- CFO Vaibhav Taneja sold 4,000 shares (Bearish)"
2023-10-10,42,"**Net Tilt: Bearish**

**Price Target Adjustments:**
- **Bullish:** Mizuho upgraded target from $300 to $330.
- **Bearish:** UBS downgraded from $290 to $266; Jefferies from $265 to $250; Deutsche Bank from $300 to $285.

**Revenue/Cost Guidance:**
- **Bullish:** Cybertruck sales increased.
- **Bearish:** Tesla announced cost-cutting measures; prices lowered.

**Product Updates:**
- **Bullish:** Cybertruck shown off; new facility being built.
- **Bearish:** Increased competition; Tesla crashes into bus.

**Ownership Changes:**
- **Bullish:** Multiple firms increased holdings.
- **Bearish:** LTG Group sold shares; insider sale by SVP.

**Stock Performance:**
- **Bullish:** Stock up 2.5%, 115% YTD.
- **Bearish:** Stock down 0.3% at open.

**Analyst Ratings:**
- **Neutral:** Piper Sandler, Canaccord Genuity, Barclays reaffirmed ratings."
2023-10-11,19,"**Price Targets:** BofA upgraded TSLA to $300 from $225; Truist downgraded to $243 from $254; Citi downgraded to $271 from $278. **Net:** Bullish.

**Revenue & Sales:** TSLA reported growing EV sales but also cut vehicle prices significantly. **Net:** Mixed.

**Sanctions & Fines:** TSLA paid A$155,460 in penalties. **Direction:** Bearish.

**Product Updates:** Launched new models; increased non-luxury vehicle prices. **Net:** Bullish.

**Ownership Changes:** BNY Mellon and Zurich increased holdings; J.W. Cole Advisors lessened stake. **Net:** Mixed.

**Analyst Ratings:** Morgan Stanley maintained ""overweight"" with $400 PT; UBS maintained neutral. **Net:** Neutral.

**Partnerships:** TSLA partnered with Powur and ACCC. **Net:** Bullish."
2023-10-12,38,"**Bearish Signals:**
- **Earnings Miss:** Tesla missed delivery estimates and market expectations.
- **Sanctions & Fines:** Hit with a $155,000 fine in Australia and facing potential bigger fines.
- **Market Share Loss:** EV market share fell to 50%.
- **Downgrade:** Jefferies downgraded Tesla, lowering PT to $250 from $265.
- **Insider Selling:** CFO Vaibhav Taneja sold 4,000 shares.
- **Ownership Decrease:** Ark sold 37,268 shares.

**Bullish Signals:**
- **Revenue Growth:** Steady sales growth noted.
- **Product Launch:** Model 3 Highland debuted in Hong Kong and will be available in the US.
- **Stock Gain:** Shares rose 5%.

**Net Tilt:** Bearish due to multiple negative signals outweighing positive ones."
2023-10-13,21,"**Revenue Trends:** Bullish (sales increased by 19.5%), but bearish (Q3 sales declined).  
**Analyst Actions:** Bullish (JP Morgan upgraded target from $120 to $135, Mizuho from $300 to $330), Neutral (Guggenheim maintained sell rating at $125).  
**Market Position:** Bearish (lost market share in Q3).  
**Product Updates:** Bullish (Model 3 'Highland' launch in Malaysia), Bearish (Cybertruck launch delayed).  
**Stock Performance:** Bearish (traded down to $255.60, dropped 1.57% to $258.87, slipped 2.99% to $251.12).  
**Insider Activity:** Bearish (SVP Zhu sold shares).  
**Net Tilt:** Mixed signals with slight net bearish bias due to recent stock declines and insider selling."
2023-10-14,15,"**Analyst Actions & Price Targets:** Com downgraded Tesla to ""Sell"" from ""Hold,"" reducing the target price to $285.00. Truist Financial lowered their target from $254.00 to $243.00. Piper Sandler maintained an ""Overweight"" rating with a $300.00 target. **Net Tilt:** Bearish.

**Buybacks & Ownership Changes:** Tesla initiated a stock buyback program. Llc increased its Tesla stake by 5.7%. Vanguard also bought Tesla shares. **Net Tilt:** Bullish.

**Product Updates:** Tesla cut prices and launched a new high-performance electric vehicle. **Net Tilt:** Neutral.

**Earnings Preview:** Earnings report on October 18. **Net Tilt:** Neutral.

**Stock Performance:** Shares declined. **Net Tilt:** Bearish."
2023-10-15,25,"**Price Target Upgrades/Degradations:** Bullish - Bank of America upgraded price target to $300 from $225; Bearish - Citigroup downgraded from $278 to $271, Wells Fargo from $265 to $260.

**Earnings:** Mixed - Analysts predict EPS of $2.92 for FY, but Tesla reported lower earnings per share, yet beat with adjusted EPS of 73 cents.

**Insider Activity:** Bearish - CFO Vaibhav Taneja sold 4,000 shares; Bearish - Ark Invest continues offloading shares, while other funds like KBC Group and Zurich increase holdings.

**Sanctions/Fines:** Bearish - Tesla fined A$155,000 by ACCC.

**Stock Performance:** Bearish - Stock closed down 2.99%, opened at $251.12.

**Net Tilt:** Bearish due to mixed earnings signals, insider selling, sanctions, and stock decline, despite upgrades from some analysts."
2023-10-16,28,"**Earnings:** Tesla missed EPS estimates but beat revenue forecasts, with Q3 revenue rising 8.8% YoY to $26.4B. **Bullish** on revenue, **Bearish** on EPS.

**Analyst Actions:** Jefferies downgraded Tesla’s price target from $265 to $250, while Piper Sandler lowered it from $300 to $290. **Bearish**

**Market Performance:** Tesla’s stock dipped slightly, having fallen 13% over the past three months. **Bearish**

**Product Updates:** FSD Beta prepares for rollout in China, but FSD pricing was cut in August. **Mixed**

**Supply/Demand:** Delivered 435,059 vehicles, produced 430,488 cars, but market share dropped to 50%. **Mixed**

**Other:** Insiders like SVP Xiaotong Zhu sold shares, and Tesla paid penalties in Australia. **Bearish**

**Net Tilt:** **Bearish** due to multiple negative signals outweighing positive ones."
2023-10-17,43,"**Bullish Signals:**
- **Price Target Upgrades:** Mizuho raised PT to $330 from $300; Robert W. Baird raised PT to $300 from $252.
- **Earnings Beat:** Tesla surpassed earnings estimates.
- **Revenue Growth:** Sales surge in China; global sales volume up.
- **Product Launches:** Revamped Model 3 in China, FSD demo in Austin, UK Model 3 release.

**Bearish Signals:**
- **Revenue Guidance Down:** Q3 revenue expected to decline.
- **Operating Margin Decline:** Operating margin decreased.
- **Product Recalls:** 54,676 Model X recalled due to issues.
- **Insider Sell:** SVP Andrew D. Baglino sold shares.
- **Price Target Downgrade:** Piper Sandler trimmed PT to $290 from $300.
- **Price Cuts:** US Model 3 prices reduced.
- **China Sales Drop:** EV gross sales fell 11%.

**Net Tilt:** Mixed signals suggest caution."
2023-10-18,126,"**Revenue & Earnings:** Tesla reported Q3 revenue below expectations and missed EPS by $0.07, with GAAP EPS at $0.66 vs. $0.73 expected. **Bearish**.

**Supply & Demand:** Vehicle deliveries fell 7%, production down 10%, and car sales slowed. **Bearish**.

**Analyst Actions:** Deutsche Bank downgraded Tesla’s price target to $285 from $300. **Bearish**.

**Catalysts:** Swedish Tesla mechanics plan a strike on Oct 27. **Bearish**.

**Contradictory Signals:** While revenue grew, earnings and production declined significantly. **Net Tilt: Bearish**."
2023-10-19,117,"**Earnings:** Tesla missed Q3 earnings and revenue forecasts, with EPS of $0.53 and revenue below expectations. Goldman Sachs and Morgan Stanley downgraded earnings estimates. **Bullish:** Net income grew 555% YOY; **Bearish:** Operating margin fell to 7.6%, and net income dropped 44%.

**Price Targets:** Goldman Sachs, Citigroup, Mizuho, and Morgan Stanley downgraded price targets to $235, $255, $310, and $380 respectively. JPMorgan upgraded to $135. **Net Tilt:** Bearish.

**Product:** Refreshed Model 3 unveiled. **Bullish.**

**Other:** CFO Zachary Kirkhorn resigned in August. **Bearish.**

**Revenue:** Revenue growth slowed but showed a small YoY increase. **Mixed.**

**Net Tilt:** **Bearish.**"
2023-10-20,33,"**Bullish Signals:**
- **Price Target Upgrade:** Mizuho raised target from $300 to $330.
- **Product Price Increase:** Tesla hiked prices on several models.
- **Facility Upgrades:** Completed factory upgrades.
- **Business Contract:** Toyota to adopt Tesla charger.

**Bearish Signals:**
- **Revenue Guidance Down:** Expecting EV sales slowdown.
- **Earnings Miss:** Profits took a dive.
- **Product Recall:** Nearly 55,000 Model X recalled.
- **Stock Performance:** Multiple reports of significant stock declines.
- **Sanctions:** Paid $155,460 in penalties.
- **Insider Sell:** CFO Vaibhav Taneja sold shares.
- **Price Target Downgrade:** Wells Fargo lowered target from $265 to $260.
- **Product Price Cuts:** Model 3/Y prices cut in Canada.
- **Executive Resignation:** Owner left stranded after executive departure.

**Net Tilt:** Bearish due to multiple negative signals outweighing positive ones."
2023-10-21,18,"**Bullish Signals:**
- Bank of America upgraded Tesla’s price target from $225.00 to $300.00.
- Several institutional investors increased their holdings in Tesla, including LLC, State Street Corp, Morgan Stanley, and others.

**Bearish Signals:**
- UBS downgraded Tesla’s price target from $290.00 to $266.00.
- Jefferies Financial Group downgraded Tesla’s price target from $265.00 to $250.00.
- Piper Sandler reduced their target price from $300.00 to $290.00.
- Guggenheim reaffirmed a “Sell” rating.
- Tesla missed EPS expectations by $0.07.

**Neutral Signals:**
- Roth MKM reissued a neutral rating with a $85.00 price target.
- Truist Financial Corp acquired Tesla shares.

**Net Tilt:** Bearish due to multiple downgrades and earnings miss outweighing upgrades and increased holdings."
2023-10-22,13,"**Price Target Adjustments:** JPMorgan upgraded Tesla’s price target to $135.00 from $120.00 (Bullish). Morgan Stanley downgraded Tesla’s price target to $380.00 from $400.00 (Bearish).

**Recalls:** Tesla recalled tens of thousands of vehicles and nearly 3,500 Model Y cars due to unspecified issues (Bearish).

**Legal Issues:** EEOC filed a lawsuit against Tesla (Bearish).

**Ownership Changes:** Zurich, System, Mitsubishi UFJ Morgan Stanley Securities, and Fmr LLC increased their positions in Tesla (Bullish).

**Analyst Ratings:** Wedbush reaffirmed an “outperform” rating with a $350.00 price objective (Neutral).

**Net Tilt:** Mixed signals with significant bearish elements from recalls and legal issues offsetting bullish ownership increases and one price target upgrade. **NET TILT: Bearish.**"
2023-10-23,56,"**Bullish Signals:**
- **Market Share Growth:** Tesla saw market share growth in Q3 2023.
- **Legal Victory:** Tesla won a trademark infringement case.
- **Product Launch:** Tesla launched a new model and a Cybertruck-inspired electric scooter priced at $10K.
- **Facility Plans:** Tesla announced plans for a new factory in Mexico.

**Bearish Signals:**
- **Downgrades & Misses:** Com downgraded Tesla to Sell, Wedbush lowered Q4 EPS estimates, and Tesla missed quarterly targets.
- **Price Target Cut:** Morgan Stanley reduced Tesla’s price target from $400 to $380.
- **Stock Performance:** Tesla’s stock hit a 4-month low, dropped 18.5% over three months, and fell slightly.
- **Regulatory Issues:** Tesla faces increased DOJ investigation and NHTSA probes.
- **Recalls:** Nearly 55,500 Model X vehicles recalled due to safety concerns.
- **Earnings Decline:** Profits down 37% in Q3.

**Net Tilt:** Bearish."
2023-10-24,33,"**Net Tilt: Bearish**

**Analyst Actions & Price Targets:**
- **Bearish:** Mizuho upgraded price target to $330.00; UBS, Citi, Jefferies downgraded targets to $266.00, $255.00, $250.00 respectively.

**Earnings & Revenue:**
- **Bearish:** Earnings tanked; Q3 revenues up 9% YoY but stock plunged 15%.

**Product & Legal Issues:**
- **Bearish:** Safety recalls for Model X; lawsuits from EEOC and class action; DOJ subpoena.

**Insider Activity:**
- **Bearish:** SVP Zhu and CFO Taneja sold shares.

**Regulatory Scrutiny:**
- **Bearish:** Expanded federal probe and regulatory investigations.

**Ownership Changes:**
- **Mixed:** Some institutions increased holdings while others decreased.
- **Bearish:** Management trimmed stake, Rheos Capital sold shares."
2023-10-25,12,"**Deutsche Bank Downgraded Tesla to $285 from $300.** (Bearish)

**South Korean Fines Tesla £1.8M.** (Bearish)

**Tesla Market Share Declining.** (Bearish)

**Tesla Boosts Annual EV Production.** (Bullish)

**Tesla Cuts Prices on Model Y and Model 3.** (Bearish)

**Institutional Investors Increase Holdings:** Llc (+451.9%), BNY Mellon (+203.9%), Zurich (+98,265.8%). (Bullish)

**Oppenheimer Reduces Stake in Tesla.** (Bearish)

**Tesla Stock Opens at $215.63, Down 1.89%.** (Bearish)

**Net Tilt:** Bearish"
2023-10-26,12,"**Product Price Cut & Unit Acquisition:** Bullish. Tesla reduced Model 3 prices by 17%, potentially boosting sales. Pulse acquired charging hardware units for $100M.

**Business Contracts & Guidance:** Neutral-Bullish. Tesla secured a $100M charger order from BP, aiming to lower repair costs.

**Regulatory & Ownership Changes:** Bearish. NHTSA is investigating Tesla. LMCG Investments sold 18,434 shares.

**Stock Performance:** Bearish. TSLA shares fell to $205.76 (-3.14%).

**Other:** Xpeng discontinued HD map support for Tesla FSD."
2023-10-27,23,"**Product Recalls:** Bearish. Tesla recalled over 3.4 million vehicles, indicating potential quality issues.

**Strikes:** Bearish. Workers in Sweden struck over unspecified reasons, signaling labor tensions.

**Product Launches:** Bullish. Tesla introduced a new paint color and plans charger deployment in 2024.

**Stock Performance:** Bearish. TSLA closed at a five-month low.

**Business Contracts:** Bullish. Tesla signed a $100M deal with BP and another undisclosed contract.

**Supply/Demand:** Bearish. Deliveries declined in Q3, while prices were raised for Model Y in China.

**Regulatory Issues:** Bearish. Under DOJ investigation, adding compliance risks.

**Price Adjustments:** Mixed. Recent price cuts contrast with recent price hikes for Model Y in China.

**Earnings:** Bearish. Lowest quarterly EPS reported."
2023-10-28,21,"**Net Tilt: Mixed**

**Bullish Signals:**
- Bank of America upgraded Tesla’s price target to $300.00.
- Tesla owner wins legal case.
- Multiple institutions increased holdings in Tesla.
- Expansion plans for Supercharger stations.
- BP Pulse invests $100 million in Tesla.

**Bearish Signals:**
- Jefferies, Morgan Stanley, and Piper Sandler downgraded Tesla’s price targets.
- Guggenheim reaffirmed a “sell” rating with a $125.00 price target.
- One institution reduced its stake in Tesla.

**Neutral Signals:**
- Analysts expect EPS of 2.71 for the current year.
- Brokerages set average PT at $238.28.
- Current stock price is $207.30."
2023-10-29,15,"**Bullish Signals:**
- **Price Target Upgrade:** Mizuho raised price target from $300 to $330.
- **Analyst Reiteration:** Wedbush maintained ""outperform"" with $350 price target.
- **Institutional Buys:** LLC, Inc., and Simmons Bank increased stakes.
- **Stock Gain:** Shares skyrocketed by 1,790%.

**Bearish Signals:**
- **Earnings Miss:** Q3 results disappointed.
- **Price Target Downgrade:** UBS lowered target from $290 to $266.
- **Demand Warning:** Slack demand noted by Tesla and peers.
- **Insider Sale:** SVP Andrew D. Baglino sold shares.
- **Regulatory Investigation:** DOJ investigation ongoing.
- **Institutional Sells:** Facet Wealth Inc. sold shares.

**Net Tilt:** Mixed signals suggest caution."
2023-10-30,39,"**Net Tilt: Bearish**

**Earnings & Guidance:** Bullish (JPMorgan upgrades price target to $135 from $120) vs. Bearish (disappointing Q4 guidance, EPS miss, stock drops 17%, 25% YTD).

**Revenue & Market Share:** Bearish (sales growth slows, EV market share falls to 50%).

**Product & Pricing:** Mixed (new sports seats, colors introduced, but price cuts by ~16%).

**Ownership & Supply:** Mixed (Rathbones boosts stake, others decrease; production targets up 500k units).

**Stock Performance:** Bearish (multiple drops, shares fall 17%, 22% MoM, 34% YTD).

**Catalysts:** Bearish (global EV competition, legal issues, worker strikes)."
2023-10-31,29,"**Revenue and Earnings:** Bearish. Tesla missed revenue expectations with $23.4B vs. estimates, and earnings fell short of forecasts.

**Legal Developments:** Bullish. Tesla won its first Autopilot wrongful-death lawsuit and other legal cases, reducing liability risks.

**Analyst Actions:** Bearish. Wells Fargo downgraded Tesla’s target price from $260 to $250.

**Regulatory Investigations:** Bearish. Tesla disclosed ongoing DOJ and NHTSA probes, indicating potential compliance issues.

**Insider Trading:** Bearish. SVP Xiaotong Zhu sold 2,500 shares, signaling possible insider concerns.

**Stock Performance:** Mixed. Tesla’s stock is up 68% YTD but tumbled recently, while some analysts see upside potential.

**Net Tilt:** Bearish. Conflicting signals but regulatory and financial headwinds outweigh positive legal outcomes."
2023-11-01,23,"**Bullish Signals:**
- **Analyst Upgrades:** Bank of America upgraded Tesla’s target price from $225 to $300; Mizuho raised it from $300 to $330.
- **Legal Wins:** Tesla won multiple lawsuits related to Autopilot, including a significant fatality trial.
- **Regulatory Approval:** Malaysia granted permission for Tesla and Starlink.
- **Stock Gains:** Shares closed up 1.8% at $200.84 on Oct 31.

**Bearish Signals:**
- **Earnings Miss:** Revenue and profit missed estimates in the Oct 18 earnings report.
- **Price Target Downgrades:** Citigroup lowered target from $271 to $255; Jefferies reduced from $265 to $250.
- **Stock Losses:** Shares plummeted by about 20% amid regulatory investigations and other factors.
- **Sell Rating Reissued:** Guggenheim reissued a “sell” rating with a $125 price objective.
- **Ownership Decreases:** Aviance Capital Partners sold shares.

**Net Tilt:** Mixed signals suggest caution; earnings miss and downgrades outweigh legal wins and upgrades. **NET TILT: Bearish.**"
2023-11-02,8,"**Revenue Growth vs. Market Share Decline:** Bullish revenue growth noted with YoY increase and refreshed Model 3 debut in China (up to 5.1%). However, bearish due to market share loss in premium EV segment and Oct China sales down 2.6%.

**Supply Constraints:** Bearish as Model 3 production curbed.

**Product Enhancements:** Bullish with upgraded Model 3 features.

**Net Tilt:** Mixed signals; slight net bullish due to stock gain and revenue growth outweighing supply constraints and market share concerns."
2023-11-03,14,"**Revenue Growth:** Bearish; Tesla reported Q3 revenue growth of only 9%, below expectations.

**Product Launches:** Bullish; Tesla launched a new Virtual Power Plant and revealed a new product, indicating continued innovation.

**Partnerships:** Bullish; Tesla partnered with Sunova and Sunrun for a Puerto Rico VPP launch, expanding market reach.

**Stock Performance:** Mixed; Tesla shares inched up 0.66% to $219.96 but also saw a 6% jump earlier, showing volatile trading.

**Analyst Actions:** Neutral; Meritage Portfolio Management increased holdings by 2.8%, suggesting some institutional confidence.

**Workforce Changes:** Neutral; Tesla raised wages, potentially stabilizing workforce but could impact margins."
2023-11-04,18,"**Net Direction: Mixed**

**Bullish Signals:**
- **Price Target Upgrades:** TD Cowen ($200.00), JPMorgan ($135.00), Mizuho ($330.00).
- **Share Gains:** Tesla’s shares gained 81%.
- **Ownership Increases:** Multiple institutions increased holdings (Llc., Mackenzie Financial Corp., Co., State Street Corp., Geode Capital Management LLC, Fmr LLC).

**Bearish Signals:**
- **Price Target Downgrades:** Morgan Stanley ($380.00), Piper Sandler ($290.00).
- **Insider Sell:** SVP Xiaotong Zhu sold 2,500 shares.
- **Strike:** Tesla workers strike in Sweden.
- **Ownership Decrease:** Pinnacle Financial Partners Inc. decreased holdings.

**Net Tilt:** Mixed due to conflicting signals."
2023-11-05,5,"**Price Target Downgrade:** Jefferies downgraded Tesla’s price target from $265 to $250, indicating **bearish** sentiment.  
**Product Release:** Tesla unveiled a revamped Model 3 in China, signaling **bullish** product momentum.  
**Insider Sales:** CFO Vaibhav Taneja and SVP Andrew Baglino sold shares, suggesting **bearish** insider confidence.  
**Stake Acquisition:** Texas Permanent School Fund Corp increased its stake in Tesla, indicating **bullish** institutional interest.  
**Net Tilt:** Conflicting signals with mixed direction, but overall slightly **bearish** due to recent downgrade and insider sales."
2023-11-06,29,"**Supply Guidance Increase:** Bullish. Model Y output expected to double.

**Legal Victory:** Bullish. Tesla won a significant legal battle.

**Product Launches:** Bullish. Launched Model S and Model X; plans affordable car in Germany.

**Regulatory Scrutiny:** Bearish. Tesla Autopilot under investigation.

**Stock Performance:** Bullish. TSLA stock gained 2-11%, opening at $223.75.

**Analyst Ratings:** Neutral. Wedbush reaffirmed ""outperform"" with $350 price target.

**Salary Increases:** Bullish. Hiked wages for German factory workers.

**Ownership Changes:** Mixed. Various entities increased holdings, but Lucid Motors cut prices to compete.

**Net Tilt:** Bullish. Positive signals outweigh negatives."
2023-11-07,15,"**Price Target Downgrades:** UBS downgraded Tesla’s price target from $290 to $266; Deutsche Bank lowered it from $300 to $285 (Bearish).

**Supply Guidance Decrease:** Tesla reduced production outlook (Bearish).

**Revenue Volume Up:** Added 50,000 new paid members in October (Bullish).

**Product Price Increase:** Model Y prices to rise in China (Mixed, Bullish for margins but could dampen demand).

**Market Entry:** Entering India by January 2024 (Bullish).

**Ownership Increases:** Multiple institutions increased stakes in Tesla (Bullish).

**Analyst Ratings:** Morgan Stanley maintains an Overweight rating (Neutral).

**Net Tilt:** Mixed signals with a slight net bearish tilt due to production cuts and price target reductions outweighing positive ownership trends and new market entry."
2023-11-08,20,"**Revenue & Sales:** Bullish; Model Y sales soared, indicating strong demand.

**Analyst Actions:** Bearish; Morgan Stanley downgraded Tesla’s target price from $400 to $380.

**Legal Developments:** Mixed; Tesla won a landmark case in China (Bullish), but faced another lawsuit in California (Bearish).

**Product Launches & Deployments:** Bullish; Model Y now available globally, Powerwalls deployed in Europe, and price increase for Model 3/Y.

**Insider Activity:** Bearish; SVP Xiaotong Zhu and Andrew D. Baglino sold shares.

**Investment & Market Entry:** Bullish; Tesla invested €5 billion in Germany and entered India with imported cars.

**Ownership Changes:** Bullish; multiple investors increased positions in Tesla."
2023-11-09,45,"**Bearish Signals:**
- **Earnings Miss:** Tesla reported weaker-than-expected earnings, missing analyst forecasts.
- **Price Target Downgrades:** Jefferies downgraded price target from $265 to $250; Hsbc initiated coverage at ""Sell.""
- **Product Recalls:** Tesla recalled nearly 160 Model S and Model X vehicles over airbag safety concerns.
- **Stock Performance:** Tesla stock fell 5-6% on Thursday, down 25% YTD.
- **Insider Sale:** Tesla CFO Vaibhav Taneja sold 4,000 shares.

**Bullish Signals:**
- **Price Target Upgrade:** JPMorgan upgraded price target from $120 to $135.
- **Cost Reduction:** Tesla reported a 30% reduction in production costs.

**Net Tilt:** Bearish."
2023-11-10,16,"**Product Recall:** Bearish. Tesla recalling Model S and Model X due to airbag issues.

**Product Launch & Expansion:** Bullish. Debuting in India early 2024; expanding Supercharger network.

**Stock Performance:** Bearish. Pre-market and intraday trading saw significant drops.

**Partnerships:** Bullish. Partnering with Saic-GM for Supercharger access in China.

**Supply & Production:** Bullish. Accelerating Cybertruck production.

**Ownership Changes:** Bearish. Musk sold approximately $23B worth of Tesla stock this year.

Signals conflict, but overall **NET TILT IS BEARISH**."
2023-11-11,6,"**Price Target Downgrade:** Truist Financial downgraded Tesla’s price target from $254.00 to $243.00 (Bearish).

**Institutional Ownership Increase:** Multiple institutions increased their positions in Tesla: Bank by 1.5%, Meritage Portfolio Management by 2.8%, and Midwestone Financial Group by 3.3% (Bullish).

**Analyst Rating Reaffirmation:** Sanford C. Bernstein maintained an “underperform” rating with a $150.00 price target (Bearish).

**New Stake Acquisition:** Catalyst Capital Advisors bought 881 shares of Tesla (Bullish).

**Net Tilt:** Mixed signals with Bearish and Bullish indicators."
2023-11-12,13,"**Analyst Actions:** JPMorgan upgraded Tesla’s price target to $135.00 (bullish), while Jefferies downgraded it to $250.00 and Morgan Stanley to $380.00 (bearish).

**Insider Activity:** CFO Vaibhav Taneja sold 4,000 shares (bearish).

**Institutional Ownership:** Multiple institutions increased holdings significantly (bullish), while Banque Cantonale Vaudoise reduced its stake (bearish).

**Earnings Estimate:** Analysts predict EPS of $2.7 for FY (neutral).

**Net Tilt:** Mixed signals with slight net bearish tilt due to multiple downgrades and insider sell."
2023-11-13,24,"**Tesla (TSLA) Daily Brief - 2023-11-13**

**Bullish Signals:**
- **Price Target Upgrade:** Mizuho raised price target from $300 to $330.
- **Acquisition Interest:** EG Group plans to acquire Tesla’s open network and 20K chargers.
- **Facility Expansion:** Tesla opened a new center in Verona, Italy.
- **Institutional Buying:** State Street, Geode Capital, and Fmr LLC increased holdings.

**Bearish Signals:**
- **Share Price Drop:** Tesla’s share price dropped 15% in the last month.
- **Mixed Analyst Ratings:** Guggenheim downgraded to “sell” with a $125 target; Wedbush and RBC maintained “outperform” ratings but with lower targets ($350 and $305 respectively).
- **Institutional Selling:** McKinley Capital Management sold shares and decreased position.

**Net Tilt:** Mixed, with significant institutional buying offset by recent price drops and mixed analyst ratings."
2023-11-14,25,"**Revenue Growth:** Bullish. Tesla’s sales in China grew significantly.

**Product Launches:** Bullish. Improved charger and Cyberquad for Kids launched.

**Price Adjustments:** Mixed. Prices raised for Model 3 and Y RWD in China (Bullish), but Model Y price cut in other markets (Bearish).

**Partnerships:** Bullish. Collaborations with research firm and Flyer.

**Production/Capacity:** Bearish. Delay in Mexico operations. Increased component imports from India.

**Regulatory:** Neutral. Indian minister inspected Tesla’s facility.

**Ownership Changes:** Bearish. Arrow Financial and Ark Invest reduced holdings; Sweeney & Michel LLC increased holdings.

**Facility Openings:** Bullish. Supercharger stations opened in Great Britain."
2023-11-15,12,"**Government Contract:** Bullish. Tesla signed a deal with the UK government.

**Stock Performance:** Mixed. Stock fell sharply but gained 6% last week and rose 2.29% on Wednesday.

**Insider Activity:** Bearish. SVP Xiaotong Zhu sold 2,500 shares.

**Institutional Ownership:** Mixed. Midwestone Financial Group increased holdings by 3.3%, while Ulc decreased its position.

**Analyst Ratings:** Neutral. Roth Mkm reissued a neutral rating with a $85 target price.

**Revenue Update:** Neutral. Cybertruck sales revealed but no specific figures provided.

NET TILT: Mixed."
2023-11-16,5,"**Net Tilt: Bearish**

- **Bearish:** GM acquires Tesla (unexpected negative catalyst).
- **Bearish:** Elon Musk to resign as Tesla CEO (leadership uncertainty).
- **Bullish:** Model 3 and Model Y prices increased (potential revenue boost).
- **Bullish:** Redesigned Model 3 includes Bluetooth headphone support (product enhancement).
- **Bearish:** Shares dropped 4% (market sentiment decline).

**NET TILT:** Bearish due to significant negative catalysts outweighing positive product developments."
2023-11-17,16,"**Earnings:** Bullish. Tesla Q3 earnings beat expectations with EPS of 66 cents, and revenue increased year-over-year.

**Market Dynamics:** Bearish. Tesla faces a dockworker strike and a significant drop in market share, potentially impacting production and sales.

**Stock Performance:** Mixed. Shares edged up slightly in premarket and recent trading but saw a notable gain of 6.1% at one point, possibly due to positive earnings.

**Product & Strategy:** Mixed. Tesla raised prices for the Model 3, indicating confidence in demand, while facing market share challenges."
2023-11-18,9,"**Price Target Adjustments:** JPMorgan upgraded Tesla’s price target to $135.00 (Bullish), while Jefferies downgraded it to $250.00 (Bearish). **Legal Victory:** Tesla won a significant lawsuit (Bullish). **Ownership Changes:** System increased stake by 3.5% (Bullish), but Meitav Investment House sold shares (Bearish). **New Investments:** Two entities invested in Tesla ($429,000 and 1,637 shares) (Bullish). **Earnings Estimate:** Analysts predict EPS of $2.68 for the current year (Neutral). **Stock Price:** TSLA opened at $234.30 (Neutral). **Net Tilt:** Mixed signals with slight Bullish bias."
2023-11-19,19,"**Net Direction: Bearish**

**Analyst Actions & Price Targets:**
- **Bearish:** Citigroup downgraded Tesla’s target price from $271.00 to $255.00.
- **Neutral:** Wedbush reissued “outperform” with a $350.00 target.
- **Bearish:** Piper Sandler lowered target from $300.00 to $290.00.
- **Neutral:** Canaccord Genuity reissued “buy” with a $293.00 target.
- **Bearish:** Guggenheim maintained “sell” with a $125.00 target.

**Ownership Changes:**
- **Bearish:** CFO Vaibhav Taneja sold 4,000 shares.
- **Bullish:** Multiple institutions increased holdings (State Street, Geode Capital, Fmr LLC, Llc, BNY Mellon, Meritage).
- **Bearish:** Pllc and Proshare Advisors reduced stakes.

**Legal & Financial:**
- **Bullish:** Judge dismissed antitrust lawsuit.
- **Bearish:** Stock traded as low as $226.58, closing at $227.28.
- **Neutral:** Reported $6.15 billion in revenue.

**Net Tilt:** Bearish due to multiple downgrades and insider sell."
2023-11-20,13,"**Price Target Adjustments:** Bearish. Jefferies downgraded TSLA’s price target to $210 from $250; Morgan Stanley lowered it to $380 from $400; Wells Fargo reduced it to $250 from $260. Piper Sandler upgraded the price target to $295.

**Product Launch:** Bullish. Tesla launched the new Model 3 in Malaysia.

**Negative Events:** Bearish. A Tesla Model X crashed into a home in San Mateo.

**Ownership Changes:** Mixed. Great West Life Assurance Co., Inc., and Bessemer Group Inc. increased holdings, while Acorns Advisers LLC purchased additional shares. Net tilt slightly bullish.

**Stock Performance:** Bearish. TSLA stock fell $1.57 to $232.73."
2023-11-21,25,"**Price Target Downgrades:** Jefferies downgraded TSLA’s price target from $250 to $210; UBS cut from $290 to $266 (Bearish).

**Product Launches:** Tesla set to launch Cybertruck on Nov 30 (Bullish).

**Price Adjustments:** Model Y price raised in China by 2,000 yuan; Model Y inventory prices cut (Mixed).

**Demand & Supply:** Growing market demand; Cybertruck production ramps up (Bullish).

**Ownership Changes:** Morgan Stanley increased holdings by 7.8%; Korea Investment CORP acquired shares; First Western Trust Bank sold shares (Mixed).

**Facility Updates:** Building Gigafactory Texas; planning factory in India (Bullish).

**Stock Performance:** Shares up 2.2-2.7% (Bullish).

**Net Tilt:** Mixed signals with slight Bullish bias due to product launches and growing demand."
2023-11-22,22,"**JPMorgan upgraded Tesla’s target price to $135 from $120, bullish.** Tesla unveiled a refreshed Model 3 and announced its availability in India, positive. The company won two product liability lawsuits in California, favorable. Model 3 Performance debuted globally and is set for an early 2024 release, positive. Major investors like Zurich and Mackenzie increased stakes significantly, bullish. However, TRUE Private Wealth Advisors reduced their stake, negative. Tesla faces increased competition and a Model 3 owner was involved in a car accident, bearish. **Net tilt: Bullish.**"
2023-11-23,11,"**Product Launches:** Bullish. Tesla premieres Cybertruck in Chicago, set to debut production-spec version on Nov 30. Also planning to launch a new car next year.

**Partnerships:** Bullish. Toyota and Lexus announce partnership with Tesla.

**Price Adjustments:** Bearish. Tesla slashes prices on new inventory vehicles.

**Insider Activity:** Bearish. Tesla CFO Vaibhav Taneja sold 4,000 shares.

**Ownership Changes:** Mixed. Schroder Investment Management increased holdings by 2.0%, while Franklin Resources bought 161,003 shares. Bessemer Group holds a stable $7.78M position. 

**Net Tilt:** Neutral to Slightly Bearish."
2023-11-24,16,"**Product Launches & Market Entries (Bullish):**
- Tesla accelerating FSD rollout in China.
- Cybertruck customer debut in Texas.
- FSD beta launch in China.
- Small car production in India announced.

**Price Cuts & Ownership Changes (Bearish):**
- Price cuts for Model S.
- SVP Zhu’s insider sale of 2,500 shares.
- LLC reducing stake in Tesla.

**Investments & Facilities (Mixed):**
- $2 billion investment planned in India.
- Close to opening a $2 billion factory in India.

**Analyst Ratings (Neutral):**
- Goldman Sachs reiterates neutral rating with $275 price target.

NET TILT: Mixed, with significant product launches offsetting negative ownership signals."
2023-11-25,12,"**Product Release & Enhancements (Bullish):** Tesla unveiled the first-generation Roadster and displayed Cybertruck in Canada, indicating upcoming product launches. The company also plans to introduce new models and unveil exciting features.

**Regulatory Concerns (Bearish):** Tesla’s Autopilot program faces scrutiny, and there's a potential ban on selling self-driving cars in Britain.

**Price Adjustments (Bearish):** Tesla lowered prices in Portugal, suggesting competitive pricing pressures.

**Hirings & Ownership Increases (Bullish):** Tesla has been hiring test drivers, and institutional investors like Fmr LLC and Geode Capital Management increased their positions.

**Earnings Forecast (Neutral):** Analysts predict EPS of $2.64 for the current year.

**Net Tilt:** Mixed signals with some bullish and bearish indicators."
2023-11-27,20,"**Product Release:** Bullish - Tesla introduced a camera washer and released the Cybertruck, indicating product innovation.

**Market Share & Legal Issues:** Bearish - Tesla’s U.S. EV market share declined in Q3, and faced legal issues in Sweden, including a lawsuit against the Swedish state.

**Strikes & Labor Relations:** Bearish - Strikes are ongoing in Sweden, and Tesla was accused of illegal layoffs. However, it will sign a collective agreement with unions, which could stabilize labor relations.

**Analyst Actions & Insider Trading:** Bearish - Wells Fargo downgraded Tesla’s price target to $250 from $260. CFO Vaibhav Taneja sold 4,000 shares.

**Ownership Changes:** Mixed - Some funds increased holdings (Llc, Panagora Asset Management), while others decreased (Cooper Haims Advisors).

**Net Tilt:** Bearish due to market share decline, ongoing strikes, legal challenges, and analyst downgrade."
2023-11-28,27,"**Product Releases & Upgrades (Bullish):** Tesla launched an enhanced Model 3 Performance, rolled out new semi-autonomous driving software, and teased the Cybertruck. Toyota formed a partnership with Tesla. Analysts expect EPS of $2.64 for the current year.

**Revenue & Sales (Bullish):** Tesla reported a 24% Q1 revenue rise and saw China sales step up.

**Price Adjustments (Mixed):** Tesla increased Model Y prices in China but also released new pricing details for Cybertruck and Model 3.

**Ownership Changes (Net Bearish):** While some firms increased holdings, significant insider selling occurred, including SVP Andrew Baglino’s sale of 10,500 shares.

**Strikes (Bearish):** A union strike against Tesla was reported."
2023-11-29,11,"**Product Releases:** Bullish. Tesla is rolling out the highly anticipated Cybertruck and launching Premium Connectivity in Malaysia, indicating expansion and new product availability.

**Strikes & Legal Issues:** Bearish. Swedish employees are striking at Tesla workshops, and Tesla is suing Postnord, signaling potential operational disruptions and legal costs.

**Stock Movement:** Mixed. Shares experienced a minor decline but saw gains alongside Palantir, suggesting some investor confidence despite recent headwinds.

**Facility Openings:** Bullish. Tesla opened its first service center, enhancing customer support and potentially boosting sales.

**Revenue Outlook:** Neutral. No specific revenue data provided beyond a mention of 2025 projections, lacking immediate actionable insight.

**Net Tilt:** Mixed, with significant bullish and bearish signals."
2023-11-30,25,"**Net Tilt: Bearish**

**Analyst Actions:**
- **Bearish:** Jefferies downgraded Tesla, reducing target price from $250.00 to $210.00.
- **Bullish:** JPMorgan upgraded Tesla, raising target price from $120.00 to $135.00.
- **Bearish:** Morgan Stanley downgraded Tesla, lowering target price from $400.00 to $380.00.

**Stock Performance:**
- **Bearish:** Tesla stock fell by 1.66% to $240.08 on Thursday, with multiple reports of declines.

**Product Updates:**
- **Bullish:** Cybertruck unveiled, with a starting price of $60,990.
- **Bearish:** Cybertruck’s launch has been delayed.

**Ownership Changes:**
- **Mixed:** Credit Suisse increased stake by 3.0%, while Epoch Investment Partners trimmed position.

**Earnings Estimate:**
- **Neutral:** Analysts predict EPS of 2.61 for the current year.

**Net Signal:** Conflicting signals but overall tilt towards bearish due to multiple downgrades and stock declines."
2023-12-01,25,"**Product Release & Price Hike:** Bullish on product release but bearish on price hike. Cybertruck officially launched in the US market, with early deliveries to customers. However, the price increased by 50%, which could dampen demand.

**Stock Performance:** Bearish. Tesla stock fell sharply post-Cybertruck event details, dropping over 3% in regular trading and nearly 2% in extended trading. Despite a recent 19.5% gain in November, the immediate reaction to the Cybertruck event was negative.

**Analyst Actions & Ownership Changes:** Mixed. Westwood Holdings reduced holdings, while another firm initiated a new stake. No specific price targets or ratings were mentioned.

**Catalysts:** Negative. A mass shooting occurred during the Cybertruck event, potentially impacting brand perception. Sixt plans to phase out Teslas from rental fleets, signaling potential demand shift concerns."
2023-12-02,9,"**Net Direction: Bearish**

- **Bearish:** Tesla’s stock plummeted following rumors of an acquisition by Apple, despite introducing the Cybertruck. CFO Vaibhav Taneja sold 4,000 shares.
- **Bullish:** Canaccord Genuity maintained a Buy rating with a $293.00 target price. Multiple investors increased stakes: Inc. by 1,111.1%, LLC by 32.1%, and System by 3.5%.

**Net Tilt:** Bearish due to significant stock drop and insider sell, offset slightly by positive analyst and investor sentiment."
2023-12-03,12,"**Price Target Downgrade:** UBS downgraded Tesla’s target price from $290 to $266, bearish.

**Product Launches:** Tesla unveiling Cybertruck and entering India, bullish.

**Stock Performance:** Shares closed at $233.88, below target prices, bearish.

**Technical View:** TSLA near buy point, bullish.

**Institutional Ownership:** Mackenzie Financial Corp increased stake by 6.8%, bullish; Polar Capital and Llp also hold stakes, neutral.

**Analyst Ratings:** Guggenheim maintained “sell” with $125 PT, bearish; Goldman Sachs and Barclays reaffirmed “neutral” and “equal weight” with $275 and $260 PTs respectively, neutral.

**Net Tilt:** Mixed signals; overall slightly bearish due to downgrade and low stock price relative to targets."
2023-12-04,29,"**Price Target Upgrade:** JPMorgan upgraded Tesla’s price target from $120.00 to $135.00 (Bullish).

**Revenue Decline:** Tesla's China sales dropped 17.8% YoY (Bearish).

**Stock Performance:** Tesla’s stock rose 91% YTD but fell 0.5% today (Mixed).

**Product Updates:** Cybertruck for kids unveiled, new navigation features introduced (Neutral).

**Legal Issues:** Facing class action lawsuit (Bearish).

**Insider Activity:** CFO Vaibhav Taneja sold 4,000 shares (Bearish).

**Price Increases:** Prices hiked in China (Bearish).

**Business Changes:** Sixt phasing out Tesla EVs, rental company discontinuing Teslas (Bearish).

**Ownership Changes:** BNY Mellon and Zurich significantly increased holdings; Bridgewealth reduced stake (Mixed).

**Analyst Ratings:** Wedbush maintained “outperform” with $310.00 PT (Bullish).

**Net Tilt:** Mixed, with significant bearish signals outweighing bullish ones."
2023-12-05,16,"**Credit Rating Downgrade:** Moody’s downgraded Tesla, negative for investor sentiment.

**Price Target Downgrades:** Morgan Stanley lowered price target from $400 to $380; Wells Fargo reduced from $260 to $250, both bearish.

**Market Share Decline:** Tesla’s global EV market share dropped, indicating weakening competitive position.

**Legal Issues:** Ordered to face class action lawsuit over unspecified issues, negative for reputation and potential costs.

**Product Expansion:** Launched insurance service in 2019 and expanded in Scandinavia, positive for growth.

**Insider Sell:** SVP Andrew D. Baglino sold shares, signaling possible concerns about near-term performance.

**Ownership Changes:** Multiple institutions increased holdings, but Future Fund trimmed stake, mixed signals.

**Stock Performance:** Shares up 4.0%, trading at $241.55, positive short-term momentum.

**Net Tilt:** **Bearish**, due to multiple downgrades, legal issues, and insider sell, despite some positive product expansions and ownership increases."
2023-12-06,16,"**Price Target Downgrade:** Citigroup downgraded Tesla’s price target from $271.00 to $255.00 (Bearish).

**Product Launches:** Tesla launched the Cybertruck globally and introduced the 'Foundation Series' for it (Bullish). Tesla also rolled out more EVs in China and expanded its Shanghai Gigafactory (Bullish).

**Revenue Decline:** November sales dropped 17.8% YoY (Bearish).

**Business Contract Termination:** Sixt terminated its contract with Tesla (Bearish).

**Ownership Changes:** Winton GROUP Ltd and another Trust sold shares, while Co and State Street Corp increased their stakes (Mixed).

**Stock Performance:** Tesla stock gained 2.8% (Bullish).

**Earnings Estimate:** Analysts expect EPS of $2.61 for FY (Neutral).

**Net Tilt:** Mixed signals suggest a cautious approach."
2023-12-07,23,"**Legal & Executive Issues:** Bearish. Tesla lost a legal battle in Sweden and faces a labor dispute, while the head of its Dojo supercomputer project resigned.

**Product & Market Expansion:** Bullish. The Cybertruck launched in the US and will be available in Australia. Tesla is entering the Indian market and signing agreements with unions.

**Facility & Awards:** Bullish. A new Supercharger station and sales/delivery center were launched. The Model Y won a safety award.

**Investor Activity:** Mixed. Mackenzie Financial Corp increased its stake, while another investor did not sell shares. Jefferies Financial Group and Bison Wealth LLC also bought shares.

**Analyst Ratings:** Neutral. Goldman Sachs maintained a neutral rating with a $275 price target."
2023-12-08,7,"**Product Enhancement:** Bullish. Tesla unveiled new features, likely boosting long-term appeal.

**Revenue Volume Up:** Bullish. China sales rose, indicating strong demand.

**Analyst Downgrade:** Bearish. Bernstein downgraded Tesla, lowering price target.

**Fines:** Bearish. Fined in California and Fremont, regulatory issues impacting sentiment.

**Stock Performance:** Bearish. Shares fell 0.65%.

**Net Tilt:** Bearish due to regulatory fines and analyst downgrade outweighing product and sales positives."
2023-12-09,18,"**Regulatory Approval:** Bullish; Tesla received implicit approval from California for Autopilot.

**Price Target Downgrade:** Bearish; Wells Fargo downgraded Tesla’s price target from $260 to $250.

**Insider Sales:** Bearish; CFO Vaibhav Taneja and SVP Andrew Baglino sold shares.

**Product Discontinuation:** Bearish; Sixt is discontinuing Tesla vehicles.

**Revenue Growth:** Bearish; Tesla’s automotive revenue increased by only 5%.

**Ownership Increases:** Mixed; multiple firms increased holdings, but one large sell-off occurred.

**Analyst Ratings Neutral:** Neutral; Royal Bank of Canada and Wedbush maintained “outperform” ratings with respective targets of $305 and $310.

**Earnings Estimate:** Neutral; analysts predict EPS of 2.61 for FY.

Net Tilt: **Bearish**."
2023-12-10,7,"**Price Target Upgrade:** JPMorgan upgraded Tesla’s target price from $120.00 to $135.00 (Bullish).

**Executive Resignation:** C-Suite Exodus at Tesla (Bearish).

**Stock Forecast:** Analyst predicts Tesla stock to drop 40% in 2024 (Bearish).

**Institutional Ownership Changes:** 
- BNY Mellon increased holdings by 203.9% QoQ (Bullish).
- MidwestOne Financial Group increased position by 3.3% (Bullish).
- Caisse DE Depot ET Placement DU Quebec and Orion Portfolio Solutions LLC reduced holdings (Bearish).

**Net Tilt:** Mixed signals with some bullish upgrades and institutional buying offset by bearish forecasts and executive departures."
2023-12-11,14,"**Product Price Cut:** Bullish (slashed prices by 16%)  
**Price Target Downgrade:** Bearish (Morgan Stanley reduced PT from $400 to $380)  
**Product Release:** Bullish (Mini Cybertruck unveiled)  
**Legal Issues:** Bearish (facing false advertising charges)  
**Stock Performance:** Bearish (traded down $3.95, could tumble 38%)  
**Ownership Changes:** Mixed (Hyperion decreased holdings; A and P increased)  
**Analyst Ratings:** Neutral (Canaccord reaffirmed ""buy"" with $293 PT)  
**Net Tilt:** Bearish due to multiple negative signals outweighing positive ones."
2023-12-12,16,"**Net Direction: Bearish**

**Price Target Downgrades:** Jefferies downgraded Tesla’s price target from $250 to $210; Deutsche Bank reduced it from $300 to $285.

**Revenue Guidance:** Analysts expect Tesla’s sales to rise, with QoQ revenue up 9%.

**Stock Performance:** Tesla surged 90.9% YTD but fell recently amid regulatory scrutiny and insider selling.

**Regulatory & Legal:** Tesla’s Autopilot system is under investigation.

**Insider Activity:** CFO Vaibhav Taneja sold 173 shares.

**Ownership Changes:** Meritage Portfolio Management and Hilltop Holdings Inc. increased holdings, while Srs Capital Advisors purchased shares.

**Patents & Market Share:** Tesla was granted a US patent, maintaining strong market share."
2023-12-13,62,"**Product Recalls (Bearish):** Tesla announced major recalls affecting over 2 million vehicles globally, including all US cars from 2012 to 2023 Model S, 54,676 Model X, and 193,000 in Canada, due to Autopilot issues.

**Product Launches (Bullish):** Tesla unveiled the third-generation Optimus humanoid robot and rolled out Autopilot updates to 2 million vehicles. Additionally, the Cybertruck is expected to launch in various models between 2024 and 2025.

**Stock Performance (Bearish):** TSLA stock fell in pre-market trading and dipped below previous levels.

**Partnerships (Bullish):** Tesla partnered with Eg Group for EV charging expansion in Europe and reportedly formed a new partnership with Uber.

**Regulatory Investigations (Bearish):** The National Highway Traffic Safety Administration (NHTSA) is investigating Tesla’s Autopilot technology, while other agencies are probing Full Self-Driving software.

**Legal Challenges (Bearish):** Tesla faces legal challenges over unspecified issues.

**Miscellaneous (Neutral):** A fatal shooting occurred at a Tesla charging station.

**Net Tilt:** Bearish."
2023-12-14,9,"**Net Tilt: Bearish**

**Earnings & Estimates:**
- **Bearish:** Deutsche Bank downgraded Tesla, cutting estimates.
- **Neutral:** Guggenheim maintained a ""sell"" rating with a $125 price target.

**Regulatory & Legal:**
- **Bearish:** NHTSA is investigating Tesla’s self-driving system.

**Ownership Changes:**
- **Bullish:** Midwestone Financial Group and Llc. increased their positions in Tesla.

**Stock Performance:**
- **Bullish:** Tesla stock is up 92% YTD; shares up 0.3% in afternoon trading.

**Catalysts:**
- **Neutral:** Tesla to report Q4 delivery results; Cybertruck priced at $39,900."
2023-12-15,20,"**Bullish Signals:**
- JPMorgan upgraded Tesla’s price target from $120 to $135.
- Guggenheim raised Tesla’s price target from $125 to $132.
- Tesla reported solid revenue and EPS growth.
- Production is increasing, with Cybertruck gaining momentum.
- Multiple institutions significantly increased holdings in Tesla.

**Bearish Signals:**
- Falcon Wealth Planning sold Tesla shares.
- One institution trimmed its position in Tesla.

**Net Tilt:** Bullish

**Catalysts:**
- Revenue and EPS growth.
- Increased production and institutional ownership."
2023-12-16,13,"**Product Catastrophe:** Bearish. A woman was killed in a crash involving Tesla’s Autopilot system.

**Revenue Volume Up:** Bullish. Tesla’s EV retail sales surged.

**Price Target Downgrade:** Bearish. Wells Fargo downgraded Tesla’s price target from $260 to $250.

**Product Price Cut:** Neutral. Model 3’s effective price was reduced to $45,130.

**Ownership Changes:** Mixed. Llc, Bank of New York Mellon, and Md increased holdings, while Symmetry Partners sold shares.

**Analyst Ratings:** Neutral. Royal Bank of Canada maintained an “outperform” rating with a $305 price target.

**Stock Performance:** Slightly Bullish. Tesla stock gained 1.0%.

**Stake Acquisitions:** Neutral. Minor stake acquisitions by First National Bank of Mount Dora and New England Research & Management.

**Net Tilt:** Net slightly bearish due to product safety concerns and price target downgrade outweighing positive sales and minor stake increases."
2023-12-17,8,"**Revenue & Volume:** Bullish; Tesla sales surged in China.

**Product Recall:** Bearish; Tesla recalling 2 million vehicles.

**Legal Issues:** Bearish; facing growing lawsuits.

**Ownership Changes:** Mixed; Geode Capital increased holdings by 3.2%, while Apella Capital reduced stake.

**Stock Performance:** Bearish; shares initially dipped over 3%.

**Price Action:** Neutral; opened at $253.50. 

**Net Tilt:** Bearish."
2023-12-18,15,"**Product Recalls:** Bearish. Tesla recalled over 2 million vehicles in the US, impacting brand trust and potential regulatory scrutiny.

**Price Target Downgrades:** Bearish. Deutsche Bank lowered price target from $275 to $260, while RBC trimmed it from $301 to $300.

**Legal Verdicts:** Mixed. Maxwell Technologies won a jury trial, but Cap-XX’s patents were invalidated in a separate case, potentially affecting future litigation outcomes.

**Stock Movement:** Bullish. Shares rallied despite negative news, possibly due to short covering or positive sentiment on earnings expectations.

**Supply and Product Changes:** Neutral. Q3 deliveries hit 435,000 vehicles, while discontinuation of Disney+ support and development of new chargers indicate ongoing product management.

**Net Tilt:** Bearish. Multiple downgrades and recalls outweigh stock rally and positive legal verdicts."
2023-12-19,30,"**Analyst Actions:** Bearish - Com cut Tesla from Hold to Sell; Morgan Stanley lowered PT from $400 to $380. Neutral - Roth MKM reaffirmed Neutral with $85 PT; Barclays reissued Equal Weight with $260 PT.

**Product Releases/Catalysts:** Bullish - Tesla unveiled wireless inductive home charger; expected to launch affordable EV in 2024. Mixed - Removed Disney+ from platforms, dropped Disney contract.

**Demand & Partnerships:** Bullish - Growing demand, partnerships with Aether Industries and home builders. Neutral - Entry into sub-$30k EV market, expansion plans in Mexico.

**Legal & Regulatory:** Bearish - Legal claims, Sen. Blumenthal calls for investigation.

**Stock Performance:** Bullish - Shares rebounded, up 1.7% to $156.33.

**Net Tilt:** Bearish due to analyst downgrades and legal/regulatory concerns, offset by product launches and growing demand."
2023-12-20,17,"**Product Enhancements & Price Cuts:** Bullish (Model Y sales record) vs Bearish (multiple price cuts across models and regions, recalls). Evidence: Model Y shatters sales records; multiple price cuts in China, Denmark, and globally; recalls over 2M vehicles.

**Supply & Production:** Bullish (production ramp-up, impressive Cybertruck output). Evidence: Can ramp up production; Cybertruck production impressive.

**Legal & Partnerships:** Bearish (lost legal case) vs Bullish (partnership with Uber, potential Cybertruck launch in China). Evidence: Lost case; partnership with Uber; Cybertruck launch in China possible.

**Net Tilt:** Mixed, but slightly bearish due to multiple price cuts and recalls outweighing positive sales and production signals."
2023-12-21,23,"**Ownership Changes:** Bullish. Ark Invest and other funds increased stakes in Tesla, while some reduced holdings (Ark Innovation sold shares).

**Analyst Actions:** Bullish. Wedbush upgraded Tesla’s price target to $350.

**Product News:** Neutral. Tesla introduced Optimus but could face a major recall.

**Regulatory Issues:** Bearish. Tesla is under scrutiny by the Norwegian authorities and NHTSA.

**Stock Performance:** Bearish. Tesla shares fell 3.9-4%, despite earlier gains.

**Net Tilt:** Mixed, leaning slightly bearish due to regulatory concerns and stock decline."
2023-12-22,41,"**Bullish Signals:**
- **Price Target Upgrades:** Wedbush raised price target to $350 from $310; JPMorgan raised to $135 from $120.
- **Stock Performance:** Year-to-date gain of 106.6%.
- **Product Launches:** Megapack battery manufacturing project launched in Shanghai; Model S and Model X software update.
- **Acquisitions:** Land acquired for battery plant in Shanghai.
- **Analyst Ratings:** Reiterated Outperform rating by Wedbush.

(Bearish Signals:)
- **Legal Issues:** Lost legal appeal in Sweden; Swedish regulator investigating.
- **Recalls:** Over 120,000 vehicles recalled in US.
- **Insider Sell:** CFO Vaibhav Taneja sold shares.
- **Regulatory Scrutiny:** Facing regulatory scrutiny over unspecified issues.

**Net Tilt:** Mixed, with significant bullish analyst upgrades and strong stock performance offsetting legal and recall concerns."
2023-12-23,11,"**Net Tilt: Bearish**

**Product & Supply:**
- **Bearish:** Tesla recalls 120k vehicles (product-recall).
- **Bullish:** Over-the-air software update released (product-release).
- **Bullish:** Boosting Cybertruck battery output (supply-increase).

**Analyst & Ownership:**
- **Bearish:** Deutsche Bank downgrades price target from $275 to $260.
- **Bullish:** Multiple investors increase holdings (Meritage, Geode, LLC).
- **Bearish:** Sixt discontinues Tesla usage (product-discontinued).
- **Mixed:** Some ownership decreases (Sunflower Bank).

**Performance:**
- **Bullish:** Shares up 105% YTD.
- **Neutral:** Stock opened at $252.54."
2023-12-24,10,"**Wedbush upgraded Tesla’s target price to $350.00 from $310.00 (Bullish)**

**Product issues:** Defects affect some Model S and X (Bearish)

**Robotics update:** Tesla unveiled its latest robot (Bullish)

**Regulatory concerns:** Norway investigating Tesla cars (Bearish)

**Institutional activity:** Bank increased position by 3.3%, Llc by 2.8%; C sold 193 shares (Net Neutral)

**Stake movements:** Tesla bought 2,190 shares; Powell Investment Advisors LLC also bought shares (Bullish)

**Net Tilt:** Mixed signals with bullish and bearish themes; overall slightly positive due to upgrades and stake purchases."
2023-12-25,9,"**Product Recall:** Bearish. Tesla vehicles are being recalled due to unspecified issues.

**Price Target Downgrades:** Bearish. Morgan Stanley downgraded Tesla’s price target from $400.00 to $380.00; Royal Bank of Canada lowered it from $301.00 to $300.00.

**Product Release:** Bullish. Tesla introduced a new generation humanoid robot.

**Ownership Increases:** Bullish. Multiple institutions increased holdings: Mackenzie Financial Corp by 6.8%, MD by 52.6%, and Zurich by 98,265.8%.

**Stake Acquisitions:** Bullish. Wedge Capital Management and Kozak & Associates Inc purchased Tesla shares.

**Net Tilt:** Mixed, but slightly bullish due to significant institutional buying outweighing analyst downgrades."
2023-12-26,20,"**Bullish Signals:**
- **Stock Performance:** Tesla’s stock has surged 105% YTD.
- **Acquisitions & Partnerships:** Ark Invest purchases Tesla shares; acquires 48.7-acre plot in Shanghai for Megapack plant; confirms partnership with TSMC.
- **Market Expansion:** Plans for India expansion; opens experience store in Thailand.

**Bearish Signals:**
- **Recalls & Issues:** Nationwide recall of 120,423 vehicles; robot malfunctions.
- **Ownership Changes:** Ark Investment sells shares; BNY Mellon increases stake but Ark reduces holdings.

**Net Tilt:** Mixed signals suggest caution despite strong stock performance and strategic moves."
2023-12-27,48,"**Bullish Signals:**
- **Analyst Upgrade:** Wedbush upgraded Tesla to ""Outperform"" and raised PT to $350 from $310.
- **Revenue Guidance & Sales:** Tesla aims to ramp up sales, expecting record revenues.
- **Product Launch:** Multiple reports confirm Tesla unveiling/updating Model Y and Model 3.
- **Price Target Increase:** Guggenheim raised PT to $132 from $125.

**Bearish Signals:**
- **Recalls:** Tesla recalling 120K vehicles due to faulty parts.
- **Supply Issues:** Reports suggest deliveries may fall.

**Net Tilt:** Bullish, driven by analyst upgrades and product launches outweighing recall concerns."
2023-12-28,16,"**Bullish Signals:**
- **Stock Performance:** Shares up 112% in 2023, climbed 1.2% in pre-market.
- **Product Rollouts:** FSD Beta rollout in China, India launch next month.
- **Demand & Supply:** Record deliveries expected, Model Y production ramp-up.
- **Facility Expansion:** Potential new EV plant in Gujarat.
- **Ownership Increase:** Multiple firms increased holdings.

**Bearish Signals:**
- **Earnings Estimate:** Analysts expect EPS of $2.6 for the current year.

**Net Tilt:** Bullish, driven by strong stock performance, product rollouts, and ownership increases, despite modest earnings estimate."
2023-12-29,8,"**Executive Appointment:** Bullish. Elon Musk returns as Tesla CEO.

**Product Release & Price Cuts:** Mixed. Tesla unveiled new models but also slashed prices throughout 2023, indicating competitive pricing pressures.

**Market Entry:** Bullish. Tesla is set to enter the Indian market soon.

**Analyst Ratings:** Neutral. Canaccord Genuity reaffirmed a ""buy"" rating with a $293.00 target price.

**Ownership Changes:** Bearish. A significant shareholder sold 3,513 shares.

**Stock Performance:** Bearish. Tesla stock fell 3.2% today.

**Net Tilt:** Mixed, with some bullish signals (CEO return, product release, market entry) offset by bearish ones (price cuts, ownership decrease, stock decline)."
2023-12-30,12,"**Price Target Adjustments:** JPMorgan upgraded Tesla’s price target to $135 from $120 (Bullish). RBC downgraded Tesla’s price target to $300 from $301 (Bearish).

**Analyst Ratings:** Morgan Stanley reaffirmed an “overweight” rating with a $380 price target (Neutral).

**Ownership Changes:** Wealth and BNY Mellon increased holdings by 19.9% and 203.9%, respectively (Bullish). Management and Golden State Equity Partners decreased positions (Bearish).

**Stock Performance:** TSLA traded down $4.70 to $248.48 (Bearish).

**Catalysts:** German students hacked Tesla’s Autopilot (Bearish).

**Net Tilt:** Mixed signals; slight net bearish due to stock decline and ownership decreases."
2023-12-31,13,"**Product Release:** Bullish. Tesla unveiled a next-generation humanoid robot, potentially expanding into new markets.

**Ownership Changes:** Mixed. Major investors like Meritage Portfolio Management and several LLCs significantly increased stakes (up to 98,265.8%), while Cigna Investments and Cohen Lawrence B sold shares.

**Stock Performance:** Bearish. Tesla shares opened at $248.48, down from previous levels.

**Analyst Ratings:** Neutral. Goldman Sachs maintained a neutral rating with a $275.00 target price.

**Net Tilt:** Mixed signals, but significant ownership increases suggest some bullish sentiment."
2024-01-01,37,"**Net Direction: Bearish**

**Analyst Actions:**
- **Bearish:** Com cut Tesla to ""Sell"" from ""Hold""; Jefferies, UBS, Citi, Deutsche Bank, Truist, Wells Fargo downgraded targets to $210, $266, $255, $243, and $250 respectively.
- **Bullish:** Wedbush upgraded target to $350; Guggenheim to $132.

**Earnings & Revenue:**
- **Mixed:** EPS beat at $0.95; QoQ revenue up 8.8%, but missed estimates at $23.35B vs. $24.19B.

**Product Updates:**
- **Neutral:** Upgraded Model 3, new Powershare Mobile, Cybertruck videos, redesigned Model Y in China.

**Insider Activity:**
- **Bearish:** CFO Vaibhav Taneja, SVP Andrew D. Baglino, and SVP Xiaotong Zhu sold shares.

**Ownership Changes:**
- **Mixed:** Alpha Paradigm Partners, Inc., and Llc increased holdings; another Inc. decreased stake."
2024-01-02,67,"**Earnings & Revenue:** Bullish. Tesla beat Q4 EPS and revenue estimates, with record quarterly sales and a 38% YoY increase. However, revenue was also reported as lower in some sources.

**Analyst Actions:** Mixed. JPMorgan upgraded TSLA to $135 from $120, while Deutsche Bank and Piper Sandler downgraded targets to $260 from $275 and $290 from $300, respectively.

**Supply & Demand:** Bullish. Deliveries surged 38%, exceeding estimates. Model X sales revived, and Cybertruck production ramped up. However, a product recall affected nearly all US vehicles sold.

**Stock Performance:** Bearish. Despite a strong 2023 performance (+130%), TSLA shares slipped post-earnings, falling slightly due to increased Chinese competition and regulatory scrutiny.

**Product & Pricing:** Bearish. Tesla announced price cuts across models, potentially signaling competitive pressures.

**Net Tilt:** Mixed, but slightly **Bearish** due to recent stock weakness and product recalls."
2024-01-03,44,"**Revenue & Sales Growth:** Bullish. Tesla exceeded Q4 revenue expectations, with record sales of 942,651 vehicles and a 37.6% YoY increase in total car sales to 1.81M units. China-made EV sales surged 68.7%. However, Tesla missed its 2023 production target.

**Analyst Actions:** Mixed. UBS downgraded Tesla’s price target to $266 from $290, while Jefferies upgraded it to $225 from $210 and Truist raised it to $228. Canaccord Genuity remains bullish.

**Product Launches & Market Share:** Bearish. Despite positive product reviews and launches, Tesla’s market share is declining due to increased competition.

**Stock Performance:** Bearish. Tesla’s stock fell $8.25 to $240.17, down almost 5% since the start of the year, though it gained 0.8% over the past three months.

**Ownership Changes:** Neutral. Major investors like Vanguard, Morgan Stanley, and FMR increased holdings, while others reduced positions.

**Net Tilt:** Bearish. Despite strong sales and upgrades, the overall sentiment is cautious due to production misses, declining market share, and recent stock declines."
2024-01-04,30,"**Net Direction: Mixed**

**Bullish Signals:**
- **Price Target Upgrades:** Wedbush raised PT to $350 from $310; Guggenheim to $132 from $125.
- **Revenue Growth:** Q4 revenue up 8.8%; more EVs sold.
- **Product Launches:** Revamped Model Y, Powerwall, solar, and charger API integration.
- **Positive Reviews:** Cybertruck review positive.
- **Insider Buying:** Ark Investment bought 105K shares, invested $25M+.

**Bearish Signals:**
- **Price Target Downgrades:** Citigroup lowered PT to $255 from $271; Wells Fargo to $250 from $260.
- **Stock Price Movement:** Shares up 100% but closed down 4.01%.
- **Recalls/Legal Issues:** Voluntary recall of Model S; lawsuit from US agency.
- **Insider Selling:** CFO Vaibhav Taneja sold 4,000 shares.
- **Ownership Decrease:** Horst & Graben Wealth Management LLC sold shares.

**Neutral Signals:**
- **Analyst Ratings:** Goldman Sachs reaffirmed neutral rating with $275 PT.
- **Earnings Guidance:** EPS estimate for FY24 is $2.60; earnings release on Jan. 24.

**"
2024-01-05,48,"**Analyst Downgrades & Price Target Cuts:** Com downgraded Tesla to ""Sell"" from ""Hold,"" and Jefferies lowered their price target to $210 from $250. Truist Financial cut their price target to $243 from $254. **Bearish**.

**Earnings Beat:** Tesla surpassed Q4 delivery estimates. **Bullish**.

**Product Recalls:** Tesla is recalling over 1.6 million Model S vehicles in China due to steering software issues and 7,538 imported Model S and Model X vehicles in China. Additionally, recalls in South Korea and Australia. **Bearish**.

**Union Strike:** Union striking against Tesla. **Bearish**.

**Software Issues:** Tesla faces software glitches. **Bearish**.

**Partnerships:** Samsung partners with Tesla for home energy solutions. **Neutral**.

**Market Entry & Expansion:** Tesla considering entry into India and expanding operations into Hutto. **Bullish**.

**Ownership Increases:** Multiple firms increased their stakes in Tesla. **Bullish**.

**Net Tilt:** Conflicting signals but overall **NET TILT: Bearish**."
2024-01-06,21,"**Price Target Adjustments:** JPMorgan upgraded Tesla’s target price to $135.00 (Bullish). UBS, Deutsche Bank, and RBC downgraded targets to $266.00, $260.00, and $300.00 respectively (Bearish).

**Insider Activity:** CFO Vaibhav Taneja and SVP Andrew Baglino sold shares (Bearish).

**Institutional Ownership:** MidwestOne Financial, MD, State Street, BNY Mellon, and Adams Diversified Equity Fund increased holdings (Bullish). Canal Capital, Jeppson Wealth Management reduced positions (Bearish).

**Facility Upgrade:** Tesla will spend $3.6 billion expanding the Nevada Gigafactory (Bullish).

**Stock Performance:** TSLA traded down $0.44 to $237.49 (Bearish).

**Analyst Ratings:** Canaccord Genuity, Morgan Stanley maintained positive ratings with $293.00 and $380.00 targets (Bullish). Oppenheimer maintained a neutral “market perform” rating (Neutral).

**Net Tilt:** Mixed signals; slight net bearish bias due to multiple downgrades and insider sales."
2024-01-07,16,"**Price Target Upgrades:** Wedbush upgraded Tesla’s price target from $310.00 to $350.00; Guggenheim raised theirs from $125.00 to $132.00 (Bullish).

**Revenue Growth:** QoQ revenue up 8.8% (Bullish).

**Analyst Actions & Ownership Increases:** Multiple firms increased stakes or initiated positions (Bullish).

**Board Dynamics:** Tesla director forgoing reelection bid (Bearish).

**Earnings Release:** Third-quarter earnings reported in October (Neutral).

**Net Tilt:** Bullish due to multiple upgrades and revenue growth outweighing bearish board dynamics."
2024-01-08,23,"**Bullish Signals:**
- Tesla sold more cars (revenue/volume up).
- Samsung partners with Tesla.
- Tesla introduces API for Home.
- Tesla stock rebounds and trades up 1.0%.
- System, Bank, and LLC increased stakes in Tesla.
- Barclays reaffirmed “equal weight” rating.

**Bearish Signals:**
- Com downgraded Tesla to “sell.”
- Jefferies, Truist, Wells Fargo, and Piper Sandler lowered price targets.
- Tesla recalls over 1.6 million vehicles in China.
- Tesla drops Megapack price and updates software.
- Tesla stock dips amid news.

**Net Tilt:** Bearish due to multiple downgrades and price target reductions outweighing positive sales and partnership news."
2024-01-09,20,"**Price Target Adjustments:** JPMorgan upgraded Tesla’s price target to $135 from $120 (Bullish). Citigroup downgraded Tesla’s price target to $255 from $271 (Bearish).

**Revenue and Sales Growth:** Tesla reported higher EV sales and exports in 2023 (Bullish).

**Product Launches:** Tesla released the Cybertruck, Satin Abyss Blue wrap, and introduced a PPF wrap program (Bullish).

**Executive Movements:** Linda Johnson resigned as director (Bearish). CFO Vaibhav Taneja and SVP Andrew Baglino sold shares (Bearish).

**Analyst Ratings:** Canaccord Genuity maintained a “buy” rating with a $293 target (Bullish). Roth MKM maintained a “neutral” rating with an $85 target (Neutral).

**Net Tilt:** Mixed signals; slight Bullish bias due to product launches and revenue growth."
2024-01-10,35,"**Product Launches & Enhancements (Bullish):** Tesla launched the updated Model 3 in North America, Canada, Mexico, Europe, Asia, and Taiwan. The refreshed model includes improved design and cost-cutting measures.

**Recall (Bearish):** Tesla recalled over 1.5 million Model 3 vehicles.

**Price Target Downgrade (Bearish):** Royal Bank of Canada downgraded Tesla’s price target from $301.00 to $300.00.

**Stock Performance (Bearish):** Tesla stock declined by 0.6%, opening at $234.96.

**Ownership Increase (Bullish):** State Street Corp increased its stake in Tesla by 4.4% in Q2 and 153.2% in Q3.

**Net Tilt:** Mixed signals; product enhancements and ownership increases are bullish, while recall and stock decline are bearish."
2024-01-11,40,"**Analyst Actions:** Com downgraded Tesla to ""Sell"" from ""Hold""; Truist Financial lowered PT to $243 from $254; Wedbush raised PT to $350 from $310. **Product Updates:** Model 3 refresh, Model Y launch in China, Cybertruck launch set for November. **Supply Changes:** Berlin factory suspends most output; Texas Gigafactory ramps up Cybertruck production. **Market Performance:** Shares down 2.9%, closing at $226.23. **Ownership Trends:** Multiple firms increased stakes, including Vanguard, Fmr LLC, and BNY Mellon. **Net Tilt:** Mixed, with significant analyst downgrades and production halts offset by positive product launches and ownership increases."
2024-01-12,54,"**Revenue & Sales Growth:** Bullish. Tesla’s December sales surged by nearly 69%, and monthly sales grew by 15.7%. However, production halts at the Berlin plant and reduced output in Germany are bearish.

**Investment & Expansion:** Bullish. Tesla plans to invest nearly $30 billion over five years and is considering investments in Gujarat and India.

**Earnings & Financials:** Bearish. Tesla reported a $700 million loss, and Deutsche Bank downgraded its price target from $275 to $260.

**Product Pricing:** Mixed. Tesla cut prices in China (Model 3 and Model Y) but increased prices in other regions, including a 28,000 yuan hike in one region.

**Facility Operations:** Bearish. Berlin plant halts production between January 29 and February 11, while there are positive signals about potential new plants in Gujarat and India.

**Net Tilt:** Bearish due to financial losses, production halts, and price cuts in key markets, despite strong sales growth and expansion plans."
2024-01-13,2,"**Product Price Cut:** Bullish (price reduction could boost demand). Evidence: Starting price of Model 3 sedan cut by 5.9% to 245,900 yuan.

**Stock Performance:** Bearish (shares declined). Evidence: Tesla shares slid following the price cut announcement.

**Net Tilt:** Mixed signals with a slight bearish bias due to stock performance."
2024-01-14,11,"**Price Target Adjustments:** JPMorgan upgraded Tesla’s price target to $135.00 (Bullish), while Wells Fargo downgraded to $250.00 and RBC slightly downgraded to $300.00 (Bearish). **Revenue Outlook:** Analysts expect Tesla to report lower revenue (Bearish). **Product Updates:** Tesla plans to introduce existing products (Neutral). **Ownership Changes:** LLC significantly increased its stake in Tesla (Bullish). **Stock Performance:** Tesla shares gapped down to $227.22 (Bearish). **Earnings:** Q4 earnings due on Jan 24, with mixed reviews on the Cybertruck (Neutral). **Net Tilt:** Mixed signals, but overall slightly Bearish due to revenue expectations and stock performance."
2024-01-15,20,"**Revenue and Production:** Bullish. Tesla’s sales and growth are positive, with production set to increase in 2023 and exports surging in China.

**Product Launches and Enhancements:** Mixed. Cybertruck rollout in China is bullish, while multiple price cuts across models in China are bearish. Panasonic’s plans to improve Tesla products are positive.

**Regulatory and Supply Issues:** Bearish. Malaysia refused to issue insurance for Tesla vehicles, and production paused in Germany. 

**Stock Performance:** Mixed. Stock surged in 2023 but tumbled recently, down 22% over three years.

**Hirings and Earnings Guidance:** Neutral. Tesla is hiring engineers, and 2023 results will be closely watched."
2024-01-16,21,"**Product Launch/Catalysts:** Bullish. Tesla introduced a redesigned Model 3 in North America and previously launched Model 3 in China and Model Y in China on Oct 1, 2023.

**Partnerships:** Bullish. Tesla partnered with Origine and Uber to promote electric vehicles.

**Stock Performance:** Bearish. Tesla’s stock declined by 2.2% in pre-market trading, down to $214.2, and has fallen 25% over the last six months.

**Analyst Ratings:** Neutral. Wedbush maintained its “Outperform” rating on Tesla.

**Net Tilt:** Bearish due to significant stock declines outweighing positive product and partnership news."
2024-01-17,69,"**Bearish Signals:**
- **Price Target Downgrades:** Jefferies, Wells Fargo, UBS, and Citigroup all downgraded Tesla’s price targets, indicating reduced expectations.
- **Stock Declines:** Multiple reports indicate Tesla’s shares have sunk in pre-market and throughout January.
- **Product Price Cuts:** Tesla slashed prices across Europe, China, and the US, including a 6% reduction in the Model 3 price in China.
- **Supply/Delivery Issues:** Tesla halted Model 3 deliveries temporarily.

**Bullish Signals:**
- **Partnerships:** Uber is offering incentives for Tesla purchases and collaborating with Tesla.
- **Revenue Growth:** Tesla sales increased 2.2% in Germany last year.
- **Ownership Increase:** Morgan Stanley increased its Tesla holdings by 26.3%.

**Net Tilt:** Bearish due to multiple downgrades and price cuts outweighing positive developments."
2024-01-18,26,"**Price Target Adjustments:** Wells Fargo downgraded TSLA to $223 from $250; Deutsche Bank lowered to $260 from $275; Truist reduced to $243 from $254; Barclays cut to $250 from $260 (Bearish). JPMorgan upgraded to $135 from $120 (Bullish).

**Financial Performance:** Q1 operating margin declined; Q1 net income dropped 24% YoY (Bearish). EPS forecasted at $2.61 for FY24 (Neutral).

**Product Updates:** Cybertruck preview in China (Bullish); over 4,000 cars recalled (Bearish); Model 3 price hike, Model Y price cut (Mixed).

**Strategic Moves:** BMW collaboration with Figure (Bearish); Tesla investment in South Carolina (Bullish); new facilities opening in Greenville (Bullish).

**Net Tilt:** Bearish due to multiple downgrades and financial underperformance outweighing positive product and strategic moves."
2024-01-19,21,"**Bullish Signals:**
- **Revenue Growth:** Tesla tops 2023 new vehicle sales in Europe amid EV surge.
- **Earnings Guidance:** EPS forecasted at $0.74, beating expectations.
- **Price Target Upgrade:** Guggenheim raised PT to $132 from $125.
- **Facility Expansion:** Opened new Pacific Northwest manufacturing facility.
- **Stake Increases:** Multiple firms increased stakes in Tesla.

**Bearish Signals:**
- **Analyst Downgrade:** Com downgraded Tesla to Sell from Hold.
- **Price Cut:** Inventory vehicle prices slashed.
- **Minor Stake Reduction:** One firm sold shares.

**Net Tilt:** Mixed, but slightly bullish due to positive revenue, earnings, and multiple stake increases outweighing the analyst downgrade and price cut."
2024-01-20,6,"**Partnership:** Bullish. Tesla and Uber are collaborating to boost electric vehicle adoption.

**Analyst Ratings:** Neutral. Morgan Stanley reaffirmed an overweight rating with a $380 price target. Goldman Sachs maintained a neutral rating with a $275 price target. Wedbush reissued an outperform rating.

**Stock Performance:** Mildly Bullish. Tesla stock gained 0.1%.

Signals are mixed but lean slightly bullish due to the partnership and positive ratings from major firms."
2024-01-21,17,"**Bearish Signals:**
- **Price Target Downgrades:** Wells Fargo downgraded from $250.00 to $223.00; Citigroup from $271.00 to $255.00; Truist Financial from $254.00 to $243.00; Barclays from $260.00 to $250.00.
- **Product Recall:** Tesla recalled 1.6 million vehicles in China.
- **Delayed Product Launch:** Optimus bot launch delayed to 2030.

**Bullish Signals:**
- **Supply Increase:** Texas increases production of Cybertruck and Model Y.
- **Ownership Increases:** Midwestone Financial Group, Mackenzie Financial Corp, and Inc. increased holdings in Tesla.

**Net Tilt:** Bearish due to multiple price target downgrades and product recall outweighing supply increase and ownership boosts."
2024-01-22,33,"**Morgan Stanley Downgrades Tesla:** Price target cut to $345 from $380, indicating **bearish** sentiment.

**Earnings Mixed:** Missed Q3 estimates but beat revenue and EPS targets. Profits falling but showing slight improvement, with Q4 EPS at $2.41, netting **mixed** signals.

**Supply and Product Updates:** Expected to increase production and introduce Full Self-Driving, launching in Qatar, and opening a Chile store, all **bullish**.

**Insider Activity and Ownership Changes:** SVP Zhu sold shares while some funds increased positions, others decreased, leading to **neutral** ownership trends.

**Stock Performance:** Shares gained 0.77% but fell 1.5% and 2.18% in recent sessions, reflecting **bearish** market reaction."
2024-01-23,25,"**Price Target Downgrades:** Jefferies, Deutsche Bank, UBS, and Piper Sandler all downgraded Tesla’s price targets, indicating **bearish sentiment**. Evidence includes Jefferies lowering from $250 to $210, Deutsche Bank from $275 to $260, UBS from $290 to $266, and Piper Sandler from $300 to $290.

**Revenue and Earnings:** Tesla’s revenue growth is noted positively, but Q4 earnings are pending, creating **mixed signals**. 

**Supply and Layoffs:** Production cuts and layoffs suggest **negative** operational pressures.

**Product Changes:** Price cuts in Germany and new features indicate strategic adjustments, **neutral** impact.

**Analyst Actions:** Guggenheim upgraded the target price from $125 to $132, contrasting with overall downgrades, showing **conflicting signals**.

**Ownership Trends:** Insider CFO Vaibhav Taneja sold shares, while institutional investors show mixed holdings changes, signaling **weakness**.

**Market Movements:** Shares gained 45% YTD but fell 15% YOY, indicating **volatile performance**.

**Net Tilt:** **Bullish signals are weak compared to strong bearish indicators**, suggesting a **net negative** tilt."
2024-01-24,110,"**Earnings:** Tesla reported Q4 EPS of $0.71 vs. consensus $0.73, missing by $0.02. Revenue also missed expectations. **Bearish** (missed EPS and revenue).

**Analyst Actions:** Com lowered Tesla to Sell from Hold; Wells Fargo downgraded price target to $223 from $250. JPMorgan upgraded price target to $135 from $120. **Mixed** (downgrades outweigh upgrades).

**Product:** Tesla plans to launch a compact EV, potentially in 2025. **Bullish** (new product).

**Financials:** Operating margins fell, capex increased to $8.89B, and FY23 net income was $14.93B. **Mixed** (costs up, but production grew 35%).

**Net Tilt:** **Bearish** (earnings miss, downgrades dominate)."
2024-01-25,148,"**Bullish Signals:**
- Tesla Model 3 review positive.
- Q4 adjusted profit of nearly $8 billion.
- Q4 EPS of $1.07.
- Brokerages raised price targets.

**Bearish Signals:**
- Goldman Sachs, Citigroup, Wedbush, TD Cowen, Canaccord cut price targets.
- Tesla warns of lower sales and slower revenue growth.
- Q4 revenue of $25.17B missed estimates.
- Q4 earnings and EPS missed expectations.
- Multiple analysts downgraded ratings.
- Musk warned of demand hit.

**Net Tilt:** Bearish due to widespread downgrades and revenue/earnings misses outweighing positive reviews and profits."
2024-01-26,52,"**Bullish Signals:**
- Tesla posted the largest profit.
- Tesla sold more cars in Q4.
- Tesla confirmed new Model 3 Performance.
- Tesla stock higher this year.

**Bearish Signals:**
- Mizuho downgraded Tesla’s price target to $270 from $310.
- J.P. Morgan cut estimates and price target to $130 from $135.
- Edward Jones downgraded Tesla to Hold from Buy.
- Tesla recalled nearly 200,000 Model S and over 1.6M cars in China.
- Tesla shares plunged, trading at $189.04.

**Net Tilt:** Bearish due to multiple downgrades and recalls outweighing positive earnings and sales growth."
2024-01-27,14,"**Price Target Adjustments:** Jefferies downgraded from $250 to $210, Deutsche Bank from $275 to $260, and Piper Sandler from $300 to $290 (Bearish). JPMorgan upgraded from $120 to $135, and Guggenheim from $125 to $132 (Bullish).

**Earnings Performance:** Missed EPS expectations by $0.03 but reported $1.07 EPS (Mixed).

**Strategic Moves:** Acquired chips from AMD, invested $500M in a Dojo supercomputer (Bullish). Sold 70% of Bitcoin holdings, missing out on $300M (Bearish).

**Insider Activity:** SVP Xiaotong Zhu sold shares (Bearish). Zurich significantly increased stake, and Alpha Paradigm Partners initiated a position (Bullish).

**Net Tilt:** Mixed signals with slight bias towards Bearish due to multiple downgrades and insider sell activity."
2024-01-28,32,"**Bearish Signals:**
- **Price Target Downgrades:** Wells Fargo, Barclays, Canaccord Genuity, Truist, Citigroup, RBC, and JPMorgan all lowered their price targets.
- **Revenue Miss:** Q4 revenue was $25.17B vs. expectations of $25.64B.
- **Stock Decline:** TSLA down 30% in a month.
- **Product Fault:** Tesla car battery caught fire in Cary.
- **Analyst Downgrades:** Multiple firms downgraded TSLA.
- **Ownership Decrease:** GYL Financial Synergies LLC and PFG Investments LLC reduced positions.

**Bullish Signals:**
- **Ownership Increase:** Various institutions increased holdings in TSLA.
- **Reaffirmed Ratings:** Canaccord Genuity and Robert W. Baird reaffirmed positive ratings.

**Net Tilt:** Bearish due to overwhelming analyst downgrades and revenue miss."
2024-01-29,38,"**Bearish Signals:**
- **Price Target Downgrade:** Wells Fargo downgraded Tesla’s price target from $223.00 to $200.00.
- **Earnings Miss:** Q4 earnings per share of 71 cents missed the consensus estimate of 75 cents.
- **Operating Margin Decline:** Operating margin declined.
- **Product Recall:** 200,000 vehicles recalled.
- **Model 3 Discontinuation:** Model 3 Performance discontinued.
- **Stock Loss:** Year-to-date, Tesla’s stock fell 26%.

**Bullish Signals:**
- **Cybertruck Launch:** Unveiled in China.
- **Software Update:** Initiated over-the-air update.
- **Investment:** $500 million investment in Buffalo’s Riverbend Gigafactory.
- **Stock Gain:** Shares up 1.1% to $185.30.

**Neutral Signals:**
- **Analyst Ratings Neutral:** Morgan Stanley reissued “overweight” with a $380.00 target; Robert W. Baird reaffirmed “outperform” with a $300.00 target.

**Net Tilt:** Bearish due to multiple negative signals outweighing positive ones."
2024-01-30,24,"**Net Direction: Bearish**

**Analyst Actions:**
- Com cut Tesla from Hold to Sell.
- Goldman Sachs downgraded price target from $255 to $220.
- Mizuho reduced target from $310 to $270.
- TD Cowen lowered target from $200 to $180.
- Deutsche Bank dropped target from $260 to $250.
- JPMorgan decreased target from $135 to $130.
- UBS cut target from $229 to $225.

**Price Movements:**
- Shares fell post-judge ruling but rallied 4.19% to close at $190.93.
- After-hours trading saw a 3% drop.

**Revenue:**
- Reported $96.77B in revenue for 2023.

**Other:**
- Wedbush maintained Outperform with a $350 target.
- Tesla made a $600,000 donation.
- Tesla repurchased 14,598 shares.
- Ark Investment added 17.2K shares.

Conflicting signals exist, but overall tilt is bearish due to multiple downgrades and price target reductions."
2024-01-31,39,"**Net Tilt: Bearish**

**Price Target & Analyst Actions:**
- **Bearish:** Canaccord Genuity downgraded Tesla, cutting target price from $267.00 to $234.00.

**Product Recalls & Embargoes:**
- **Bearish:** Model 3 recall in Canada; potential Chinese government ban on Tesla cars.

**Supply & Guidance:**
- **Bearish:** Deliveries expected to slow.

**Market Share:**
- **Mixed:** Market share growth slowed but still positive.

**Legal Issues:**
- **Bullish:** Favorable ruling; ongoing lawsuit with California counties.
  
**Stock Performance:**
- **Bearish:** Stock falling pre-market, down nearly 3%.

**Insider Sales:**
- **Bearish:** SVP Xiaotong Zhu and CFO Vaibhav Taneja sold shares.

**Facility & Product Launches:**
- **Neutral:** New showrooms and factory openings; Cybertruck shown in China.

**Ownership Changes:**
- **Mixed:** Some institutions increased holdings while others reduced stakes."
2024-02-01,44,"**Bullish Signals:**
- EPS beat expectations.
- BEV sales surged in 2023.
- Michigan approves Tesla.
- Purchased idle CATL equipment for battery production.
- Introduced new hardware.
- Stock trading higher after hours.

**Bearish Signals:**
- Citigroup downgraded price target to $224.
- Barclays reduced price target to $225.
- Edward Jones cut rating to hold.
- Recalled nearly 200,000 cars.
- Agreed to pay $275,000 penalty.
- Facing massive legal battle.
- Share price down 25%.

**Net Tilt:** Bearish due to multiple downgrades and legal issues outweighing positive sales and earnings."
2024-02-02,51,"**Bullish Signals:**
- **Earnings:** Tesla reported Q4 net income of $7.93 billion, beating expectations.

**Bearish Signals:**
- **Price Target Downgrades:** Goldman Sachs downgraded TSLA from $255 to $220; Truist Financial cut from $227 to $193.
- **Product Recall:** Largest-ever recall of 2.2M vehicles in the U.S. due to Autopilot issues.
- **Sanctions:** Ordered to pay $1.3 million in civil penalties.
- **Regulatory Scrutiny:** NHTSA upgraded probe into Tesla.
- **Settlements:** Agreed to pay $1.5 million to settle hazardous waste lawsuit.
- **Price Cuts:** Model Y prices slashed in Canada.

**Net Tilt:** Bearish due to multiple negative catalysts outweighing positive earnings."
2024-02-03,8,"**Analyst Actions:** Bearish. Com lowered Tesla’s rating from “hold” to “sell,” Mizuho cut the price target from $310 to $270, and Canaccord Genuity reduced it from $267 to $234. Wedbush maintained an “outperform” rating with a $315 target. **Ownership Changes:** Mixed. Inc. significantly increased holdings (+295.6%), while KLR sold shares. **Product Review:** Neutral. A review of the 2024 Model 3 RWD was published. **Net Tilt:** Bearish due to multiple downgrades and lower price targets."
2024-02-05,46,"**Bullish Signals:**
- Revenue grew 3% YoY in Q4 2023.
- Several institutions increased holdings in Tesla.

**Bearish Signals:**
- Missed Q4 EPS estimates.
- Multiple price target downgrades: Citigroup ($224), Goldman Sachs ($220), TD Cowen ($180), Wells Fargo ($200), Piper Sandler ($225), JPMorgan ($130), Deutsche Bank ($250), UBS ($225).
- Legal setback: Judge ruled against Tesla in a lawsuit.
- Regulatory issues: NHTSA flagged Tesla’s vehicles; under US investigation.
- Price cuts on Model Y.
- Sales in California down 10%.
- Stock losses: Fell to $177.27, $175.30, and down 3.5%, 5.7%, 6%.
- Edward Jones downgraded to “Hold” from “Buy.”

**Net Tilt:** Bearish."
2024-02-06,28,"**Bullish Signals:**
- Ark Investment bought 62.1K shares of Tesla.
- Gabelli Funds LLC, Llc, Midwestone Financial Group Inc., Meritage Portfolio Management, and Bank increased holdings.

**Bearish Signals:**
- Jefferies, Barclays, Truist Financial downgraded price targets to $185, $225, and $193 respectively.
- Daiwa Securities and Capital downgraded Tesla to Neutral.
- Tesla sales plunged in January.
- Multiple insider sells and reduced positions noted.
- Legal issues with a Tesla employee facing charges.
- Regulatory investigation by NHTSA.
- Business contract terminated with Sap.
- Tesla CFO Vaibhav Taneja sold 4,000 shares.

**Net Tilt:** Bearish due to multiple downgrades, revenue decline, legal/regulatory issues, and insider selling."
2024-02-07,23,"**Revenue & Sales:**
- **Bearish:** South Korea sales slump, overall slowdown in sales.
- **Bullish:** China sales rebounded in February, sold 71,447 units in January.

**Product Launches:**
- **Bullish:** FSD Beta launched in Europe, Enhanced Autopilot rolled out in China, Holiday unveiled in China.

**Layoffs & Insider Activity:**
- **Bearish:** Dozens of layoffs, SVP Xiaotong Zhu sold shares.

**Price Adjustments:**
- **Bearish:** Model Y Performance price cut in Canada.

**Stock Performance:**
- **Mixed:** Stock down 26%, but shares up 2.23% to $185.10 on Tuesday.

**Analyst Actions:**
- **Bearish:** RBC downgraded target price from $300 to $297.

**Net Tilt:** Bearish due to revenue/sales issues, layoffs, insider sales, and price cuts, despite some positive product launches and minor stock gains."
2024-02-08,15,"**Product Updates & Enhancements (Bullish):** Tesla rolled out its first-ever software update and enhanced the Cybertruck with a software update.

**Revenue Growth (Bullish):** Revenue grew 3.5%, and sales increased by 8%.

**Facility & Construction (Bullish):** Berlin gigafactory construction restarted.

**Ownership Changes (Mixed):** Co raised holdings by 72% in Q3, Ca boosted stake by 1.4% in Q2, but Quantbot Technologies LP sold shares and trimmed its stake.

**Analyst Ratings (Bullish):** Robert W. Baird reaffirmed an ""outperform"" rating with a $300 target price.

**Stock Performance (Bullish):** Stock was up 1.9% in midday trading.

**Supply Chain (Bearish):** Tesla produced fewer cars in China.

**Net Tilt:** Bullish."
2024-02-09,8,"**Price Target Adjustments:** Wells Fargo downgraded Tesla’s price target to $200.00 (bearish), while Guggenheim upgraded it to $132.00 (bullish) and Morgan Stanley maintained an overweight rating with a $380.00 target (bullish). JPMorgan lowered their target to $130.00 (bearish).

**Analyst Ratings:** Markets lowered Tesla to Neutral (bearish), while Morgan Stanley reaffirmed Overweight (bullish).

**Business Contracts:** Tesla will use NVIDIA and AMD AI chips (neutral to bullish).

**Earnings Forecast:** Analysts predict EPS of $2.7 for the current year (neutral).

**Net Tilt:** Mixed signals with a slight net bearish tilt due to multiple downgrades and neutral ratings."
2024-02-10,21,"**Bearish Signals:**
- **Price Target Downgrades:** Multiple firms downgraded targets: Piper Sandler ($225 from $295), TD Cowen ($180 from $200), Truist Financial ($193 from $227), Goldman Sachs ($220 from $255), Canaccord Genuity ($234 from $267), Deutsche Bank ($250 from $260), UBS ($225 from $229), RBC ($297 from $300).
- **Earnings Estimate Downgrade:** Zacks analysts reduced earnings estimates.
- **Stock Performance:** Tesla is down 22% YTD.
- **Product Price Cut:** Temporarily slashed Model Y prices in the US.
- **Ownership Decrease:** Massachusetts Financial Services sold shares.

**Bullish Signals:**
- **Ownership Increase:** Several institutions increased holdings in Tesla.

**Net Tilt:** Bearish due to overwhelming analyst downgrades and stock performance issues."
2024-02-11,14,"**Revenue & Guidance:** Bearish. Tesla warned of ""notably lower"" sales, indicating potential revenue shortfall.

**Analyst Ratings:** Bearish. Markets downgraded Tesla from ""outperform"" to ""neutral.""

**Product Launches:** Mixed. Model Y refresh delayed in North America but set for Europe and later North America. 

**Price Cuts:** Bearish. Multiple price cuts for Model Y in North America and Canada suggest weak demand.

**Ownership Changes:** Mixed. State Street increased stake while LLC sold shares.

**Earnings Estimates:** Neutral. Analysts offer predictions for Q1 2024 earnings without specific guidance.

**Net Tilt:** Bearish."
2024-02-12,31,"**Bullish Signals:**
- Revenue growth forecast beyond 2024.
- Analysts Wedbush and Robert W. Baird maintain ""outperform"" ratings with price targets of $315.00 and $300.00 respectively.
- Stock price soared 50% in 2021.

**Bearish Signals:**
- Barclays, Mizuho, and Citigroup downgraded Tesla, reducing price targets to $225.00, $270.00, and $224.00 respectively.
- Edward Jones downgraded Tesla from ""buy"" to ""hold.""
- Over two million vehicles recalled.
- Demand slump addressed with price cuts and enhancements.
- Production pause at unspecified location.
- Stock price down 22% last year and slightly lower today.

**Net Tilt:** Bearish due to multiple downgrades and production/supply issues outweighing positive revenue forecasts and analyst support."
2024-02-13,21,"Tesla (TSLA) saw mixed signals today. Bullish: Powerwall 3 and new Model S launched; Morgan Stanley maintained ""overweight"" with $380 target; two firms increased holdings. Bearish: Shares fell 2.8%; Deutsche Bank downgraded to $250; Model 3 prices cut but Model Y prices hiked; EPS consensus remains flat at $2.66. Net tilt: Neutral with bearish bias due to price cuts and downgrades."
2024-02-14,13,"**Price Target Downgrades:** Td Cowen, Canaccord Genuity Group, and Goldman Sachs all downgraded Tesla’s price targets, indicating **bearish** sentiment. Td Cowen lowered from $200 to $180, Canaccord from $267 to $234, and Goldman Sachs from $255 to $220.

**Legal Issues:** Tesla faces complaints and a lawsuit in NYC over alleged violations, signaling **bearish** developments.

**Supply Increase:** Model 3 production is ramping up, which is **bullish** for supply but may pressure margins.

**Ownership Increases:** Multiple firms increased their Tesla holdings, including Midwestone Financial Group (+3.3%), Meritage Portfolio Management (+2.8%), and Mackenzie Financial Corp (+6.8%). This indicates **bullish** institutional support.

**Stock Performance:** Tesla shares gained 1% in after-hours trading, reflecting **bullish** market sentiment.

**Net Tilt:** Conflicting signals with significant analyst downgrades vs. positive ownership trends and stock performance. **NET TILT: SLIGHTLY BULLISH** due to recent share gains and institutional buying."
2024-02-15,8,"**Barclays downgraded Tesla, cutting the target price from $250.00 to $225.00 (Bearish)**. **Wedbush maintained an ""outperform"" rating with a new $315.00 target (Bullish)**. **Tesla’s stock declined further (Bearish)**. **Model 3 and BYD Seal arrived in Malaysia (Neutral)**. **Tesla is exploring an Indian market entry (Bullish)**. **Imports into India reduced (Bearish)**. **Ark Investment increased stake by buying 145.5K shares (Bullish)**. **Net Tilt: Mixed, but slightly Bearish due to downgrade and stock decline**."
2024-02-16,11,"**Price Target Downgrades:** Piper Sandler cut price target from $295.00 to $225.00; Citigroup reduced from $255.00 to $224.00; JPMorgan lowered from $135.00 to $130.00 (Bearish).

**Stock Performance:** TSLA traded down $2.17 to $198.28; also down 0.3% (Bearish).

**Ownership Changes:** Co grew holdings by 72.0%, Prudential PLC increased by 2.4%; LLC lowered position but also purchased 730 shares (Mixed, slightly Bullish).

**Earnings Estimate:** Analysts expect EPS of 2.66 for FY (Neutral).

**Product Update:** Tesla accelerates Cybertruck delivery timeline (Bullish)."
2024-02-17,3,"**Analyst Actions:** Jefferies downgraded Tesla’s price target from $225 to $185, while Mizuho reduced theirs from $310 to $270. Both moves are **bearish**, signaling reduced expectations for Tesla’s stock performance.

**Stake Acquisition:** An unnamed entity acquired a stake in Tesla, which is **bullish** as it indicates investor interest and potential confidence in the company.

**Net Tilt:** Conflicting signals with analyst downgrades vs. stake acquisition, but overall **slightly bearish** due to multiple downgrades outweighing single bullish action."
2024-02-18,9,"**Wells Fargo downgraded Tesla, cutting the price target from $223 to $200 (Bearish)**. **Tesla debuted the Powerwall 3 (Bullish)**. **CFO Vaibhav Taneja sold 173 shares (Bearish)**. **Midwestone Financial Group and another firm increased holdings by 3.3% and 3.1%, respectively (Bullish)**. **Net tilt: Mixed, but slightly Bearish due to downgrade and insider sell.**"
2024-02-19,9,**Price Target Downgrades:** Canaccord Genuity cut Tesla’s price target from $267 to $234; JPMorgan lowered it from $135 to $130. **Bullish:** Phillip Securities downgraded Tesla but only to Neutral. **Bearish:** Model 3 price cuts indicate competitive pressure. **Neutral:** Opening a factory in India could boost production but faces regulatory hurdles. **Bullish:** Institutional & Family Asset Management LLC increased stake in TSLA. **Bearish:** Stock fell $0.50 to $199.95. **Neutral:** Analysts predict EPS of 2.56 for the year.
2024-02-20,8,"**Product Price Cut:** Bullish (Model Y price drop could boost sales volume).

**Facility Open:** Bullish (EUR 90 million factory opening in Romania for power storage devices).

**Hirings:** Bullish (Promise to create 130 jobs).

**Ownership Increase:** Neutral (New stake purchase by Alpha Paradigm Partners).

**Price Target Downgrades:** Bearish (UBS downgraded from $229 to $225; RBC from $300 to $297).

**Analyst Ratings Change:** Bullish (Wedbush reaffirmed ""outperform"" with $315 price target).

**Net Tilt:** Mixed signals but slightly bullish due to product price cuts, facility openings, and hiring plans outweighing price target downgrades."
2024-02-21,7,"**Wells Fargo Downgrades Tesla**: Target price lowered from $223.00 to $200.00 (Bearish).

**Legal Victory**: Tesla wins trademark dispute against a chicken shop owner (Bullish).

**Supply Increase**: Cybertruck production ramped up (Bullish).

**Ownership Increases**: State Street Corp, Fmr LLC, and another LLC increased holdings by 4.4%, 0.9%, and 180,125.4% respectively (Bullish).

**Product Development**: FSD Beta rollout (Neutral).

**Net Tilt**: Mixed signals with significant bearish and bullish elements."
2024-02-22,5,"**Jefferies downgraded Tesla’s price target to $185 from $225, while Piper Sandler lowered theirs to $225 from $295, indicating **bearish** sentiment.**

**Model 3, launched in 2017, remains in the market, but no new release details were provided, suggesting **neutral** product activity.**

**A significant investor increased their Tesla holdings by 72% in Q3, signaling **bullish** ownership trends.**

**Net Tilt:** Mixed, with analyst downgrades offset by strong institutional buying."
2024-02-23,16,"**Bearish Signals:**
- **Price Target Downgrades:** Barclays downgraded Tesla’s price target from $250 to $225; Mizuho reduced it from $310 to $270.
- **Earnings Miss:** Tesla Q4 earnings missed estimates.
- **Stock Price Drop:** TSLA closed down $2.83 at $194.58.
- **Sell-off:** Llc trimmed position; Ltd lessened holdings.

**Bullish Signals:**
- **Institutional Buys:** Inc., Morgan Stanley, Bank of New York Mellon, Midwestone Financial Group, and another bank increased stakes.
- **Stock Gain:** TSLA trading up 1.4%; noted as up 8.1% in one report.
- **Analyst Expectation:** Analysts expect EPS of 2.56 for the current year.

**Net Tilt:** Mixed, but slightly **bearish** due to multiple downgrades and earnings miss outweighing institutional buys."
2024-02-24,2,"**Insider Activity:** Director Robyn Denholm sold 93,706 shares on February 21, 2024, reducing her stake. **Direction:** Bearish. Evidence: Insider sales often indicate lack of confidence in near-term performance.

**Note:** The second headline is redundant and does not add new information."
2024-02-25,12,"**Price Target Downgrades:** Jefferies, Truist Financial, and Wells Fargo downgraded Tesla’s price targets to $185, $193, and $200 respectively, from previous levels of $225, $227, and $223. JPMorgan also lowered its target from $135 to $130. **Bullish:** Vanguard, State Street, Geode Capital, and ADV increased their positions in Tesla. **Neutral:** Tesla is boosting Q1 production and offering a $1,500 discount on the Cybertruck. **Net Tilt:** Bearish due to multiple downgrades outweighing ownership increases."
2024-02-26,23,"**Net Direction: Bearish**

**Analyst Actions & Price Targets:**
- **Bearish:** TD Cowen downgraded from $200 to $180; Goldman Sachs from $255 to $220; Deutsche Bank from $260 to $250; Edward Jones downgraded to hold.
- **Bullish:** Guggenheim upgraded from $125 to $132.

**Revenue & Sales:**
- **Bearish:** Slower revenue growth reported.
- **Bullish:** Cybertruck revs up; Sweden sales jump.

**Product & Supply:**
- **Neutral:** Rival launches electric supercar; Model 3 deliveries increased.

**Ownership Changes:**
- **Mixed:** Multiple institutions increased holdings but no significant net impact.

**Other Signals:**
- **Bullish:** Stock up 3.8%; new coverage at neutral by China Renaissance; EPS forecast at $2.56."
2024-02-27,5,"**Product Release:** Bullish. Cybertruck coming to Canada and updated app launched.

**Market Expansion:** Bullish. Tesla plans to expand into another market.

**Stock Performance:** Bullish. Analysis suggests positive factors driving Tesla stock higher.

**Product Review:** Neutral. Mixed review of Cybertruck does not provide clear directional signal. 

**Net Tilt:** Bullish. Multiple bullish signals outweigh neutral product review."
2024-02-28,9,"**Earnings:** Bullish. Tesla is expected to report EPS of $0.67, beating the initial estimate of $0.61.

**Product Launch:** Mixed. New Roadster unveiling is confirmed but also delayed. Co-development with SpaceX noted.

**Stock Performance:** Bullish. TSLA stock has risen, likely due to positive earnings expectations and product news.

**Price Point:** Bullish. Cybertruck priced at $244,000, indicating premium pricing strategy.

**Net Tilt:** Bullish overall, with strong earnings and product developments offsetting delays."
2024-02-29,10,"**Net Tilt: Bearish**

**Acquisition Rumors:** Bullish (Apple acquiring Tesla, though unconfirmed).

**Legal Issues:** Bearish (class action claims, lawsuit).

**Price Target Downgrade:** Bearish (JP Morgan downgraded target from $135 to $130).

**Insider Sales:** Bearish (CFO Vaibhav Taneja and Director Robyn M. Denholm sold shares).

**Analyst Ratings:** Mixed (Morgan Stanley reissued overweight with $380 PT, RBC reiterates outperform, China Renaissance gives hold).

**Earnings Estimate:** Neutral (analysts expect EPS of $2.56 for the year).

**Net Signal:** Conflicting signals but overall bearish due to legal issues, insider sales, and downgrade."
2024-03-01,22,"**Net Tilt: Bearish**

**Revenue Guidance & Analyst Downgrades:**
- **Bearish:** Jefferies downgraded Tesla’s price target from $225 to $185.
- **Bearish:** Tesla warned of “notably lower” sales.

**Product Pricing:**
- **Bearish:** Multiple reports indicate Tesla raised prices for Model Y vehicles in the US.

**Legal Issues:**
- **Bearish:** California judge approved a class action lawsuit against Tesla over racial harassment.
- **Neutral:** Elon Musk sued AI firm OpenAI.

**Stock Performance:**
- **Bearish:** Tesla shares down 18.75% YTD.

**Positive Signals:**
- **Bullish:** Robert W. Baird reaffirmed an “outperform” rating with a $300 price target.
- **Bullish:** New software releases and updates for various models.
- **Bullish:** Plans to expand Berlin plant.

**Conflicting Signals:**
- **Mixed:** Analyst ratings and price targets vary widely."
2024-03-02,6,"**Product Release & Enhancements:** Bullish. Tesla launched the Cybertruck service and is ramping up production, indicating strong product momentum. Additionally, updates to the Model S center console suggest ongoing efforts to enhance customer experience.

**Analyst Ratings:** Neutral. Royal Bank of Canada and Wedbush both reiterated ""Outperform"" ratings, with Wedbush setting a $315 price target.

**Net Tilt:** Bullish. Multiple positive signals from product launches and enhancements outweigh neutral analyst ratings."
2024-03-03,12,"**Bearish Signals:**
- **Price Target Downgrades:** Barclays downgraded from $250.00 to $225.00; Canaccord Genuity from $267.00 to $234.00; Deutsche Bank from $260.00 to $250.00.
- **Executive Resignation:** Tesla CEO regrets leaving AI company.
- **Insider Sell:** Director Robyn M. Denholm sold 93,706 shares.

**Bullish Signals:**
- **Product Launch:** Model 3 debuted in Australia.
- **Ownership Increases:** Catalyst Capital Advisors LLC increased holdings by 31.6%; another entity increased by 4.6%.
- **Stake Acquisition:** AXQ Capital LP acquired 3,900 shares.

**Neutral Signals:**
- **EPS Estimate:** Analysts predict 2.56 EPS for the current year.

**Net Tilt:** Bearish due to multiple downgrades and insider selling outweighing product launches and stake acquisitions."
2024-03-04,31,"**Bullish Signals:**
- Tesla introduced promotions for U.S. customers and a series of new products.

**Bearish Signals:**
- Jefferies downgraded Tesla’s price target from $225 to $185.
- Markets downgraded Tesla from “outperform” to “neutral.”
- Tesla reported weaker-than-expected Q3 earnings.
- Revenue growth in China tumbled 19% in February.
- Multiple price target downgrades and analyst downgrades.
- Stock dropped significantly, closing at $188.14, down 7.2%.
- Increased competition and price cuts in January.

**Net Tilt:** Bearish."
2024-03-05,36,"**Revenue and Sales Decline:** Bullish signals include Nissan and Tesla sales up (+0.65), while bearish signals indicate Tesla’s overall sales drop (-0.68), Chinese sales decline (-0.68), and production halts in Germany (-0.47). **Net Tilt:** Bearish.

**Executive Changes and Plant Issues:** Negative signals with Tesla CEO stepping aside (-0.57) and multiple power outages and production halts (-0.56, -0.47, -0.43). **Net Tilt:** Bearish.

**Price Target Upgrade:** RBC raised Tesla’s price target to $298 from $297 (+0.54, +0.3). **Net Tilt:** Bullish.

**Product Release and Output Plans:** Positive with new product release in 2024 (+0.52) and plans to double output (+0.46). **Net Tilt:** Bullish.

**Stock Performance:** Shares have fallen significantly (-0.51, -0.12, -0.11, -0.08). **Net Tilt:** Bearish.

**Net Overall Tilt:** Bearish."
2024-03-06,28,"**Bullish Signals:**
- **Product Review:** Tesla's Cybertruck is super-fast.
- **Product Launch:** Model 3 Performance set for May debut.
- **Product Launch:** Tesla launched a Cybertruck.

**Bearish Signals:**
- **Price Target Downgrade:** Morgan Stanley cuts price target to $320 from $345.
- **Recall:** 362,758 Tesla vehicles recalled.
- **Executive Resignation:** Tesla boss departed.
- **Facility Shutdown:** Tesla temporarily shuts down German factory.
- **Stock Loss:** Tesla shares down 2.3% at close.
- **Regulatory Investigation:** USA probe into Tesla Autopilot system.
- **Supply Decrease:** Production halted at German plant.

**Neutral Signals:**
- **Analyst Rating Neutral:** Royal Bank of Canada reissues ""outperform"" with $297 price target.
- **Analyst Rating Neutral:** Oppenheimer analyst Colin Rusch reiterates ""Perform"" rating.

**Net Tilt:** Bearish due to multiple negative signals outweighing positive ones."
2024-03-07,20,"**Net Tilt: Bearish**

**Price Target Downgrades:** Canaccord Genuity cut PT from $267 to $234; Morgan Stanley cut PT from $345 to $320; Deutsche Bank cut PT from $260 to $250. **Bearish**

**Earnings:** Q4 earnings slightly lower; FY23 loss of $229.9M. **Bearish**

**Product Launches:** 2-seater Model Y introduced in France; Model 3 debut in March. **Bullish**

**Negative Signals:** Gigafactory attack in Germany; insider sale by SVP Andrew D. Baglino; stock fell for third day. **Bearish**

**Positive Signals:** Q4 posted quarterly profit; stake increases by two investors. **Bullish**

**Conflicting Signals:** Earnings mixed with slight miss but quarterly profit; product launches vs. negative events. **Net Tilt: Bearish**"
2024-03-08,6,"**Power Outage at Berlin Gigafactory (Bearish)**: Tesla’s Berlin Gigafactory will face a power outage, potentially disrupting production.

**Product Release: New Two-Seater Model Y (Bullish)**: Tesla launched a new two-seater Model Y variant, expanding its product lineup.

**Stock Decline (Bearish)**: Tesla stock lost $234 billion in value this week, with shares falling significantly.

**Regulatory Investigation (Bearish)**: German federal prosecutors plan to investigate Tesla’s plant, adding regulatory risk.

**Net Tilt**: Bearish due to significant stock decline and regulatory risks, despite positive product news."
2024-03-09,5,"**Partnership Expansion:** Bullish. Tesla and Panasonic plan to expand their partnership.

**Product Launch:** Bullish. Tesla unveiled a new mid-size Model Y variant.

**Stock Performance:** Bearish. Tesla shares shed 29% year-to-date and crashed 30% in recent trading.

**Price Update:** Neutral. Prices for the Tesla Model 3 start from AU$66,000.

**Net Tilt:** Bearish due to significant stock losses overshadowing positive product developments."
2024-03-10,7,"**Wells Fargo Downgrades Tesla**: Price target lowered from $223.00 to $200.00 (Bearish).

**Insider Sell**: Tesla SVP sold $121,674.57 in stock (Bearish).

**Protests in Germany**: Demonstrations against Tesla operations (Bearish).

**Increased Ownership**: LLC raises Tesla stake by 5.6% in Q4 (Bullish).

**Facility Expansion**: Tesla plans to expand Berlin factory (Bullish).

**Earnings Estimate**: Analysts predict EPS of $2.49 for FY (Neutral).

**Net Tilt**: Mixed signals with slight net bearish bias."
2024-03-11,36,"**Bearish Signals:**
- **Price Target Downgrades:** Multiple firms downgraded Tesla’s price targets: Piper Sandler ($225 from $295), Deutsche Bank ($218 from $250), Canaccord Genuity ($234 from $267), Mizuho ($270 from $310), Truist Financial ($193 from $227), Td Cowen ($180 from $200), Barclays ($225 from $250).
- **Earnings Miss:** Analysts predict Tesla will miss first-quarter earnings estimates.
- **Insider Sales:** SVP Andrew Baglino, Director Robyn Denholm, and SVP Xiaotong Zhu sold shares recently.
- **Product Price Cuts:** Tesla announced deep price cuts in China.

**Bullish Signals:**
- **Revenue Growth:** Tesla reported its best quarterly sales.
- **Product Launches:** Cybertruck debut in Canada imminent; FSD subscriptions coming soon.
- **Market Entry:** Tesla entering the Indian market.
- **Stock Performance:** Tesla stock up 2.5% and 2.3%.

**Neutral Signals:**
- **Ownership Changes:** Mixed ownership trends with some increasing stakes while others decrease.

**Net Tilt:** Bearish due to multiple downgrades and earnings miss predictions outweighing positive revenue and product launch news."
2024-03-12,20,"**Earnings & Guidance:** Bullish; Tesla posted its first quarterly profit in two years, beating expectations. **Price Target Downgrade:** Bearish; Jefferies cut price target from $225 to $185. **Product Launches:** Bullish; Model 3 officially revealed, unexpected product unveiling on Oct. 17. **Legal Issues:** Bearish; facing lawsuits. **Stock Price Movements:** Mixed; price spiked then dropped $2.55 to $175.22. **Insider Activity:** Bearish; CFO Vaibhav Taneja sold 4,000 shares. **Facility News:** Bullish; took over Austin industrial park, building lithium refinery in Texas. **Ownership Changes:** Mixed; multiple firms increased stakes while others decreased. **Net Tilt:** Neutral to Slightly Bearish due to conflicting signals."
2024-03-13,23,"**Net Tilt: Bearish**

**Analyst Actions & Ratings:**
- **Bearish:** Wells Fargo downgraded Tesla to Underweight.
- **Neutral to Bearish:** Edward Jones downgraded Tesla from Buy to Hold.

**Revenue & Earnings:**
- **Bearish:** Revenue expected to decline; EPS estimate at $2.49.

**Product & Safety:**
- **Bearish:** Model X accident resulted in a drowning, raising safety concerns.

**Stock Performance:**
- **Bearish:** Stock fell $2.64 to $174.90, down 4% to $170, and slid over 2%.

**Supply & Pricing:**
- **Mixed:** Resumed production at German Gigafactory (Bullish), but may need to lower FSD pricing (Bearish).

**Ownership Changes:**
- **Neutral:** Various entities increased holdings, but no significant impact on stock price.

**Price Target Adjustments:**
- **Bearish:** UBS reduced target price from $229 to $225."
2024-03-14,19,"**Earnings:** EPS 32% below expectations; profit down 40% YoY (bearish).

**Revenue & Sales:** Q1 2016 sales up 50% (bullish).

**Analyst Actions:** Downgraded from outperform to neutral; RBC reaffirmed outperform with $297 PT (mixed).

**Product Reviews & Enhancements:** Positive review for 2024 Model Y; improvements noted (bullish).

**Stock Performance:** Stock down, could drop further; some gains (mixed).

**Ownership Changes:** Multiple firms increased holdings; Fulton Bank sold shares (mixed).

**Net Tilt:** Bearish due to earnings miss and profit decline outweighing positive product reviews and revenue growth."
2024-03-15,28,"**Price Target Downgrades:** UBS downgraded Tesla’s price target from $225 to $165, and Canaccord Genuity lowered it from $267 to $234 (Bearish).

**Legal Issues & Fines:** Tesla ordered to pay sanctions, sued by the U.S. Equal Employment Opportunity Commission for employment discrimination (Bearish).

**Supply & Production:** Tesla plans to scale up production and ramp up Cybertruck production (Bullish).

**Insider Sales:** Multiple insiders including Robyn Denholm, Xiaotong Zhu, and Andrew Baglino have sold significant amounts of stock (Bearish).

**Stock Performance:** Tesla’s stock has dipped significantly, with some analysts predicting a fall to $100 (Bearish). Revenue growth of 18.8% over the last twelve months (Bullish).

**Settlements:** Tesla settled race bias and discrimination lawsuits (Neutral).

**Product Launch:** Introduction of a two-seat Model Y in France (Bullish).

**Net Tilt:** Bearish due to multiple downgrades, legal issues, and insider sales outweighing positive production and revenue signals."
2024-03-16,26,"**Price Target Downgrades:** Morgan Stanley, Jefferies, and Mizuho all downgraded Tesla’s price targets to $320, $185, and $270 respectively, indicating **bearish** sentiment.

**Supply Increase & Revenue:** Model S deliveries surged 59%, but Tesla reported a record loss in Q3, conflicting signals; net **slightly bearish** due to financial performance.

**Legal Issues:** Tesla hit with a $42 million verdict and faces EEOC legal action, both **bearish**.

**Product Price Changes:** Multiple reports of price hikes for Model Y and general price increases, offset by temporary price cuts for select models, mixed signals; net **slightly bearish** as overall trend is upward.

**Ownership Changes:** Mixed ownership trends with Vanguard increasing stake while others sold shares, net **neutral**.

**Analyst Estimates:** EPS estimates predict $2.45 for FY, **neutral**."
2024-03-17,17,"**Analyst Actions:** Wells Fargo downgraded Tesla to Underweight from Equal Weight; Barclays lowered PT to $225 from $250. Guggenheim upgraded PT to $132 from $125. **Net Tilt:** Bearish.

**Product Updates:** FSD beta subscriptions launching in Canada; Model Y price hike in Europe; Model 3 price cut. **Net Tilt:** Mixed.

**Insider Activity:** Robyn M. Denholm sold 93,705 shares. **Tilt:** Bearish.

**Ownership Changes:** Multiple institutions increased holdings. **Tilt:** Bullish.

**Net Signal:** Mixed, with a slight bias towards bearish due to analyst downgrades and insider selling."
2024-03-18,51,"**Bullish Signals:**
- Tesla sold more electric vehicles in 2023.
- Model 3 production ramping up.
- Model X SUV revealed with September 29 launch.
- LFP EV battery offered.
- Stock gains noted multiple times (up to 7%).

**Bearish Signals:**
- Multiple downgrades: Goldman Sachs ($190 from $220), Piper Sandler ($225 from $295), Td Cowen ($180 from $200), Truist Financial ($193 from $227), Morgan Stanley ($320 from $345), JPMorgan ($130 from $135), Deutsche Bank ($250 from $260).
- Profits sharply dropped.
- Stock down 34% YTD.
- Price hikes for Model Y offset by temporary price cuts.

**Net Tilt:** Bearish due to multiple downgrades and profit drop outweighing positive sales and production news."
2024-03-19,16,"**Bearish Signals:**
- **Price Target Downgrades:** UBS lowered PT from $225 to $165, Mizuho from $310 to $270, and Canaccord Genuity from $267 to $234.
- **Revenue Slashed:** Tesla’s sales outlook reduced.
- **Stock Performance:** Shares traded lower, down 1.04% at $172, and fell 1.4%.
- **Insider Sales:** SVP Andrew D. Baglino and SVP Xiaotong Zhu sold shares.

**Bullish Signals:**
- **Cybertruck Production Ramp:** Positive supply increase.
- **Hirings:** Semiconductor manufacturing expert hired.
- **Ownership Increases:** Inc., LLC, and Morgan Stanley increased holdings.

**Net Tilt:** Bearish due to multiple downgrades and insider sales outweighing positive hiring and ownership increases."
2024-03-20,21,"**Price Target Downgrade:** UBS downgraded Tesla’s target price from $225 to $165, bearish.

**Regulatory Approval:** Tesla received Cybertruck approval, bullish.

**Insider Sell:** Director Robyn Denholm sold 93,705 shares, bearish.

**Stock Movement:** Shares gapped up to $163.57 but closed down 1.43%, mixed.

**Price Hikes:** Multiple price increases for Model Y in US, China, and Europe, bullish.

**Supply Update:** Cybertruck battery cell production ramped up, bullish. Struggling with battery production, bearish.

**Product Enhancements:** Updates and improvements announced for Cybertruck, bullish.

**Price Cuts:** Some Model Y variants saw price cuts in the US following European reductions, bearish.

**Ownership Increase:** Mackenzie Financial increased holdings by 6.8%, bullish.

**India Plans:** Tesla plans to manufacture in India, neutral."
2024-03-21,26,"**Bullish Signals:**
- **Revenue Growth:** Tesla reports record sales, EU sales up 15.2% in February.
- **Product Launch:** New Autopark software rollout.
- **Settlement:** Cap-XX settles patent dispute with Tesla.
- **Stock Gain:** Tesla’s stock price soared 16%.

**Bearish Signals:**
- **Price Target Downgrades:** Piper Sandler lowers price target from $295 to $225; JPMorgan drops from $135 to $130.
- **Executive Resignation:** Chairman resigns.
- **Regulatory Investigation:** SEC and US Senator Warren call for investigations.
- **Sensor Phase-Out:** Tesla discontinues sensor support in vehicles.
- **Stake Reduction:** LLC reduces stake in Tesla.

**Net Tilt:** Bearish due to multiple downgrades, regulatory scrutiny, and executive departure outweighing positive product launches and revenue growth."
2024-03-22,33,"**Bullish Signals:**
- Royal Bank of Canada reaffirmed an ""outperform"" rating with a $297.00 price target.
- Alpha Paradigm Partners LLC bought a new position in Tesla.

**Bearish Signals:**
- Truist Financial, Goldman Sachs, and TD Cowen all downgraded Tesla, lowering price targets to $193.00, $190.00, and $180.00 respectively.
- Wells Fargo and UBS downgraded Tesla.
- Tesla’s share price fell significantly, dropping 3.48% to $166.80 and down 30% YTD.
- Multiple reports indicate Tesla is reducing production at its Shanghai facility.
- Elizabeth Warren urged the SEC to investigate Tesla and CEO Elon Musk.

**Net Tilt:** Bearish due to multiple downgrades, significant price drops, and production cuts outweighing positive analyst ratings."
2024-03-23,8,"**Analyst Actions:** Edward Jones downgraded Tesla to ""hold"" from ""buy,"" while Wedbush reaffirmed ""outperform"" with a $315 target. **Net Tilt:** Bearish.

**Insider Activity:** SVP Andrew Baglino and SVP Xiaotong Zhu sold shares, indicating potential concerns. **Net Tilt:** Bearish.

**Ownership Changes:** Fmr LLC and State Street Corp increased their stakes, showing some institutional confidence. **Net Tilt:** Bullish.

**Stock Price:** Tesla opened at $170.83 on Friday. **Net Tilt:** Neutral.

**Net Overall Tilt:** Mixed, leaning slightly bearish due to recent insider sales and downgrade."
2024-03-24,14,"**Bearish Signals:**
- **Price Target Downgrades:** UBS lowered PT from $225 to $165, Jefferies from $225 to $185, Barclays from $250 to $225.
- **Stock Performance:** Shares gapped down to $172.82, traded down 1.2%, opened at $170.83.
- **Insider Sell:** Robyn M. Denholm sold 93,706 shares.

**Bullish Signals:**
- **Institutional Buys:** Vanguard, Morgan Stanley, Healthcare of Ontario Pension Plan Trust Fund, BNY Mellon, LLC increased holdings.

**Net Tilt:** Bearish due to multiple downgrades and insider selling outweighing institutional buying."
2024-03-25,25,"**Bearish Signals:**
- **Analyst Downgrades:** Wells Fargo downgraded Tesla to ""Underweight,"" Mizuho to ""Neutral"" from ""Buy."" Citigroup, Deutsche Bank, and JPMorgan also lowered their ratings.
- **Price Target Cuts:** Mizuho cut price target from $310 to $270, Citigroup from $255 to $224, Deutsche Bank from $260 to $250, and JPMorgan from $135 to $130.
- **Revenue Decline:** Tesla reported a sales decline.
- **Ownership Decreases:** AustralianSuper Pty Ltd and Assenagon Asset Management lessened their stakes.

**Bullish Signals:**
- **Collaboration:** Tesla and SpaceX are working on the new Roadster.
- **Product Enhancements:** New Autopark feature rollout.
- **Partnerships:** CATL developing faster-charging batteries for Tesla.
- **Ownership Increases:** Various institutions increased their Tesla holdings.

**Net Tilt:** Bearish due to multiple analyst downgrades and price target cuts outweighing positive developments."
2024-03-26,34,"**Price Target Downgrades:** Piper Sandler cut price target from $295 to $225; Jefferies from $225 to $185; Bernstein from $150 to $120; Morgan Stanley from $345 to $320 (Bearish).

**Product Recall:** Over 2 million vehicles recalled in the U.S. (Bearish).

**Analyst Actions:** Markets downgraded Tesla from ""outperform"" to ""neutral""; Bernstein maintained ""underperform"" with lower target (Bearish).

**Software Issues:** Wide release of defective Full Self-Driving software; demo mandate announced (Bearish).

**Positive Signals:** Guggenheim upgraded price target from $125 to $132; ADIB partnership for financing; stock gains post-FSD news (Bullish).

**Net Tilt:** Bearish due to multiple downgrades and recall overshadowing positive developments."
2024-03-27,34,"**Bullish Signals:**
- Tesla's automotive revenue grew.
- Canaccord Genuity reiterates Buy rating.
- Royal Bank of Canada reaffirms Outperform rating with $297.00 PT.
- Morgan Stanley reiterates Overweight rating.
- RBC Capital reiterates Outperform rating.

**Bearish Signals:**
- UBS, Piper Sandler, Goldman Sachs, Citi, Redburn-Atlantic downgrade PTs to $165, $225, $190, $196, $150 respectively.
- Edward Jones downgrades rating to Hold.
- Year-to-date, Tesla shares have slumped 28.5%.
- Insider sale by Robyn M. Denholm.
- HSBC maintains Reduce rating.

**Neutral Signals:**
- HSBC reiterates Reduce rating.
- Several institutions increase holdings, while others decrease positions.

**Net Tilt:** Bearish due to multiple downgrades and insider selling outweighing positive revenue growth and ratings reiteration."
2024-03-28,22,"**Price Target Downgrades:** Citigroup, Barclays, Td Cowen, Deutsche Bank, and Wedbush all downgraded Tesla’s price targets, indicating **bearish sentiment**. Citigroup cut from $224.00 to $196.00, Barclays from $250.00 to $225.00, Td Cowen from $200.00 to $180.00, Deutsche Bank from $218.00 to $200.00, and Wedbush from $315.00 to $300.00.

**Supply Guidance Decrease & Stock Performance:** Tesla expects delivery numbers to decline, and its stock has lost significant value, dropping $350 billion and falling over 28% YTD, signaling **bearish trends**.

**Regulatory Investigation:** The SEC is investigating Tesla, adding regulatory risk.

**Institutional Ownership Changes:** While some institutions like Morgan Stanley and BNY Mellon increased holdings, others like Ark Investment Management decreased positions, showing mixed investor confidence.

**Net Tilt:** Strongly **Bearish** due to multiple downgrades and negative performance indicators."
2024-03-29,20,"**Bearish Signals:**
- **Analyst Downgrades:** Wells Fargo downgraded Tesla to Underweight; Jefferies, Citi, Canaccord Genuity, and Truist all lowered price targets.
- **Price Cut:** Model 3 price dropped by 5.9%.
- **Insider Sell:** SVP Andrew D. Baglino sold 10,500 shares.
- **Stock Performance:** Tesla fell nearly 30% in Q1 and 2.3% on Thursday.
- **Sell Activity:** Strong Tower Advisory Services sold shares.

**Neutral/Bullish Signals:**
- **Ownership Increases:** Multiple firms increased holdings.
- **Rating Reaffirmation:** Morgan Stanley reaffirmed an Overweight rating with a $320.00 target.
- **Buy Activity:** Elwood & Goetz Wealth Advisory Group bought shares.

**Net Tilt:** Bearish due to multiple downgrades and sell-offs outweighing positive ownership increases."
2024-03-30,14,"**Bearish Signals:**
- **Price Target Downgrades:** UBS downgraded Tesla’s price target from $225 to $165; Piper Sandler reduced it from $295 to $225.
- **Legal Setback:** Tesla lost bid to end EEOC racial harassment lawsuit.
- **Insider Sell:** Director Robyn M. Denholm sold 93,705 shares.
- **Analyst Downgrade:** Delta Financial sold Tesla shares.

**Bullish Signals:**
- **Ownership Increases:** State Street Corp, Fmr LLC, Alpha Paradigm Partners, Bank, Mackenzie Financial Corp, and Inc. increased stakes.
- **Neutral Analyst Ratings:** Robert W. Baird maintained “outperform” with a $300 price target; Oppenheimer reaffirmed “market perform.”

**Net Tilt:** Bearish due to significant analyst downgrades and insider selling outweighing ownership increases."
2024-03-31,6,"**Price Target Downgrades:** Sanford C. Bernstein downgraded Tesla’s price target from $150.00 to $120.00 (Bearish). Deutsche Bank reduced their target from $218.00 to $200.00 (Bearish).

**Ownership Changes:** Morgan Stanley increased its stake by 7.8% (Bullish). An unnamed corporation increased its stake by 5.5% (Bullish). Synergy Asset Management sold 27,751 shares (Bearish).

**Stock Price:** TSLA opened at $175.79 on Friday (Neutral).

**Net Tilt:** Mixed signals with more bearish analyst actions outweighing bullish ownership increases."
2024-04-01,26,"**Net Tilt: Bearish**

**Revenue & Guidance:**
- **Bearish:** Truist Financial downgraded Tesla’s price target to $193 from $227. Tesla lowered sales expectations and reported slowing sales.

**Product Pricing:**
- **Mixed:** Multiple reports indicate Tesla increased Model Y prices by $1,000 in both China and the US, but previously cut prices by $1,000 in February.

**Product Launches:**
- **Bullish:** Cybertruck debuts in ASEAN on April 6.
- **Neutral:** New showroom opening.

**Analyst Actions:**
- **Bearish:** Truist downgrades price target.
- **Neutral:** Morgan Stanley and Royal Bank of Canada reaffirm positive ratings; Wells Fargo maintains underweight.

**Insider Activity:**
- **Bearish:** SVP Xiaotong Zhu sold 687 shares.

**Ownership Changes:**
- **Mixed:** One firm significantly increased stake while another trimmed position.

**Stock Performance:**
- **Bearish:** Tesla stock fell 2.6% to $171."
2024-04-02,106,"**Bullish Signals:**
- Tesla reported stronger-than-expected Q3 sales (ESS 0.72).
- Tesla China sales rose 47.5% (ESS 0.58).

**Bearish Signals:**
- Wells Fargo downgraded Tesla to Underweight.
- Td Cowen lowered target price from $200 to $180.
- Multiple analysts cut targets: Robert W. Baird to $280, Wedbush to $300, JPMorgan to $130.
- Tesla warned of notably lower sales growth, missing Q1 sales estimates.
- Q1 vehicle sales fell, with deliveries down 8%, and a 47.5% drop in US sales.
- Tesla recalled nearly 2.2M vehicles.
- Lawsuits for consumer fraud and racial discrimination.

**Net Tilt:** Bearish due to multiple downgrades, revenue misses, and legal issues outweighing positive sales trends."
2024-04-03,67,"**Bearish Signals:**
- **Revenue Miss:** Tesla missed quarterly sales targets and experienced a significant sales slump in Q1 2024.
- **Price Target Downgrades:** Multiple firms downgraded price targets, including UBS ($165 from $225), Jefferies ($185 from $225), Piper Sandler ($225 from $295), Sanford C. Bernstein ($120 from $150), Citigroup ($196 from $224), Barclays ($225 from $250), Bank ($115 from $130), Guggenheim ($122 from $132), Robert W. Baird ($280 from $300), and Deutsche Bank ($189 from $200).
- **Analyst Downgrades:** Edward Jones downgraded Tesla to a hold rating, while HSBC, JPMorgan, and Truist Securities cut ratings.
- **Market Share Decline:** Tesla’s market share declined.
- **Facility Issues:** A plant shutdown in Germany and an incident at the Berlin Gigafactory.
- **Insider Sell:** Robyn M. Denholm sold shares.

**Bullish Signals:**
- **Revenue Surge Forecast:** Tesla sales expected to surge in Q1 2024.
- **Product Release:** Tesla Cybertruck launch in Malaysia.

**Net Tilt:** Bear"
2024-04-04,56,"**Bullish Signals:**
- **Earnings:** EPS of $4.30 beat expectations.
- **Product Launches:** Upgraded Model 3 and additional Model Y variants launched in South Korea.
- **Investment Plans:** $2-3 billion planned investment in India.
- **Revenue Growth:** Q1 2024 revenue grew by 23%.

**Bearish Signals:**
- **Price Target Downgrades:** Truist Financial downgraded from $193 to $176; Robert W. Baird from $300 to $280; Morgan Stanley from $320 to $310.
- **Revenue Decline:** Sales declined overall.
- **Demand Slump:** Acknowledged by Tesla.
- **Stock Performance:** Shares have fallen since January 2024, down over 33% in 2024.
- **Price Cuts:** Multiple price reductions for Model 3 and Model Y.
- **Insider Sell:** SVP Andrew D. Baglino sold shares.

**Net Tilt:** Bearish due to multiple downgrades and significant stock declines outweighing positive product launches and revenue growth."
2024-04-05,50,"**Revenue/Earnings:** Bearish. Tesla reported lower sales and earnings, with EPS and revenue missing expectations.

**Legal Issues:** Bearish. Lost racial discrimination lawsuit and facing multiple legal claims, including a U.S. government investigation.

**Product/Catalysts:** Mixed. Scrapped low-cost car plans but scheduled to unveil 'Robotaxi' on August 8 and Cybertruck. Model Y price cuts and discounts offset by Model 3 production increase and price raise.

**Analyst Actions:** Bearish. Price targets lowered by He and Wedbush ($315 to $300).

**Stock Performance:** Bearish. Stock hit 2024 lows, falling over 40% since July and 34% YTD, with recent drops of 6%.

**Supply/Production:** Bearish. Factory shutdowns and recalls noted.

**Ownership:** Neutral. Some institutions increased holdings slightly.

**Net Tilt:** Strongly Bearish."
2024-04-06,25,"**Revenue Drop:** Bearish. Tesla reported a significant decline in auto sales and revenue for Q1, with analysts noting low quarterly sales.

**Executive Departure:** Bearish. A significant executive resignation from Tesla, likely impacting leadership stability.

**Product Launches:** Bullish. Tesla plans to launch affordable cars and robotaxis, potentially boosting future demand.

**Stock Price Movements:** Mixed. Shares initially dropped due to low-cost EV concerns but later surged up to 5.1%, ending down 3.6%.

**Analyst Actions:** Bearish. HSBC downgraded Tesla’s price target from $143 to $138.

**Insider Sales:** Bearish. Multiple insider sales, including a SVP selling $1.85M worth of stock.

**Price Adjustments:** Neutral. Tesla raised the price of its Model Y, offsetting some negative sentiment.

**Net Tilt:** Bearish. Despite positive product launches, revenue declines, executive departures, and insider sales dominate."
2024-04-07,17,"**Price Target Downgrades:** Multiple firms downgraded Tesla’s price targets: Piper Sandler ($225 from $295), Goldman Sachs ($190 from $220), Truist Financial ($176 from $193), and HSBC ($138 from $143). **Bullish:** Morgan Stanley maintained a higher target at $310 but downgraded from $320. **Net Tilt:** Bearish.

**Supply Decrease & Price Cuts:** Tesla deliveries declined, and the Model Y and Model 3 saw price cuts. **Bullish:** Tesla plans new battery-powered models. **Net Tilt:** Bearish.

**Ownership Increases:** Management and several institutional investors increased holdings. **Bullish:** LLC acquired additional shares. **Net Tilt:** Bullish.

**Stock Performance:** Shares opened at $164.90. **Neutral:** Oppenheimer reaffirmed a neutral rating. **Net Tilt:** Neutral."
2024-04-08,57,"**Bearish Signals:**
- **Price Target Downgrades:** Jefferies, Sanford C. Bernstein, JPMorgan Chase, Robert W. Baird, Deutsche Bank, and Wedbush all downgraded price targets.
- **Revenue Decline:** Car sales and overall sales in decline.
- **Legal Issues:** Jury found Tesla liable; faces multiple suits.
- **Supply Disruptions:** Sweden strike drags on.
- **Product Cancellation:** Affordable car project canceled.
- **Stock Performance:** Shares tumbling, insider sell by Robyn M. Denholm.

**Bullish Signals:**
- **Revenue Growth:** Sales up 38% YoY.
- **Product Releases:** FSD deployed in America, Cybertruck previewed, Robotaxi unveiling planned.
- **Settlements:** Multiple legal settlements reached.
- **Investment:** Autonomous driving program investment.
- **Ownership Increases:** Various institutions increased holdings.

**Net Tilt:** Bearish due to overwhelming analyst downgrades and revenue declines."
2024-04-09,46,"**Bullish Signals:**
- **Earnings Guidance:** Higher profit expected.
- **Legal Wins:** Won two Autopilot lawsuits.
- **Product Launches:** Robotaxi and self-driving car planned for August.
- **Settlements:** Resolved multiple legal disputes.

**Bearish Signals:**
- **Price Target Downgrades:** Td Cowen lowered PT to $180; Goldman Sachs to $175.
- **Recalls:** Recalled around 2 million cars due to Full Self-Driving Beta issues.
- **Market Share Gains:** Steps to increase market share but facing lawsuits.
- **Supply Issues:** Increased production but sales faltered, down nearly 9% YTD.
- **Insider Sell:** SVP sold shares.
- **Stock Performance:** Shares down over 30% YTD despite minor gains on Monday.

**Net Tilt:** Bearish due to multiple downgrades, recalls, and insider selling overshadowing positive legal outcomes and product launches."
2024-04-10,34,"**Bullish Signals:**
- **Legal Victory:** Tesla triumphed in a lawsuit (ESS 0.53).
- **Investment Plans:** Announced $2B investment in new facilities (ESS 0.46).
- **Stock Performance:** Gained 5.1% (ESS 0.23).
- **Ownership Increase:** Williams Inc. and LLC increased holdings (ESS 0.37).

**Bearish Signals:**
- **Price Target Downgrades:** BofA, Jefferies, Piper Sandler, Goldman Sachs cut targets (ESS -0.57 to -0.82).
- **Revenue Guidance & Actuals:** Sales outlook worsened, expected to dip, tumbled nearly 9% (ESS -0.68 to -0.75).
- **Analyst Downgrades:** Jefferies, BofA downgraded ratings (ESS -0.58).
- **Stock Decline:** Fell 3% (ESS -0.16).

**Net Tilt:** Bearish due to multiple downgrades and revenue concerns outweighing legal win and ownership increases."
2024-04-11,30,"**Revenue Trends:** Bearish. Tesla sales have slumped (-0.68), though EV sales in China doubled (+0.65).

**Analyst Downgrades:** Bearish. Citigroup downgraded price target from $224 to $196 (-0.82), Truist from $193 to $176 (-0.76), Deutsche Bank from $200 to $189 (-0.62), and Morgan Stanley from $320 to $310 (-0.46).

**Product Releases:** Bullish. European Model Y Long Range launch (+0.57), Robotaxi reveal in August (+0.52), Model Y with large battery (+0.52), FSD rollout (+0.52), and Powerwall launch (+0.52).

**Ownership Changes:** Mixed. Various institutions increased holdings, but no significant net impact.

**Stock Performance:** Mixed. Shares closed up 1.65% to $174.60 (+0.23), but traded lower intra-day (-0.11).

**Net Tilt:** Bearish due to multiple downgrades and revenue concerns."
2024-04-12,32,"**Bullish Signals:**
- **Product Launches:** New Sport Seats, RWD Model Y for Europe, Robotaxi unveiling, Cybertruck battery pack, Full Self-Driving launch.
- **Ownership Increases:** Vanguard, Fmr LLC, MD, Inc. increased stakes.

**Bearish Signals:**
- **Price Target Downgrades:** UBS ($165), Bernstein ($120), Piper Sandler ($205), Baird ($280), Wells Fargo ($120), HSBC ($138).
- **Earnings Guidance Below Expectations:** Q1 estimates miss expected.
- **Market Share Loss:** Fell to 51.3% in Q1.
- **Legal Issues:** Multiple lawsuits against Tesla.
- **Price Cuts:** FSD subscription slashed to $99.
- **Stock Sales:** Essex LLC sold shares.
- **Stock Performance:** Stock fell 0.6%.

**Net Tilt:** Bearish due to multiple downgrades, earnings miss, legal issues, and price cuts outweighing product launches and ownership increases."
2024-04-13,17,"**Product & Pricing:** Bullish - Tesla slashed FSD package price by 50%, potentially boosting sales; however, bearish as it paused Cybertruck deliveries and cut Model Y prices. (Net Tilt: Bearish)

**Investment & Ownership:** Mixed - Midwestone Financial Group and others increased holdings, while one financial firm sold shares. (Net Tilt: Neutral)

**Analyst Action:** Bearish - Morgan Stanley downgraded Tesla’s price target from $320 to $310. (Net Tilt: Bearish)

**Supply & Production:** Bullish - Tesla is ramping up Cybertruck production. (Net Tilt: Bullish)

**Earnings & Guidance:** Neutral - Analysts predict EPS of 2.02 for FY. No earnings surprise mentioned. (Net Tilt: Neutral)

**Catalysts:** Bullish - Upcoming robotaxi platform unveiling on August 8. (Net Tilt: Bullish)"
2024-04-14,28,"**Price Target Downgrades:** Jefferies, JPMorgan, Barclays, Citigroup, and Goldman Sachs all lowered their price targets on Tesla, indicating **bearish sentiment**. Jefferies cut from $185 to $165, JPMorgan from $130 to $115, Barclays from $250 to $225, Citigroup from $196 to $180, and Goldman Sachs from $190 to $175.

**Revenue Growth:** Tesla reported positive revenue growth, a **bullish signal**.

**Regulatory Approval:** Tesla lacks state regulatory permits for robotaxis, a **bearish signal**.

**Product Launches:** Model 3 launched in Australia and Model 2 is set for late 2025, both **bullish**.

**Insider Sales:** SVP Andrew Baglino and Director Robyn Denholm sold shares, indicating **bearish sentiment**.

**Stock Performance:** Tesla’s stock is down 31% YTD, a **bearish signal**.

**Ownership Changes:** Mixed ownership trends with some firms increasing holdings while others reduced positions, showing **neutral** overall.

**Earnings Expectations:** Analysts predict EPS of $2.02 for the current year, **neutral**.

**Conference Call:** Tesla will hold an earnings call on April 23, a potential **catalyst**."
2024-04-15,127,"**Bullish Signals:**
- Price cut for Full Self-Driving subscription to $99 from $199.

**Bearish Signals:**
- **Workforce Reduction:** Tesla cutting more than 10% of its global workforce.
- **Revenue Decline:** Reports of declining sales and a drop in first-quarter delivery sales.
- **Analyst Downgrades:** Sanford C. Bernstein downgraded price target from $150 to $120; Piper Sandler from $225 to $205; Deutsche Bank from $200 to $189.
- **Earnings Miss:** Q1 delivery targets missed and disappointing Q4 earnings.
- **Product Recall:** Tesla recalling over 1.6 million Model vehicles.
- **Executive Departures:** Senior VP Drew Baglino’s resignation and other executives leaving the company.

**Net Tilt:** Bearish."
2024-04-16,60,"**Bearish Signals:**
- **Price Target Downgrades:** UBS lowered PT from $225 to $165; Canaccord cut from $267 to $234; Wedbush reduced from $315 to $300; HSBC trimmed from $143 to $138.
- **Layoffs:** Multiple reports confirm Tesla cutting 10% of its global workforce.
- **Earnings Miss:** First-quarter profit came in below expectations.
- **Executive Resignation:** Drew Baglino, Senior VP of Powertrain and Energy Engineering, resigned.
- **Stock Decline:** Shares fell to $156.73 during midday trading.

**Bullish Signals:**
- **Ownership Increases:** Several institutional investors increased stakes in Tesla.
- **Supply Increase:** Tesla’s EV production and sales widened in Q1 2024.

**Net Tilt:** Bearish due to multiple downgrades, layoffs, and earnings miss outweighing ownership increases."
2024-04-17,44,"**Bullish Signals:**
- Tesla’s US market share grew in Q1.
- Odakyu and Tesla launched XR technology.
- Ark Investment bought 5.5K shares of Tesla.
- Various institutions increased holdings in Tesla.

**Bearish Signals:**
- Multiple downgrades: JP Morgan ($115), Truist ($176), Citi ($180), Robert W. Baird ($280), Jefferies ($165), RBC ($294), Barclays ($180), Morgan Stanley ($310).
- Missed delivery estimates.
- Significant layoffs (14% workforce reduction).
- Price cuts on Model Y.
- EPS estimates decreased.
- Share price fell 37% in 2024.
- Insiders like Andrew D. Baglino sold shares.
- Discontinued Cybertruck deliveries.
- Some institutions reduced holdings.

**Net Tilt:** Bearish."
2024-04-18,53,"**Bearish Signals:**
- **Price Target Downgrades:** Barclays, Td Cowen, Goldman Sachs, and Wells Fargo all lowered targets to $180, $180, $175, and $120 respectively.
- **Earnings Estimate Downgrade:** Analysts lowered EPS estimates.
- **Revenue Outlook Diminishing:** Sales are expected to decline.
- **Layoffs:** Tesla announced job cuts of 285 employees in Buffalo, NY, and 300 temporary staff in Germany.
- **Legal Issues:** Facing multiple lawsuits.
- **Stock Performance:** Shares hit 15-month lows, down 40% YTD, and fell 12.4% this week.

**Bullish Signals:**
- **Positive EPS Guidance:** Expected to report EPS of 52 cents.
- **Product Launch:** Robotaxi unveiling scheduled for August 8.

**Net Tilt:** Bearish due to overwhelming negative signals from analysts, layoffs, and legal issues."
2024-04-19,36,"**Price Target Downgrades:** UBS downgraded Tesla’s price target from $225 to $165; Piper Sandler lowered from $225 to $205. **Bullish:** Revenue beat expectations; **Bearish:** Product recall of 3,878 Cybertrucks, layoffs of 10% workforce, insider sale by Robyn M. Denholm, stock loss of 40% YTD, and multiple sell recommendations. **Neutral:** New Model 3 Performance release, increased stake by institutional investors, and neutral ratings from Morgan Stanley and Wedbush. **Net Tilt:** Bearish."
2024-04-20,37,"**Revenue and Earnings:** Bullish signals mixed with bearish ones. Tesla reported a year-over-year revenue decline, but Q1 earnings are due on April 23.

**Product:** Bearish. A product recall for 3,878 Cybertrucks and shelving a low-cost EV model. However, FSD launch in China and potential new Model introduction are positive.

**Stock Performance:** Bearish. Stock fell to a 52-week low, with multiple reports of price drops and layoffs.

**Price Adjustments:** Bearish. Multiple price cuts across various models, including Model Y, Model X, and Model 3.

**Ownership Changes:** Mixed. Major investors like Vanguard, State Street, and Morgan Stanley increased stakes, while others showed neutral ratings.

**Net Tilt:** Bearish."
2024-04-21,51,"**Bearish Signals:**
- **Price Target Downgrades:** Multiple firms downgraded price targets: Sanford C. Bernstein ($150 → $120), Barclays ($225 → $180), JPMorgan ($130 → $115), Goldman Sachs ($190 → $175), Wells Fargo ($125 → $120), HSBC ($143 → $138), Morgan Stanley ($320 → $310).
- **Revenue/Earnings Decline:** Tesla’s Q1 profits and sales declined.
- **Product Price Cuts:** Full Self-Driving (FSD) software price cut from $12,000 to $8,000; Model 3 and Model Y price reductions in various markets.
- **Analyst Downgrades:** Deutsche Bank and Edward Jones downgraded Tesla to Hold.
- **Market Share Loss:** Tesla’s market share shrank.
- **Stock Performance:** Shares fell 40.8% YTD.
- **Layoffs:** Global workforce reduction planned.

**Bullish Signals:**
- **Ownership Increases:** Several institutions increased their stakes in Tesla.

**Net Tilt:** Strongly Bearish."
2024-04-22,113,"**Analyst Actions & Price Targets:** JPMorgan downgraded Tesla to ""Underweight,"" while Wedbush maintained ""Outperform."" UBS, Jefferies, and Truist all lowered their price targets, indicating **bearish sentiment** (evidence: multiple downgrades).

**Earnings & Revenue:** Tesla is expected to miss Wall Street’s estimates and report its first revenue decline, though it beat revenue expectations in some reports, showing conflicting signals but overall **bearish** (evidence: revenue miss and decline).

**Layoffs & Staff Cuts:** Tesla announced layoffs of 10-20% of its workforce, signaling **bearish** sentiment (evidence: significant job cuts).

**Product Pricing & Recalls:** Tesla cut prices on Full Self-Driving and premium driver assistance systems, and recalled nearly 4,000 Cybertrucks, indicating **bearish** sentiment (evidence: price cuts and recalls).

**Market Share & Legal Issues:** Tesla lost market share in China and faced legal charges, further reinforcing **bearish** sentiment (evidence: market share loss and legal issues).

**Product Launches:** Positive signals include the upcoming unveiling of Optimus and Model 3, but these are offset by abandoned projects like the affordable EV, resulting in a **net bearish** tilt (evidence: mixed product news).

**Stock Performance:** Tesla stock has fallen significantly, hitting a new 52-week low, confirming **"
2024-04-23,164,"**Revenue and Earnings:** Bullish signals mixed with strong negatives. Tesla reported a 9% revenue drop and missed estimates, with Q1 EPS of $0.45 ($0.04 below expectations). Profits fell 55% to $1.13 billion, missing views. However, 4680 battery cell production increased 18-20%.

**Layoffs and Cost Management:** Bearish. Tesla announced significant job cuts, including 2,700 in Travis County and up to 6,000 in California, indicating cost pressures.

**Product and Supply:** Mixed. Tesla slashed vehicle prices by 17.4%, but saw EV sales growth and increased 4680 cell production. A Cybertruck recall and FSD system recall highlight product issues.

**Capital Expenditure:** Capex rose to $2.5B, up from $2B YoY, signaling continued investment despite earnings miss.

**Net Tilt:** Strongly Bearish due to revenue miss, earnings decline, and extensive layoffs."
2024-04-24,160,"**Analyst Actions:** BofA Securities upgrades Tesla to Buy from Neutral (Bullish). Barclays, Citigroup, and Mizuho downgrade price targets to $180, $180, and $180 respectively (Bearish).

**Earnings & Revenue:** Tesla misses Q1 earnings and revenue expectations, with EPS and revenue falling short (Bearish). Net profit drops 55%, operating margins shrink (Bearish).

**Product & Strategy:** Plans to launch an affordable SUV (Bullish). Prices Full Self-Driving software down to $8,000 (Bearish). Recalls one Model 3 (Bearish).

**Operations:** Lays off over 10% of workforce (Bearish). Reports first drop in sales in years (Bearish).

**Miscellaneous:** Multiple executives resign (Bearish). BofA upgrades earnings outlook (Bullish).

**Net Tilt:** Bearish due to multiple downgrades and operational issues outweighing positive analyst actions and product launches."
2024-04-25,47,"Bullish: Bank of America upgraded Tesla to Buy; Deutsche Bank raised PT to $136.00; Citigroup boosted PT to $182.00; Tesla’s Optimus robot may go on sale next year. Bearish: Multiple downgrades (DZ Bank to $140, HSBC to $120, UBS to $147, Mizuho to $180, China Renaissance to $151.31, Canaccord to $222, Edward Jones to Hold, Morgan Stanley to $310, RBC to $293); Tesla missed Q2 targets, revenues dipped; fatal Autopilot crash; layoffs in Lathrop; insiders Zhu and Denholm sold shares. Net: Bearish due to multiple downgrades and negative events outweighing positive analyst actions."
2024-04-26,57,"**Bullish Signals:**
- Revenue guidance up.
- Citi upgrades Tesla stock target post-Q1 results.
- Cybertruck arrives in Australia.
- Manufacturing cost cuts expected.

**Bearish Signals:**
- Multiple price target downgrades (Sanford C. Bernstein, Truist Financial, Goldman Sachs, Mizuho, UBS).
- Largest-ever product recalls affecting 2 million vehicles.
- Significant layoffs (3,300 workers in CA, 693 in Nevada, entire marketing team).
- Regulatory investigations into Autopilot and recalls.
- Price cuts in Malaysia.
- Insider sale by SVP Andrew D. Baglino.

**Net Tilt:** Bearish due to overwhelming negative signals from price target downgrades, recalls, layoffs, and regulatory scrutiny."
2024-04-27,26,"**Bullish Signals:**
- **Product Launch:** Enhanced Autopilot in China, Model 3 Performance launch in Europe and Asia.
- **Price Target Upgrade:** Deutsche Bank raised PT to $136.00.
- **Stock Rebound:** Shares rebounded despite negative earnings.

**Bearish Signals:**
- **Revenue/Earnings Decline:** Quarterly revenue and profit fell; profits dropped 55%.
- **Layoffs:** Cutting 693 jobs in Nevada, 3,332 in California.
- **Recall:** Voluntary recall issued.
- **Downgrades:** Canaccord Genuity downgraded price target to $222.00.
- **Insider Sell:** Executive sold $181.5M in shares.
- **Regulatory Investigation:** NHTSA investigating Tesla.

**Net Tilt:** Bearish due to significant layoffs, revenue/earnings decline, and regulatory issues outweighing product launches and price target upgrades."
2024-04-28,23,"**Headline Summary:**

- **Bullish Signals:**
  - **Product Launch:** Tesla unveiled a Robotaxi ride-hailing app and debuted the new Cybertruck.
  - **Revenue Boost:** Revenue increased.
  - **Institutional Ownership Growth:** Multiple institutions (Vanguard, Morgan Stanley, Fmr LLC, Northern Trust) increased their positions in Tesla.
  - **Price Target Upgrade:** Citigroup raised its price target from $180.00 to $182.00.

- **Bearish Signals:**
  - **Layoffs:** Tesla cut headcount by at least 10%.
  - **Earnings Miss:** Profits tumbled.
  - **Price Target Downgrade:** Canaccord Genuity downgraded Tesla’s target price from $234.00 to $222.00.
  - **Ownership Decrease:** One institution reduced its position by 8.0%.

- **Neutral Signals:**
  - **Analyst Rating Neutral:** Piper Sandler maintained an “overweight” rating with a $205.00 price objective.
  - **Regulatory Application:** Tesla applied for Beijing approval for Full Self-Driving software.

**Net Tilt:** Mixed, but slightly bearish due to layoffs, earnings miss, and price target downgrade outweighing positive product launches and revenue boost."
2024-04-29,128,"**Bullish Signals:**
- **Regulatory Approvals:** Tesla received Chinese approval for its Full Self-Driving (FSD) system, enabling deployment in the world’s largest auto market.
- **Revenue Growth:** Tesla reported higher sales in China and peak revenues, indicating strong demand.
- **Product Launch:** FSD is set to launch in China, potentially boosting sales and market share.

**Bearish Signals:**
- **Downgrades & Price Target Cuts:** Multiple analysts downgraded Tesla, including Phillip Securities and Jefferies, reducing price targets.
- **Earnings Miss:** Q1 2024 earnings missed expectations, with EPS and revenue estimates cut.
- **Layoffs:** Tesla initiated layoffs affecting at least 10% of its workforce.

**Net Tilt:** Bearish due to multiple downgrades, earnings miss, and layoffs outweighing regulatory approvals and product launches."
2024-04-30,62,"**Bearish Signals:**
- **Price Target Downgrades:** Sanford C. Bernstein ($150 → $120), JPMorgan ($130 → $115), Truist Financial ($176 → $162), Evercore ISI ($155 → $145).
- **Revenue Guidance and Actual Revenue Decline:** Forecasted sales decline, Q4 revenue down.
- **Layoffs and Executive Firings:** More than 10% workforce cut, multiple senior executive firings.
- **Stock Performance:** Shares trading lower, down $8.94 to $185.11, 40% drop since July 2023.

**Bullish Signals:**
- **Profitability:** Tesla reports $7,000-$8,000 profit per vehicle.
- **Regulatory Approval:** China approves Tesla’s Full Self-Driving tech.
- **Product Launch:** Full Self-Driving system launching in China.
- **Historical Revenue Growth:** Average 39.9% annual growth over five years.

**Net Tilt:** Bearish due to overwhelming negative signals from analysts, revenue, layoffs, and stock performance."
2024-05-01,24,"**Revenue and Delivery Declines:** Bearish. Tesla’s Q1 revenue declined, and deliveries fell 8.5% YoY.

**Executive Changes:** Bearish. Elon Musk fired two senior executives, and multiple high-level exits occurred, including HR head and other known executives.

**Product Launch:** Bullish. Model 3 & Model Y launches planned for next year.

**Layoffs:** Bearish. Tesla laid off 3,000 workers in Austin and cut 500 employees.

**Regulatory Approval:** Bullish. China approved FSD.

**Analyst Actions:** Mixed. Wedbush reaffirmed “outperform” with a $275 PT, while Citigroup slightly increased PT to $182.

**Stock Performance:** Bearish. Shares dropped nearly 6%.

**Partnerships:** Neutral. Tesla licensed FSD and sealed deals with Baidu and in China.

**Ownership Changes:** Neutral. Md raised stake by 5.3%, and Inc increased holdings by 3.5%.

**Net Tilt:** Bearish."
2024-05-02,23,"**Analyst Actions:** Bullish (Cantor Fitzgerald starts with Overweight rating); Bearish (Canaccord Genuity downgrades PT to $234.00, Wells Fargo downgrades PT to $120.00, Deutsche Bank upgrades PT to $136.00).

**Earnings & Revenue:** Bearish (missed earnings, Q1 revenue drop); Mixed (positive total profits).

**Operational:** Bearish (10% workforce reduction, additional layoffs, product recall); Bullish (Cybertruck presentation in Germany).

**Market & Insider Activity:** Bearish (share decline over 2 years, insider sale by SVP); Mixed (Vanguard increases holdings, stock rally post-Q1).

**Net Tilt:** Bearish due to multiple downgrades, layoffs, and revenue miss outweighing positive analyst ratings and operational updates."
2024-05-03,25,"**Bullish Signals:**
- **Stock Performance:** Tesla’s shares rose 13% in after-hours trading despite profit warnings.
- **Product Launch:** Tesla revealed the Cybertruck, potentially boosting future sales.
- **Investor Activity:** Advisor Group Inc. increased its Tesla stake by 17.5%.

**Bearish Signals:**
- **Earnings Miss:** Q1 profit dropped 55%, indicating weaker financial performance.
- **Analyst Downgrades:** Edward Jones downgraded Tesla from Buy to Hold; Mizuho and Morgan Stanley lowered price targets to $180 and $310, respectively.
- **Legal Issues:** Tesla is involved in multiple lawsuits, including a trademark infringement case against an Indian firm and a lawsuit against another Tesla entity.
- **Regulatory Concerns:** NHTSA is investigating Tesla Autopilot, adding regulatory risk.
- **Job Cuts:** Tesla announced layoffs, signaling operational challenges.

**Net Tilt:** Bearish due to significant earnings miss, multiple downgrades, and ongoing legal/regulatory issues."
2024-05-04,16,"**Price Target Downgrades:** Barclays downgraded Tesla’s price target from $225 to $180; Evercore ISI from $155 to $145; Guggenheim reissued a “sell” with a $122 target. **Bullish:** RBC slightly lowered target from $294 to $293. **Net Tilt:** Bearish.

**Product Launches:** Tesla launched a new long-range rear-wheel drive model, a new Model 3 Performance, and a new Model Y. **Bullish.**

**Recall & Regulatory:** NHTSA pushed Tesla to recall vehicles. **Bearish.**

**Ownership Changes:** Multiple firms increased stakes (Morgan Stanley, Fmr LLC, Northern Trust, Charles Schwab, LLC), while one firm decreased stake significantly. **Net Tilt:** Bullish."
2024-05-05,6,"**Price Target Downgrades:** Jefferies downgraded Tesla’s price target to $165 from $185, while Canaccord Genuity lowered it to $222 from $234. **Bearish**.

**Product Releases:** Tesla unveiled new Optimus robots and announced the Cybertruck’s arrival in Portugal. **Bullish**.

**Legal Action:** Tesla filed a lawsuit against an Indian battery manufacturer for trademark infringement. **Neutral** to **Slightly Bullish** (strengthens IP position).

**Stock Performance:** Tesla shares fell 0.1%. **Bearish**.

**Net Tilt:** Mixed signals; slight overall **Bearish** bias due to downgrades and stock decline."
2024-05-06,25,"**Bullish Signals:**
- **Product Launch:** Tesla launched Model Y Long Range and revealed new Optimus humanoid robot.
- **Analyst Reaffirmation:** Robert W. Baird reaffirmed ""outperform"" with a $280.00 target price.
- **Warren Buffett Investment:** Buffett plans to invest in Tesla.

**Bearish Signals:**
- **Price Target Downgrades:** HSBC, Goldman Sachs, and UBS all lowered their price targets.
- **Earnings Miss:** Q1 earnings were down.
- **Layoffs:** Multiple reports indicate ongoing layoffs, including a third round.
- **Legal Issues:** Tesla filed a lawsuit against an Indian entity.

**Net Tilt:** Bearish due to multiple downgrades, earnings miss, and layoffs outweighing product launches and positive analyst reaffirmations."
2024-05-07,42,"**Revenue and Sales Decline:** Bullish signals include Tesla’s revenue growth over the past year (revenue-up|ess0.65). However, multiple bearish signals indicate a revenue decrease in Q1 2024 (revenue-guidance-down|ess-0.75), falling sales (revenue-down|ess-0.68), and declining electric vehicle sales (revenue-volume-down|ess-0.68).

**Layoffs and Workforce Reductions:** Bearish with Tesla announcing layoffs affecting over 6,700 employees (layoffs|ess-0.51) and shutting down production in Germany for 4 days (facility-close|ess-0.51).

**Regulatory and Legal Issues:** Mixed signals with regulatory approval for FSD in China (regulatory-product-approval-granted|ess0.57) but facing investigations and lawsuits (regulatory-investigation|ess-0.47, legal-issues-defendant|ess-0.52).

**Product Launches and Enhancements:** Bullish with the global debut of Cybertruck (product-release|ess0.52) and enhancements to FSD (product-enhancement|ess0.44).

**Insider Activity and Ownership Changes:** Bearish as Tesla Chair Robyn Denholm offloaded over $50M in stock (insider-sell|ess-0.49).

**Net T"
2024-05-08,59,"**Bullish Signals:**
- **Product Release:** Tesla received approval for FSD Autopilot and plans to unveil robotaxis in China.
- **Partnerships:** Tesla partnered with Baidu and an Indian EV maker.

**Bearish Signals:**
- **Price Target Downgrades:** Jefferies, Truist, and Mizuho downgraded Tesla’s price targets.
- **Layoffs & Executives:** Tesla laid off 316 workers and two executives.
- **Regulatory Issues:** FSD not yet approved, facing multiple investigations including potential securities fraud and wire fraud.
- **Recalls & Legal Issues:** Recalled 2 million vehicles, fined $135.8 million, and faced lawsuits.
- **Stock Performance:** Stock tumbled, fell, and sank multiple times, down 28% YTD.

**Net Tilt:** Bearish due to numerous regulatory and financial headwinds outweighing product advancements."
2024-05-09,43,"**Bearish Signals:**
- **Price Target Downgrades:** Hsbc ($120 from $138), Goldman Sachs ($175 from $190), Evercore ISI ($145 from $155), Canaccord Genuity ($222 from $234), Wells Fargo ($120 from $125), Morgan Stanley ($310 from $320).
- **Revenue Decline:** Q1 revenue down 9%, sales slowing.
- **Market Share Loss:** China market share shrinking.
- **Layoffs:** More than 10% workforce cut, layoffs in China.
- **Executive Departures:** Multiple key executives leaving.
- **Regulatory Issues:** DMV investigating, potential prosecution.
- **Facility Closure:** Berlin plant closed.

**Bullish Signals:**
- **Product Launches:** Driver-assistance system approved in China, FSD launch planned.
- **Production Ramp-Up:** Plans to increase production.
- **Potential Acquisition Interest:** BP interested in buying Tesla and supercharging stations.

**Net Tilt:** Bearish due to multiple downgrades, revenue decline, layoffs, and regulatory issues outweighing positive product launches and potential acquisitions."
2024-05-10,15,"**Executive Changes & Layoffs:** CEO firing and an executive resignation (bearish). Tesla is also laying off 285 employees (bearish).

**Regulatory Approvals:** China approved two Tesla models (bullish).

**Legal Issues:** NLRB filed a complaint against Tesla (bearish).

**Investment & Restructuring:** Tesla plans a $500M investment in Superchargers and continues restructuring (neutral to bullish).

**Protests & Facility News:** Protesters stormed a European Gigafactory, but Tesla may open a new plant in Jalisco (mixed impact).

**Stock Performance:** Shares down 31% YTD (bearish).

**Capex Guidance:** Forecasted capex of $10B (neutral).

**Net Tilt:** Bearish."
2024-05-11,14,"**Bullish Signals:**
- **Analyst Upgrade:** Robert W. Baird maintained ""outperform"" with a $280.00 target.
- **Institutional Ownership Growth:** Vanguard, Morgan Stanley, Fmr LLC, Northern Trust Corp, and Llc increased holdings.
- **Facility Expansion:** Tesla Gigafactory expansion in Germany.

**Bearish Signals:**
- **Price Target Downgrades:** Goldman Sachs lowered target from $190.00 to $175.00; Truist Financial from $176.00 to $162.00.
- **Ownership Decrease:** Llc sold 430 shares.

**Neutral Signals:**
- **Earnings Estimates:** Q2 2024 EPS expected at $0.50; full-year EPS consensus at $1.99; Q3 2024 EPS estimated at $0.47.

**Net Tilt:** Mixed, leaning slightly bearish due to multiple downgrades outweighing single upgrade."
2024-05-12,3,"**Protests in Germany:** Bearish. Hundreds protested against Tesla, potentially signaling growing public discontent.

**Stock Performance:** Bearish. Tesla stock down 2.3% today and still down 25% YTD.

Net Tilt: **Bearish**."
2024-05-13,19,"**Earnings & Revenue:** Bullish/Bearish Mixed. Earnings missed estimates (-$0.74 vs. est.), revenue declined. Mizuho downgraded target from $195 to $180. However, post-earnings, stock jumped 10% to $168.90.

**Executives & Layoffs:** Bearish. Drew Baglino and Cybertruck manufacturing lead resigned. Tesla announced layoffs, retaining only three jobs.

**Product & Investment:** Neutral/Bullish Mixed. Launched Model Y; temporarily cut prices on several Model Y units. Plans to invest $500M.

**Legal & Market:** Bearish/Bullish Mixed. Settled sexual harassment claims. Faced protests in Germany. Stock gains noted but overall sentiment negative due to earnings miss and executive departures.

**Net Tilt:** Bearish."
2024-05-14,37,"**Net Tilt: Bearish**

**Analyst Actions:** Bullish (BofA upgraded to Buy); Bearish (HSBC downgraded PT to $120, Wells Fargo downgraded PT to $120).

**Legal & Regulatory:** Bearish (DOJ investigating for securities fraud, fined $1M and $275K).

**Financial Health:** Bearish (layoffs, insider sell, multiple legal suits).

**Production & Guidance:** Neutral (cost cuts, production scaling).

**Market Performance:** Mixed (stock up 2%, but forecasts of potential 70% drop to $50).

**Ownership Changes:** Neutral (mixed insider activity, institutional stake increases).

**Evidence:** Conflicting signals with significant bearish weight from legal issues, downgrades, and layoffs."
2024-05-15,35,"**Price Target Adjustments:** Deutsche Bank upgraded Tesla’s price target to $136.00 from $123.00 (Bullish). However, Goldman Sachs, UBS, Wells Fargo, and Morgan Stanley all downgraded their targets to $175.00, $147.00, $120.00, and $310.00 respectively (Bearish).

**Layoffs:** Tesla announced significant job cuts in California, including 601 more jobs and firing the entire Supercharger team (Bearish).

**Legal Issues:** Tesla faces a lawsuit alleging misconduct and SEC and DOJ investigations (Bearish).

**Partnerships:** Potential partnership with Baidu on Robotaxi (Bullish).

**Insider Activity:** SVP Andrew D. Baglino sold 10,500 shares (Bearish).

**Stock Performance:** Tesla stock declined 29% on Wednesday but is up 4% for the week (Mixed).

**Facility Plans:** Tesla plans new factories in Mexico (Bullish).

**Net Tilt:** Bearish due to multiple downgrades and layoffs outweighing positive signals."
2024-05-16,12,"**Net Tilt: Bearish**

**Downgrades & Legal Issues:**
- **Bearish:** Mizuho downgraded Tesla, reducing PT from $195 to $180.
- **Bearish:** Tesla lost appeal in a legal case.
- **Bearish:** Swedish court rejected Tesla’s appeal.
- **Bearish:** Elon Musk fired 500 employees.

**Product Releases & Hires/Layoffs:**
- **Bullish:** Launched Powerwall 3 and Model Y.
- **Neutral:** Rehired Supercharger employees after layoffs.

**Ownership Changes:**
- **Bullish:** Multiple firms increased stakes (Fmr LLC, Northern Trust, Charles Schwab).
- **Bullish:** M&G Investment Management bought new shares."
2024-05-17,19,"**Bullish Signals:**
- **Product Price Raise:** Tesla increased the price of Model 3 Performance in the US.
- **Stock Gain:** TSLA is trading 1.4% higher.
- **Ownership Increase:** Multiple institutions (Llc, Vanguard, Bank, Morgan Stanley) increased their stakes in Tesla.

**Bearish Signals:**
- **Bankruptcy Rumors:** Reports suggest Tesla may go bankrupt.
- **Revenue Decline:** Sales continue to slip.
- **Price Target Downgrade:** Truist Financial downgraded Tesla’s price target from $176 to $162.
- **Layoffs:** Tesla cut workforce by 10%.
- **Executive Resignation:** An executive resigned amid uncertainty.
- **Stock Loss:** Shares dropped.
- **Supply Issues:** Only 386,810 cars delivered in Q1.
- **Analyst Downgrade:** Guggenheim reaffirmed a “sell” rating with a $122 target.

**Net Tilt:** Bearish due to multiple negative signals outweighing positive ones."
2024-05-18,8,"**Insider Activity:** Bearish - Robyn M. Denholm sold 93,705 shares (May 6th).

**Ownership Changes:** Mixed - BlackRock increased holdings by 111.1%, while Massachusetts Financial Services Co. sold 11,313 shares.

**Analyst Ratings:** Bullish - Robert W. Baird reaffirmed ""outperform"" with a $280 price target.

**Revenue:** Bearish - Q1 revenue missed estimates at $21.30B vs. $22.15B consensus.

**Partnerships:** Bullish - Tesla partnered with Baidu for maps and joined forces with China's Google equivalent.

**Stock Price:** Neutral - Opened at $177.46 on Friday. 

**Net Tilt:** Mixed, leaning slightly bearish due to insider sales, revenue miss, and ownership decreases outweighing positive analyst ratings and partnerships."
2024-05-19,13,"**Price Target Downgrades:** Barclays downgraded Tesla’s price target from $225 to $180; HSBC from $138 to $120; Canaccord Genuity from $234 to $222 (Bearish).

**Revenue Positive:** Cybertruck sales jumped (Bullish).

**Layoffs:** Tesla is firing more employees (Bearish).

**Investment:** Tesla is investing in its Supercharger network (Bullish).

**Ownership Increases:** Multiple investors increased stakes in Tesla (Bullish).

**Price Target Upgrade:** Citigroup upgraded Tesla’s price target from $180 to $182 (Bullish).

**Net Tilt:** Mixed signals with net slightly Bearish due to multiple downgrades outweighing upgrades and positive investment news."
2024-05-20,18,"**Bullish Signals:**
- **Product Launch:** Tesla unveiled the Cybertruck in Birmingham and started releasing self-driving features.
- **Facility Open:** A new electric car charging site opened in South Australia.
- **Stake Increase:** Sayles increased their stake in Tesla by over 41%, and Norges Bank bought 31,570,978 shares.

**Bearish Signals:**
- **Price Target Downgrade:** JP Morgan downgraded Tesla’s target price from $130.00 to $115.00.
- **Layoffs:** Tesla announced layoffs affecting over 7,000 workers, including 600+ in California and over 6,300 across multiple locations.
- **Market Share Loss:** Tesla’s market share fell to 51.3% in Q1 2024.
- **Stock Decline:** Tesla shares have declined 30% year-to-date.
- **Recall:** Tesla filed a safety recall.
- **Regulatory Investigation:** U.S. regulators completed a preliminary review, though no further details were provided.

**Net Tilt:** Bearish due to significant layoffs, price target downgrade, and stock decline."
2024-05-21,17,"**Bullish Signals:**
- **Stock Performance:** Tesla shares rose 4.67% to $183.12 and gained up to 4.5%.
- **Product Enhancements:** Software updates removed steering wheel requirement for Full Self-Driving.
- **Supply Increase:** Model Y deliveries grew significantly.
- **Ownership Intentions:** Stakeholder aims to increase Tesla ownership to 25%.

**Bearish Signals:**
- **Price Cuts:** Major price cuts applied to Model Y and Model 3 in Australia.
- **Regulatory Scrutiny:** US auto regulator investigating Tesla.
- **Accidents:** Multiple fires at Fremont factory.

**Net Tilt:** Mixed signals suggest caution; regulatory risks and accidents offset positive stock movement and product enhancements."
2024-05-22,20,"**Revenue and Sales Decline:** Bullish signals mixed with bearish ones. Tesla’s European sales fell to a 15-month low, and overall sales dropped 32%. However, Tesla gained 5.7% and 6.6% at points.

**Analyst Downgrades:** Bearish. Evercore ISI, Wells Fargo, Morgan Stanley, and Daiwa Capital Markets all downgraded Tesla, reducing price targets from $155 to $145, $125 to $120, $320 to $310, and lowering ratings respectively.

**Legal Issues:** Bearish. Tesla faces a new lawsuit.

**Ownership Changes:** Mixed. Assetmark Inc. sold shares while other firms increased holdings.

**Stock Performance:** Bearish. Pre-market trading saw Tesla shares down 1.8%, though intra-day gains were noted.

**Net Tilt:** Bearish."
2024-05-23,21,"**Bullish Signals:**
- Tesla posted Q1 adjusted EPS of 45 cents.
- Model 3 demo units available for purchase.
- Launch of new Autopilot and electric supercar planned for 2025.
- Citigroup upgraded price target from $180.00 to $182.00.

**Bearish Signals:**
- HSBC, Mizuho, and Canaccord Genuity downgraded price targets.
- Q1 earnings missed estimates.
- European sales slumped.
- Revenue of $21.30 billion missed consensus of $22.15 billion.
- Additional layoffs of 600 employees in California.
- Stock traded down $6.08 to $174.03, down 2.4%.

**Net Tilt:** Bearish due to multiple downgrades, earnings miss, and revenue shortfall."
2024-05-24,21,"**Supply Decrease (Bearish):** Tesla deliveries fell 8.5% YoY, with China planning to cut Model Y production and reports of slashed output across multiple sources.

**Product Release (Bullish):** Tesla launched new Lunar Silver and Lunar Grey paint options for Model S and Model X, priced at $2,500 each.

**Analyst Action (Neutral):** Robert W. Baird reaffirmed an ""outperform"" rating with a $280.00 price target.

**Price Cut (Bearish):** Tesla cut Model Y prices in April.

**Facility Open (Bullish):** Tesla is building a new battery factory in China.

**Ownership Increase (Bullish):** Llc acquired a new stake in Tesla, and Quest Partners LLC bought additional shares.

**Net Tilt:** Mixed signals, but supply concerns dominate, tilting overall sentiment bearish."
2024-05-25,10,"**Revenue and Production Cuts:** Bullish signals muted by significant bearish indicators. Tesla reported a drop in sales and plans to reduce Model Y production, citing lower output and a price cut in China. Analyst Piper Sandler maintained an ""overweight"" rating with a $205 target but this is offset by the negative revenue and production trends.

**Ownership Increase:** Positive as Tesla increased its stake by 1.6%.

**Earnings Guidance:** Neutral; analysts predict EPS of $1.89 for the current fiscal year.

**Net Tilt:** Bearish due to revenue and production cuts outweighing positive ownership increase."
2024-05-26,11,"**Analyst Actions:** Barclays downgraded Tesla to a $180.00 price target from $225.00 (Bearish). Goldman Sachs lowered their target from $190.00 to $175.00 (Bearish). Daiwa Capital Markets downgraded Tesla from ""outperform"" to ""neutral"" (Bearish).

**Institutional Ownership:** Vanguard, Morgan Stanley, Fmr LLC, and Northern Trust increased their stakes in Tesla (Bullish). Williams Inc. decreased its position by 6.8% (Bearish).

**Net Tilt:** Bearish due to multiple downgrades and price target reductions outweighing positive ownership trends."
2024-05-27,10,"**Bearish Signals:**
- **Price Target Downgrades:** Mizuho downgraded Tesla’s price target from $195.00 to $180.00; Evercore ISI cut from $155.00 to $145.00.
- **Insider Sell:** Director Robyn M. Denholm sold 93,705 shares.
- **Price Cuts & Ownership Decrease:** Tesla lowered prices on imported Model S; a shareholder sold 78 shares.
- **Stock Performance:** Tesla down 12% in March.

**Neutral Signals:**
- **Supply Data:** Manufactured 49,498 Model Y units in March; Q2 deliveries expected.
- **Product Pricing:** Model 3 priced at 231,900 yuan.

**Net Tilt:** Bearish."
2024-05-28,12,"**Bullish Signals:**
- New facility opening.
- Increased ownership by Inc. (111.1%) and Llc.

**Bearish Signals:**
- Wells Fargo downgraded price target from $125.00 to $120.00.
- Royal Bank of Canada slightly reduced target price from $294.00 to $293.00.
- Stock slipping; layoffs reported.
- Major price cuts on Model Y and Model 3 ($8500 reduction).
- Death in 2016 Model S crash reported.

**Net Tilt:** Bearish due to multiple downgrades, price cuts, and negative events outweighing positive developments."
2024-05-29,4,"**Product Enhancement:** Bullish. Tesla debuted the new Model 3 Performance with impressive acceleration, enhancing its competitive edge.

**Settlement:** Neutral. Tesla settled a 2016 fatal crash lawsuit, potentially reducing legal risks but without significant financial impact.

**Price Target Unchanged:** Bearish. An analyst maintained Tesla’s price target at $22.86, indicating no change in valuation expectations.

**Net Tilt:** Mixed signals suggest a cautious stance."
2024-05-30,17,"**Price Target Downgrades:** Bearish. Sanford C. Bernstein, HSBC, and Goldman Sachs all lowered their price targets on Tesla, from $150 to $120, $138 to $120, and $190 to $175 respectively.

**Analyst Ratings:** Mixed. Robert W. Baird reaffirmed an ""outperform"" rating with a $280 target, while Daiwa Capital Markets downgraded from ""outperform"" to ""neutral.""

**Product Launches & Regulatory Approvals:** Bullish. Tesla is rolling out its Full Self-Driving (FSD) software in China, with regulatory approvals granted.

**Settlement & Ownership Changes:** Neutral-Bullish. Tesla settled a defect case and LLC significantly increased its stake in Tesla by 20,641.9%.

**Stock Performance:** Slightly Bullish. Tesla’s stock was up 1.12% today.

**Earnings Estimate:** Neutral. Analysts predict EPS of 1.89 for the current fiscal year."
2024-05-31,21,"**Bullish Signals:**
- Piper Sandler maintained an ""overweight"" rating with a $205.00 target price.
- Various firms increased their stakes in Tesla.

**Bearish Signals:**
- Truist Financial downgraded Tesla’s price target to $162.00 from $176.00.
- Mizuho downgraded Tesla’s price target to $180.00 from $195.00.
- Tesla recalled 125,227 U.S. vehicles and 1.6 million in China due to faulty seat belts and other issues.
- Tesla scaled back production.
- Tesla’s April sales declined by 21% year-over-year.

**Net Tilt:** Bearish."
2024-06-01,22,"**Deutsche Bank upgraded Tesla’s price target to $136.00 from $123.00 (Bullish)**. However, Tesla is expected to miss Q4 targets (Bearish). Negative product reviews and insider selling by CEO and executives (Robyn M. Denholm, Andrew D. Baglino) add pressure (Bearish). Legal issues include suits against Tesla and its board (Bearish), but Tesla won a lawsuit against Chinese entities (Bullish). Despite these, Tesla implemented software updates and opened a new store in Qatar (Bullish). Institutional investors like Charles Schwab, Stonex Group, and Northern Trust increased their stakes (Bullish). Overall, **NET TILT: Bearish** due to earnings misses and insider selling outweighing positive legal outcomes and product enhancements."
2024-06-02,14,"**Bearish Signals:**
- Barclays downgraded Tesla’s price target from $225 to $180.
- HSBC downgraded Tesla’s price target from $138 to $120.
- Guggenheim reaffirmed a “sell” rating with a $122 price target.
- Tesla stock price down 1.4%.

**Bullish Signals:**
- MD, ABRDN, Vanguard, and Morgan Stanley increased their holdings in Tesla.

**Neutral Signals:**
- Wedbush reaffirmed an “outperform” rating with a $275 price target.
- Aveo Capital Partners has significant stock holdings in Tesla.

**Net Tilt:** Bearish due to multiple downgrades and price target reductions outweighing the positive ownership increases."
2024-06-03,22,"**Bullish Signals:**
- Analyst Daiwa Capital Markets maintained EPS estimate at $1.89 for the current year.
- Tesla’s stock edged up 0.1%.
- Several firms increased holdings in Tesla.

**Bearish Signals:**
- UBS downgraded price target from $160 to $147.
- Evercore ISI downgraded price target from $155 to $145.
- Tesla recalled over 125,000 vehicles and 3,878 Cybertrucks.
- Musk sold $7.5 billion worth of Tesla stock.
- Tesla delayed FSD updates.
- Stock fell 29.3% in Q1 and 28.3% YTD.
- Management reduced stake in Tesla.
- Shareholder lawsuit initiated against Tesla.

**Net Tilt:** Bearish."
2024-06-04,18,"**Revenue and Volume:** Bullish (China sales growth, new model release); Bearish (overall revenue miss, China-made EV sales decline).

**Analyst Actions:** Bullish (Deutsche Bank upgraded to $136.00); Bearish (Mizuho downgraded to $180.00, Citigroup slightly upgraded to $182.00).

**Supply and Production:** Bearish (production pause in Germany); Neutral (Nvidia purchases).

**Ownership Changes:** Bullish (Pggm Investments and Fmr LLC increased stakes).

**Stock Performance:** Bearish (shares sliding, potential 30% tumble).

**Net Tilt:** Mixed, with some bullish signals but significant bearish pressure."
2024-06-05,9,"**Product Recall & Fault:** Bearish. Tesla recalled vehicles due to faults, indicating potential quality issues (ESS -0.61).

**Executive Resignation:** Bearish. Key executives are leaving, signaling internal instability (ESS -0.57).

**Design Defect Opinion:** Bearish. A vehicle design defect was highlighted, furthering concerns about product reliability (ESS -0.56).

**Stock Performance:** Bearish. Shares fell to a two-year low, reflecting investor pessimism (ESS -0.51).

**Legal Issues:** Bearish. A shareholder lawsuit against Musk for alleged misconduct adds legal risk (ESS -0.48).

**Supply Changes:** Bearish. Production cuts on the Model Y suggest declining demand or operational challenges (ESS -0.47).

**New FSD Release:** Bullish. Release of FSD vX could boost innovation and sales, but signals are mixed (ESS 0.52).

**Net Tilt:** Strongly Bearish. Multiple negative signals outweigh the single positive catalyst."
2024-06-06,10,"**Price Target Adjustments:** Bearish; Evercore ISI downgraded from $155.00 to $145.00, while Canaccord Genuity upgraded but no new target provided. Wells Fargo downgraded from $125.00 to $120.00.

**Insider Activity:** Bearish; Director Robyn M. Denholm sold 93,705 shares.

**Supply and Demand:** Bullish; Tesla’s 2024 deliveries expected to increase.

**Ownership Changes:** Bullish; Capital International Sarl increased its stake by 11.6%.

**Analyst Ratings:** Neutral; Wedbush reaffirmed ""outperform"" with a $275.00 price target.

**Stock Performance:** Bearish; TSLA opened at $174.56, down 0.7% from previous close.

**Earnings Estimate:** Neutral; analysts predict EPS of 1.88 for the current year.

**Net Tilt:** Mixed signals, slightly bearish."
2024-06-07,13,"**Bearish Signals:**
- Barclays downgraded Tesla’s target price from $225.00 to $180.00.
- Mizuho also downgraded Tesla’s target price from $195.00 to $180.00.
- Guggenheim reissued a “sell” rating with a $122.00 target price.
- Tesla faces a class action lawsuit.
- Price cuts continue in Australia.

**Bullish Signals:**
- Corp increased its position by 51.3% in Q4.
- Llc raised its position by 20,641.9% in Q3.
- Forum Financial Management LP increased its stake by 19.7% in Q4.
- Vinva Investment Management Ltd acquired 10,181 shares.
- Roth Mkm reaffirmed a “neutral” rating with a $85.00 price target.
- Oppenheimer reiterated a “market perform” rating.

**Net Tilt:** Bearish due to multiple downgrades and legal issues outweighing ownership increases."
2024-06-08,23,"**Price Target Downgrades:** UBS downgraded Tesla’s price target from $160 to $147 (Bearish).

**Product Reviews:** Negative review of Model 3; positive review of Cybertruck (Mixed).

**Executive Resignation:** Elon Musk to leave CEO role (Bearish).

**Product Launches:** Robotaxi unveiling on Aug. 8; Powerwall home battery launched (Bullish).

**Layoffs:** Hundreds of layoffs in New York (Bearish).

**Insider Sell:** SVP Xiaotong Zhu sold 650 shares (Bearish).

**Stock Performance:** Stock gains on Chinese news; traded lower (Mixed).

**Ownership Increases:** Multiple institutions increased holdings (Bullish).

**Analyst Ratings:** Piper Sandler maintained “overweight” with $205 PT; Needham maintained “hold”; RBC slightly lowered target from $294 to $293 (Mixed).

**Net Tilt:** Mixed signals with slight net bearish bias due to downgrades, negative reviews, and layoffs."
2024-06-09,7,"**Price Target Adjustments:** Deutsche Bank upgraded Tesla’s price target to $136.00 from $123.00 (Bullish). Truist Financial downgraded Tesla’s target from $176.00 to $162.00 (Bearish). **Net Tilt:** Mixed.

**Product Release:** Tesla delaying refreshed Model Y launch until after 2024 (Bearish).

**Stock Performance:** Tesla slumped 29% in Q1 and fell 3.5% on Thursday (Bearish).

**Institutional Activity:** Canada Pension Plan and Evercore Wealth Management increased stakes in Tesla (Bullish).

**Net Tilt:** Bearish."
2024-06-10,23,"**Price Targets:** Multiple downgrades (Hsbc to $120, Goldman Sachs to $175, Exane to $105, Evercore ISI to $145) indicate **bearish** sentiment. Citigroup upgraded to $182 but is the lone positive signal.

**Revenue & Earnings:** Robust revenue growth noted, with analysts predicting EPS of $1.87 for the year, **bullish**.

**Product Release:** New Model Y variant launched in U.S., **bullish**.

**Stock Performance:** Shares down $0.93 to $176.55, tumbled nearly 30% YTD, and could fall another 5%, indicating **bearish** trend.

**Insider Activity:** SVP sold $113k worth of stock, **bearish**. LLC increased holdings significantly while 1832 Asset Management trimmed, mixed signals.

**Analyst Ratings:** Bernstein reiterated ""Underperform,"" Sanford C. Bernstein maintained unchanged, and Oppenheimer reaffirmed ""Market Perform,"" **neutral** overall.

NET TILT: **Bearish** due to multiple downgrades and significant insider selling."
2024-06-11,7,"**Insider Sell:** Director Robyn M. Denholm sold 93,705 shares (bearish).

**Product Price Cuts:** Tesla reduced prices on some car models (bearish).

**Automobile Accidents:** Increase in Tesla car accidents reported (bearish).

**Ownership Increase:** LLC increased Tesla holdings by 0.4% (bullish).

**Price Target Downgrade:** RBC downgraded Tesla’s price target from $294.00 to $293.00 (bearish).

**Stock Performance:** Tesla stock fell 2.1% (bearish).

**Model Y Pricing:** Model Y starting price in Germany remains unchanged at EUR38,990 (neutral).

**Net Tilt:** Strongly bearish due to multiple negative signals outweighing minor positive ones."
2024-06-12,25,"**Net Tilt: Bearish**

**Legal Issues & Product Launch:**
- **Bearish:** Tesla faces trial over unspecified issues (0.52).
- **Mixed:** Conflicting reports on robotaxi launch timeline (0.52 vs -0.52).

**Stock Performance & Insider Activity:**
- **Bullish:** Stock predicted to surge 1,345% over five years (0.83).
- **Bearish:** Share price expected to drop (0.51); Musk sold $30B in Tesla stock (-0.49).

**Analyst Ratings & Price Targets:**
- **Bullish:** Morgan Stanley reaffirmed Overweight (0.34); Cantor Fitzgerald reiterated Overweight (0.34).
- **Bearish:** Sanford C. Bernstein downgraded to Underperform with $120 target (-0.34); Ark Invest set new $2,600 target (0.0).

**Production & Revenue:**
- **Bearish:** Vehicle production fell 1.7% YoY (-0.28); EPS forecast at $1.87 (0.0).

**Current Price & Holdings:**
- **Neutral:** Current price around $173-$177; investor increased holdings by 20.4% (0.37).

**Net Signal:** Mixed signals but overall bearish due to legal issues, insider sales"
2024-06-13,66,"**Analyst Actions:** Bullish (Cantor Fitzgerald upgrades to Overweight); Bearish (Barclays, JPMorgan, UBS, Mizuho, Evercore ISI, Canaccord Genuity downgrade targets).

**Price Target Adjustments:** Net Bearish (multiple downgrades outweigh one upgrade).

**Stock Performance:** Bullish (shares gained 6.85%).

**Legal/Catalysts:** Bearish (Tesla loses cybersquatting claim); Neutral (shareholder approval for Musk’s pay, robotaxi unveiling).

**Product/Price Changes:** Bearish (expected price hikes for Model 3).

**Insider Activity:** Bearish (SVP Xiaotong Zhu sells shares).

**Ownership Trends:** Mixed (major investors increase positions).

**Net Tilt:** Bearish due to multiple downgrades and legal setbacks, despite share gains and positive product developments."
2024-06-14,47,"**Analyst Actions:** Bearish. Hsbc, Jefferies, and Wells Fargo downgraded Tesla, cutting targets to $120, $165, and $120 respectively. Wedbush upgraded to ""outperform."" Morgan Stanley maintained ""overweight"" with a $310 target.

**Product Updates:** Mixed. Cybertruck deliveries began in Nov 2023, with production ramping up in 2024. FSD launched in China. However, Tesla ended Cybertruck Foundation Series deliveries and cut Model 3 prices.

**Legal & Recall:** Bearish. Tesla faces multiple lawsuits and a product recall in China covering 5,836 vehicles.

**Market Performance:** Mixed. Shares surged pre-market but closed down 1.9%. Insider sell by Robyn M. Denholm.

**Net Tilt:** Bearish."
2024-06-15,10,"**Regulatory & Product Approval:** Bullish. Government greenlit FSD testing, and FSD could launch in China.

**Revenue Performance:** Bearish. Q2 revenue missed estimates by $850M ($21.3B vs. $22.15B expected).

**Stock Price Movement:** Bearish. TSLA traded down $4.46 to $178.01.

**Legal Settlement:** Bullish. Musk dropped OpenAI lawsuit.

**Analyst Ratings:** Neutral. Needham, Citigroup, and Goldman Sachs maintained neutral ratings; Goldman Sachs PT at $175.

**Net Tilt:** Mixed signals with slight bias towards bearish due to revenue miss and stock decline."
2024-06-16,16,"**Net Tilt: Bearish**

**Price Target Downgrades:**
- Truist Financial downgraded from $176.00 to $162.00.
- Canaccord Genuity Group downgraded from $234.00 to $222.00.

**Insider Sell:**
- SVP Xiaotong Zhu sold 650 shares.

**Product Delay:**
- Cybertruck deliveries delayed.

**Ownership Changes:**
- Mixed: Large increases by Llc, Morgan Stanley, Inc., and Charles Schwab offset by decrease by Chelsea Counsel Co.

**Analyst Ratings:**
- Sanford C. Bernstein reissued ""underperform"" with $120.00 PT.
- Guggenheim reaffirmed ""sell"" with $122.00 PT.
- Robert W. Baird reaffirmed ""outperform"" with $280.00 PT.
- Oppenheimer reiterated ""market perform.""

**Stock Performance:**
- Tesla stock down 2.4%.

**Earnings Estimate:**
- Analysts forecast EPS of 1.87 for the current year."
2024-06-17,21,"**Price Target Adjustments:** Deutsche Bank upgraded Tesla’s price target to $136.00 (bullish), while Mizuho downgraded it to $180.00 (bearish).

**Product Updates:** Cybertruck production halted due to a recall (bearish); FSD rollout in China (bullish); partnership with Baidu for FSD (bullish); partnership with Octopus Energy in UK and Spain (bullish).

**Legal Issues:** Multiple lawsuits filed by Tesla against suppliers and others (mixed).

**Supply & Demand:** Price cut on Model 3 (bearish); supply decrease with Cybertruck production stop (bearish).

**Ownership Changes:** Increased stakes by several funds (bullish); Wellington Management sold shares (bearish).

**Market Performance:** Shares up 5.8% on Monday (bullish).

**Net Tilt:** Mixed signals, but slightly bullish due to product partnerships and price target upgrades outweighing supply issues and legal challenges."
2024-06-18,22,"**Price Target Downgrades:** HSBC downgraded Tesla’s price target from $138 to $120; UBS lowered from $160 to $147 (Bearish).

**Legal Issues:** Tesla faces antitrust suit and renewed class action lawsuits (Bearish).

**Product Releases:** Powerwall launched in Spain, previously debuted in Canada (Bullish).

**Insider Activity:** Robyn M. Denholm sold 93,705 shares (Bearish).

**Price Cuts:** Select Model 3 variants saw price cuts in Canada (Bearish).

**Ownership Changes:** Mixed ownership activity with increases by Northern Trust, Forum Financial, and Winton GROUP, but Vermont reduced stake (Neutral).

**Analyst Ratings:** Piper Sandler, Cantor Fitzgerald, Morgan Stanley maintained “overweight” ratings with high price targets; one analyst reiterated a “sell” rating (Mixed).

NET TILT: **Bearish** due to multiple downgrades and legal issues outweighing product launches and positive ownership trends."
2024-06-19,18,"**Product Releases and Enhancements:** Bullish. Tesla introduced an upgraded Model 3 and plans a massive Cybertruck rollout.

**Insider Activity:** Bearish. Svp Xiaotong Zhu sold 650 shares on June 6th.

**Institutional Ownership Changes:** Mixed. B. Riley Wealth Advisors, Llc, Vanguard Group, Morgan Stanley, and another unnamed firm increased stakes, while Associates, S. R. Schill & Associates, and GAMMA Investing LLC decreased positions.

**Analyst Ratings:** Neutral. Sanford C. Bernstein maintained an ""underperform"" rating with a $120 price target, while Citigroup reaffirmed a ""neutral"" rating.

**Stock Price Movement:** Bearish. TSLA traded down $2.58 to $184.86 but was up 3.5% overall.

**Earnings Estimate:** Neutral. Analysts expect EPS of $1.87 for FY2024."
2024-06-20,15,"**Bearish Signals:**
- **Price Target Downgrades:** RBC Capital downgraded Tesla’s price target to $227 from $293.
- **Bankruptcy Filing Rumor:** Unconfirmed report suggests Tesla filed for bankruptcy.
- **Stock Performance:** Tesla stock down 54%.
- **Ownership Decreases:** Oh and First Hawaiian Bank reduced stakes in Tesla by 19.7% and 56.8%, respectively.

**Bullish Signals:**
- **Product Launches:** Tesla launched Powerwall 3 and plans a robotaxi network by 2029.
- **Ownership Increases:** LP, LLC, and Charles Schwab increased stakes in Tesla significantly.
- **Analyst Reaffirmation:** Wedbush reaffirmed “outperform” with a $275 price target.

**Net Tilt:** Bearish due to significant price target downgrades and ownership reductions outweighing product launches and stake increases."
2024-06-21,22,"**Price Target Adjustments:** Bearish. Royal Bank of Canada, UBS, Evercore ISI, Canaccord Genuity, and Wells Fargo downgraded targets to $227.00, $147.00, $145.00, $222.00, and $120.00 respectively. Deutsche Bank upgraded to $136.00.

**Analyst Ratings:** Mixed. Morgan Stanley, Robert W. Baird, and Wedbush maintained positive ratings; Guggenheim reaffirmed a sell rating with a $122.00 target. Needham and Oppenheimer held neutral views.

**Executive Appointment & Product Enhancements:** Bullish. Musk became best-paid CEO, and Tesla is creating new AI and expanding data centers.

**Legal Issues & Ownership Changes:** Mixed. Healthcare of Ontario Pension Plan Trust Fund and other investors increased stakes significantly, while Tesla faces a discrimination lawsuit.

**Net Tilt:** Bearish due to multiple downgrades outweighing upgrades and bullish product developments."
2024-06-22,3,"**Truist Financial Downgrade:** Truist downgraded Tesla, lowering the price target from $176.00 to $162.00 (Bearish).

**Product Recall:** Tesla is recalling over 120,000 vehicles in the US (Bearish).

**Earnings Estimate:** Analysts forecast Tesla to report EPS of 1.87 for the current fiscal year (Neutral).

**Net Tilt:** Bearish due to downgrade and recall, offset slightly by neutral earnings estimate."
2024-06-23,4,"**JPMorgan downgraded Tesla’s target price from $130.00 to $115.00 (Bearish)**. **Mizuho also reduced their price objective from $195.00 to $180.00 (Bearish)**. Despite these downgrades, Tesla reported a higher market share (Bullish). The company sold nearly 3,000 Cybertrucks (Neutral). **Net Tilt: Bearish**."
2024-06-24,17,"**Revenue and Earnings Miss:** Tesla missed Q1 revenue and earnings estimates, indicating weaker-than-expected financial performance. **Bullish:** Hired a former GEICO executive, signaling potential improvements in insurance operations. **Bearish:** Cut 14% of its workforce, with ongoing layoffs since the start of the year, and insider selling by SVP Xiaotong Zhu. **Neutral:** Analysts at Roth MKM maintained a neutral rating with a $85 price target. **Mixed:** New product releases planned for 2025 and Optimus unveiled, but stock has slumped 25% YTD. **Net Tilt:** Bearish."
2024-06-25,37,"**Analyst Actions:** Bullish (Stifel initiates coverage with Buy rating). Bearish (RBC, Barclays, HSBC downgrade price targets to $227, $180, $120 respectively).

**Revenue/Cybertruck Sales:** Bullish (Cybertruck sales are picking up).

**Product Issues:** Bearish (Multiple Cybertruck recalls over windshield wipers, trunk bed issues; 2.2M vehicles recalled).

**Legal Issues:** Bearish (Facing Swedish lawsuit).

**Insider Activity:** Bearish (Robyn M. Denholm sold 93,705 shares).

**Ownership Changes:** Mixed (Institutional investors like Charles Schwab, Morgan Stanley increase holdings, while others reduce positions).

**Net Tilt:** Bearish due to multiple downgrades and product/recall issues outweighing positive sales trends and analyst initiation."
2024-06-26,25,"**Net Direction: Mixed**

**Bullish Signals:**
- **Analyst Upgrades:** Bank of America upgraded Tesla from Neutral to Buy.
- **Price Target Increases:** Deutsche Bank raised PT from $123 to $136.
- **Product Launch:** Full Self-Driving launched in China.
- **Institutional Ownership Growth:** Multiple firms increased stakes (Vinva, Vanguard, Sumitomo Mitsui, Federated Hermes).
- **Stock Performance:** Opened at $187.35, gained 12% recently.

**Bearish Signals:**
- **Price Target Decrease:** Canaccord Genuity cut PT from $234 to $222.
- **Stock Decline:** TSLA down 28% recently, nearly 24% YTD.
- **Analyst Downgrades:** Guggenheim maintained Sell rating.
- **Recent Price Drop:** Share price fell 1.2% on Monday.

**Neutral Signals:**
- **Earnings Estimates:** Expected EPS of 60c for Q1, 1.87 for FY.
- **Rating Reaffirmations:** Wedbush, Morgan Stanley, Oppenheimer, Needham maintained ratings."
2024-06-27,16,"**Price Target Downgrades:** UBS, Truist Financial, and Evercore ISI all downgraded Tesla’s price targets to $147, $162, and $145 respectively, indicating **bearish** sentiment.

**Revenue Drop:** Tesla reported a decline in sales, reinforcing **bearish** views.

**EV Sales Increase:** Despite the revenue drop, Tesla EV sales have surged, suggesting **bullish** demand.

**Cybertruck Launch:** The Cybertruck was launched in late 2023, providing a **bullish** catalyst.

**Production Ramp-Up:** Tesla continues to increase production, signaling **bullish** operational strength.

**Holding Increases:** Institutional investors increased holdings, indicating **bullish** long-term confidence.

**Analyst Reaffirmation:** Robert W. Baird maintained an “outperform” rating with a $280 price target, showing **bullish** support.

**Stock Gains:** Tesla stocks rallied over 4%, reflecting short-term **bullish** momentum.

Conflicting signals exist, but overall, the net tilt leans slightly **bearish** due to multiple downgrades and revenue decline."
2024-06-28,14,"**Mizuho Downgrades Tesla**: Target price lowered from $195.00 to $180.00 (Bearish).

**Product Recall**: Over 23,000 electric pickup trucks recalled (Bearish).

**Self-Driving Launch**: Plans to launch self-driving EV in China (Bullish).

**Layoffs**: 14,000 workers laid off (Bearish).

**Accident**: Tesla Cybertruck involved in collision (Bearish).

**Facility Open**: First Australian center opened in Alexandria, NSW (Bullish).

**Institutional Ownership Growth**: Multiple firms increase holdings (Mixed).

**Stock Performance**: Shares up 2.5% (Bullish).

**Net Tilt**: Bearish due to multiple negative catalysts outweighing positive ones."
2024-06-29,7,"**Analyst Actions:** Bearish; RBC downgraded Tesla’s price target from $293 to $227. Bullish; Deutsche Bank upgraded Tesla’s price target from $123 to $136. **Ownership Changes:** Mixed; LLC increased holdings by 9.4% and 0.4%, while Inc. reduced stake by 54.4%. **Stock Performance:** Mildly Bullish; Tesla opened at $197.88 on Friday. **Net Tilt:** Neutral with slight bullish bias due to mixed ownership changes and conflicting analyst actions."
2024-06-30,14,"**JPMorgan Downgrades Tesla**: JPMorgan reduced Tesla’s target price from $130.00 to $115.00, bearish. **Robotaxi Demo**: Tesla prepares for a global robotaxi demo on Aug. 8, bullish. **Stock Dip**: Tesla’s stock declined, bearish. **Partnerships**: Contact and Healthcare of Ontario Pension Plan Trust Fund partnered with Tesla, bullish. **Price Cut**: Tesla cut prices in 2023, bearish. **Crash Incident**: Tesla vehicle crashed into a double-decker bus, bearish. **Ownership Changes**: Multiple entities increased stakes (Becker Capital, LLC, Healthcare of Ontario Pension Plan Trust Fund, Morgan Stanley), bullish; Kentucky sold shares, bearish. **EPS Estimate**: Analysts expect EPS of $1.86 for FY, neutral. **Stock Price**: Opened at $197.88, neutral. **Net Tilt**: Mixed signals, slightly bearish due to downgrade, crash, and price cuts."
2024-07-01,42,"**Bearish Signals:**
- **Revenue Guidance:** Barclays downgraded Tesla’s price target from $225 to $180, citing another Q2 sales decline.
- **Analyst Downgrades:** Truist Financial cut target from $176 to $162; UBS reduced from $160 to $147.
- **Earnings Decline:** Q1 profits dropped 48%.
- **Supply Issues:** Deliveries fell 8.5% YoY, continuing a trend.
- **Market Share Loss:** Wells Fargo noted Tesla is losing market share.
- **Regional Weakness:** European sales fell 36% in May.

**Bullish Signals:**
- **Product Launches:** New models and FSD rollout expected; robotaxi unveiling planned.
- **Contracts:** Secured 100 MW Megapack contracts in New Zealand and worth $100M.
- **Ownership Increases:** Multiple firms increased holdings in Tesla.

**Net Tilt:** Bearish due to multiple downgrades, revenue declines, and supply issues outweighing product launches and contract wins."
2024-07-02,110,"**Supply & Demand:**
- Bullish: Deliveries increased over 250% in 2023, Q2 deliveries beat estimates, CEO expects increased deliveries in 2024.
- Bearish: Deliveries expected to dip, Q2 deliveries fell 5%, production slowed annually.

**Earnings & Revenue:**
- Bullish: Earnings beat expectations, revenue growth over the last twelve months, Q2 sales in Türkiye rebounded.
- Bearish: Huge earnings miss, revenue declined YoY for two consecutive quarters, global sales fell.

**Analyst Actions:**
- Bullish: Canaccord Genuity raised PT to $254, Td Cowen to $180, Wedbush to $300.
- Bearish: Stock faces further decline, layoffs of at least 14%.

**Catalysts:**
- Bullish: Model Y sales boom, new robot-taxi car unveiling on Aug 8.
- Bearish: Fourth recall for Cybertrucks, competitors rolling out new models.

**Net Tilt:** Mixed, but slightly **Bullish** due to strong analyst upgrades and positive product momentum."
2024-07-03,56,"**Analyst Actions:** Bullish (Merchants upgraded to Buy; Bank of America, Wedbush raised targets to $260, $300 respectively). Bearish (Royal Bank of Canada, JPMorgan downgraded targets to $227, $115 respectively).

**Earnings & Guidance:** Bullish (Tesla beat Q2 delivery expectations and EPS estimates). Bearish (Q1 revenue declined).

**Product & Operations:** Bullish (New car accessory introduced, 'Military Purchase Program' launched, charging park opened in France). Bearish (Global workforce cut by over 10%, production declines in Q2).

**Stock Performance:** Mixed (Stock up 60% YTD but down 40% since peak, rallies post-Q2 results).

**Ownership Changes:** Bullish (Morgan Stanley, Healthcare of Ontario Pension Plan Trust Fund significantly increased stakes). Bearish (Ark Invest sold shares, Allspring Global Investments trimmed stake).

**Net Tilt:** Mixed signals suggest caution; traders should monitor further developments closely."
2024-07-04,19,"**Price Target Adjustments:** Jefferies downgraded TSLA to $165 (bearish), while Wedbush upgraded to $300 (bullish) and another analyst also raised to $300 (bullish). **Net Tilt:** Bullish.

**Product Launch:** Optimus robot debuted in Shanghai (bullish).

**Insider Activity:** Director Robyn M. Denholm sold shares (bearish).

**Stock Performance:** TSLA has seen gains post-upgrades and overall (bullish).

**Pricing Changes:** Price cuts in Germany and Norway (bearish).

**Holding Adjustments:** A holder increased stake by 2.4% (neutral).

**Analyst Ratings:** Sanford C. Bernstein reaffirmed underperform with a $120 target (bearish), Truist Financial and others reaffirmed hold (neutral).

**Net Tilt:** Mixed, but slightly bullish due to multiple upgrades and stock performance."
2024-07-05,28,"**Bullish Signals:**
- **Analyst Upgrades:** China Renaissance upgrades Tesla to Buy from Hold; Deutsche Bank raises PT to $136.00; Canaccord Genuity raises PT to $254.00.
- **Earnings Beat:** Tesla exceeded Q2 delivery estimates.
- **Regulatory Approvals:** China approves Tesla Model Y and designates Tesla vehicles for government use.
- **Product Launches:** Tesla unveils second-gen Robot Optimus and plans to unveil autonomous Robotaxi on Aug 8.
- **Stock Performance:** Tesla stock gains, up 25% this week.

**Bearish Signals:**
- **Analyst Downgrades:** Nvidia downgrades Tesla.
- **Layoffs:** Tesla announced staff reductions in April.
- **Revenue Flat:** Tesla’s vehicle sales remain unchanged.

**Net Tilt:** Bullish, with strong analyst upgrades and product launches outweighing revenue stagnation and layoffs."
2024-07-06,12,"**Bullish Signals:**
- TD Cowen upgraded Tesla’s price target from $160.00 to $180.00.
- China Renaissance upgraded Tesla.
- Shares surged 38% in eight days.
- Sumitomo Mitsui Trust Holdings increased holdings by 12.9%.

**Bearish Signals:**
- Corp sold 3,041 shares.
- Janney Montgomery Scott reduced holdings by 16.8%.

**Neutral Signals:**
- Needham & Co. maintained a hold rating.
- Goldman Sachs reissued a neutral rating with a $175.00 price target.

**Earnings Guidance:**
- Analysts expect EPS of 1.86 for the current year.

**Net Tilt:** Bullish, driven by upgrades and significant share price gains despite some institutional reductions."
2024-07-07,13,"**Executive Appointment:** Bullish. Tesla appointed a new head for its robotaxi program.

**Product Release:** Bullish. Preparations underway for FSD launch.

**Stock Performance:** Bullish. Stock surged 40% recently, with a 27% rally in one week.

**Regulatory Investigation:** Bearish. Tesla batteries under investigation.

**Ownership Changes:** Mixed. Multiple firms increased holdings (up to 202.2%), while others reduced stakes (up to 25.1%).

**Analyst Ratings:** Neutral. Morgan Stanley reaffirmed ""overweight"" with a $310 price target.

**Net Tilt:** Bullish, despite regulatory concerns and mixed ownership trends."
2024-07-08,19,"**Net Tilt: Bullish**

**Price Target Upgrades & Analyst Actions:**
- **Bullish:** Canaccord Genuity upgraded Tesla’s target price from $222.00 to $254.00.
- **Bullish:** Guggenheim raised its price objective from $126.00 to $134.00.

**Revenue & Sales:**
- **Bullish:** Tesla expects increased sales this year.
- **Bullish:** Domestic sales in China up 7%.
- **Bearish:** Historical price cuts.

**Regulatory & Market:**
- **Bullish:** Chinese government approves official purchases of Tesla’s Model.
- **Bearish:** Market share in China dropped in June.

**Ownership & Institutional Activity:**
- **Bullish:** Multiple institutions (Nordea, Vanguard, Charles Schwab, American Century) increased holdings.

**Stock Performance:**
- **Bullish:** Recent stock surges and a 22.74% gain in a winning streak."
2024-07-09,12,"**Earnings & Revenue:** Bearish. Tesla’s 2024 earnings are expected to decline significantly, with the company reporting its largest revenue drop.

**Product Issues:** Bearish. A Cybertruck recall and sharp price cuts in Israel indicate product and pricing challenges.

**Market Performance:** Mixed. Despite a 6% gain today, Tesla’s stock remains down 10% YTD and dipped following recent news.

**Product Release:** Neutral. The Cybertruck release in late 2023 is noted but does not provide new information.

**Net Tilt:** Bearish. Multiple negative signals outweigh minor positive movements."
2024-07-10,29,"**Bullish Signals:**
- **Analyst Upgrades:** Morgan Stanley upgraded Tesla to ""Overweight""; Goldman Sachs raised PT to $248.
- **Price Increases:** Tesla hiked Model 3 prices in Europe by EUR1,500.
- **Legal Victory:** Elon Musk won a $500M severance lawsuit.
- **Stock Performance:** Tesla shares surged 44% YTD and gained 11 consecutive days.

**Bearish Signals:**
- **Revenue Decline:** Q2 sales fell.
- **Market Share Dip:** Tesla’s market share dropped below previous levels.
- **Product Issues:** Model 3 Performance brakes caught fire.
- **Stock Underperformance:** Year-to-date, Tesla’s stock was down 27%.

**Neutral Signals:**
- **Mixed Analyst Ratings:** Wells Fargo maintained ""Underweight"" with $120 PT; Robert W. Baird reiterated ""Outperform"" with $280 PT; Oppenheimer and Truist Financial both maintained neutral ratings.

**Net Tilt:** Mixed, but slightly bullish due to recent price hikes and strong stock performance despite revenue decline and product issues."
2024-07-11,47,"**Bullish Signals:**
- Citigroup upgraded Tesla’s price target to $274 from $182.
- HSBC raised the price target to $130.
- Tesla shares closed up 0.4% at $263.26.
- Tesla shares rose 12.17% over 5 days.
- Tesla shares surged 10.2% on July 2.

**Bearish Signals:**
- RBC downgraded Tesla’s target price to $227 from $293.
- Tesla laid off 10% of its workforce.
- Tesla’s vehicle sales have slowed.
- Tesla lost market share.
- Union threatens strike.
- Tesla delayed robotaxi unveiling.
- Tesla’s stock fell sharply, down 8% and 6% multiple times.
- Tesla’s stock declined 20% YTD.

**Net Tilt:** Bearish due to conflicting signals with stronger bearish indicators."
2024-07-12,60,"**Analyst Actions:** UBS downgrades Tesla to Sell, citing concerns (bearish). Other firms raise price targets: Citi to $230, TD Cowen to $180, Canaccord Genuity to $254, and Atlantic to $140 (mixed).

**Product Releases:** Tesla unveils budget-friendly Model 3 and a new rear-wheel drive version (bullish).

**Market Performance:** Tesla’s stock has gained significantly since May (+80%), but fell sharply on UBS downgrade news (conflicting signals).

**Revenue/Earnings:** Tesla reports strong EV sales growth (33%) but lost significant market cap ($600B) due to recent volatility (mixed).

**Net Tilt:** Mixed signals with a slight net bearish tilt due to major analyst downgrades and significant market cap loss."
2024-07-13,20,"**Analyst Actions:** Bearish (Ubs downgraded to Sell); Bullish (China Renaissance upgraded to Buy); Mixed Price Targets (Citigroup $274, Goldman Sachs $248, Jefferies $165, JPMorgan $115, Evercore ISI $145).

**Product Releases:** Bullish (Cheaper Model 3, New Model Y launched).

**Earnings Estimates:** Bullish (Q2 EPS estimate bumped up).

**Ownership Changes:** Mixed (Advisors and Exchange Traded Concepts increased positions; Quantbot Technologies reduced holdings).

**Stock Performance:** Bullish (Recent gains, trading up 3.0%).

**Net Tilt:** Mixed signals but slightly bullish due to product launches and recent stock gains."
2024-07-14,7,"**Price Target Upgrades:** Deutsche Bank raised its price target to $136.00 from $123.00 (Bullish). Guggenheim increased its target to $134.00 from $126.00 (Bullish).

**Analyst Rating Downgrade:** UBS downgraded Tesla from Neutral to Sell (Bearish).

**Stock Performance:** Tesla shares gapped down to $241.03 (Bearish). Opened at $248.23 (Neutral).

**Ownership Changes:** Healthcare of Ontario Pension Plan Trust Fund significantly increased its stake (+2,101.1%) (Bullish). Benedetti & Gucer Inc sold shares (Bearish).

**Net Tilt:** Mixed signals with upgrades and increased stake vs. downgrade and sales."
2024-07-15,31,"**Bullish Signals:**
- **Price Target Upgrades:** TD Cowen raised target from $160 to $180; Citigroup to $274; Global Equities Research to $400.
- **Revenue Guidance Positive:** Powerwall sales expected to ramp up.
- **Earnings Beat:** Q2 EPS reported at $0.56 vs. expectations.
- **Stock Gains:** Shares rose sharply, up over 6%.
- **Product Enhancements:** More features added to vehicles.
- **Business Contracts:** Secured a $375M Megapack contract in Australia.
- **Ownership Increases:** Multiple firms increased stakes.

**Bearish Signals:**
- **Market Share Decline:** EV market share in U.S. declining.
- **Product Delays:** Robotaxi reveal delayed.
- **Stock Losses:** Shares dropped 8% for the day, slipped 1.3% last week.

**Net Tilt:** Mixed signals with slight bullish bias due to multiple upgrades and positive financials."
2024-07-16,29,"Tesla (TSLA) saw mixed signals today. Bullish: Baird upgraded to Outperform; Goldman Sachs raised PT to $248; Canaccord raised PT to $254; Q2 earnings beat expectations; revenue grew 10.12%; launched Cybertruck; expanding partnerships; hiring; institutional ownership increases. Bearish: Evercore lowered PT to $145; stock slumped 20% YTD; some sell-offs noted. Net tilt: Bullish, driven by upgrades and positive financials."
2024-07-17,27,"**Price Target Upgrades:** Citigroup ($274→$182), Mizuho ($230→$180), Barclays ($225→$180), HSBC ($130→$120), Guggenheim ($134→$126) – **Bullish**.

**Revenue & Sales:** Missed vehicle sales expectations – **Bearish**.

**Analyst Actions:** UBS downgraded Tesla – **Bearish**; Baird maintained ""buy"" recommendation – **Bullish**.

**Product Launches:** FSD unveiled, new Cybertruck accessories introduced – **Bullish**.

**Stock Performance:** Shares fell sharply in premarket, down 43% YTD but up 38% in a month – **Mixed**.

**Supply & Production:** Ramping production – **Bullish**.

**Other:** HQ moved to Texas, hiring 800 employees – **Neutral**."
2024-07-18,15,"**Revenue and Sales:** Bearish. Tesla’s Q2 sales declined 17%, with California sales plunging similarly. Analysts expect EPS of $1.85 for the year.

**Price Targets and Ratings:** Mixed. JPMorgan downgraded Tesla’s price target to $115 from $130, while Wells Fargo maintained an underweight rating at $120. 

**Market Position:** Bearish. Tesla lost market share and saw a significant drop in stock value since 2022.

**Catalysts:** Bullish. Cybertruck popularity surged, and LP increased its stake by 736.8%. 

**Net Tilt:** Bearish. Revenue declines and market share losses outweigh positive catalysts."
2024-07-19,23,"**Revenue and Guidance:** Bearish. Tesla sales declined for the fourth time, and the firm intends to cut production, indicating weakening demand and supply adjustments.

**Product Updates:** Mixed. Tesla recalled nearly 12,000 Cybertrucks but deployed Full Self-Driving (FSD) in Cybertrucks and increased prices for Model S, Model X, and Megapacks, suggesting product issues but also pricing power.

**Supply and Contracts:** Bullish. Tesla secured a significant 15.3 GWh Megapack supply contract, boosting long-term prospects.

**Ownership and Analyst Actions:** Mixed. Sumitomo Mitsui Trust Holdings increased its stake, while Ark Invest sold shares. Sanford C. Bernstein maintained an ""underperform"" rating, and Wedbush maintained an ""outperform"" rating with a $300 price target.

**Stock Performance:** Mixed. The stock surged 33% but also saw losses of 2.8% and 4.24%, reflecting volatility.

**Net Tilt:** Neutral to Slightly Bearish. Conflicting signals suggest caution."
2024-07-20,10,"**Bullish Signals:**
- Goldman Sachs upgraded Tesla’s target price from $175.00 to $248.00.
- TD Cowen raised its target price from $160.00 to $180.00.
- Morgan Stanley reaffirmed an “overweight” rating with a $310.00 target price.
- Healthcare of Ontario Pension Plan Trust Fund significantly increased holdings by 2,101.1%.

**Bearish Signals:**
- Sales could be dropping, with analysts expecting revenue of $24.7 billion.
- Tesla sales reportedly tumbled.

**Neutral Signals:**
- Llc acquired additional shares.
- TSLA stock fell by $10.03 to $239.20.
- Earnings report scheduled for July 23.

**Net Tilt:** Mixed, but slightly bullish due to multiple upgrades and significant stake increases."
2024-07-21,14,"**Price Target Upgrades:** Bullish. Mizuho upgraded from $180.00 to $230.00; Barclays from $180.00 to $225.00; HSBC from $120.00 to $130.00; Guggenheim from $126.00 to $134.00.

**Ownership Increases:** Bullish. Vanguard increased holdings by 1.7%, Charles Schwab by 3.1%, and LLC by 38.0%.

**Ownership Decreases:** Bearish. First Foundation Advisors decreased position; National Association reduced by 56.4%.

**Stock Performance:** Bearish. Tesla stock down 4.0%.

**Earnings Preview:** Neutral. Earnings report scheduled for the morning.

**Net Tilt:** Mixed signals but net bullish due to multiple upgrades and significant ownership increases."
2024-07-22,28,"**Net Tilt: Mixed**

**Revenue & Earnings:**
- **Bearish:** Missed revenue estimates.
- **Bullish:** Reported EPS of 62 cents, beating expectations.

**Product Launches:**
- **Bullish:** Cybertruck availability, Optimus robot introduction, additional product reveals.

**Analyst Actions:**
- **Bullish:** Deutsche Bank upgraded price target to $136 from $123.
- **Bearish:** Analysts expect EPS to dip in the current year.

**Ownership Changes:**
- **Bullish:** Sumitomo Mitsui Trust Holdings increased holdings by 12.9%.
- **Bearish:** Ark Invest offloaded $12.24M in shares, Acadian Asset Management sold shares.

**Stock Performance:**
- **Bullish:** Shares up 5% to $251.73, 1.2% YTD, 4.9% rise recently."
2024-07-23,100,"**Revenue:** Bullish. Tesla’s Q2 revenue of $25.5B beat estimates, indicating strong top-line growth despite some regional sales declines.

**Earnings:** Bearish. Tesla missed EPS estimates by $0.10, reporting $0.52 vs. expected $0.62, with GAAP earnings down significantly YoY.

**Layoffs:** Bearish. Tesla cut 10% of its global workforce, signaling cost-cutting measures amid profitability challenges.

**Stock Performance:** Mixed. Despite earnings miss, TSLA stock surged 19,500%, reflecting speculative buying pressure.

**Net Tilt:** Bearish. Revenue beat is offset by significant earnings miss and layoffs, suggesting underlying financial stress."
2024-07-24,158,"**Analyst Actions:** UBS downgraded Tesla to Sell, while Piper Sandler raised the price target to $300. RBC lowered the target to $227, Barclays to $225, and Goldman Sachs to $230. CFRA also downgraded to Hold. **Earnings & Revenue:** Tesla missed earnings and revenue expectations, with Q2 net income at $1.48B and EPS at $0.52. Revenue slightly exceeded expectations but showed a second consecutive quarterly decline. **Operational Changes:** Tesla cut 10% and then 14% of its workforce. **Other:** Tesla recalled 2 million cars in December. **Net Tilt:** Bearish due to multiple downgrades and earnings/revenue misses despite some positive EPS figures."
2024-07-25,41,"**Earnings & Guidance:** Bearish. Tesla reported weaker-than-expected Q2 earnings, with net income down significantly, missing expectations. Guidance was also disappointing.

**Price Targets:** Mixed. Mizuho upgraded to $230 (bullish), Hsbc to $130 (mildly bullish), while Goldman Sachs ($230), Evercore ISI ($145), and others downgraded (bearish).

**Stock Performance:** Bearish. Tesla’s stock value fell heavily, declining 45%, and is down 13% from a week ago, despite some spikes.

**Analyst Actions:** Mixed. Neutral ratings from Sanford C. Bernstein, Cantor Fitzgerald, and Roth Mkm, while Wedbush maintained an outperform rating with a $300 target (mildly bullish).

**Operational Updates:** Bearish. Tesla cut prices nearly every quarter, laid off employees, and faces legal issues. Energy storage revenue doubled (mildly bullish).

**Net Tilt:** Bearish. Conflicting signals but overall negative sentiment."
2024-07-26,12,"**Analyst Actions:** Bearish (Phillip Securities downgrades to Sell, KGI Securities downgrades, JPMorgan lowers PT to $115); Bullish (Capital upgrades to Buy, TD Cowen raises PT to $180, Argus reiterates Buy).

**Price Movements:** Bullish (share price rebounded 56%, up 4.2% after analyst upgrade).

**Ownership Changes:** Bullish (Sumitomo Mitsui Trust Holdings increases stake by 12.9%).

**Product Updates:** Bullish (Cybertruck upgraded with new electric features).

**Earnings Estimate:** Neutral (analysts forecast EPS of $1.85 for the year).

**Net Tilt:** Mixed signals but slightly **Bullish** due to significant share price rebound and product enhancements."
2024-07-27,19,"**Net Direction: Bearish**

**Earnings & Revenue:**
- **Bearish:** Missed EPS consensus, though Q3 EPS estimates upgraded.
- **Bullish:** Revenue beat expectations at $25.50B vs. $24.38B.

**Analyst Actions:**
- **Bullish:** Canaccord Genuity upgraded target from $222 to $254.
- **Bearish:** Citigroup downgraded target from $274 to $258.

**Supply & Demand:**
- **Bearish:** Deliveries fell.
- **Bullish:** Institutional ownership increased (Llc, Tn, Charles Schwab).

**Stock Performance:**
- **Bearish:** Stock crashed over 12%.

**Catalysts:**
- **Mixed:** Analyst ratings neutral/reiterated with varied targets ($236-$310)."
2024-07-28,23,"**Net Tilt: Mixed**

**Bullish Signals:**
- **Analyst Upgrades:** China Renaissance upgraded Tesla to Buy; Truist Financial raised PT to $215.
- **Revenue Growth:** Q2 revenue up 2.3% YoY.
- **Product Launch:** Tesla to deploy humanoid robots by next year.
- **Ownership Increase:** Llc and Vanguard increased stakes.

**Bearish Signals:**
- **Analyst Downgrades:** Research and Cantor Fitzgerald downgraded Tesla to Neutral.
- **Price Target Cuts:** Truist cut PT to $258; Sanford Bernstein to $120; Guggenheim to $134.
- **Stock Drop:** Tesla stock fell 12.3% post-earnings, down over 7%.
- **Earnings Reaction:** Stock opened lower despite EPS meeting expectations.

**Mixed Signals:**
- **Rating Reiterations:** Wedbush maintained Outperform; Needham & Co. maintained Hold.
- **Earnings Results:** Mixed results reported for Q2."
2024-07-29,27,"**Price Target Adjustments:** RBC downgrades price target from $293 to $227 (bearish). Mizuho upgrades from $180 to $230 (bullish). TD Cowen upgrades from $160 to $180 (bullish).

**Earnings Performance:** Q2 earnings down (bearish). FY2024 EPS estimates upgraded by Roth Capital (bullish).

**Analyst Ratings:** Cantor Fitzgerald downgrades to neutral (bearish). Wells Fargo maintains underweight with $120 PT (bearish). Argus reiterates Buy (bullish). Morgan Stanley reiterates Bull rating (bullish). Truist Securities holds (neutral).

**Product Updates:** Model Y ambient lighting in China (neutral). Cybertruck FSD Supervised release in August (bullish). Cybertruck revealed (bullish).

**Executive Actions:** Robyn Denholm sells $14m in stock (bearish). Musk comments at shareholder meeting (neutral).

**Stock Movement:** Shares up 6% (bullish). Open at $219.80 (neutral).

**Net Tilt:** Mixed signals; net slightly bullish due to product launches and positive analyst upgrades outweighing downgrades and insider sales."
2024-07-30,36,"**Revenue:** Bullish; Tesla reported Q2 revenue of $25.5B, beating forecasts.

**Earnings:** Bearish; Tesla posted its worst quarterly profit.

**Product Recalls:** Bearish; Tesla is recalling ~1.85M US vehicles due to various issues, including a hood problem.

**Analyst Actions:** Mixed; Hsbc upgraded Tesla’s price target to $130 from $120, while Robert W. Baird maintained an “outperform” rating at $280.

**Stock Performance:** Bearish; Tesla’s stock fell 4-5% despite a minor gain of 0.3% earlier.

**Insider Activity:** Bearish; Tesla director Robyn M. Denholm sold 66,364 shares.

**Net Tilt:** Bearish."
2024-07-31,14,"**Price Target Adjustments:** Truist upgraded Tesla’s price target to $215.00 from $162.00 (Bullish). Barclays downgraded Tesla’s price target to $220.00 from $225.00 (Bearish).

**Product Recall & Regulatory Scrutiny:** Tesla recalled over 1.6 million cars in China (Bearish). NHTSA is investigating Tesla’s Autopilot system (Bearish).

**Ownership Changes:** Sumitomo Mitsui Trust Holdings and LLC increased stakes in Tesla (Bullish). Dupont Capital Management reduced its stake by 28.3% (Bearish).

**Stock Performance:** Tesla stock traded as low as $226.90 and closed at $230.73, down 4% from the previous day (Bearish).

**Analyst Ratings:** Wedbush maintained an “outperform” rating with a $300.00 target (Bullish). KGI Securities reiterated a “neutral” rating with a $236.00 target (Neutral).

**Net Tilt:** Mixed signals with a slight net bearish tilt due to product recall, regulatory scrutiny, and recent stock performance."
2024-08-01,8,"**Price Target Downgrade:** Goldman Sachs downgraded Tesla’s price target from $248.00 to $230.00, bearish.

**Product Release/Catalysts:** 
- Bullish: Tesla Cybertruck preview in Singapore, already available in America.
- Bearish: Robotaxi prototype unveiling postponed.

**Business Contracts:** 
- Bearish: Uber signed a major deal with BYD instead of Tesla.
- Bullish: Uber announced an EV deal with Tesla.

**Earnings Estimate:** Analysts predict EPS of $1.79 for the current fiscal year, neutral.

**Analyst Ratings:** Cantor Fitzgerald reiterated a Neutral rating on Tesla, neutral.

**Net Tilt:** Mixed signals; overall slightly bearish due to downgrade and contract news."
2024-08-02,20,"**Revenue Growth:** Bullish; Model 3 sales up, China sales surged 15%, and overall 2023 saw 670k vehicles sold.

**Product Recall & Legal Issues:** Bearish; 18 lakh EVs recalled, multiple lawsuits including one over a fatal Autopilot crash.

**Insider Activity:** Bearish; Tesla director sold 66,364 shares.

**Ownership Changes:** Mixed; one firm increased holdings by 111.1%, another reduced by 8.2%.

**Stock Performance:** Bearish; TSLA traded down 4.2%.

**Net Tilt:** Bearish due to recall, lawsuits, insider sell, and stock decline outweighing revenue growth."
2024-08-03,4,"**Accidents:** Bullish signal muted by bearish risk. Tesla involved in deadly crashes (bearish), but LLC significantly increased holdings by 25,990.7% (bullish).

**Analyst Actions:** Mixed ratings with conflicting signals. Morgan Stanley upgraded to ""overweight"" with $310 PT (bullish), while Roth MKM maintained ""neutral"" with $85 PT (bearish).

**Net Tilt:** Neutral to slightly bullish due to significant ownership increase and positive price target from major firm."
2024-08-04,14,"**Revenue & Earnings:** Bullish. Tesla reported Q2 revenue of $25.50B, beating the consensus estimate of $24.38B.

**Analyst Actions:** Mixed. UBS downgraded Tesla to Sell from Neutral, reducing PT to $220.00. Barclays lowered PT to $220.00 from $225.00. Robert W. Baird reaffirmed Outperform with a $280.00 PT. Cantor Fitzgerald maintained Neutral.

**Executive & Operations:** Bullish. Elon Musk hired an operations chief.

**Ownership Changes:** Mixed. Co and LLC increased stakes, while Virtu Financial decreased stake in Direxion Daily TSLA.

**Stock Performance:** Bearish. Tesla traded as low as $209.06, closing at $209.18.

**Net Tilt:** Net slightly bearish due to multiple downgrades and lower price targets."
2024-08-05,21,"**Product Recalls:** Bearish. Tesla recalled over 1.8M vehicles and 11,000 Cybertrucks, indicating quality control issues.

**Legal Issues:** Bearish. Tesla sued over Autopilot, adding legal risk.

**Stock Performance:** Bearish. TSLA fell over 10% and then over 7%, with no clear recovery.

**Cybertruck Launch:** Bullish. First Cybertruck rollout and CEO introduction suggest positive market anticipation.

**Cost Reduction:** Bullish. Plan to cut battery costs by 50% could boost margins.

**Regulatory & Safety Concerns:** Bearish. Cybertruck crashes led to fatalities, raising safety concerns.

**Revenue Growth:** Bullish. Tesla China’s EV sales increased 15%.

**Net Tilt:** Bearish. Negative signals outweigh positive ones."
2024-08-06,9,"**Regulatory Investigation:** Bearish. NHTSA and federal authorities are investigating a fatal Tesla Cybertruck crash, potentially leading to regulatory scrutiny and delays.

**Product Recall:** Bearish. Tesla is recalling 1.68 million vehicles in China, indicating quality control issues and potential costs.

**Project Abandonment:** Bearish. Tesla scrapped plans for an EV factory in Thailand, signaling production strategy adjustments and possible delays in global expansion.

**Product Release Delay:** Bearish. Full Self-Driving rollout remains delayed, impacting investor sentiment and technological leadership.

**Partnerships:** Bullish. Partnerships with Costco in Taiwan and Sunrun indicate market expansion and new revenue opportunities.

**Stock Performance:** Bearish. Tesla shares fell 1.3%, reflecting overall negative sentiment.

**Net Tilt:** Bearish."
2024-08-07,7,"**Product Reviews & Recalls:** Negative reviews and recalls mar Tesla’s image. A major recall affects 1.68 million EVs in China, while another recall addresses safety issues (bearish).

**Earnings Decline:** Q2 earnings show a sharp drop in net income (bearish).

**Regulatory Approval:** Positive news as China approves Tesla’s Full Self-Driving system (bullish).

**Product Updates & Facility Plans:** New mobile app update released (neutral), but plans to open a factory in Thailand canceled (bearish).

**Net Tilt:** Bearish."
2024-08-08,8,"**Price Target Downgrades:** RBC Capital downgraded Tesla’s price target to $224 from $227, citing concerns over FSD pricing and potential production issues. **Bearish**.

**Partnership:** Sunrun partnered with Tesla for a virtual power plant in Texas, enhancing Tesla’s renewable energy footprint. **Bullish**.

**Product Price Cut:** Tesla lowered the price of Full Self-Driving (FSD) software, potentially boosting adoption but pressuring margins. **Mixed**.

**Facility Openings:** Conflicting reports emerged about Tesla’s Malaysian facility—initially denied, then confirmed with plans for a new headquarters. **Net Neutral**.

**Stock Gain:** Tesla’s stock rose despite mixed signals, possibly due to positive sentiment around partnerships and product launches. **Bullish**."
2024-08-09,25,"**Price Target Adjustments:** Td Cowen upgraded Tesla’s price target to $180.00 (bullish), while Citigroup downgraded it to $258.00 and Barclays to $220.00 (bearish). **Product Updates:** Tesla launched Cybertruck test drives in the US and Canada, introduced FSD, and a new Quicksilver model (bullish). However, a recall for over 1.8 million vehicles (bearish) and a minor accident involving a Tesla (bearish) were also reported. **Revenue & Insider Activity:** Q2 revenue rose 2.3% (bullish), but Director Robyn Denholm sold shares (bearish). **Ownership Changes:** Multiple firms increased holdings (bullish), while some reduced positions (bearish). **Analyst Ratings:** Mixed ratings with Wedbush maintaining “outperform” and Guggenheim “sell” (net neutral). **Net Tilt:** Signals are mixed, with product launches and revenue growth offset by recalls and insider sales. **Overall:** Net slightly bearish due to recall and insider selling."
2024-08-10,6,"**Analyst Actions:** Bullish. Piper Sandler upgraded Tesla’s target price from $205.00 to $300.00; Truist Financial raised their target from $162.00 to $215.00.

**Ownership Changes:** Bullish. LP increased holdings in Tesla by 736.8%.

**Price Movements:** Mixed. Tesla traded 3.8% higher but also hit a low of $195.11, closing at $195.52.

**Analyst Ratings:** Neutral. Roth MKM maintained a neutral rating with a $85.00 price target.

**Net Tilt:** Bullish, with strong upgrades and significant ownership increase offsetting minor price volatility and a neutral rating."
2024-08-11,12,"**Bullish Signals:**
- Morgan Stanley upgraded Tesla to outperform with a $280 price target.
- Vanguard, Charles Schwab, and Sumitomo Mitsui increased their positions by 1.7%, 3.1%, and 12.9% respectively.
- Llc acquired 1,091 additional shares.

**Bearish Signals:**
- Optimum Investment Advisors cut its position by 26.8%.
- Royal Bank of Canada downgraded Tesla’s price target from $227 to $224.

**Neutral Signals:**
- Needham & Co. maintained a hold rating.
- Analysts predict EPS of 1.79 for the current year.
- Optimus’ Q2 earnings call was positive.

**Net Tilt:** Mixed, but slightly **Bullish** due to multiple institutional increases and a higher price target from Morgan Stanley."
2024-08-12,11,"**Mizuho upgraded Tesla’s target price to $230.00 from $180.00 (Bullish)**

**Cybertruck sales expanding (Bullish)**

**Tesla raised prices for electric pickups (Bearish)**

**Discontinuation of cheaper electric pickups (Bearish)**

**Stock performance weak: down 24% since early July, 20% YTD (Bearish)**

**Hampshire Trust increased stake by 1.3% Q2 (Bullish)**

**Bernstein maintained “underperform” with $120.00 target (Bearish)**

NET TILT: Bearish due to multiple price hikes and discontinuations offsetting positive sales trends and stake increases."
2024-08-13,7,"**Profit Margins Drop:** Bearish; Tesla’s profit margins declined, indicating potential cost pressures or pricing issues.

**Cyber Attack Confirmed:** Bearish; Elon Musk confirmed a cyber attack on X, raising security concerns.

**Legal Issues:** Bearish; Tesla is sued by the family of an electrician who died at the Austin facility, adding legal risk.

**Price Target Downgraded:** Bearish; Barclays downgraded Tesla’s target price from $225.00 to $220.00.

**Ownership Decrease:** Bearish; D.B. Root & Company LLC sold Tesla shares, signaling reduced investor confidence.

**Analyst Rating Neutral:** Neutral; Oppenheimer reaffirmed a “market perform” rating, showing no change in outlook.

**Net Tilt:** Strongly Bearish."
2024-08-14,22,"**Price Target Adjustments:** Truist upgraded Tesla’s price target to $215 from $162 (Bullish). Citigroup downgraded Tesla’s price target to $258 from $274 (Bearish).

**Analyst Ratings:** Research downgraded Tesla from “buy” to “neutral” (Bearish). Wells Fargo maintained an “underweight” rating with a $120 price target (Bearish). Robert W. Baird reaffirmed “outperform” with a $280 price target (Bullish). Needham and Cantor Fitzgerald both maintained “hold” ratings (Neutral).

**Product Issues:** Front suspension failures reported (Bearish).

**Insider Activity:** Director Robyn M. Denholm sold 66,364 shares (Bearish).

**Ownership Changes:** Multiple institutions increased holdings (Bullish).

**Stock Performance:** Tesla stock dropped but ended up 5.2% (Mixed).

**Regulatory Updates:** NHTSA closed investigation into Tesla (Neutral).

**Earnings Estimate:** Analysts expect EPS of $1.79 for the current year (Neutral)."
2024-08-15,5,"**Product Launch/Cybertruck Review:** Bullish. Tesla launched a $700 Cybertruck, receiving positive reviews highlighting the utility of its frunks.  
**Legal Issues:** Bearish. A Hertz investor sued Tesla leaders over unspecified issues.  
**Stock Movement:** Bullish. Tesla stock jumped 5%.  
**Product Enhancement:** Bullish. Tesla released a new software update.  
**Net Tilt:** Bullish, with mixed signals but overall positive momentum."
2024-08-16,17,"**Price Target Adjustments:** Hsbc upgraded Tesla’s price target to $130.00 (bullish), while Barclays downgraded it to $220.00 (bearish).

**Product Launches:** Tesla launched a stripped-down Model 3 RWD in Mexico (bullish), and a defense firm unveiled a Cybertruck (neutral).

**Facility Openings:** Tesla opened multiple new supercharger sites and a new site in Queensland (bullish).

**Analyst Ratings:** Roth Mkm reissued a neutral rating with a $85.00 target (neutral), KGI Securities reissued neutral with a $236.00 target (neutral), and Truist Financial reiterated neutral (neutral).

**Earnings Estimate:** Analysts forecast EPS of 1.79 for the current year (neutral).

**Other:** A new investor acquired a stake in Tesla (bullish), and Tesla suspended receiving orders for certain products (bearish).

**Net Tilt:** Mixed signals, but slightly bullish due to product launches and upgrades."
2024-08-17,9,"**Price Target Upgrades:** Piper Sandler upgraded Tesla’s target price to $300.00 from $205.00; Canaccord Genuity Group raised it to $254.00 from $222.00. **Bullish.**

**Price Target Downgrades:** Goldman Sachs downgraded Tesla’s target price to $230.00 from $248.00; RBC cut it to $224.00 from $227.00. **Bearish.**

**Revenue Growth:** Tesla reported a 2.3% YoY increase in revenue. **Bullish.**

**Ownership Increase:** A significant investor increased Tesla holdings by 111.1%. **Bullish.**

**Rating Reaffirmation:** Morgan Stanley reaffirmed an overweight rating with a $310.00 target price. **Bullish.**

**Net Tilt:** Mixed signals but overall slightly **Bullish** due to multiple upgrades and revenue growth."
2024-08-18,13,"**Price Target Adjustments:** Mizuho upgraded Tesla’s price target to $230.00 (bullish), while Citigroup downgraded it to $258.00 (bearish).

**Analyst Ratings:** Cantor Fitzgerald reiterated a neutral rating with a $245.00 target (neutral), Wedbush maintained outperform with a $300.00 target (bullish), Wells Fargo reiterated underweight with a $120.00 target (bearish), Truist Financial and Oppenheimer both maintained hold ratings (neutral).

**Insider Activity:** Director Robyn M. Denholm sold 66,364 shares (bearish).

**Institutional Ownership:** Multiple institutions increased holdings (bullish).

**Stock Performance:** Tesla shares up 1.9% (bullish).

**Net Tilt:** Mixed signals; slight net bullish bias due to higher price targets and institutional buying."
2024-08-19,18,"**Product Launch:** Bullish. Tesla launched the latest Powerwall in Australia, expanding its energy storage market presence.

**Supply Increase:** Bullish. Production ramped up at Gigafactory, boosting manufacturing capacity.

**Price Cuts & Analyst Downgrades:** Bearish. Foundation Series now costs $100,000, while Barclays downgraded price target from $225 to $220.

**Ownership Changes:** Mixed. Vanguard and Healthcare of Ontario Pension Plan increased holdings, but Corp and Llc reduced positions.

**Stock Performance:** Bullish. Tesla stock gained 2-3.1%, opening at $216.12 and rising over 2%.

**Net Tilt:** Net bullish due to product launches, increased production, and positive stock performance, despite price cuts and analyst downgrades."
2024-08-20,13,"**Price Target Adjustments:** Bullish (Canaccord Genuity upgraded to $254.00) vs Bearish (Goldman Sachs downgraded to $230.00).

**Product Issues:** Bearish (Tesla Semi battery fire in California).

**Partnerships:** Bullish (New partnership with Tesla Energy).

**Embargo Threat:** Bearish (Elon Musk's X faces potential ban).

**Analyst Ratings:** Neutral (Piper Sandler reaffirmed ""Overweight"", Robert W. Baird reaffirmed ""Outperform"" with $280.00 target, KGI Securities reaffirmed ""Neutral"" with $236.00 target).

**Stock Performance:** Bullish (Tesla stock rose 1% in premarket and rallied over 1%).

**Earnings Guidance:** Neutral (Analysts expect EPS of 1.79 for FY).

**Holding Update:** Neutral (Dakota Wealth Management holds $3.88M in Tesla).

**Net Tilt:** Mixed signals, but slightly bullish due to recent stock gains and positive partnership news."
2024-08-21,25,"**Net Direction: Bearish**

**Revenue & Earnings:**
- **Bearish:** Slower sales reported; net income down.
- **Bullish:** Revenues have risen.

**Analyst Actions:**
- **Bearish:** UBS downgraded to Sell; price target lowered to $120.00.
- **Bullish:** TD Cowen upgraded target to $180.00.
- **Neutral:** Sanford C. Bernstein maintained Underperform with $120.00 target; Roth MKM reaffirmed Neutral with $85.00 target; Baird reiterates Outperform.

**Product & Recall:**
- **Bearish:** Multiple recalls affecting 9,136 Model X and over 11,000 Cybertrucks.
- **Bullish:** Launched Drive Anywhere Package for Model S.

**Business & Ownership:**
- **Bullish:** Secured $5 million EV order; LP increased stake by 736.8%; Truist Financial Corp increased holdings by 5.0%.

**Stock Price Movements:**
- **Bearish:** Stock down 0.7%.
- **Bullish:** Stock gained 2.3%."
2024-08-22,24,"**Bullish Signals:**
- Tesla posted Q2 EPS of 52 cents.
- Free software update released.
- Heartland Bank & Trust Co increased its Tesla stake by 1.1%.

**Bearish Signals:**
- Q2 earnings missed estimates.
- Over 10% workforce layoffs.
- Multiple product recalls (Cybertruck, Model X).
- Executives departed (VP of Finance, VP Sreela Venkataratnam).
- FSD rollout delayed.
- Multiple regulatory investigations (NTSB, battery safety).
- U.S. sales declined by 6.3% YoY.
- Stock price fell significantly (tumbled 10.15%, down 5.04%).

**Net Tilt:** Bearish."
2024-08-23,12,"**Executive Changes & Product Issues:** Musk fired Tesla’s senior director and CFO Zach Kirkhorn resigned, both negative (ESS -0.68, -0.57). A battery fire in the Tesla Semi truck also dented sentiment (ESS -0.56).

**Stock Performance:** Tesla stock declined sharply today (ESS -0.51), though some analysts see potential upside (ESS 0.47).

**Investment & Operations:** Tesla invested $13.5M in Malaysia and reduced imports from China (ESS 0.46, -0.4).

**Institutional Ownership:** Morgan Stanley cut its Tesla stake, bearish (ESS -0.34).

**Net Tilt:** Bearish."
2024-08-24,13,"**Price Target Upgrade:** Hsbc upgraded Tesla’s target price from $120.00 to $130.00 (Bullish).

**Product Recalls:** Tesla recalling 9,000 Model X and over 10,000 Cybertrucks (Bearish).

**Executive Resignations:** Multiple high-level executives including CFO and VP resigned (Bearish).

**Product Release:** New referral program launched (Bullish).

**Ownership Increase:** LLC increased stake by 5.0% (Bullish).

**Stock Price Movement:** Tesla stock up 4.6% (Bullish).

**Analyst Rating:** Truist Financial maintained “hold” with $215.00 price target (Neutral).

**Net Tilt:** Mixed signals; significant bearishness from recalls and resignations vs. bullish upgrades and stock movement."
2024-08-25,6,"**Price Target Upgrade:** Td Cowen upgraded Tesla’s price target from $160.00 to $180.00, bullish.

**Insider Sell:** Tesla director Robyn M. Denholm sold 66,364 shares, bearish.

**Supply Increase:** Texas is increasing Cybertruck production, bullish.

**Investment:** An unnamed entity invested $70,000 in Tesla, neutral.

**Revenue Volume:** Tesla sold 8,755 Cybertrucks in Q2, neutral.

**Earnings Estimate:** Analysts forecast EPS of 1.79 for FY 2024, neutral.

**Net Tilt:** Mixed signals with slight net bullish bias due to production increase and price target upgrade."
2024-08-26,18,"**Bullish Signals:**
- Zurich, LLC, Heartland Bank & Trust Co., and another LLC increased holdings in Tesla.
- Robert W. Baird maintained an ""outperform"" rating with a $280.00 price target.
- Independence Bank, LLC, and Atlantic Union Bankshares Corp. acquired Tesla shares.

**Bearish Signals:**
- Goldman Sachs downgraded Tesla’s price target from $248.00 to $230.00.
- Wells Fargo and Sanford C. Bernstein both maintained ""underweight"" ratings with $120.00 price targets.
- Royal Bank of Canada lowered its price target from $227.00 to $224.00.
- Tesla stock dropped 6% in a day.

**Net Tilt:** Bearish due to multiple downgrades and price target reductions outweighing institutional buying."
2024-08-27,9,"**Tesla (TSLA) Daily Brief for 2024-08-27**

**Bullish:**
- **Product Launch:** Optimus robot debuts at World event.
- **Business Contract:** Secured $133M Megapack deal.

**Bearish:**
- **Antitrust Suit:** Facing antitrust lawsuit against Louisiana.
- **Stock Performance:** TSLA stock declined 3.2%, with BlackRock increasing stake by 7.4%.
- **Analyst Ratings:** Morgan Stanley reissued overweight with $310 PT; Roth MKM reiterated neutral with $85 PT; Zacks Rank is Hold.

**Net Tilt:** Mixed signals; cautious stance advised."
2024-08-28,6,"**Product Recall:** Bearish. Tesla recalled Full Self-Driving software, indicating potential reliability issues.

**Executive Resignation:** Bearish. The CEO of a major European electric vehicle competitor quit, possibly signaling internal challenges.

**Product Release:** Bullish. Tesla launched Full Self-Driving, potentially boosting adoption and revenues.

**Revenue Growth:** Bullish. Q2 revenue grew by 16%, beating expectations.

**Analyst Ratings:** Mixed. Guggenheim downgraded to Sell with a $134 target, while Truist maintained Hold with a $215 target. Net tilt slightly bearish due to the downgrade.

**Net Tilt:** Mixed, leaning slightly bearish due to recall and executive departure overshadowing product launch and revenue growth."
2024-08-29,27,"**Analyst Actions:** Bullish (Net). William Blair initiated Tesla with an Outperform rating. Mizuho upgraded target from $180 to $230. Hsbc raised target from $120 to $130. Barclays downgraded from $225 to $220. RBC lowered from $227 to $224.

**Product Updates:** Mixed. Tesla launched seven-seat Model Y in China by October (Bullish). Recalled over 1.8M Model X vehicles (Bearish).

**Revenue & Earnings:** Revenue up 2.3% YoY (Bullish). EPS expected at $1.79 FY (Neutral).

**Ownership Changes:** Mostly Bullish. Vanguard, Schwab, Ark, and Healthcare of Ontario increased holdings. Management and Denholm sold shares (Bearish).

**Stock Performance:** Up 2.75% in morning trade but closed down $3.46 at $205.75 (Mixed).

**Catalysts:** Brazil judge blocked Starlink (Bearish). Seeking lower tariffs in China (Neutral)."
2024-08-30,15,"**Product Recalls:** Bearish. Tesla recalled 870 imported Model Xs in Beijing and over 125,000 vehicles in the U.S., with another 11,000 Cybertrucks recalled in June.

**Embargo:** Bearish. Elon Musk’s X app is banned in Brazil.

**Legal Wins:** Bullish. Tesla won dismissals in two major lawsuits: a $258 billion Dogecoin manipulation case and a related pyramid scheme lawsuit.

**Product Launches & Enhancements:** Mixed. Model Y will go on sale Q4 2025, and Tesla China will introduce a redesigned Model Y. However, Tesla sought lower tariffs in Canada, indicating pricing pressures.

**Stock Performance:** Bearish. Tesla’s stock has declined by 16.96% YTD."
2024-08-31,9,"**Net Tilt: Bearish**

- **Bearish**: Citigroup downgraded Tesla, cutting the price target from $274.00 to $258.00.
- **Mixed Ownership**: Llc increased holdings by 35.9%, while another firm cut its stake. Sumitomo Mitsui Trust Holdings Inc. also increased its stake by 12.9%. 
- **Neutral Analyst View**: Roth Mkm maintained a neutral rating with a $85.00 price target.
- **Negative Catalyst**: Brazil blocked Musk’s X access.

**Net Signal:** Conflicting signals but overall bearish due to the downgrade and negative catalyst."
2024-09-01,24,"**Price Target Adjustments:** Bullish (Mizuho upgraded to $230.00, Canaccord to $254.00) vs Bearish (Goldman Sachs downgraded to $230.00, RBC to $224.00). **Net Tilt:** Neutral.

**Brazilian Embargo:** Bearish. Brazilian judge bans Elon Musk, shutting down access.

**Product Release:** Bullish. Tesla Model Y Juniper May debut expected in Q1 2025.

**Insider Activity:** Bearish. Director Robyn M. Denholm sold 66,364 shares.

**Institutional Ownership:** Bullish. Charles Schwab, Inc., Vanguard, and Ark Investment Management increased stakes.

**Analyst Ratings:** Mixed. Wells Fargo, Bernstein, and Guggenheim maintained negative ratings; Morgan Stanley and Piper Sandler maintained positive ratings.

**Earnings Estimate:** Neutral. Analysts predict EPS of 1.79 for the current year.

**Stock Price:** Opened at $214.11 on Friday."
2024-09-02,10,"**Price Target Adjustments:** Hsbc upgraded Tesla’s price target to $130.00 (bullish), while Barclays downgraded it to $220.00 (bearish).

**Analyst Ratings:** Research firm downgraded Tesla to “neutral” (bearish); Needham maintained “hold” (neutral); Robert W. Baird reaffirmed “outperform” with a $280.00 target (bullish).

**Ownership Changes:** Healthcare of Ontario Pension Plan Trust Fund significantly increased holdings (+2101.1%) (bullish); Group increased holdings by 1.7% (bullish); MEAG MUNICH ERGO reduced stake (bearish).

**Product and Revenue:** Tesla slashed prices on CCS adapters (bearish); China-made EV sales rose 3% (bullish).

**Net Tilt:** Mixed signals; slight net bullish bias due to significant ownership increases and positive revenue trend."
2024-09-03,17,"**Revenue & Volume:** Bullish. Tesla reported strong China sales with 86,697 vehicles sold in August, contrasting with a slump in Australian sales. Evidence: ""Tesla China Sales Rise,"" ""Tesla Inc.: the company posted strong China sales.""

**Supply & Production:** Bullish. Plans to boost production and expand Model Y in China. Evidence: ""Tesla plans to boost production,"" ""Model Y expansion in China.""

**Product Releases:** Bullish. Six-seat Model Y launch in China and potential Robotaxi reveal on October 10th. Evidence: ""Tesla to Launch Six-Seat Model Y in China,"" ""Tesla Will Reportedly Reveal Its Robotaxi on October 10th.""

**Stock Performance:** Bullish. Tesla stock rose 1% on Tuesday. Evidence: ""Tesla Stock Rises In Tuesday.""

**Negative Catalysts:** Bearish. Ban on Elon Musk’s X in Brazil. Evidence: ""Ban on Elon Musk's X in Brazil.""

**Net Tilt:** Bullish. Positive signals outweigh negative ones."
2024-09-04,26,"**Bullish Signals:**
- **Price Target Upgrade:** Canaccord Genuity raised PT from $222 to $254.
- **Revenue Guidance:** Q3 sales growth expected.
- **Production Ramp-Up:** Cybertruck production scaling.
- **Market Expansion:** Targeting China expansion.
- **Ownership Increase:** Multiple firms increased stakes.
- **Stock Performance:** Shares gained 21.45% YTD, up 3.8% recently.

**Bearish Signals:**
- **Stock Decline:** Tesla stock fell at market open.
- **Ownership Decrease:** Some firms reduced positions.
- **Year-to-Date Loss:** Down 15% YTD.
- **Judicial Ban:** Judge banned Musk’s X access.

**Net Tilt:** Mixed signals suggest caution; focus on production and market expansion could outweigh judicial and ownership concerns. **HOLD** recommended pending further clarity."
2024-09-05,48,"**Product Launches:**
- **Bullish:** Tesla plans to launch Full Self-Driving (FSD) in Europe and China by Q1 2025, pending regulatory approvals. Morgan Stanley upgraded Tesla to ""overweight"" with a $310 price target.
- **Bearish:** Wells Fargo downgraded Tesla to ""underweight"" with a $120 price target.

**Stock Performance:**
- **Bullish:** Tesla shares gained over 6% on the day, driven by positive FSD news and collaboration with Baidu.

**Conflicting Analyst Actions:**
- **Net Tilt:** Bullish due to Morgan Stanley’s upgrade outweighing Wells Fargo’s downgrade.

**Other Signals:**
- **Neutral:** Royal Bank of Canada lowered its price target to $224 from $227."
2024-09-06,17,"**Earnings & Guidance:** Bullish. EPS beat expectations, and FSD is anticipated to gain regulatory approval in Europe, boosting future revenues.

**Product Launches:** Mixed. Expected launches in the Philippines and a degraded FSD version in EU Q1 2025 are positive, but a robotaxi launch is speculative.

**Regulatory:** Bullish. FSD gaining approval in Europe supports growth.

**Insider Activity:** Bearish. Director Robyn M. Denholm sold shares, signaling potential concerns.

**Analyst Actions:** Bearish. Barclays downgraded price target from $225 to $220, while Truist maintained a hold rating.

**Ownership Changes:** Bullish. Clearbridge Investments increased stake by 9.1%.

**Catalysts:** Mixed. Share surge suggests positive market sentiment, but a fire at a service showroom in Nepal is negative.

**Net Tilt:** Neutral to Slightly Bullish."
2024-09-07,22,"**Net Tilt: Bearish**

**Price Target Adjustments:**
- Hsbc upgraded price target from $120.00 to $130.00 (Bullish)
- Goldman Sachs downgraded from $248.00 to $230.00 (Bearish)
- Citigroup downgraded from $274.00 to $258.00 (Bearish)

**Revenue:**
- Revenue down year-over-year (Bearish)
- Revenue up 2.3% YoY (Bullish)

**Analyst Ratings:**
- Robert W. Baird: Outperform, $280.00 (Bullish)
- Sanford C. Bernstein: Underperform, $120.00 (Bearish)
- Piper Sandler: Overweight, $300.00 (Bullish)
- Cantor Fitzgerald: Neutral, $245.00 (Neutral)
- Oppenheimer: Market Perform (Neutral)

**Ownership Changes:**
- Multiple institutions increased holdings (Bullish)
- Versor Investments and A. reduced positions (Bearish)

**Product Launch:**
- Wireless home EV charging station revealed (Bullish)

**Stock Performance:**
- Trading down 8.4% (Bearish)"
2024-09-08,13,"**Bullish Signals:**
- Jim Cramer recommends buying Tesla.
- Xai and Tesla form strategic partnership.
- Tesla licensing AI models from xAI.
- Vanguard and LLC significantly increase holdings.
- Revenue reported at $30.4 billion.

(Bearish Signals:)
- Guggenheim downgraded Tesla to ""sell"" with $134.00 target.
- One firm reduced its position by 11.6%.
- Stock down 13% YTD.

**Net Tilt:** Mixed, but slightly bullish due to significant institutional support and positive analyst recommendations outweighing the bearish downgrade."
2024-09-09,26,"**Net Tilt: Mixed**

**Bullish Signals:**
- **Analyst Upgrade:** Deutsche Bank upgraded Tesla to Buy.
- **Revenue Growth:** Tesla China sales increased.
- **Product Launch:** Autopark for Cybertruck launched.
- **Partnerships:** Zurich, xAI, Eaton collaborations announced.
- **Stock Performance:** Shares up 5%, 3%, and 2.6% today.

**Bearish Signals:**
- **Revenue Decline:** EV sales down YTD.
- **Price Target Cut:** Barclays lowered PT to $220.
- **Legal Issues:** Shareholder suits filed in Delaware.
- **Insider Sell:** Robyn M. Denholm sold shares.
- **Price Cut:** Referral program introduced $1,000 price cut.

**Neutral Signals:**
- **Rating Maintained:** Morgan Stanley, Barclays, Truist maintained ratings."
2024-09-10,25,"**Analyst Actions:** Bullish (Deutsche Bank upgraded to Buy, Td Cowen raised PT to $180, Hsbc raised PT to $130) vs Bearish (Goldman Sachs downgraded PT to $230, Citigroup downgraded PT to $258). **Price Cuts:** Bearish (Model 3 and Cybertruck prices dropped). **Ownership Changes:** Mixed (Llp increased stake by 347.7%, First Foundation Advisors decreased by 28.0%). **Stock Performance:** Bullish (soared 25% in 3 months). **Insider Activity:** Bearish (SVP Xiaotong Zhu sold shares). **Net Tilt:** Slightly Bullish due to multiple upgrades and strong recent performance."
2024-09-11,13,"**Ownership Changes:** Bullish - Vanguard, Healthcare of Ontario Pension Plan Trust Fund, and Llc significantly increased holdings (1.7%, 2,101.1%, 21,816.0% respectively); Sumitomo Mitsui Trust Holdings Inc. also increased holdings by 12.9%. Bearish - One LLC sold 6,536 shares.

**Analyst Actions:** Mixed - Deutsche Bank reaffirmed Buy with a $295 target, Piper Sandler maintained Overweight with a $300 target, KGI Securities and Oppenheimer maintained Neutral and Market Perform ratings respectively. 

**Stock Performance:** Bearish - Tesla stock down 9% YTD.

**Catalysts:** Bullish - Upcoming Tesla Robotaxi event on 10/10 in Los Angeles. 

**Net Tilt:** Mixed, but slightly bullish due to significant institutional buying and positive analyst targets outweighing the YTD stock decline."
2024-09-12,11,"**Mizuho Upgraded Tesla to $230.00 (Bullish)**

**Product Release & Price Cuts**: Patent shows new automotive tech; ongoing price cuts for popular models (Mixed)

**Facility Expansion**: Plans to open new showroom (Bullish)

**Ownership Shifts**: Inc. reduced stake; another firm maintained sell rating at $134.00 (Bearish)

**Stock Movement**: Shares slipped but ended up 0.45% (Neutral)

**Earnings Estimate**: Analysts predict EPS of 1.75 for the current year (Neutral)"
2024-09-13,18,"**Analyst Actions:** Bullish - Canaccord Genuity upgraded TSLA to Buy; Guggenheim raised PT to $153. Bearish - Goldman Sachs downgraded PT to $230; Barclays lowered PT to $220; Wells Fargo reissued Underweight with $120 PT.

**Supply/Production:** Bullish - July Cybertruck deliveries surged 61% MoM to 5,175 units.

**Ownership Changes:** Mixed - Several firms increased stakes (Inc., LLCs), while Abbrea Capital sold shares.

**Earnings Estimate:** Neutral - Analysts expect EPS of $1.75 for the current year.

**Net Tilt:** Mixed signals but slightly bearish due to multiple PT downgrades and insider sell."
2024-09-14,13,"**Price Target Upgrades:** Td Cowen upgraded Tesla’s price target to $180.00 from $160.00; Guggenheim increased it to $153.00. **Bullish**.

**Sales Growth:** Tesla sales surged in Western Australia. **Bullish**.

**Product Launch:** Tesla launched the Cybertruck in Perth. **Bullish**.

**Institutional Ownership:** Inc, Vanguard, and Healthcare of Ontario Pension Plan significantly increased stakes. **Bullish**.

**Analyst Ratings:** Morgan Stanley and Piper Sandler maintained “overweight” ratings with high price targets ($310.00, $300.00). **Bullish**.

**Ownership Decrease:** Zions Bancorporation reduced holdings. **Bearish**.

**Stock Performance:** Tesla opened at $230.29. **Neutral**.

**Mixed Signals:** Bullish signals dominate but bearish signals exist. **Net Tilt: Bullish**."
2024-09-15,4,"**Analyst Actions:** Bullish. Guggenheim upgraded Tesla’s price target to $153.00 from an unspecified previous level. Robert W. Baird maintained an “outperform” rating with a $280.00 price target. Sanford C. Bernstein reaffirmed an “underperform” rating with a $120.00 target. **Net Tilt:** Bullish due to two positive analyst actions outweighing one negative.

**Ownership Changes:** Bearish. Tennessee Valley Asset Management Partners reduced holdings in Tesla. **Net Tilt:** Bearish.

**Net Overall Signal:** Mixed, leaning slightly bullish due to stronger analyst upgrades."
2024-09-16,17,"**Product Releases:** Bullish. Tesla is rolling out Full Self-Driving and debuting the Tesla Semi in Europe.

**Price Target Adjustments:** Mixed. Hsbc upgraded target from $120 to $130; Citigroup downgraded from $274 to $258. Net tilt slightly bearish.

**Ownership Increases:** Bullish. Financial, Sumitomo Mitsui Trust Holdings, and Ohio increased holdings.

**Analyst Ratings:** Neutral. Deutsche Bank reaffirmed a buy rating with a $295 price objective.

**Stock Performance:** Bearish. Tesla stock was down 7% YTD but expected to rise in the near term.

**Earnings Estimate:** Bullish. Analysts predict EPS of 1.75 for the current fiscal year."
2024-09-17,12,"**Guggenheim upgraded Tesla’s price target to $153.00 from $134.00 (Bullish)**. **Research downgraded Tesla from Buy to Neutral (Bearish)**. **Brazil banned Elon Musk (Bearish)**. **SolarCity partnered with NREL (Bullish)**. **Two funds increased holdings: Llp by 347.7%, Llc by 0.7% (Bullish)**. **Wells Fargo reaffirmed Underweight with $120.00 PT (Bearish)**. **Llc reduced stake (Bearish)**. **Brown Brothers Harriman bought 2,926 shares (Bullish)**. **Cantor Fitzgerald and KGI Securities both reaffirmed Neutral ratings with $245.00 and $236.00 PTs respectively (Neutral)**.

**Net Tilt:** Mixed, leaning slightly Bearish due to multiple downgrades and negative actions."
2024-09-18,9,"**Firm Actions and Analyst Ratings:**
- **Bearish:** Royal Bank of Canada downgraded Tesla’s target price from $227.00 to $224.00.
- **Neutral:** Morgan Stanley maintained its Overweight rating with unchanged target price.

**Ownership Changes:**
- **Bullish:** A new investor bought shares in Q2.
- **Bearish:** SVP Xiaotong Zhu sold 297 shares.

**Stock Performance:**
- **Bullish:** Tesla stock opened at $227.87 and closed at $228.09, up 0.1%.

**Regulatory:**
- **Bullish:** FDA granted 'breakthrough status' to Musk.

**Net Tilt:** Mixed signals; slight net bullish bias due to regulatory approval and minor stock gains."
2024-09-19,30,"**Price Target Adjustments:** Hsbc upgraded Tesla’s target from $120 to $130 (Bullish). Goldman Sachs downgraded from $248 to $230 (Bearish). Barclays cut from $225 to $220 (Bearish).

**Revenue & Sales:** Tesla’s European sales fell 36% in August (Bearish).

**Analyst Ratings:** Morgan Stanley, Piper Sandler, Canaccord Genuity, and Deutsche Bank maintained positive ratings with high targets (Bullish). Sanford C. Bernstein reissued “underperform” with a $120 target (Bearish).

**Ownership Changes:** Several funds increased holdings (Bullish), while others decreased stakes (Bearish).

**Stock Performance:** Tesla hit a 2-month high, rising over 5% (Bullish). Opened at $227.20, closed at $225.10 (Neutral).

**Net Tilt:** Mixed signals; slight net bullish bias due to higher price targets and increased fund holdings."
2024-09-20,21,"**Bullish Signals:**
- **Price Target Upgrades:** Mizuho raised target from $180 to $230; TD Cowen from $160 to $180; Guggenheim from $134 to $153.
- **Ownership Increases:** Multiple firms increased stakes, including Llc (3.7%, 168.8%), Entropy Technologies LP, Financial (10.2%), and Ohio (0.4%).
- **Stock Performance:** Tesla stock up 7.4% and 0.5% in recent sessions.
- **Product Price Drop:** Model Y starting price reduced to $21K.

**Bearish Signals:**
- **Revenue Down:** Sales down 36% MoM.
- **Ownership Decrease:** Federated Hermes Inc. reduced position by 4.2%.
- **Mixed Analyst Ratings:** Wells Fargo maintained ""underweight"" with $120 target; Cantor Fitzgerald reissued ""neutral"" with $245 target.

**Net Tilt:** Bullish, despite mixed analyst ratings and revenue decline, due to multiple upgrades and increased ownership."
2024-09-21,15,"**Product Launches:** Bullish. Tesla launched Model 3/Y and an under-door product.

**Legal Issues:** Bearish. Gavin Newsom threatens to sue Tesla; SEC may sanction Elon Musk.

**Ownership Changes:** Mixed. Dimensional Fund Advisors increased holdings (+9.1%), while Hancock Whitney Corp sold shares (-1,736).

**Analyst Actions:** Neutral. Wedbush maintained ""outperform"" with $300 PT; Needham reaffirmed ""hold.""

**Price Movement:** Bearish. Tesla traded down 2.3%.

**Net Tilt:** Bearish."
2024-09-22,12,"**Revenue & Volume:** Bullish. Tesla pickup sales jumped, indicating strong demand.

**Institutional Ownership:** Mixed. LLP increased holdings by 347.7%, while Profund Advisors sold 11,929 shares. Itau Unibanco and Fairscale Capital also purchased shares.

**Analyst Ratings:** Neutral. Piper Sandler, Morgan Stanley, Canaccord Genuity, and Robert W. Baird maintained positive ratings with price targets ranging from $254 to $310. Roth MKM and KGI Securities maintained neutral ratings with lower price targets ($85 and $236).

**Net Tilt:** Bullish, with strong institutional buying and positive analyst targets outweighing neutral views."
2024-09-23,28,"**Net Tilt: Bearish**

**Analyst Actions:**
- Bullish: Guggenheim upgraded price target to $153 (from $134).
- Bullish: Holt raised price target to $131 (from $120).
- Bearish: Goldman Sachs downgraded price target to $230 (from $248).
- Neutral: Wells Fargo maintained ""underweight"" with $120 target.
- Neutral: Truist Financial maintained ""hold"" with $215 target.
- Neutral: Cantor Fitzgerald maintained ""neutral"" with $245 target.

**Executive & Insider Activity:**
- Bearish: Executives resigned this spring.
- Bearish: SVP Xiaotong Zhu sold 297 shares.

**Ownership Changes:**
- Bullish: Canada Pension Plan Investment Board increased stake by 14.3%.
- Bullish: Various funds increased holdings or acquired stakes.

**Stock Performance:**
- Bullish: Stock up 30% in last three months, rising 5% to $250 on Monday.
- Bearish: Down 4% YTD.

**Product & Earnings:**
- Bearish: Cybertruck price cut.
- Neutral: Q3 delivery results pending.
- Neutral: EPS forecast at $1.75 for FY.
- Neutral: Earnings report on Oct. 16."
2024-09-24,20,"**Bullish Signals:**
- Piper Sandler upgraded Tesla’s price target to $310 from $300.
- Multiple institutional investors increased holdings: Vanguard (+1.7%), Sumitomo Mitsui (+12.9%), Llc (+121.3%), Financial (+10.2%), Dimensional Fund Advisors (+9.1%), LLC (+21,816%), Healthcare of Ontario Pension Plan Trust Fund (+2,101.1%), Inc (+7.1%).
- Deutsche Bank reaffirmed “buy” with a $295 price target.
- Wedbush reissued “outperform” with a $300 price target.
- Stock rallied 1.6%.

**Bearish Signals:**
- Citigroup downgraded price target to $258 from $274.
- Barclays cut target price to $220 from $225.
- Sanford C. Bernstein reiterated “underperform” with a $120 price target.

**Net Tilt:** Mixed, but slightly **Bullish** due to multiple upgrades and significant stake increases outweighing downgrades."
2024-09-25,23,"**Tesla (TSLA) Daily Brief for 2024-09-25**

**Bullish Signals:**
- **FDA Breakthrough Device Designation:** Musk’s vision implant receives FDA breakthrough status.
- **Price Target Upgrades:** Piper Sandler raises target to $310.00; Goldman Sachs recommends buying Tesla.
- **Product Launches:** True self-driving tech and Cybertruck deployment.
- **Ownership Increases:** Vantage Financial Partners, BCIM Corp., and LP increase stakes.
- **Stock Performance:** Tesla gains again, opening at $254.27.

**Bearish Signals:**
- **Ownership Decreases:** Axa S.A. and Toronto Dominion Bank reduce holdings.
- **Stock Loss:** July saw a 8% drop in Tesla shares.

**Net Tilt:** Bullish, with multiple upgrades and product launches outweighing ownership reductions and past losses."
2024-09-26,21,"**Revenue Trends:** Bearish; overall sales dropped YOY (-0.68), with U.S. sales projected to decline 7% (-0.24). Bullish; Cybertruck sales increased (+0.65).

**Analyst Actions:** Bullish; Mizuho upgraded price target to $230 (+0.8), Hsbc to $130 (+0.72), and Piper Sandler increased target (+0.54). Neutral; multiple firms maintained ratings but adjusted targets slightly.

**Product/Catalysts:** Bullish; robo-taxi program unveiling on Oct 10 (+0.52). Bearish; insider selling by CFO (-0.49).

**Ownership Changes:** Mixed; institutional investors showed varied interest, with some increasing stakes (+0.37) while others reduced (-0.34).

**Net Tilt:** Bullish, driven by revenue upticks and analyst upgrades, despite insider selling and revenue declines."
2024-09-27,11,"**Price Target Downgrade:** Goldman Sachs downgraded Tesla’s price target from $248.00 to $230.00 (Bearish).

**Revenue Up:** Tesla reports revenue growth (Bullish).

**Product Release:** Cybercab Robotaxi launch announced (Bullish).

**Business Contract:** Tesla secures new deal (Bullish).

**Ownership Changes:** Dimensional Fund Advisors increased holdings by 9.1%, while Texas and First County Bank reduced stakes (Mixed).

**Analyst Ratings:** Wells Fargo maintained “underweight” with a $120.00 target; Robert W. Baird maintained “outperform” with a $280.00 target; Deutsche Bank maintained “buy” with a $295.00 target (Net Bullish).

**Stock Performance:** TSLA opened at $254.22 (Neutral).

**Net Tilt:** Mixed, but slightly Bullish due to product launch and positive analyst targets outweighing the downgrade."
2024-09-28,14,"**Price Target Adjustments:** Bullish (Guggenheim upgraded to $153.00, Piper Sandler to $310.00) vs Bearish (Barclays downgraded to $220.00).

**Stock Performance:** Bullish (shares up 41.37% YTD, 27% recently).

**Ownership Changes:** Mixed (British Columbia Investment Management increased holdings by 60.2%, while Legal & General Group sold 522,875 shares).

**Analyst Ratings:** Neutral (Wedbush reaffirmed ""outperform"" at $300.00, Canaccord Genuity reiterated ""buy"" at $254.00).

**Net Tilt:** Bullish, with strong price target upgrades and significant stock gains outweighing the downgrade and ownership reductions."
2024-09-29,16,"**Bullish Signals:**
- Multiple institutional investors increased stakes in Tesla: Healthcare of Ontario Pension Plan Trust Fund (+2101.1%), Sumitomo Mitsui Trust Holdings Inc. (+12.9%), Llc (+21816.0%), Vanguard Group Inc. (+1.7%), Inc (+138.1%), and Llc.
- Morgan Stanley reaffirmed an ""overweight"" rating with a $310.00 price target.

**Bearish Signals:**
- Citigroup downgraded Tesla’s price target from $274.00 to $258.00.
- CFO Vaibhav Taneja sold 8,000 shares.
- Sanford C. Bernstein maintained an ""underperform"" rating with a $120.00 price target.
- Midwestone Financial Group Inc. and Ca reduced their stakes in Tesla.

**Net Tilt:** Mixed, leaning slightly bearish due to the downgrade and insider sell."
2024-09-30,28,"**Bullish Signals:**
- **Price Target Upgrade:** Mizuho raised price target from $180 to $230.
- **Analyst Upgrades:** Multiple firms maintain ""outperform"" ratings; Deutsche Bank set $295 target.
- **Product Launch:** Full Self-Driving (FSD) rollout for Cybertruck and plans for Europe/China in 2025.
- **Legal Relief:** Investor lawsuit over self-driving claims dismissed.
- **Ownership Increases:** Centaurus Financial, Entropy Technologies, and others increased stakes.

**Bearish Signals:**
- **Stock Price Dip:** Tesla traded down 0.3%.

**Net Tilt:** Bullish, driven by multiple upgrades, legal relief, and product launches outweighing minor price dip."
2024-10-01,40,"**Price Target Adjustments:** Bullish (Guggenheim upgraded to $153.00, Hsbc to $130.00, Piper Sandler to $310.00); Bearish (Barclays downgraded to $220.00).

**Revenue Guidance:** Bearish (Fiscal 2025 outlook lowered); Bullish (Q1 sales increase expected).

**Strikes:** Bearish (widespread strikes by technicians and mechanics).

**Legal Developments:** Bullish (lawsuit win, shareholder lawsuit dismissed).

**Partnerships:** Bullish (LiveOne renewed partnership through 2026).

**Insider Activity:** Bearish (SVP Xiaotong Zhu sold shares).

**Stock Performance:** Mixed (up 25% YTD, down 5% recently).

**Product Updates:** Bearish (price cuts throughout 2023); Bullish (Cybertruck review, upcoming tech event).

**Net Tilt:** Neutral to Slightly Bearish."
2024-10-02,80,"**Bullish Signals:**
- Truist Securities upgrades Tesla’s price target to $236 from $215.
- Q3 sales beat Wall Street expectations.
- Tesla’s production increased by 14.4% and Model 3/Y production by 6.4%.
- Model Y approval for government use.
- Expected increase in deliveries in 2024.
- Preparing to unveil robotaxi and cheaper passenger car.
- Tesla wins legal battle.

**Bearish Signals:**
- Guidance suggests vehicle sales growth may be notably lower in 2024.
- Q3 deliveries missed estimates.
- Vehicle sales slumped, revenue growth slowed.
- Stock price fell post-Q3 results and due to Cybertruck delay.
- CFO Vaibhav Taneja sold shares.
- Under federal investigation.

**Net Tilt:** Bearish due to multiple negative signals outweighing positive ones."
2024-10-03,59,"**Bullish Signals:**
- JPMorgan upgrades Tesla’s price target to $130 from $115.
- Tesla’s vehicle sales returned to growth.
- Tesla sees Q3 sales increase by 6.5%.
- Tesla plans to launch Full Self-Driving (FSD) in China and Europe by Q1 2025.
- Tesla scales up Cybertruck production.
- Multiple institutional investors increased their stakes in Tesla.

**Bearish Signals:**
- Sanford C. Bernstein downgrades Tesla to “Underperform.”
- Goldman Sachs lowers price target to $230 from $248.
- Third-quarter delivery results missed expectations.
- Tesla delivered only 2,649 vehicles to Australia.
- Tesla sales dropped by nearly half.
- Tesla recalls over 27,000 Cybertrucks.
- Tesla’s Chief Information Officer resigns.
- Tesla is losing market share.
- Swedish union files lawsuit against Tesla.
- Tesla discontinues the cheapest version of the Model 3 in the US.
- Tesla stock dips at the start of October.

**Net Tilt:** Bearish due to multiple downgrades, recalls, and legal issues outweighing positive sales growth and production increases."
2024-10-04,22,"**Analyst Ratings and Price Targets:** Bearish (Ubs downgraded to Sell); Bullish (Morgan Stanley Overweight, Truist raised to $236, Mizuho to $230, Hsbc to $130).  
**Revenue and Market Share:** Bearish (Tesla’s EV market share declined).  
**Product Issues:** Bearish (Model 3 withdrawal, truck recall, strike by mechanics).  
**Executive Changes:** Bearish (Rich Otto resignation).  
**Ownership Trends:** Mixed (Rockland Trust Co. and Llp increased holdings; Ma reduced position).  
**Stock Performance:** Bullish (Stock up over 20% in the month, higher on Friday).  
**Net Tilt:** Bearish due to multiple negative signals outweighing positive ones."
2024-10-05,15,"**Analyst Actions:** Bullish (Guggenheim upgraded to $153.00), Bearish (Barclays downgraded to $220.00).

**Ownership Changes:** Bullish (multiple institutions increased holdings), Bearish (Trust Co. of Toledo sold shares).

**Analyst Ratings:** Neutral (Canaccord Genuity reaffirmed buy at $254.00, Wedbush reiterated outperform at $300.00).

**Fundraising:** Tesla raising $783 million.

**Price Movement:** Tesla stock down 1.2%.

**Earnings Estimate:** Analysts predict EPS of 1.74 for FY.

**Net Tilt:** Mixed signals with slight bullish bias due to upgrades and increased institutional holdings."
2024-10-06,5,"**Revenue Guidance:** Bullish; Tesla aims to boost Q4 sales, indicating confidence in demand.

**Ownership Increase:** Bullish; Institutional investor increased stake by 7.4%, showing confidence.

**Analyst Rating:** Neutral; Morgan Stanley maintained ""overweight"" with a $310 price target, suggesting cautious optimism.

**Stock Performance:** Bearish; TSLA fell 4% last week, reflecting recent market sentiment.

**Product Development:** Bullish; New robotaxi launch imminent, potentially driving future growth.

**Net Tilt:** Mixed signals but slightly bullish due to strategic moves and product launches outweighing short-term performance dip."
2024-10-07,16,"**Bullish Signals:**
- **Analyst Upgrade:** TD Cowen upgraded Tesla to a Buy with a new $180.00 price target.
- **Product Launch:** Tesla is unveiling its Robotaxi this week.
- **Institutional Buying:** Sumitomo Mitsui Trust Holdings Inc. increased holdings by 12.9%, and another firm increased by 1.0%.
- **Stock Performance:** Tesla stock was up 1% YTD.

**Bearish Signals:**
- **Recall:** Tesla recalled over 27,000 Cybertrucks.
- **Contract Losses:** Geico terminated contracts with Tesla.
- **Downgrade:** Sanford C. Bernstein maintained an Underperform rating with a $120.00 target price.

**Net Tilt:** Mixed, but slightly bullish due to product launch and institutional buying outweighing contract losses and recalls."
2024-10-08,35,"**Analyst Actions:** Bullish (Wedbush, Mizuho, Truist, RBC, Piper Sandler all upgraded price targets to $230-$310). **Revenue Outlook:** Bearish (sales slump reported). **Product Launches:** Bullish (436-mile Model 3 launched). **Supply Improvements:** Bullish (output improved). **Price Adjustments:** Mixed (prices increased but stock down 3.7%). **Ownership Changes:** Net Neutral (multiple funds increased holdings, some decreased). **Geopolitical:** Neutral (Brazil embargo lifted, European ban noted). **EPS Guidance:** Neutral (analysts predict $1.74 EPS). **Net Tilt:** Bullish."
2024-10-09,32,"**Net Tilt: Mixed**

**Bullish Signals:**
- **Analyst Upgrades:** Guggenheim upgraded price target from $134 to $153; Hsbc from $120 to $130.
- **Product Launches:** Tesla to unveil Robotaxi and another new car on Oct 10.
- **Revenue Growth:** China-made EV sales up 19.2%.
- **Investor Interest:** Multiple institutions increased holdings significantly.

**Bearish Signals:**
- **Analyst Downgrade:** Citigroup lowered target from $274 to $258.
- **Recalls:** Over 27,000 Cybertrucks recalled for rearview camera issue.
- **Sell Activity:** One bank sold 205 shares.

**Neutral Signals:**
- **Rating Reaffirmations:** Wells Fargo, Needham, Oppenheimer maintained ratings.
- **Price Targets:** Royal Bank of Canada set new target at $236.

**Net Tilt:** Mixed due to conflicting analyst actions and product developments."
2024-10-10,16,"**Earnings & Delivery:** Missed delivery expectations (bearish).

**Product Updates:** Recalling Full Self-Driving (bearish); launching Cybercab robotaxi (bullish).

**Regulatory & Legal:** DOJ investigation ongoing (bearish); settlement details unclear (neutral).

**Ownership & Trading:** Hancock Whitney Corp increased holdings by 11.4% (bullish); Tesla bought back 90,046 shares (bullish); Brookstone Capital Management purchased shares (bullish); share price fluctuated (+1.1%, then -1.41%) (mixed).

**Exports & Competition:** Model Y exports up 1.9% (bullish); facing rising competition (bearish).

**Net Tilt:** Mixed, with some bullish signals (product launches, ownership increases) offsetting bearish ones (earnings miss, recalls, legal issues)."
2024-10-11,85,"**Bullish Signals:**
- **Price Target Upgrades:** Truist Financial upgraded target from $215 to $236; TD Cowen from $160 to $180.
- **Product Launches:** Multiple autonomous vehicles, including a futuristic bus, robotaxi, and Optimus robot assistant.
- **Stock Performance:** Tesla’s stock rose 50% since April.

**Bearish Signals:**
- **Earnings Miss:** Third-quarter deliveries missed estimates.
- **Revenue Slump:** Facing slowing EV sales.
- **Legal Setback:** Lost Swedish postal blockade lawsuit.
- **Market Share Decline:** European market share slipping.
- **Demand Pullback:** Struggling with reduced consumer demand.
- **Stock Drops:** Pre-market and post-robotaxi unveiling, shares fell significantly.

**Net Tilt:** Bearish due to multiple negative financial and legal developments outweighing positive product launches."
2024-10-12,19,"**Market Share Gain:** Bullish; Tesla’s market share has increased.

**Product Release:** Bearish; Tesla introduced a robotaxi/robocab but failed to deploy any autonomous vehicles, leading to a drop in shares.

**Stock Performance:** Bearish; Tesla shares sank nearly 9%, opening at $217.80 and closing at $238.77 after the robotaxi announcement.

**Analyst Actions:** Mixed; Piper Sandler upgraded Tesla’s price target from $300 to $310, while Needham maintained a hold rating.

**Ownership Changes:** Bullish; Robinhood and Independence Bank of Kentucky increased their Tesla holdings, and Ark Investment bought additional shares.

**Net Tilt:** Net bearish due to significant stock losses despite some positive ownership actions."
2024-10-13,17,"**Price Target Adjustments:** Bearish (Citigroup downgraded from $274 to $258); Bullish (Royal Bank of Canada upgraded from $224 to $236).

**Ownership Changes:** Mixed (Llp, Vanguard, and others increased holdings; A. and Koshinski decreased holdings).

**Partnership:** Bullish (Tesla and xAI tie-up).

**Negative Events:** Bearish (four deaths in Tesla car accident, stock down 8.8%).

**Analyst Ratings:** Neutral (multiple firms maintained ratings with mixed targets).

**Net Tilt:** Net slightly bearish due to price target downgrades and negative events outweighing positive signals."
2024-10-14,19,"**Price Target Upgrades:** Evercore ISI upgraded Tesla’s price target to $195 from $145; HSBC raised it to $130 from $120 (Bullish).

**Product Launches:** Tesla unveiled autonomous 'Robotaxi' and several new products (Bullish).

**Revenue Growth:** Domestic sales in China reached a year-to-date high; Model Y sales hit record highs (Bullish).

**Analyst Actions:** HSBC reduced rating but lifted price target; Stifel confirmed Buy rating; KGI Securities reiterated Neutral with $236 PT (Mixed).

**Earnings:** EPS forecasted at 57 cents, down from 66 cents (Bearish).

**Stock Performance:** Stock rose 1.13% to $220.26 but fell nearly 9% on Friday (Mixed).

**Negative Events:** Tesla crash in France killed four (Bearish).

**Net Tilt:** Bullish due to multiple upgrades and product launches outweighing earnings miss and negative events."
2024-10-15,17,"**Revenue/Guidance:** Bearish. Sales declines reported; EPS estimates cut by analysts (-0.62), but Q3 Cybertruck sales surged (+0.65).

**Earnings:** Bullish. Earnings per share at $2.24, beating estimates (+0.61).

**Product:** Bullish. Unveiled Robotaxi platform and Optimus, aiming for late 2025 launch (+0.52).

**Stock Performance:** Mixed. Stock slides due to Robotaxi concerns (-0.51), but gains 0.7% midday (+0.23).

**Partnerships:** Neutral. Potential partnerships with Uber discussed (+0.49).

**Supply/Ownership:** Neutral. Delivered 1.3M EVs, individuals hold significant shares (+0.0).

Net Tilt: **Bullish**."
2024-10-16,25,"**Bullish Signals:**
- **Price Target Upgrades:** TD Cowen ($180 → $160), Truist Financial ($236 → $215), RBC ($236 → $224).
- **Product Launch:** Tesla launched Supercharger network in Chile.
- **Ownership Increases:** Inc., Vanguard Group Inc., Sumitomo Mitsui Trust Holdings Inc. increased stakes.
- **Analyst Ratings:** Wedbush “outperform” ($300), Morgan Stanley “overweight” ($310).

**Bearish Signals:**
- **Ownership Decrease:** NBC reduced stake.
- **Price Target Downgrades:** Hsbc “reduce” ($124), Wells Fargo “underweight” ($120).
- **Stock Performance:** Tesla’s stock fell by 7%.

**Neutral Signals:**
- **Analyst Ratings:** Roth Mkm “neutral” ($85), Oppenheimer “market perform”.

**Net Tilt:** Mixed signals with a slight bullish bias due to multiple upgrades and product expansion."
2024-10-17,15,"**Product Launches:** Bullish. Tesla launched the Cybertruck in Canada and Mexico, expanding its market reach.

**Regulatory Approval:** Bullish. Stardust received approval to sell Tesla Powerwall in the U.S., boosting potential sales.

**Executive Appointments:** Bullish. Appointment of Milan Kovac as VP, Head of Engineering suggests focus on product development.

**Ownership Changes:** Mixed. Multiple firms increased stakes (168.8%, 60%), while one firm decreased its position. Net tilt slightly bullish.

**Analyst Ratings:** Bearish. Sanford C. Bernstein downgraded Tesla to ""underperform"" with a $120 price target, while Cantor Fitzgerald maintained a ""neutral"" rating with a $245 price target.

**Stock Performance:** Bearish. Tesla stock fell 11% YTD but gained 2% for the week.

**Earnings:** Neutral. Second-quarter earnings were reported in July, no new data provided."
2024-10-18,57,"**Earnings & Financials:** Bullish - Tesla reported EPS of $0.47, beating expectations. However, profit fell 45% in Q2, indicating financial strain.

**Product Recalls & Outages:** Bearish - Tesla recalled nearly 363,000 cars with FSD, adding to previous recalls of over two million vehicles. FSD faces ongoing defects and regulatory scrutiny.

**Regulatory Scrutiny:** Bearish - NHTSA is investigating Tesla’s FSD technology, while China has not approved FSD. Multiple investigations highlight growing regulatory pressure.

**Product Launches:** Mixed - Tesla plans to launch FSD in China, but approval delays suggest challenges. Previous product launches like Autopilot and Cybertruck wireless charging have been positive catalysts.

**Net Tilt:** Bearish - Regulatory issues and recalls outweigh positive financial performance and product launches."
2024-10-19,12,"**Net Tilt: Bearish**

**Legal & Regulatory:**
- **Bearish:** Tesla faces legal challenges and a safety agency investigation into Autopilot.
- **Bullish:** Wins first US Autopilot trial.

**Analyst Actions:**
- **Bullish:** Royal Bank of Canada upgrades Tesla to $236.00 from $224.00.
- **Neutral:** Deutsche Bank reiterates ""buy"" with a $295.00 target.

**Product & Pricing:**
- **Bearish:** Cybertruck gets massive price cut, indicating lower margins.

**Stock Performance:**
- **Bearish:** Stock falls after lackluster Robotaxi news."
2024-10-20,24,"**Net Tilt: Bearish**

**Price Target Upgrades:** Guggenheim upgraded from $134.00 to $153.00; Piper Sandler from $300.00 to $310.00 (Bullish).

**Regulatory Investigation:** U.S. auto safety regulator investigating Tesla’s Full Self-Driving (Bearish).

**Ownership Changes:** Multiple institutions increased holdings (Bullish); First Bancorp cut stake by 5.4% (Bearish).

**Stock Performance:** Share price plunged, opening at $220.70, lowest at $219.23 (Bearish).

**Analyst Ratings:** Mixed ratings with neutral and underperform targets ranging from $85.00 to $280.00 (Neutral-Bearish).

**Product Development:** Optimus robot prototypes shown (Neutral-Bullish).

**Net Signal:** Conflicting signals but regulatory risk and stock performance tilt bearish."
2024-10-21,36,"**Bullish Signals:**
- **Price Target Upgrades:** Mizuho upgraded price target from $180 to $230; Jefferies raised from $165 to $195.
- **Revenue Growth:** Q2 revenue hit a record $25.5 billion.
- **Product Launches:** Cybertruck released at $80k; new product planned for early 2025.
- **Ownership Increases:** Vanguard, LLC, and Sumitomo Mitsui increased holdings.

**Bearish Signals:**
- **Legal Issues:** Multiple lawsuits against Tesla, including copyright infringement and production-related disputes.
- **Regulatory Scrutiny:** Federal investigation into Tesla’s self-driving system and camera technology.
- **Stock Performance:** Year-to-date decline of 12%; Monday’s drop of 1.52%.

**Neutral Signals:**
- **Analyst Ratings:** Wells Fargo maintained “underweight” with $120 target; Morgan Stanley “overweight” with $310 target; Jefferies maintained “hold.”

**Net Tilt:** Mixed, but slightly bullish due to significant price target upgrades and strong revenue growth outweighing legal and regulatory concerns."
2024-10-22,35,"**Earnings & Guidance:** Bullish (mixed signals). Missed EPS estimates with $0.66 vs. expected higher, but Q3 revenue grew 10% YOY to $25.67B, beating expectations.

**Analyst Actions:** Bullish. Jefferies upgraded price target to $195 from $165, while Hsbc downgraded to “reduce” with $124 target.

**Product News:** Mixed. Cybertruck unveiled and shown at Paris Motor Show, but battery delay and price cut announced. Optimus robot showcased positively.

**Regulatory & Legal:** Bearish. NHTSA investigating Full Self-Driving feature; copyright infringement lawsuit filed against Tesla.

**Ownership Trends:** Mixed. Multiple institutions increased holdings, while Allspring Global Investments and My Legacy Advisors reduced stakes.

**Stock Performance:** Bearish. Stock down 16% in October, dropping 0.84% today.

**Net Tilt:** Neutral to Slightly Bearish."
2024-10-23,111,"**Earnings:** Mixed signals; EPS of $0.72 beats by $0.12, but overall earnings miss expectations. **Revenue:** Upbeat; Q3 revenue exceeded forecasts despite a reported decline. **Product:** Positive; Robovan and Cybercab unveiled. **Supply/Cost:** Bullish; production to increase, costs to reduce. **Legal/Regulatory:** Negative; lawsuit against Tesla, FSD under investigation. **Net Tilt:** Neutral-Bullish due to strong EPS and revenue beats, offset by earnings miss and legal/regulatory issues."
2024-10-24,131,"**Analyst Actions:** Wells Fargo downgraded Tesla to ""underweight,"" while KGI Securities upgraded from Neutral to Outperform and raised the price target to $278. Goldman Sachs raised its target to $250 from $230, and RBC raised it to $249 from $236.

**Earnings & Revenue:** Tesla beat Q3 EPS estimates with $0.72, reported a $2.2 billion net profit, and topped revenue expectations. However, Q3 sales targets were missed.

**Catalysts:** Tesla unveiled two new autonomous vehicles and received regulatory approval for Full Self-Driving. The company plans to boost production and vehicle deliveries, aiming for significant output growth by 2025. Tesla also launched more battery storage products and aims to deploy paid robotaxi services next year.

**Net Tilt:** Mixed, but slightly bullish due to positive earnings and product launches outweighing the negative analyst downgrade and revenue miss."
2024-10-25,49,"**Price Target Upgrades:** Stifel raised price target to $287 from $265; Truist to $238 from $236; Piper Sandler to $315 from $310 (Bullish).

**Earnings Beat:** EBITDA beat expectations (Bullish).

**Analyst Actions:** Stifel upgraded Tesla (Bullish); JP Morgan maintained Sell, Deutsche Bank maintained Buy, Sanford Bernstein underperform with $120 PT (Mixed).

**Executive Changes:** CFO Zachary Kirkhorn resigned (Bearish).

**Product Launches/Delays:** Cybercab deployment delayed; FSD deployed; rideshare services launched; Cybertruck production up (Mixed).

**Regulatory Issues:** Facing US probe (Bearish).

**Stock Performance:** Shares closed at $260.48, up 22% on Oct 24; lower today (Mixed).

**Revenue/Earnings:** Revenue up 7.8%; Q4 EPS expected to drop 10% (Mixed).

**Ownership Changes:** Ark Investment sold shares; other investors increased holdings (Mixed).

**Net Tilt:** Mixed signals; focus on product launches, regulatory risks, and analyst upgrades."
2024-10-26,19,"**Earnings:** Tesla reported EPS of $0.53, beating estimates of $0.61. **Bullish.**

**Supply Guidance:** Elon Musk predicts higher deliveries in 2024. **Bullish.**

**Price Targets:** Multiple upgrades: $250, $278, and $125. **Bullish.**

**Ownership Increases:** Various groups increased stakes in Tesla. **Bullish.**

**Analyst Ratings:** Deutsche Bank, Morgan Stanley, and Wedbush maintained positive ratings with high targets. **Bullish.** Goldman Sachs and Needham maintained neutral ratings. **Neutral.**

**Stock Performance:** Tesla stock gained 22% last week. **Bullish.**

**Net Tilt:** Strongly Bullish."
2024-10-27,19,"**Bullish Signals:**
- **Analyst Upgrades:** KGI Securities raised Tesla to ""Outperform,"" Daiwa raised PT to $285, Jefferies raised PT to $195.
- **Revenue Growth:** Q3 automotive revenue grew 2% to $20B.
- **Production Increase:** Model 3/Y production increased.
- **Insider and Institutional Buying:** Multiple large investors increased positions in Tesla.

**Bearish Signals:**
- **Regulatory Investigation:** NHTSA is investigating Tesla.
- **Mixed Analyst Ratings:** Hsbc downgraded to ""Reduce"" with a $124 PT.

**Net Tilt:** Bullish due to multiple upgrades and positive financials outweighing regulatory concerns."
2024-10-28,29,"**Net Direction: Mixed**

**Revenue: Bearish**
- Tesla sales declined in Q1 and Q2 2024.
- Revenue missed estimates by $290M in the latest quarter.

**Price Targets: Bullish**
- Td Cowen upgraded to $180 from $160.
- Piper Sandler boosted to $315 from undisclosed.
- Bank of America increased to $265 from $255.
- JPMorgan raised to $135 from $130.

**Cost Reduction: Bullish**
- Tesla aims to reduce structural platform costs.

**Stock Performance: Bullish**
- Stock hit 52-week high at $271.21.
- Surged 26% in two days.

**Ownership Changes: Mixed**
- Sumitomo Mitsui Trust Holdings increased stake by 12.9%.
- Carret Asset Management reduced stake.
- Valley National Advisers trimmed position.

**Analyst Ratings: Mixed**
- Sanford C. Bernstein reiterated ""underperform"" with $120 PT.
- Deutsche Bank maintained ""buy.""
- Wolfe Research maintained ""Peerperform.""

**Earnings: Neutral**
- Reported Q3 earnings last week."
2024-10-29,19,"**Earnings & Guidance:** Bullish. Tesla’s Q3 earnings beat expectations, with Canaccord Genuity raising its price target to $278 from $254 and Barclays to $235 from $220.

**Product Launches:** Bullish. Tesla plans multiple model launches in 2025 and will introduce unsupervised Full-Self Driving in Texas.

**Stock Movements:** Mixed. Shares dropped on Monday but gained 1.4% on Friday, closing at $269.19 after opening at $262.51.

**Insider Activity:** Bearish. CFO Vaibhav Taneja sold 4,000 shares.

**Facility Expansion:** Bullish. Tesla is expanding its Austin Gigafactory.

**Net Tilt:** Bullish. Positive analyst upgrades and product launches outweigh the drop in share price and insider selling."
2024-10-30,15,"**Price Target Upgrade:** Goldman Sachs upgraded Tesla’s price target from $230.00 to $250.00 (Bullish).

**Product Launches:** Tesla unveiled the 'Cybercab' and launched a new Powerwall (Bullish).

**Facility Sale:** Mdh acquired a Tesla-leased logistics park near Austin (Bearish).

**Ownership Increases:** Multiple institutions (BCIM, Ark Investment, DFA, Inc., LLC) increased their Tesla stakes significantly (Bullish).

**Analyst Rating:** Morgan Stanley reaffirmed an “overweight” rating with a $310.00 price target (Bullish).

**Stock Performance:** TSLA stock traded up 1.4% but also saw a price drop to $258.78 (Mixed).

**Net Tilt:** Bullish due to multiple upgrades and product launches outweighing facility sale concerns."
2024-10-31,15,"**Revenue and Earnings:** Bullish. Q3 revenue surged 24%, EPS beat expectations at $0.72 vs. $0.65.

**Analyst Actions:** Mixed. Wells Fargo upgraded price target from $120 to $125; Roth MKM downgraded to neutral with $85 PT; Deutsche Bank maintained buy with $295 PT; Needham maintained hold.

**Institutional Ownership:** Bullish. Llp increased stake by 347.7%, M&R Capital by 263.2%.

**Catalysts:** Bullish. Volvo struck a major deal with Tesla; stock up 4.4% YTD.

**Net Tilt:** Bullish. Revenue growth, EPS beat, institutional buying outweigh analyst mixed ratings."
2024-11-01,12,"**Price Target Upgrades:** Stifel Nicolaus upgraded Tesla’s price target to $287.00 (Bullish). Truist Financial slightly increased their target to $238.00 (Bullish).

**Analyst Ratings:** Wedbush maintained an “outperform” rating with a $300.00 target (Bullish). Hsbc and Sanford C. Bernstein both maintained negative ratings at $124.00 and $120.00 respectively (Bearish). Phillip Securities raised to a “moderate sell” (Bearish).

**Ownership Changes:** Vanguard increased its stake by 1.7% (Bullish). An unnamed entity reduced its position by 3.7% (Bearish).

**Earnings Estimate:** Analysts predict EPS of 1.96 for FY (Neutral).

**Other:** Tesla sold $499 million in debt (Neutral).

**Net Tilt:** Mixed signals, but slight Bullish bias due to upgrades and increased stake."
2024-11-02,4,"**Price Target Upgrades:** Canaccord Genuity upgraded Tesla’s price target to $278.00 from $254.00 (Bullish). Barclays increased the target to $235.00 (Bullish). **Consensus Target:** Analysts set a consensus target price of $219.45 (Bullish). **Product Enhancement:** Tesla is redesigning the Model Y to be dog-friendly (Bullish).

**Net Tilt:** Bullish."
2024-11-03,7,"**Product Review Positive:** Bullish. A positive review of Tesla’s refreshed Model 3 suggests potential for increased sales.

**Acquisition:** Neutral. A man buying a Tesla for $140,000 highlights high-end demand but lacks broader market impact.

**Facility Open:** Bullish. Opening a store in the Philippines expands Tesla’s global footprint.

**Ownership Increase:** Bullish. LLC increased holdings by 4.6%, indicating institutional confidence.

**Analyst Rating Reaffirmation:** Bullish. Morgan Stanley reaffirmed “overweight” with a $310 price target.

**Revenue Miss:** Bearish. Q3 revenue of $25.18B missed expectations by $290M.

**Net Tilt:** Mixed, leaning slightly bullish due to product reception, expansion, and institutional support, despite revenue miss."
2024-11-04,25,"**Product Release:** Bullish - Tesla introduced its autonomous ""Cybercab"" (signal: product-release).

**Supply & Production:** Bearish - Model Y deliveries down 22.7% MoM, deliveries down 2.3%, and market share down in Q3 (signals: supply-decrease). Net tilt: Bearish.

**Revenue & Sales:** Bearish - Sales in China plunged, overall sales slumped in 2024, and October sales dropped (signals: revenue-volume-down, revenue-down). Cybertruck sales surged (signal: revenue-up). Net tilt: Bearish.

**Price Targets & Analyst Ratings:** Mixed - RBC upgraded price target to $249.00, Bank of America to $265.00, and Guggenheim to $156.00 (signals: price-target-upgrade). Wedbush reiterated ""outperform"" at $300.00, Needham maintained ""hold"" (signals: analyst-ratings-change-neutral). Net tilt: Neutral.

**Ownership & Stock Performance:** Mixed - Group increased stake by 60% in Q3 (signal: ownership-increase-held). Stock down 2% to $244.80 on Monday but up 0.2% YTD (signals: stock-loss, stock-gain). Net tilt: Bearish."
2024-11-05,18,"**Revenue and Earnings:** Bullish. Tesla’s energy revenue surged 52% to $2.4 billion in Q3, and fiscal 2024 earnings are up 8%.

**Analyst Actions:** Mixed. Stifel Nicolaus upgraded price target to $287 from $265; JPMorgan raised target to $135 from $130. Stocknews.com upgraded to Hold from Sell, while Phillip Securities downgraded to Moderate Sell.

**Insider Activity:** Bearish. Tesla CFO Taneja sold $1 million in stock.

**Ownership Changes:** Bullish. Multiple institutions increased holdings: Llp by 347.7%, Vanguard by 1.7%, and BCIM by 60.2%.

**Price Movements:** Mixed. Shares slid pre-market but gained 3.8% mid-day.

**Catalysts:** Neutral. Musk joining Trump event; wage increases announced."
2024-11-06,54,"**Earnings & Revenue:** Bullish. Tesla’s Q3 earnings beat expectations, with vehicle sales projected to grow 20%-30% next year.

**Stock Performance:** Bullish. Tesla stock surged over 15%, reaching a 15-month high, driven by strong earnings and product launches.

**Product Launches:** Bullish. Cybertruck debuted in both Canada and the U.S., boosting investor sentiment.

**Legal & Regulatory:** Bearish. A legal dispute and a U.S. investigation into Full Self-Driving were announced.

**Insider Activity:** Bearish. Musk sold $15.1M in Tesla stock, while the firm lowered its stake.

**Net Tilt:** Bullish. Positive earnings and stock performance outweigh legal/regulatory concerns and insider selling."
2024-11-07,14,"**Bullish Signals:**
- **Price Target Upgrade:** Bank of America upgraded Tesla’s price target to $350 from $265.
- **Product Launch:** Tesla plans to launch a self-driving cab service in late 2025.
- **Stock Performance:** Tesla hit 26-month highs, reached 52-week highs, and rallied 14-15% on Wednesday.
- **Market Expansion:** Tesla is entering the smartphone market.

**Bearish Signals:**
- None identified.

**Net Tilt:** Bullish."
2024-11-08,44,"**Price Target Upgrades:** Bullish. Bank of America raised target from undisclosed to higher, Jefferies from $165 to $195, Canaccord Genuity from $254 to $278, and Guggenheim from $153 to $156.

**Product Launches:** Bullish. Tesla launched Model 3 and Model Y in the Philippines, debuted robotaxi and Cybercab, and began selling full self-driving tech.

**Insider Sell:** Bearish. Kimbal Musk sold 60,500 shares.

**Regulatory Issues:** Bearish. NHTSA opened an investigation into Tesla’s FSD software.

**Stock Performance:** Mixed. Tesla stock soared after news, with gains of over 62% in six months, but China sales plunged 41.43%.

**Analyst Ratings:** Neutral. Sanford C. Bernstein maintained “underperform” at $120, while Deutsche Bank reaffirmed “buy” at $295, and Cantor Fitzgerald reissued “neutral” at $245.

**Ownership Increases:** Bullish. Various firms increased holdings/stakes in Tesla.

**Earnings Estimate:** Neutral. Analysts predict EPS of 1.96 for the current year.

**Net Tilt:** Bullish, despite regulatory concerns and insider sell."
2024-11-09,10,"**Price Target Upgrade:** Bullish. Bank of America upgraded Tesla’s price target from $265.00 to $350.00.

**Insider Sell:** Bearish. CFO Vaibhav Taneja sold 4,000 shares.

**Stock Performance:** Bullish. Tesla shares surged over 30% this week, closing up 8.2% at $321.22 on Friday, driven by Trump-related news.

**Ownership Increase:** Bullish. M&R Capital Management Inc. increased its stake by 263.2% in Q3.

**Cybertruck Price:** Neutral. Starting price set at $999.

**Net Tilt:** Bullish. Despite the insider sell, strong stock performance and ownership increase outweigh the negative signal."
2024-11-10,15,"**Bullish Signals:**
- **Analyst Upgrades:** KGI Securities upgraded Tesla from ""neutral"" to ""outperform""; Barclays raised PT to $235 from $220; RBC raised PT to $249 from $236.
- **Earnings & Revenue Growth:** Q4 profit rose; Q4 revenue up 7.8%.
- **Stock Performance:** Shares gained 29% in one week; market cap surpassed $1 trillion.
- **Increased Ownership:** Multiple entities increased stakes in Tesla.

**Bearish Signals:**
- **Product Recall:** Over 2 million vehicles recalled.
- **Regulatory Scrutiny:** Facing NHTSA investigation.

**Net Tilt:** Bullish, with strong analyst upgrades and positive financial performance offsetting product recall and regulatory concerns."
2024-11-11,25,"**Bullish Signals:**
- **Price Target Upgrades:** Wedbush and Ives upgraded Tesla’s price target to $400 from $300.
- **Acquisition Rumor:** Tesla is reportedly buying Stellantis.
- **Product Launch:** Tesla made its Philippine debut.
- **Stock Performance:** Tesla rose 5% pre-market and saw gains over 7% multiple times, reaching $1 trillion market cap.

**Bearish Signals:**
- **Earnings Miss:** Tesla reported a $5 billion loss.
- **Stock Decline:** Tesla was down 17% in July.

**Neutral Signals:**
- **Revenue:** Tesla posted $25.18 billion in revenue.
- **Model Y Pricing:** Model Y starts at PHP 2,369,000 in the Philippines.

**Net Tilt:** Mixed, but slightly bullish due to multiple price target upgrades and strong stock performance overshadowing the earnings miss."
2024-11-12,29,"**Price Target Upgrades:** Canaccord Genuity ($254→$278), Stifel Nicolaus ($265→$287), JPMorgan ($130→$135), Guggenheim ($153→$156), Truist Financial ($236→$238) – **Bullish**.

**Stock Performance:** Tesla stock spiked over 60%, soared 38% YTD, climbed 9%, and rose 7.8% – **Bullish**.

**Analyst Actions:** HSBC downgraded to “reduce” with $124 PT, Sanford Bernstein to “underperform” with $120 PT, Morgan Stanley maintained “overweight” with $310 PT, Needham maintained “hold” – **Mixed** (Net Tilt: Bullish).

**Product Launch:** Tesla unveiled Cybercab – **Bullish**.

**Ownership Changes:** Multiple firms increased stakes; Platform Technology Partners decreased stake – **Mixed** (Net Tilt: Bullish).

**Earnings Estimate:** Analysts forecast EPS of 1.96 for the current year – **Neutral**."
2024-11-13,23,"**Goldman Sachs Upgrades Tesla:** Bullish; Goldman Sachs raised the target price from $230.00 to $250.00.

**Product Recalls:** Bearish; Tesla recalled over 2,400 Cybertrucks and nearly two million vehicles due to software issues.

**Stock Performance:** Mixed; Tesla shares surged 42% but closed down 6.1% on Tuesday at $328.64.

**Institutional Ownership:** Mixed; Mizuho Securities increased holdings by 56.4%, while another firm cut its stake.

**Cybertruck Rollout:** Bullish; Tesla rolled out the latest Cybertruck model."
2024-11-14,19,"**Price Target Upgrades:** Jefferies raised price target to $300 (from $195); Wedbush increased to $400 (from $300); Wells Fargo to $125 (from $120). **Bullish**.

**Product Updates:** Cybertruck debuted but also issued in a sixth recall. **Mixed**.

**Stock Performance:** Multiple reports indicate stock losses due to broader market sentiment and specific company news. **Bearish**.

**Insider Activity:** Tesla CFO Vaibhav Taneja sold $3.8M in stock. **Bearish**.

**Ownership Changes:** Huntington National Bank reduced holdings; Omnia Family Wealth LLC increased stake. **Net Neutral**."
2024-11-15,30,"**Earnings & Profit:** Bullish. Tesla reported a net income of $2.2 billion, indicating a profit increase.

**Analyst Actions:** Mixed. Phillip Securities downgraded to ""strong sell"" (bearish), while Bank of America, RBC, and Jefferies raised price targets to $350, $313, and above $236 respectively (bullish).

**Product Launch:** Bullish. Tesla officially launched V.

**Insider Activity:** Bearish. Director Kathleen Wilson-Thompson sold 100,000 shares.

**Partnerships:** Bullish. Tesla partnered with Lyft and Uber.

**Ownership Changes:** Mixed. Vanguard and LLC increased holdings, while Pinnacle Financial Partners sold shares.

**Stock Performance:** Mixed. Shares hit highs but closed down 5.8%, trading at $324.53.

**Net Tilt:** Neutral to Slightly Bullish."
2024-11-16,16,"**Net Tilt: Bearish**

**Analyst Actions:**
- **Bearish:** Phillip Securities downgraded Tesla to ""Strong Sell"" (DIRECTION: Bearish).
- **Neutral:** Robert W. Baird maintained ""Outperform"" with a $280 target (DIRECTION: Bullish).
- **Neutral:** Sanford C. Bernstein maintained ""Underperform"" with a $120 target (DIRECTION: Bearish).
- **Neutral:** Needham maintained ""Hold"" (DIRECTION: Neutral).

**Price Target Adjustments:**
- **Bullish:** Canaccord Genuity raised PT to $278 (DIRECTION: Bullish).
- **Bullish:** Barclays raised PT to $235 (DIRECTION: Bullish).
- **Bullish:** JPMorgan raised PT to $135 (DIRECTION: Bullish).
- **Bullish:** Guggenheim raised PT to $156 (DIRECTION: Bullish).

**Ownership Changes:**
- **Bullish:** MidwestOne, Oppenheimer, and FMR increased holdings (DIRECTION: Bullish).
- **Bearish:** Insider sold $34.6M worth of stock (DIRECTION: Bearish).

**Stock Performance:**
- **Bullish:** Tesla stock up 2.2% and 3.1% (DIRECTION: Bullish).

**NET TILT:** Bearish due to"
2024-11-17,3,"**Wells Fargo Upgraded Tesla:** Wells Fargo raised its target price on Tesla from $120.00 to $125.00, indicating **bullish sentiment**.

**Increased Ownership:** Group LLC increased its holdings in Tesla by 60.0% in Q3, signaling **bullish investor confidence**.

**Stable Ownership:** Another entity maintained its stake at $3.86 million, showing **neutral ownership trends**.

**Net Tilt:** Bullish, with upgrades and increased investment overshadowing stable positions."
2024-11-18,38,"**Product Release:** Bullish. Tesla unveiled Cybercab in early October and plans to launch a new network, indicating continued product innovation.

**Stock Performance:** Bullish. Tesla’s stock surged dramatically, rising over 8% to $347.10, with gains attributed to various factors including Trump’s impact and positive market sentiment.

**Price Adjustment:** Bearish. Tesla slashed Model Y lease prices, suggesting competitive pricing pressures.

**Analyst Ratings:** Neutral. RBC Capital maintained a Buy rating on Tesla, with no change in price target.

**Net Tilt:** Bullish. Despite price cuts, strong stock performance and product launches outweigh competitive pressures."
2024-11-19,35,"**Price Targets:** Bullish; Bank of America, Wedbush, Barclays, and Royal Bank of Canada upgraded targets to $350, $400, $270, and $313 respectively.

**Analyst Ratings:** Mixed; Phillip Securities downgraded to ""Strong Sell,"" while other firms like Hsbc maintained ""Reduce"" ratings.

**Product Launches/Catalysts:** Bullish; Tesla unveiled its Robotaxi, launched the next-gen Powerwall, and plans to debut Cybercab and autonomous taxi services.

**Regulatory Issues:** Bearish; NHTSA launched a probe into Tesla.

**Stock Performance:** Mixed; Tesla saw significant gains (up to 8%) but also faced a strong sell recommendation.

**Net Tilt:** Net bullish due to multiple price target upgrades and product launches outweighing regulatory concerns and one strong sell rating."
2024-11-20,22,"**Analyst Ratings and Price Targets:** Bullish. Wedbush upgraded Tesla to Outperform, Goldman Sachs raised PT to $250, Barclays increased PT by $35, JPMorgan lifted PT to $135, and Guggenheim raised PT to $156. Morgan Stanley maintained Buy, while Cantor Fitzgerald and Needham kept Neutral/Hold ratings.

**Product Launch:** Bullish. Tesla unveiled AI-infused humanoid robot Optimus.

**Insider Sales:** Bearish. Tesla Chair Robyn Denholm sold $35.3 million in stock.

**Stock Performance:** Mixed. Shares dropped 38% but gained 39% YTD, reaching second-highest level.

**Settlements:** Neutral. Tesla settled with an agency.

**Ownership Changes:** Neutral. Geode Capital and another firm increased holdings in Tesla."
2024-11-21,11,"**Net Tilt: Mixed**

**Bullish Signals:**
- Stocknews.com upgraded Tesla from ""sell"" to ""hold.""
- Multiple investors significantly increased stakes: LLC upped stake by 35,611.2%, LLP by 347.7%, and another LLC acquired a new stake.
- Wedbush reaffirmed ""outperform"" with a $400 target.

**Bearish Signals:**
- Jeff Bezos advised selling Tesla.
- Connor Clark & Lunn reduced holdings.
- Tesla stock traded down 2%.

**Neutral Signals:**
- Tesla invested in renewable energy solutions."
2024-11-22,15,"**Bullish Signals:**
- **Earnings Beat:** Q3 EPS of 72 cents vs. Zacks Consensus of 58 cents.
- **Price Target Upgrades:** BofA raised target from $265 to $350; RBC from $249 to $313.
- **Stock Performance:** Gained 55% in a month, up 4.2% today.
- **Legal Settlement:** Resolved technology theft suit against Rivian.

**Bearish Signals:**
- **Insider Sale:** Director Kimbal Musk sold 60,500 shares.
- **Price Cuts:** Across models.
- **Opening Price Drop:** NASDAQ:TSLA opened at $340.17, down slightly.

**Net Tilt:** Bullish, with strong earnings and upgrades outweighing insider sales and price cuts."
2024-11-23,8,**Barclays upgraded Tesla’s price target to $235 from $220 (Bullish)**. **Tesla cleared of liability in a legal case (Bullish)**. **Tesla sued Xpeng Motors (Bearish)**. **Management increased stake by 109.6% in Q3 and BCIMC by 60.2% in Q2 (Bullish)**. **Robert W. Baird maintained “outperform” with a $280 price target (Bullish)**. **Tesla stock rose 3.8% to close at $352.56 (Bullish)**. Net tilt: **Bullish**.
2024-11-24,1,"**Product Release:** Bullish. Tesla launched FSD Supervised for Cybertruck in Canada, indicating progress in autonomous features and expanding Cybertruck’s appeal.

**Net Tilt:** Bullish. The product release suggests enhanced vehicle capabilities and potential for increased sales."
2024-11-25,35,"**Bullish Signals:**
- **Price Target Upgrades:** UBS ($226→$197), Canaccord Genuity ($254→$278), Goldman Sachs ($230→$250), Guggenheim ($153→$156).
- **Revenue Guidance:** Positive annual sales growth expected.
- **Product Launches:** Cybercab robotaxi, new 2024 Model 3, Cybertruck.
- **Stock Performance:** Soared to 52-week high, up 40% YTD, 9.9% last week.
- **Partnerships:** Partnered with QMerit for Canadian installations.
- **Settlements:** Resolved lawsuits with Rivian.

**Bearish Signals:**
- **Product Recall:** Over 3,800 Cybertrucks recalled.
- **Insider Sale:** CFO Vaibhav Taneja sold shares.
- **Price Cuts:** Model Y price cut in China, potential price slashes.
- **Stock Loss:** Could drop 35%, fell 1.9% and 1.3%.

**Net Tilt:** Mixed, but slightly bullish due to multiple upgrades and strong stock performance."
2024-11-26,10,"**Executive Resignation & Legal Issues:** Bearish. Tesla faces a class action lawsuit and has filed multiple lawsuits against others, indicating ongoing legal challenges.

**Stock Performance:** Mixed. Shares surged initially but dropped 4% by day’s end, reflecting volatility.

**Settlement & Market Entry:** Bullish. Settled a technology theft suit with Rivian and expanded operations in China, signaling positive developments in resolving disputes and market growth.

**Price Cuts:** Bearish. Price cuts on Model 3 and Model Y suggest weakening demand or competitive pressures.

**Net Tilt:** Bearish. Conflicting signals but price cuts and share drop indicate overall pressure."
2024-11-27,17,"**Analyst Actions:** Bullish. KGI Securities upgraded Tesla to ""Outperform,"" while Bank of America, Barclays, and RBC raised price targets to $350, $235, and $313 respectively. HSBC maintained a ""Reduce"" rating with a $124 target.

**Fines:** Bearish. Tesla was fined $23,560 and $7,000 for federal violations.

**Product Updates:** Bullish. Tesla launched an updated referral program in the U.S. and Canada.

**Insider Activity:** Bearish. Director Kimbal Musk sold 60,500 shares.

**Ownership Changes:** Bullish. Two firms increased stakes in Tesla.

**Price Targets:** Mixed. Average target is $230.18, but major upgrades indicate bullish sentiment.

**Stock Performance:** Bearish. Tesla stock opened at $338.23 and fell nearly 4% yesterday.

**Earnings Estimate:** Neutral. Analysts predict EPS of 1.99 for the current fiscal year."
2024-11-28,19,"**Price Target Upgrades:** Stifel Nicolaus upgraded Tesla’s price target from $265 to $287 (Bullish). Piper Sandler raised their target from $310 to $315 (Bullish).

**Product Updates:** Tesla released API pricing for third-party developers (Neutral). Rolled out Cybertruck horn update (Bullish). Offered big discounts on Model 3 (Bullish).

**Ownership Increases:** Vinva Investment Management and UBS Americas increased stakes in Tesla (Bullish).

**Analyst Ratings:** Sanford C. Bernstein reaffirmed “Underperform” with a $120 price target (Bearish). RBC Capital reiterated “Buy” (Bullish).

**Negative Signals:** Australia banned Elon Musk’s X and TikTok (Bearish). Tesla stock crashed by 33% (Bearish).

**Net Tilt:** Mixed signals; slight Bullish bias due to multiple upgrades and ownership increases."
2024-11-29,18,"**Bullish Signals:**
- **Jefferies** upgraded price target from $195 to $300.
- **UBS** raised price target from $197 to $226.
- **Jim Cramer** recommends buying Tesla.
- Tesla stock has gained 33.2% in November.
- **Guggenheim** slightly increased price target from $153 to $156.
- **Llc** increased holdings by 168.8% in Q2.
- **Glenmede Trust Co. NA** purchased Tesla shares.

**Bearish Signals:**
- Namibia banned Starlink.
- Tesla CFO Vaibhav Taneja sold 4,000 shares.
- Tesla stock fell 2.1% for the week.

**Neutral Signals:**
- Cantor Fitzgerald maintained neutral rating with $245 price target.

**Net Tilt:** Bullish, driven by multiple upgrades and strong stock performance despite some insider selling."
2024-11-30,8,"**Private Buyout Consideration:** Bullish; Tesla is considering going private at $420/share.

**Legal Resolutions:** Neutral; JPMorgan dropped its suit against Tesla, while Tesla’s countersuit remains unresolved.

**Stock Performance:** Bullish; Tesla stock surged 34%.

**Ownership Increase:** Bullish; Westwood Holdings increased its stake by 466.9%.

**Price Target Upgrade:** Bullish; Truist Financial upgraded target from $236 to $238.

**Net Tilt:** Bullish."
2024-12-01,9,"**Price Target Upgrades:** Royal Bank of Canada upgraded Tesla’s target price from $249.00 to $313.00 (Bullish). JPMorgan Chase raised its price objective from $130.00 to $135.00 (Bullish).

**Product Catastrophe:** College students killed in Tesla Cybertruck crash (Bearish).

**Board Member Resignation:** Elon Musk agreed to step down as Tesla’s chairman for three years (Bearish).

**Legal Issues Resolved:** JPMorgan Chase dropped a lawsuit against Tesla (Bullish).

**Insider Sell:** Robyn M. Denholm sold 112,390 shares (Bearish).

**Stock Performance:** Tesla’s share price is spiking (Bullish).

**Settlement:** Musk settled fraud charges (Neutral).

**Ownership Increase:** A group increased holdings in Tesla by 60.0% (Bullish).

**Net Tilt:** Mixed signals with significant upgrades offset by negative events like the crash and insider sell."
2024-12-02,39,"**Bullish Signals:**
- **Price Target Upgrades:** Stifel raised price target to $411 from $287; Wells Fargo increased to $125 from $120.
- **Analyst Upgrades:** Roth MKM upgraded Tesla to Buy from Neutral.
- **Product Launches:** New full self-driving version, FSD, and robotaxi service planned for late 2025.
- **Stock Performance:** Shares rallied 43.4% YTD, 38% in November, and rose 3-4% multiple times recently.

**Bearish Signals:**
- **Crash Incident:** Young adults killed in Tesla Cybertruck crash.
- **Legal Setback:** Ordered to pay $345 million.
- **Revenue Drop:** UK registrations tumbled 64%.
- **Insider Sale:** Director Kathleen Wilson-Thompson sold 100,000 shares.

**Net Tilt:** Mixed signals suggest caution; consider market context before deciding."
2024-12-03,37,"**Net Direction: Mixed**

**Bullish Signals:**
- **Revenue Growth:** Sales rise in China.
- **Production Guidance:** Musk projects production growth.
- **Product Rollout:** FSD rollout continues.
- **Price Target Upgrades:** UBS, Canaccord Genuity, Barclays raise targets.
- **Stock Performance:** TSLA up 42% since Nov. 5.

**Bearish Signals:**
- **Downgrade:** Phillip Securities downgraded to ""strong sell.""
- **Demand Slowdown:** Cybertruck workers on furlough, signaling demand slowdown.
- **Insider Sell:** CFO Vaibhav Taneja sold shares.
- **Production Halt:** Cybertruck production shut down for 3 days.
- **Stock Losses:** Multiple instances of stock declines.

**Neutral Signals:**
- **Ownership Changes:** Various firms increase holdings, but some reduce stakes.
- **Price Target Adjustments:** Morgan Stanley reaffirms overweight with new target.
- **Earnings Forecast:** Analysts predict EPS of 1.99 for FY2024.

**Net Tilt: Mixed due to conflicting signals.**"
2024-12-04,17,"**Roth Capital Upgrades Tesla (TSLA) to Strong-Buy**, Bullish (Evidence: Analyst upgrade).

**Model Y Sales Increased**, Bullish (Evidence: Revenue uptick).

**Cybertruck Crash Kills Student**, Bearish (Evidence: Product catastrophe).

**China Market Share Shrinks to 6%**, Bearish (Evidence: Market share loss).

**Hydrogen-Powered Car & New Vehicle Announced**, Bullish (Evidence: Product release).

**Cybertruck Production Suspended & Drops**, Bearish (Evidence: Supply decrease).

**Tesla Car Crash in New York**, Bearish (Evidence: Automobile accident).

**Llp Increases Stake by 347.7%**, Bullish (Evidence: Ownership increase).

**November Sales Slip 4.3% in China**, Bearish (Evidence: Revenue down).

**Stock Up 67% Since Q3**, Bullish (Evidence: Stock gain).

**Net Tilt**: Mixed signals with some bullish (analyst upgrade, sales increase, stake increase) and bearish (crash, market share drop, production issues, revenue decline) factors."
2024-12-05,37,"**Bullish Signals:**
- **Price Target Upgrades:** Jefferies to $300, Stifel to $411, RBC to $313, Bank of America to $400.
- **Revenue Growth:** Highest monthly sales recorded.
- **Product Launch:** Showing off Cybercab.
- **Stock Performance:** Reached 32-month highs, climbed 1.9-3%, hit 52-week high.

**Bearish Signals:**
- **Insider Sales:** Robyn Denholm ($39.8M), Vaibhav Taneja ($2.48M).
- **Regulatory Issues:** Cybertruck crash under review by NHTSA, Optimus development potentially reducing production.
- **Product Recall:** Some Model Y SUVs recalled.

**Net Tilt:** Bullish, with strong analyst upgrades and positive revenue signals outweighing regulatory concerns and insider sales."
2024-12-06,8,"**Deutsche Bank upgraded Tesla’s price target to $370 from $295, while Barclays raised theirs from $220 to $235.** (Bullish)

Tesla temporarily halted Cybertruck assembly. (Bearish)

Moore sued Tesla in U.S. District Court. (Bearish)

Tesla’s stock climbed to its highest level, gaining 3.7% during mid-day trading. (Bullish)

Tesla plans to raise capital. (Bearish)

Net tilt: Mixed, but slightly bullish due to upgrades and stock gains outweighing operational and legal issues."
2024-12-07,8,"**Analyst Ratings:** Stocknews.com upgraded Tesla from ""sell"" to ""hold"" (bullish).

**Share Price:** Tesla closed up 5.3% at $389.22 (bullish).

**Product Launch:** Tesla debuted the latest Cybertruck (neutral).

**Regulatory Investigation:** NHTSA is investigating a Cybertruck crash (bearish).

**Ownership Changes:** Inc., LLC, and LLP increased their stakes in Tesla (bullish).

**Earnings Guidance:** No specific EPS guidance provided (neutral).

**Net Tilt:** Mixed signals with slight bullish bias."
2024-12-08,4,"**Insider Sales:** Bearish. Director Kathleen Wilson-Thompson sold 100,000 shares, and CFO Vaibhav Taneja sold 4,000 shares recently.

**Analyst Rating:** Neutral-Bearish. HSBC reissued a ""reduce"" rating with a $124.00 target price.

**Earnings Estimate:** Neutral. Analysts expect EPS of 1.99 for the current year.

**Net Tilt:** Bearish due to insider sales and analyst downgrade."
2024-12-09,20,"**Bullish Signals:**
- **Analyst Upgrades:** Roth Capital upgraded Tesla from ""Hold"" to ""Strong-Buy""; Bank of America, Deutsche Bank, and Wells Fargo raised price targets to $313, $313, and $125 respectively.
- **Stock Performance:** Tesla stock up 57% YTD, over 50% since Election Day, and gained 5.3% on Friday.
- **Product Launches:** Plans to launch robotaxi service in CA/TX and released new Optimus robot video.

**Bearish Signals:**
- **Regulatory Investigation:** Federal investigation into fatal Cybertruck crash.
- **Insider Sell:** Director Robyn M. Denholm sold 112,390 shares.
- **Price Target Downgrade Implied:** Nomura Asset Management’s purchase suggests mixed sentiment, but no explicit downgrade.

**Net Tilt:** Bullish, with strong analyst upgrades and positive stock performance outweighing regulatory concerns and insider selling."
2024-12-10,48,"**Analyst Actions:** Phillip Securities downgrades Tesla to ""strong sell"" (bearish). Multiple firms raise price targets: Jefferies to $300, Stifel to $411, Cantor Fitzgerald to $365, Morgan Stanley to $400, Deutsche Bank to $370, BofA to $400, UBS to $226, Guggenheim to $175, Barclays to $235, JPMorgan to $135, Truist to $238, and Piper Sandler to $315 (mixed).

**Operational Updates:** Layoffs of 10% workforce (bearish). Production ramp-up for Cybertruck (bullish). Introduction of low-cost, autonomous robotaxi services in Texas and California (bullish).

**Financial Signals:** CFO Vaibhav Taneja and Director Kimbal Musk sell significant amounts of stock (bearish). Tesla stock surges 200% (bullish).

**Legal and Regulatory:** Facing a lawsuit (bearish).

**Net Tilt:** Mixed signals with strong analyst upgrades offsetting layoffs and insider sales. **HOLD** recommended pending further clarity."
2024-12-11,37,"**Bullish Signals:**
- **Price Target Upgrades:** Canaccord Genuity upgraded price target from $254 to $278; Goldman Sachs from $230 to $250.
- **Earnings Beat:** Reported better-than-expected profit.
- **Cost Reduction:** Potential 90% reduction in fuel costs.
- **Analyst Ratings:** Stocknews.com raised rating from ""sell"" to ""hold""; Goldman Sachs lifted price target.
- **Regulatory Approval:** FSD approval expected.
- **Stock Performance:** Shares surged to record highs ($424.77).

**Bearish Signals:**
- **Layoffs:** Cut 10% of workforce.
- **Legal Issues:** Facing lawsuit.
- **Price Cuts:** Reduced prices in China.
- **Stock Drops:** Shares fell over 70% at one point.

**Net Tilt:** Mixed signals with slight net bullish bias due to multiple price target upgrades and strong earnings performance."
2024-12-12,23,"**Bullish Signals:**
- **Analyst Upgrades:** Roth MKM upgraded Tesla from Neutral to Buy; Goldman Sachs, Bank of America, and Morgan Stanley raised price targets.
- **Price Targets Raised:** Bank of America increased target from $350 to $400; Daiwa set new target at $420.
- **Stock Performance:** Tesla’s stock soared 69%, hitting record highs.
- **Product Launches:** Cybertruck launch in China imminent; FSD rollout progressing.
- **Revenue Growth:** Sales in China up 18%; overall sales boost noted.

**Bearish Signals:**
- **Insider Sales:** Kathleen Wilson-Thompson and Robyn M. Denholm sold shares.
- **Recall:** Model X recall announced.
- **Quarterly Performance:** Worst quarter since late 2022.
- **Ownership Decrease:** Ark sold $21.8M worth of Tesla shares.

**Net Tilt:** Bullish, with strong analyst support and stock performance outweighing minor setbacks."
2024-12-13,20,"**Bullish Signals:**
- **Price Target Upgrades:** Stifel Nicolaus ($287 → $411), Deutsche Bank ($295 → $370), Morgan Stanley ($310 → $400).
- **Product Releases:** Cybercab, Robovan, Levitating Cybertruck.
- **Stock Gains:** Multiple mentions of Tesla’s stock rising.
- **Ownership Increase:** A group increased stake by 60%.

**Bearish Signals:**
- **Legal Issues:** Sued over fatal Autopilot incident, SEC lawsuit against CEO.
- **Insider Sell:** CFO Vaibhav Taneja sold 4,000 shares.
- **Settlement:** Musk disputes SEC settlement.

**Net Tilt:** Bullish, with significant analyst upgrades and product launches outweighing legal and insider selling concerns."
2024-12-14,15,"**Analyst Actions:** Stocknews.com upgraded Tesla from ""Sell"" to ""Hold""; JPMorgan raised PT from $130 to $135. **Bullish**.

**Price Changes:** Tesla raised prices for Model S in the US. **Neutral/Bullish**.

**Ownership Changes:** LLC increased stake by 10.7%, while Ark Invest trimmed stake and continued selling. Trust reduced stake by 2.7%. **Mixed**.

**Performance:** Shares up 4.3% and 3.7%. **Bullish**.

**Revenue/Catalysts:** Sold 16,692 Cybertrucks Q3. **Bullish**.

**Net Tilt:** Bullish with mixed ownership signals."
2024-12-16,27,"**Net Tilt: Bullish**

**Analyst Actions & Price Targets:**
- **Bullish:** Mizuho upgraded Tesla to Outperform from Neutral.
- **Bullish:** Wedbush raised price target to $515 from $400.
- **Bullish:** Goldman Sachs, Bank of America, and Morgan Stanley also raised price targets.

**Stock Performance:**
- **Bullish:** Tesla stock climbed 4.3%, hitting a new all-time high.
- **Bullish:** Shares surged 73% since Nov. 5 and gained over 30% in six weeks.

**Product Pricing:**
- **Bearish:** Model Y saw substantial price cuts.
- **Bullish:** Overall, Tesla increased prices.

**Ownership Changes:**
- **Bearish:** Btl sold 19,500 Tesla shares.
- **Neutral:** Success Universe retained its stake.

**Revenue Guidance & Competition:**
- **Mixed:** No specific guidance provided.
- **Bearish:** Model S faces increasing competition."
2024-12-17,23,"**Bullish Signals:**
- **Price Target Upgrades:** Mizuho raised PT to $515 from $230; Wedbush raised PT to $515 from $400.
- **Analyst Upgrades:** Mizuho upgraded to Buy; Rakesh to Outperform.
- **Stock Performance:** Tesla stock soared 170%, surged 90% YTD, and rose 2-6% in recent sessions.
- **Product Launches:** Latest FSD rollout, Cybertruck FSD debut.
- **Market Share Growth:** Company’s growth and market share expanding.

**Bearish Signal:**
- **Legal Verdict:** Tesla trade secrets thief sentenced to two years in prison.

**Net Tilt:** Bullish due to strong analyst upgrades, price target hikes, and significant stock gains outweighing the legal setback."
2024-12-18,19,"**Bullish Signals:**
- **Analyst Upgrades:** Mizuho upgraded Tesla to ""Outperform""; Cantor Fitzgerald raised target from $255 to $365; Baird raised target by $200.
- **Product Launch:** Two Tesla semi-trucks to be introduced.
- **Demand Increase:** Upward trend in EV demand.
- **Partnerships:** LiveOne and Saia partnered with Tesla for electric semi trucks.
- **Ownership Increase:** Multiple entities increased stakes in Tesla.

**Bearish Signals:**
- **Insider Sale:** Director Robyn M. Denholm sold 112,390 shares.
- **Stock Performance:** Shares sank over 8%; Wedbush reaffirmed ""outperform"" but with a lower target price of $400.
- **Competition:** Honda and Nissan discuss merger to compete with Tesla.

**Net Tilt:** Bullish, despite some bearish signals."
2024-12-19,19,"**Morgan Stanley upgraded Tesla’s target price to $400 from $310, while Piper Sandler raised it to $315 from $310 (Bullish)**. **Tesla’s stock surged to record highs but then dropped 8.3% to close at $440.13 (Mixed)**. **European sales plunged by 14%, contributing to overall sales declines of 13.7% (Bearish)**. **Stardust Solar partnered with Tesla (Bullish)**. **Analysts expect Tesla to post EPS of $1.99 for the current fiscal year (Neutral)**. **Shanghai started mass production of Model Y (Bullish)**. **Net Tilt: Mixed, with significant bearish signals from sales declines offset by bullish analyst upgrades and strategic partnerships.**"
2024-12-20,32,"**Bullish Signals:**
- **Analyst Upgrades:** Roth Capital upgraded Tesla from ""hold"" to ""strong-buy""; Stifel Nicolaus raised PT to $411.00; Guggenheim increased PT to $175.00.
- **Supply Growth:** 2024 deliveries growth expected.
- **Breakout Sales:** Cybertruck sales showing promise.

**Bearish Signals:**
- **Revenue Decline:** Sales are tanking.
- **Product Recalls:** Massive recalls affecting nearly 700,000 vehicles and 2,400 Cybertrucks due to various issues.
- **Market Share Loss:** Market share decline noted.
- **Stock Performance:** Shares fell over 5% in recent trading sessions.

**Net Tilt:** Bearish due to significant product recalls and revenue decline overshadowing positive analyst upgrades and supply growth."
2024-12-21,6,"**Product Release:** Bullish - Tesla plans to roll out the new Cybercab.

**Stock Performance & Insider Sell:** Bearish - Tesla stock retreated; Director Kathleen Wilson-Thompson sold 100,000 shares.

**Earnings & Revenue:** Mixed - Disappointing quarterly results but Tesla is already selling nearly 2 million vehicles annually.

Net Tilt: Bearish."
2024-12-22,9,"**Analyst Upgrades & Price Target Increases:** Bullish. Mizuho upgraded Tesla to “outperform” from “neutral.” Robert W. Baird raised the price target from $280.00 to $480.00. Jefferies increased the target from $195.00 to $300.00. UBS upped the target from $197.00 to $226.00.

**Product Launch/Delay:** Mixed. Tesla launched a new charging solution (bullish), but delayed the Cybertruck rollout (bearish).

**Ownership Increases:** Bullish. Two major investors significantly increased their stakes in Tesla.

**Net Tilt:** Bullish."
2024-12-23,4,"**Tesla Daily Brief (DEC 23, 2024)**

- **Market Performance:** Bullish. Tesla’s stock surged to $1.5 trillion.
- **Product Launch:** Bullish. Mobile Megapack chargers launched.
- **Demand Shift:** Bearish. Cybertruck demand slowed down.
- **Revenue Volume:** Neutral. Sold 1.8 million vehicles in 2023.

**Net Tilt:** Mixed, with bullish signals from market performance and product launch offset by bearish demand shift."
2024-12-24,7,"**Price Target Upgrades:** Bullish. Cantor Fitzgerald raised PT from $255 to $365; Guggenheim increased PT from $156 to $175.

**Analyst Rating Reaffirmation:** Bearish. HSBC maintained ""Reduce"" rating with $124 PT.

**Partnerships & Ownership Increases:** Bullish. Tesla Energy partners with Vikta Energy; Partners increased Tesla stake by 114.3%.

**Stock Performance:** Bullish. Tesla stock gained 1.1%, closing at $435.58.

**Net Tilt:** Mixed signals but overall slightly bullish due to multiple upgrades and positive partnerships."
2024-12-26,4,"**Product Recall:** Bearish. Tesla recalled 700,000 vehicles, potentially impacting brand trust and incurring recall costs.

**Product Development:** Neutral. FSD trials commenced in Canada, indicating progress but with no immediate financial impact.

**Supply & Demand:** Neutral. Tesla announced quarterly deliveries without specific figures, offering limited insight into current demand trends.

**Earnings Call:** Neutral. Elon Musk’s comments during the Q3 earnings call did not provide new material information or guidance.

**Net Tilt:** Bearish due to the significant product recall."
2024-12-27,5,"**Revenue Volume Down:** Bullish signal muted; Tesla reported Q3 revenue of $25.18B, meeting expectations but with Cybertruck sales declining.  
**Product Release:** Bullish; Cybertruck landed in South Korea, expanding market reach.  
**Stock Price Movement:** Bearish; TSLA fell 4.6% in morning trading.  
**Opinion:** Neutral-Bearish; analysis cites no specific reasons for the decline, suggesting broader market sentiment may be influencing TSLA.  
**Net Tilt:** Mixed, leaning slightly bearish due to stock price drop and Cybertruck sales decline."
2024-12-28,8,"**Analyst Actions:** Bearish (Sell maintained by UBS, but upgraded to Outperform by Mizuho); mixed signals.  
**Price Target:** Bullish (UBS raised target from $197 to $226).  
**Merger Talks:** Neutral (Nissan in talks to compete, not directly impact Tesla).  
**Insider Activity:** Bearish (CFO Vaibhav Taneja sold 4,000 shares).  
**Ownership Changes:** Bullish (Llc increased holdings significantly).  
**Trading Performance:** Bearish (Traded as low as $451.90, closed at $458.74).  
**Net Tilt:** Mixed, leaning slightly bearish due to insider sell and trading performance."
2024-12-29,1,"**Analyst Actions:** Wedbush reaffirmed an ""outperform"" rating with a $400.00 price target (neutral | ess0.34). **Direction:** Bullish. **Evidence:** Reaffirmation of positive outlook despite neutral signal suggests analyst confidence.

**Net Tilt:** Bullish."
2024-12-30,8,"**Stock Performance:** Mixed signals. Bullish: Tesla shares gained 74% YTD [stock-gain|ess0.6], 71.7% YTD [stock-gain|ess0.58]. Bearish: Down 13% YTD [stock-loss|ess-0.24], fell premarket with Boeing and Apple [stock-loss|ess-0.11].

**Revenue & Guidance:** Bearish: Automotive revenue up only 2% YoY [revenue-up|ess0.41]. Unclear: Q4 deliveries and China sales guidance pending [supply|ess0.0], [revenue-guidance|ess0.0].

**Product Launch:** Bullish: Cybertruck launch in China on Jan 1st [product-release|ess0.52].

**Net Tilt:** Net bullish due to strong YTD gains and product launch, but revenue growth concerns remain bearish."
2024-12-31,19,"**Revenue & Sales Growth:** Bullish; Tesla could increase sales by 20%-30%. Bearish; Tesla’s EV market share has fallen.

**Product Recalls:** Bearish; Tesla recalling 77,650 Model 3 and Model Y vehicles globally and 77,713 China vehicles over software issues.

**Product Launches:** Bullish; Cybertruck set for sale in China on January 1, 2025, and Tesla rolling out Full Self-Driving and more affordable models.

**Stock Performance:** Bearish; Tesla’s stock has dipped recently.

**Other:** Tesla investing in AI and discontinuing Cybertruck production in China."
2025-01-01,19,"**Price Target Upgrades:** UBS upgraded Tesla’s price target to $226 from $197; Bank of America raised it to $400 from $350 (Bullish).

**Explosions/Cybertruck Incident:** Multiple reports of a fatal explosion involving a Tesla Cybertruck carrying fireworks (Bearish).

**Acquisition:** Tesla acquired 1,194 hectares across four properties in Mexico (Bullish).

**Insider Selling:** Tesla director Robyn M. Denholm sold 112,390 shares (Bearish).

**Supply Increase:** Plans to boost production capacity (Bullish).

**Ownership Increase:** Geode Capital Management increased its stake by 1.8% (Bullish).

**Stock Performance:** Tesla stock down 3% (Bearish).

**Analyst Ratings:** UBS maintained a “Sell” rating despite the price target hike (Net Neutral).

**Earnings Estimate:** Analysts predict EPS of $1.99 for FY2024 (Neutral)."
2025-01-02,111,"**Revenue and Guidance:** Bearish. Tesla reported a first-ever annual sales decline, missed Q4 revenue estimates, and saw a year-over-year drop in deliveries. However, management guided for 20%-30% annual sales growth this year.

**Analyst Actions:** Bullish. Wedbush reiterated Tesla at Outperform.

**Product and Layoffs:** Mixed. Tesla plans to launch an autonomous vehicle and a self-driving robotaxi service in late 2025, but also announced layoffs affecting over 10% of its workforce.

**Stock Performance:** Mixed. Shares gained significantly in 2023 but dipped sharply post-Q4 results.

**Supply and Demand:** Bearish. Production fell 7.2% QoQ, and demand slowed, leading to the first annual sales decline."
2025-01-03,64,"**Analyst Actions:** Phillip Securities downgraded Tesla to ""strong sell"" (bearish). Multiple firms upgraded price targets: Robert W. Baird to $480, Jefferies to $300, Cantor Fitzgerald to $365, Canaccord to $404, and Evercore ISI to $275 (mixed).

**Earnings & Revenue:** Tesla missed expectations and saw overall unit sales decline (bearish). However, record EV sales and revenue increases in China and globally were reported (bullish).

**Product & Supply:** Tesla recalled Cybertruck batteries and over 5 million cars (bearish). New low-cost EV launch announced (bullish). Production cut by 3.9% in 2024 (bearish). Production ramp-up noted (bullish).

**Stock Performance:** Shares surged 74% in 2024 but slid after Q1 results (mixed). Insider sale by CFO Vaibhav Taneja (bearish).

**Net Tilt:** Mixed signals with some bullish and bearish trends."
2025-01-04,15,"**Price Target Upgrades:** Goldman Sachs raised target from $250 to $345; Guggenheim from $156 to $175; Canaccord Genuity from unspecified to $400; Wells Fargo from $120 to $125. **Bullish**.

**Revenue Trends:** Sales in China up 8.8%, but fell in Europe and the second-largest market. **Mixed**.

**Product Release:** Tesla plans to introduce a more affordable vehicle in 2025. **Bullish**.

**Stock Performance:** Shares ended the year sharply higher, then jumped 8%, but also sank 8%. **Mixed**.

**Analyst Actions:** Truist Financial maintained a hold rating with a $360 target. **Neutral**.

**Ownership Increase:** LLC increased holdings by 1,248.9% in Q3. **Bullish**. 

**Net Tilt:** Bullish."
2025-01-05,3,"**Analyst Actions:** Royal Bank of Canada upgraded Tesla’s target price from $249.00 to $313.00 (Bullish). Wedbush maintained an “outperform” rating with a $400.00 target price (Bullish). However, a separate headline suggests Tesla stocks could crash in 2025 (Bearish).

**Net Tilt:** Mixed signals with a slight Bullish bias due to two upgrades against one bearish prediction."
2025-01-06,33,"**Analyst Upgrades and Price Target Increases:** Bullish. Multiple firms upgraded Tesla to Buy/Strong-Buy ratings, with price targets raised significantly (e.g., Robert W. Baird to $480, Canaccord Genuity to $400).

**Revenue Growth:** Bullish. Tesla reported record China sales and a 41% increase in December EV sales.

**Market Share Concerns:** Bearish. Tesla is losing market share to Chinese competitors.

**Stock Performance:** Mixed. Tesla shares fell ($3.51 loss), but some reports indicate gains.

**Insider Sales:** Bearish. Multiple insiders sold shares recently.

**Product Pricing:** Bearish. Tesla cut prices on its Model Y in China.

**Net Tilt:** Mixed, but slightly bullish due to strong analyst upgrades and revenue growth."
2025-01-07,46,"**Analyst Actions:** Bullish (New Street Research, Ferragu upgraded to Buy; Cantor Fitzgerald raised PT to $365; Evercore ISI raised PT to $275) vs Bearish (BofA downgraded to Neutral). **Revenue Trends:** Mixed (annual sales decline but FSD subscriptions scaling up). **Product Launches:** Positive (Cybercab robotaxi rollout in 2026). **Regulatory Issues:** Negative (NHTSA probe into 2.6M Teslas with FSD software). **Stock Performance:** Net negative (shares fell 1.3-4% in premarket and midday trading). **Supply Changes:** Positive (Megapack production ramp). **Ownership Changes:** Positive (institutional investors boosting stakes). **Earnings Guidance:** EPS forecast at $1.99 for the current year. **Net Tilt:** Mixed, but slightly bearish due to regulatory concerns and stock declines."
2025-01-08,10,"**Analyst Ratings and Price Targets:** Phillip Securities downgraded Tesla to a ""strong sell"" (bearish). However, Jefferies, Goldman Sachs, and Barclays upgraded their price targets to $300, $345, and $235 respectively (bullish). Exane slightly increased their target to $157 (neutral). Truist maintained a ""hold"" with a $360 target (neutral).

**Ownership Changes:** Acadian Asset Management increased its stake by 39.9% in Q2 (bullish). First Hawaiian Bank and Bank maintained their holdings (neutral).

**Stock Price:** Tesla opened at $394.36 (neutral).

**Net Tilt:** Mixed signals with a slight bullish bias due to multiple upgrades outweighing the strong sell downgrade."
2025-01-09,17,"**Bullish Signals:**
- **Price Target Upgrades:** UBS upgraded from $197 to $226, Guggenheim from $156 to $175, and Stifel Nicolaus from $411 to $492.
- **Earnings Release:** Tesla will release Q4 financials.
- **Regulatory Approval:** Court approved settlement for excess pay.
- **Supply Increase:** Record Q4 deliveries and annual production.
- **Ownership Increase:** Fulton Bank and Wellington Management increased holdings.

**Bearish Signals:**
- **Rating Downgrade:** Bank of America lowered Tesla’s stock rating.
- **Insider Sell:** CFO Vaibhav Taneja sold $2.89m in stock.
- **Regulatory Investigation:** NHTSA investigating Tesla’s Full Self-Driving feature.
- **Shooting Incident:** Man found shot to death in Tesla vehicle.
- **Mixed Analyst Ratings:** HSBC reaffirmed “reduce” with $124 PT, while Wedbush reaffirmed “outperform” with $400 PT.

**Net Tilt:** Mixed signals suggest caution; earnings release and production records are positive, but regulatory scrutiny and insider selling are negative."
2025-01-10,45,"**Net Direction: Mixed**

**Bullish Signals:**
- **Price Target Upgrades:** Deutsche Bank raised price target to $420 from $370.
- **Product Launches:** Fall launch of refreshed Model Y and Model 3; Model Y unveiled in China.
- **Stock Performance:** Shares up 70% YTD, closed up 0.15% and 0.6% on recent days.

**Bearish Signals:**
- **Revenue and Sales Declines:** Lower US sales, overall sales drop in 2024, Model Y sales down 4%.
- **Recalls:** Over 239,000 vehicles recalled due to rearview camera issues.
- **Downgrade:** Bank of America downgraded Tesla to neutral.
- **Stock Loss:** Recent tumble from December highs, closed at $394.36 after a 4.06% drop.

**Conflicting Signals:** Despite strong product launches and upgrades, revenue declines and recalls weigh heavily."
2025-01-11,12,"**Revenue Down, Recall Issued:** Tesla reported its first sales decline, bearish (-0.68). The company also recalled 239,000 EVs in the US, further negative (-0.61).

**Analyst Upgrades:** Evercore ISI raised its price target to $275 from $195 (bullish, +0.82). Deutsche Bank lifted its target to $370 from $295 (bullish, +0.80).

**Product Updates:** Tesla revealed an updated 2025 Model Y Juniper (bullish, +0.52) and deployed a software update (neutral, +0.44). The Model Y starting price was unchanged (neutral, +0.00).

**Insider Activity & Ownership Changes:** CFO Vaibhav Taneja sold 7,000 shares (bearish, -0.49). Healthcare of Ontario Pension Plan Trust Fund increased its stake by 236.8% (bullish, +0.37). West Oak Capital acquired 183 shares (mildly bullish, +0.18).

**Supply/Demand Shifts:** Deliveries dropped by 1% (bearish, -0.16). Stock price fell $0.75 during midday trading (bearish, -0.11).

**Net Tilt:** Mixed signals"
2025-01-12,2,"**Analyst Ratings:** J.P. Morgan downgraded Tesla to Sell, indicating **bearish** sentiment. 

**Regulatory & Product:** Tesla applied for a permit to launch robotaxi services, a potential **bullish** catalyst for future revenue streams.

**Net Tilt:** Mixed signals with one bearish and one bullish point."
2025-01-13,39,"**Price Target Upgrades:** Morgan Stanley raised its price target to $430 from $400; Canaccord Genuity Group increased to $400 from $298; UBS lifted to $226 from $197 (Bullish).

**Product Recall:** Tesla recalling 239,000 vehicles due to faulty self-driving computers (Bearish).

**Stock Performance:** Tesla stock up 76% YTD, hitting all-time highs (Bullish).

**Legal Issues:** NHTSA investigating Tesla (Bearish).

**Insider Sales:** Directors Kathleen Wilson-Thompson and Kimbal Musk sold shares (Bearish).

**Mixed Ownership Trends:** Increased holdings by Oppenheimer Asset Management, but significant decreases by other funds (Neutral).

**Net Tilt:** Mixed signals, but upgrades and strong stock performance outweigh recall and legal issues. **NET TILT: Bullish**."
2025-01-14,29,"**Price Target Upgrades:** Goldman Sachs upgraded Tesla’s price target from $250 to $345; Deutsche Bank raised it from $295 to $370; Morgan Stanley also upgraded the price target (bullish).

**Revenue Trends:** Recent sales slide reported (bearish); however, Tesla sold more cars than Audi in 2024 (bullish); Model S sales dropped 31% to 12,426 units (bearish).

**Analyst Ratings:** Bank of America downgraded Tesla from “buy” to “neutral” (bearish); Goldman Sachs, Deutsche Bank, and Morgan Stanley upgrades indicate net bullish sentiment.

**Product Launches:** Model Y launched with refreshed design; Juniper version available in Europe (bullish).

**Stock Performance:** Shares rose over 2% in after-hours trading; stock surged over the past year (bullish).

**Net Tilt:** Bullish due to multiple price target upgrades and strong product launches, despite revenue concerns."
2025-01-15,24,"**Price Target Upgrades:** Bullish. Royal Bank of Canada upgraded price target from $249 to $313; Barclays raised target from $270 to $325; Wells Fargo increased target from $120 to $125.

**Product Launches:** Bullish. Model Y unveiled in China, set to roll out in Europe, and could launch in Berlin.

**Recalls and Legal Issues:** Bearish. Model Y recall; SEC sues Tesla and its owner; CFO Vaibhav Taneja sold 4,000 shares.

**Supply and Demand:** Mixed. Model Y production boost; 50,000 orders in China; Harbor Capital sold shares while Jennison Associates increased holdings.

**Stock Performance:** Mixed. Shares rose 5%, but fell 2.3% previously.

**Analyst Ratings:** Neutral. Stifel maintained Buy; Truist Financial reissued Hold with $360 target."
2025-01-16,18,"**Analyst Ratings & Price Targets:** Bullish. Roth Capital upgraded Tesla to ""Strong-Buy"" from ""Hold."" Evercore ISI, Cantor Fitzgerald, Guggenheim, and Stifel Nicolaus all raised their price targets to $275, $365, $175, and $492 respectively.

**Revenue & Guidance:** Bearish. Tesla’s sales missed expectations and dropped, but targeted 20-30% sales growth moving forward.

**Stock Performance:** Mixed. Tesla stock dipped initially but then gained 8%, opening at $428.22.

**Product & Demand:** Bearish. Tesla cut Cybertruck prices amid cooling demand.

**Ownership Changes:** Neutral. Llc increased its position in Tesla by 0.9%.

**Net Tilt:** Net bullish due to multiple upgrades and higher price targets despite revenue misses and price cuts."
2025-01-17,23,"**Price Target Upgrades:** Canaccord Genuity upgraded Tesla’s target price to $400 from $298; Barclays raised it to $325 from $270; JPMorgan upped it to $135 from $130 (Bullish).

**Revenue Miss:** Cybertruck sales fell short, selling 38,965 units vs. expected 48,500 (Bearish).

**Product Issues:** Recall of 240,000 vehicles; batteries burning in LA (Bearish).

**Product Release:** Jointly launched 0 Series EV with Honda (Bullish).

**Insider Sales:** Kimbal Musk and Elon Musk sold shares ($5B) (Bearish).

**Ownership Increases:** M&R Capital and Oppenheimer increased stakes (Bullish).

**Stock Performance:** Stock gained 3.5%, 6%, and 8.05% over recent sessions (Bullish).

**Mixed Signals:** Price target upgrades vs. insider sales and product issues create conflicting signals, netting a slightly **NET BULLISH** tilt."
2025-01-18,6,"**Price Target Upgrade:** Jefferies raised Tesla’s price target from $195.00 to $300.00 (Bullish).

**Share Price Performance:** Tesla’s stock is up 94% YTD (Bullish). Shares surged nearly 5% on Friday (Bullish).

**Analyst Downgrades:** Bank of America downgraded Tesla to “neutral” from “buy” (Bearish). Sanford C. Bernstein maintained an “underperform” rating with a $120.00 target (Bearish).

**Ownership Increase:** Oppenheimer Asset Management increased its Tesla holdings by 112.1% in Q2 (Bullish).

**Net Tilt:** Mixed signals with significant bullish and bearish analyst actions."
2025-01-19,12,"**Analyst Upgrades:** Multiple upgrades with significant increases in price targets: Robert W. Baird ($280 → $480), Evercore ISI ($195 → $275), Deutsche Bank ($295 → $370), Stifel Nicolaus ($411 → $492), Morgan Stanley ($400 → $430). **Bullish**.

**Insider Sales:** Directors Kathleen Wilson-Thompson and Robyn M. Denholm sold shares (100,000 and 112,390 respectively). **Bearish**.

**Holding Changes:** Increased holdings by Llc (Q2, 168.8%) and Group (Q3, 60.0%), but Llc reduced holdings by 6.8% in Q4. **Mixed**.

**Stock Price & Rating:** Stock opened at $426.50; Truist Financial maintained a hold rating with a $360 target. **Neutral**.

**Net Tilt:** Bullish due to strong analyst upgrades outweighing insider sales and mixed holding trends."
2025-01-20,24,"**Price Target Upgrades:** Bullish. Cantor Fitzgerald raised PT to $365 from $255; RBC to $313 from $249; UBS to $226 from $197; Morgan Stanley to $430; Wells Fargo to $125 from $120.

**Insider Sales:** Bearish. CFO Vaibhav Taneja sold 4,000 shares; Director Kimbal Musk sold 60,500 shares.

**Market Entry & Product Development:** Neutral. Tesla entered the Philippine market; revealed updated Cybertruck prototype.

**Ownership Changes:** Mixed. Multiple firms increased stakes, while Vermont reduced position.

**Stock Performance:** Bullish. Stock gained 3.1%.

**Analyst Ratings:** Neutral. Hsbc reaffirmed ""reduce"" with $124 PT; Oppenheimer reaffirmed ""market perform.""

**Earnings Estimate:** Neutral. Analysts expect EPS of 1.99 for the current year.

**Net Tilt:** Bullish."
2025-01-21,35,"**Bullish Signals:**
- **Price Target Upgrades:** Piper Sandler raised PT to $500 from $315; Goldman Sachs to $345 from $250; Canaccord Genuity to $400 from $298; Barclays to $325 from $270.
- **Analyst Upgrades:** Stocknews.com upgraded Tesla to ""Hold"" from ""Sell.""
- **Product Launch:** Tesla CEO Elon Musk unveiled a new product.
- **Institutional Ownership Increase:** Multiple firms increased stakes in Tesla.

**Bearish Signals:**
- **Revenue Decline:** Tesla’s sales dropped 34% YOY in Europe.
- **Regulatory Investigations:** NHTSA opened investigations into 2.4M Tesla vehicles.
- **Stock Performance:** Tesla shares fell over 4%.

**Net Tilt:** Mixed, but slightly bullish due to multiple price target upgrades and institutional buying outweighing revenue decline and regulatory concerns."
2025-01-22,23,"**Bullish Signals:**
- **Price Target Upgrades:** Jefferies ($195 → $300), Evercore ISI ($195 → $275), Deutsche Bank ($295 → $370), Guggenheim ($156 → $175), Morgan Stanley ($400 → $430), Wedbush ($515 → $550).
- **Stock Gain:** Tesla stock has risen 1,026%.
- **Ownership Increase:** Trust lifted its position by 18.0%, LLC grew its position by 3.6%.

**Bearish Signals:**
- **Insider Sell:** Director Kathleen Wilson-Thompson sold 100,000 shares.
- **Sell Opinion:** ""When it's time to sell Tesla.""
- **Ownership Decrease:** Mandatum Life Insurance Co Ltd sold shares.

**Neutral Signals:**
- **Earnings Estimate:** Analysts predict EPS of $2.01 for FY.
- **Hold Rating:** Truist Financial reissued hold with a $360 price target.

**Net Tilt:** Bullish, despite some bearish signals."
2025-01-23,24,"**Price Target Upgrades:** Robert W. Baird upgraded Tesla’s target price from $280 to $480; Ives raised it to $550 (Bullish).

**Stock Performance:** Shares slipped (-2.11%) but have doubled and gained $150 (Mixed).

**Product Price Increases:** Tesla announced price hikes across all models in Canada, with the Model 3 increasing up to $9,000 (Bullish).

**Analyst Actions:** Bank of America downgraded Tesla from “buy” to “neutral” (Bearish).

**Ownership Changes:** Inc. increased holdings by 0.3%, while Trust FSB decreased holdings (Mixed).

**Revenue Guidance:** Tesla expected to temper vehicle sales growth (Bearish).

**Net Tilt:** Mixed, with significant bullish signals from upgrades and price hikes offset by bearish analyst downgrade and tempered growth expectations."
2025-01-24,59,"**Price Target Upgrade:** Canaccord Genuity upgraded Tesla’s price target from $298.00 to $400.00 (Bullish).

**Product Launch/Delay:** Tesla unveiled the refreshed Model Y SUV, launching it in North America, Europe, and China in March (Bullish). However, Tesla also announced significant recalls affecting over 1.2 million vehicles in China and nearly 1.2 million globally (Bearish).

**Revenue Trends:** Tesla reported its first annual decline in vehicle sales and a plunge in European sales (Bearish). However, the company projects sales growth of 20%-30% (Bullish).

**Price Adjustments:** Tesla increased prices for the Model 3 and Model Y in Canada and the U.S., while also unveiling a higher-priced version of the Model Y (Mixed).

**Legal Issues:** Tesla sued the EU over electric vehicle regulations (Bearish).

**Net Tilt:** Mixed, with significant bullish signals from product launches and revenue projections offset by bearish factors like declining sales and major recalls."
2025-01-25,10,"**Bullish Signals:**
- **Price Target Upgrades:** Guggenheim raised target from $156.00 to $175.00; Morgan Stanley increased from $400.00 to $430.00.
- **Product Launches:** Model Y Juniper debuted in China, went on sale in North America and Europe.
- **Product Enhancement:** Wheels updated on Model Y Juniper.

**Bearish Signals:**
- None identified.

**Neutral Signals:**
- Analysts predict EPS of 2.01 for the current year.
- Model Y Juniper priced at $59,990 in the U.S.
- LLC bought 2,293 shares of Tesla.
- Opening stock price at $406.58.

**Net Tilt:** Bullish."
2025-01-26,15,"**Analyst Actions:** Phillip Securities downgraded Tesla to ""strong sell"" (bearish). However, Evercore ISI and Barclays upgraded their price targets to $275.00 and $325.00, respectively (bullish).

**Insider Activity:** CFO Vaibhav Taneja, Director Kimbal Musk, and Director Kathleen Wilson-Thompson all sold shares (bearish). However, M&R Capital Management, Lp, Llc, Assenagon Asset Management, and Healthcare of Ontario Pension Plan Trust Fund increased their positions (bullish). Verde Capital Management trimmed its stake (bearish). Spinnaker Investment Group purchased shares (bullish).

**Net Tilt:** Mixed signals with slight net bullish bias due to multiple upgrades and significant stake increases."
2025-01-27,34,"**Bullish Signals:**
- **Price Target Upgrades:** Piper Sandler ($500→$315), Cantor Fitzgerald ($365→$255), Deutsche Bank ($370→$295), Stifel Nicolaus ($492→$411), Wedbush ($550→$515), Wells Fargo ($125→$120).
- **Earnings Beat:** Q4 earnings above expectations.
- **Product Launches:** Refreshed Model Y launched in North America and Europe; new lower-priced model planned for H1 2025.
- **Ownership Increases:** Multiple firms increased stakes in Tesla.

**Bearish Signals:**
- **Legal Issues:** Tesla sues EU over unspecified issues.
- **Ownership Decrease:** One firm reduced its stake by 7.3%.

**Net Tilt:** Bullish, driven by multiple upgrades and product launches outweighing legal concerns and one ownership reduction."
2025-01-28,33,"**Bullish Signals:**
- **Price Target Upgrades:** Piper Sandler upgraded from $315.00 to $500.00; Canaccord Genuity from $254.00 to $278.00.
- **Product Launches:** Faster Cybertruck and updated Model Y launched.
- **Revenue Growth:** Q4 revenue forecasted at $27.13B, up from $25.17B.
- **Earnings Beat:** Reported non-GAAP EPS of $3.12, net income of $2.2B.
- **Stock Performance:** Stock up 108% YTD, despite recent 2.32% fall.

**Bearish Signals:**
- **Revenue Decline:** Sales are declining.
- **Cost Guidance:** Guided higher costs.
- **Downgrade:** Bank of America downgraded from Buy to Neutral.
- **Legal Battle:** Launched against EU.
- **Price Cut:** Megapack prices reduced.
- **Share Price Drop:** Down 0.3% Wednesday.

**Net Tilt:** Mixed signals suggest caution; focus on earnings report."
2025-01-29,107,"**Analyst Upgrades & Price Target Increases:** Mizuho upgraded Tesla to ""outperform"" from ""neutral."" Robert W. Baird raised the target price to $480 from $280. Jefferies, Evercore ISI, and Barclays also increased their targets to $300, $275, and $325 respectively, from $195, $195, and $270. **Bullish**

**Earnings & Revenue Misses:** Tesla’s Q4 earnings and revenue missed estimates, with net income falling 71% YoY. **Bearish**

**Revenue Trends:** Full-year revenue rose, but Q4 revenue declined. **Mixed**

**CapEx Increase:** Q4 capital expenditure increased to $2.80B from $2.31B. **Bearish**

**Executive Resignation:** The CEO resigned. **Bearish**

**Product Launches:** Plans to launch unsupervised FSD in Austin by June. **Bullish**

**Net Tilt:** Mixed signals with significant analyst upgrades and positive product news offset by earnings and revenue misses and increased capex."
2025-01-30,108,"**Revenue:** Bullish (113% rise) vs. Bearish (missed expectations, automotive revenue decline). **Earnings:** Bearish (missed expectations, profit slump) vs. Bullish (adjusted profits rose, $600m Bitcoin profit). **Analyst Actions:** Mixed (UBS downgrades, Baird lowers PT; others raise PT). **Guidance:** Bullish (50% energy storage surge, 60% production growth) vs. Neutral (no specific 2025 guidance). **Catalysts:** Bullish (FSD rollout, cheaper EVs, Cybercab launch) vs. Bearish (sales disappointment). **Price Targets:** Net Bullish (multiple upgrades outweigh one downgrade). **Net Tilt:** Bullish."
2025-01-31,36,"**Price Target Upgrades:** Argus raised PT to $488, Piper Sandler to $500, Guggenheim to $175, Morgan Stanley to $430 (Bullish).

**Earnings and Revenue:** Q4 EBIT of $1.58B, revenue up 2%, stock up 62.5% since Dec 2024 (Bullish).

**Product Launches:** Autonomous driving rollout, new low-cost EV models, 31GWh storage deployment, multiple 2025 product launches (Bullish).

**Digital Assets:** Holdings rose to $1.08B (Bullish).

**Insider Sales:** Directors Wilson-Thompson and Denholm sold shares (Bearish).

**Legal Issues:** BMW and Tesla sue EU (Bearish).

**Supply and Production:** Record vehicle production (Bullish).

**Ownership Changes:** Significant increases by Fmr LLC, Charles Schwab, but decreases by Baldwin Wealth Partners, Advisors (Mixed).

**Analyst Ratings:** Guggenheim reaffirmed Sell, Needham restated Hold, Mizuho reiterated Buy (Mixed).

**Stock Performance:** Stock up 2.9%, over 7% since Q4, 4% YTD (Bullish).

**Net Tilt:** Bullish."
2025-02-01,21,"**Analyst Actions:** Bullish (Mizuho upgraded to ""Outperform"", Canaccord raised PT to $400, Barclays to $325). Neutral (Guggenheim maintained ""Sell"" with $175 PT, RBC reiterated ""Outperform"" with $440 PT).

**Earnings & Revenue:** Bearish (Q4 net income down 71%, first annual sales decline reported).

**Product & Pricing:** Mixed (Model Y update launched, but Model 3 lease price slashed).

**Supply & Demand:** Bearish (Vehicle deliveries fell, insider CFO sale).

**Ownership Changes:** Mixed (multiple firms increased stakes, others decreased).

**Net Tilt:** Bearish due to earnings miss and supply issues, offset by analyst upgrades."
2025-02-02,15,"**Price Target Adjustments:** Bullish (Jefferies upgraded to $300.00, Evercore ISI to $275.00, Truist Financial to $373.00); Bearish (Robert W. Baird downgraded to $440.00).

**Revenue Growth:** Bullish (US sales up 50%).

**Product Launches:** Bullish (planning more electric cars, E-bike release in 2025, revamped Model Y Juniper).

**Analyst Ratings:** Mixed (StockNews.com lowered rating).

**Ownership Increases:** Bullish (multiple firms increased holdings).

**Net Tilt:** Bullish."
2025-02-03,53,"**Bullish Signals:**
- Roth Capital upgraded Tesla to ""Strong-Buy.""
- UBS increased price target to $259.
- Tesla stock is up 111% YTD.
- New product launches (insurance discount, robot cleaner).
- Supplier contract with Orix.

**Bearish Signals:**
- StockNews.com downgraded Tesla to ""Sell.""
- Multiple revenue declines reported (double, 63%, 41%, 36%, 13%).
- Market share losses in Sweden, California.
- Reduced EPS estimates by Wedbush.
- Insider sale by Robyn M. Denholm.
- Vandalism at Tesla showroom.
- Pre-market and closing stock drops (2.5%, 5%, 5.2%).

**Net Tilt:** Bearish due to widespread revenue declines and negative analyst actions outweighing positive upgrades and product launches."
2025-02-04,34,"**Bullish Signals:**
- **Price Target Upgrades:** Piper Sandler ($500 from $315), Goldman Sachs ($345 from $250), Stifel Nicolaus ($492 from $411), Wells Fargo ($135 from $125), Morgan Stanley ($430 from $400), Wedbush ($550 from $515).
- **Product Launches:** Cheaper Cybertruck introduced, Driverless Robotaxi program in Austin.
- **Ownership Increases:** Multiple firms increased holdings.

**Bearish Signals:**
- **Market Share Drop:** From 60.1% to 7.6%.
- **Revenue/Volume Declines:** Sales down 75% in Spain, tanking in Europe, 44% in Jan, Model 3 sales down 36%.
- **Demand Cooling:** Cybertruck demand cooling off.
- **Downgrades:** Bank of America downgraded to neutral, Guggenheim and Hsbc maintained sell/reduce ratings.
- **Negative Events:** Tesla crash in New York, Canada bans Musk, stock down 5.2%.

**Net Tilt:** Bearish due to significant revenue declines and market share loss outweighing positive analyst upgrades and product launches."
2025-02-05,35,"**Net Direction: Bearish**

**Revenue and Sales:**
- **Bearish:** Tesla reported lower sales, with automotive revenue declining and sales dropping in Germany and the UK. Q4 total sales fell nearly 8%. (Evidence: [revenue-down], [revenue-volume-down])

**Analyst Actions:**
- **Bullish:** Evercore ISI, Canaccord Genuity, and Barclays upgraded price targets to $275, $400, and $325 respectively.
- **Bearish:** Robert W. Baird downgraded their price objective to $440. (Evidence: [price-target-upgrade], [price-target-downgrade])

**Product and Pricing:**
- **Bearish:** Model 3 prices were cut, and deliveries declined. (Evidence: [product-price-cut], [supply-decrease])

**Insider Activity:**
- **Bearish:** CFO Vaibhav Taneja sold shares multiple times. (Evidence: [insider-sell])

**Ownership Changes:**
- **Mixed:** Multiple firms increased holdings, while others decreased positions. (Evidence: [ownership-increase-held], [ownership-decrease-held])"
2025-02-06,36,"**Revenue and Sales Decline:** Bearish. Multiple reports indicate significant drops in Tesla’s sales across key markets like Europe and Australia, with a 63% plunge in France and a 12% drop in California.

**Analyst Ratings and Price Targets:** Mixed. Jefferies upgraded the price target to $300, while Robert W. Baird downgraded theirs to $440. Roth Capital upgraded to “strong-buy,” but Stocknews.com downgraded to “sell.” Net tilt slightly bullish due to higher targets.

**Earnings Performance:** Bearish. Reports suggest Tesla’s profits are plummeting, missing expectations.

**Product Updates and Enhancements:** Bullish. Tesla deployed the Optimus bot and revealed new Model Y improvements.

**Insider Activity and Ownership Changes:** Mixed. Robyn M. Denholm sold shares, while several institutions increased their stakes.

**Stock Performance:** Bearish. TSLA stock is down 1.8% in early trading and 3.5% YTD."
2025-02-07,46,"**Bullish Signals:**
- **Product Launch:** Refreshed Model Y, Full Self-Driving software, Cybercabs, new affordable vehicle.
- **Price Target Upgrade:** Deutsche Bank raised PT to $370.
- **Stock Performance:** Tesla gained 99.6% in the past year.

**Bearish Signals:**
- **Analyst Downgrade:** Phillip Securities downgraded to ""Strong Sell.""
- **Revenue Guidance & Sales Decline:** China sales down 11.5%, Germany sales down 60%, California sales declining.
- **Supply Issues:** Model Y deliveries down 32.6%.
- **Insider Selling:** Executives sold over $73M in stock.
- **Price Increases:** Multiple price hikes for Model X/S/Y.

**Net Tilt:** Bearish due to significant revenue declines and insider selling outweighing product launches and price target upgrades."
2025-02-08,25,"**Price Target Upgrades:** Piper Sandler raised PT to $500 from $315; Goldman Sachs to $345 from $250; Canaccord Genuity to $400 from $298; Stifel Nicolaus to $492 from $411 (Bullish).

**Revenue Downgrade:** Tesla Sales Plummeting in Early 2025 (Bearish).

**Stock Movement:** Share price dropped from 60.1% to 52.5% (Bearish).

**Product Release:** Model Y global release in March (Bullish).

**Insider Selling:** Kathleen Wilson-Thompson and Vaibhav Taneja sold shares (Bearish).

**Legal Issues:** Tesla and BMW sue EU (Neutral).

**Ownership Changes:** Multiple firms increased stakes; some decreased (Mixed).

**Analyst Ratings:** Mizuho, RBC outperform with high targets; Guggenheim sell at $175 (Mixed).

**Net Tilt:** Mixed signals with net bullish bias from upgrades and product release, countered by revenue drop and insider selling."
2025-02-09,3,"**Revenue & Volume:** Bearish. Tesla sales plunged in New Zealand, indicating weakening demand (ess-0.68).

**Product Release:** Bearish. Failure to launch a new mainstream model suggests delayed growth opportunities (ess-0.52).

**Stock Performance:** Bullish. Shares have more than doubled over the past year, signaling strong investor sentiment (ess0.47).

**Net Tilt:** Mixed signals with a slight bearish bias due to revenue and product release issues."
2025-02-10,23,"**Revenue and Sales Declines:** Bearish. Tesla reported a 11.6% drop in sales and a 60% plunge in Germany. EU sales also fell significantly.

**Earnings and Profits:** Bearish. Earnings missed estimates by -0.68, and profits decreased by 20%.

**Stock Performance:** Mixed. Stock was up 92% YTD but lost 10.6% recently. Price targets were lowered to $474 and $478.

**Analyst Actions:** Mixed. Stifel downgraded price target but maintained a Buy rating. Consensus price target is $322.29.

**Catalysts:** Bullish. Optimus production ramping, new dealership openings, and a $87M business contract. Kimbal Musk sold shares, while another entity increased holdings by 15%."
2025-02-11,55,"**Bullish Signals:**
- **Analyst Upgrades:** Barclays upgraded price target from $270 to $325; Wells Fargo from $125 to $135; Truist from $351 to $373.
- **Product Launches:** Tesla launched Megapack and latest Powerwall home battery.
- **Popularity Surge:** Tesla’s popularity has increased.
- **Facility Openings:** Tesla opened a $200M battery plant in Shanghai and plans another Megapack plant.

**Bearish Signals:**
- **Revenue Slips:** Sales in China fell; overall sales have slipped.
- **Price Target Downgrade:** Stifel Nicolaus downgraded price target from $492 to $474.
- **Insider Sales:** Musk, Denholm, and Taneja sold significant amounts of Tesla stock.
- **Supply Issues:** Deliveries have nosedived; Shanghai plant halted.
- **Stock Performance:** Shares have fallen significantly, reaching 11-week lows.

**Net Tilt:** Bearish due to multiple insider sales, revenue declines, and production halts outweighing positive analyst upgrades and product launches."
2025-02-12,43,"**Bullish Signals:**
- **Analyst Upgrades:** Benchmark initiated Tesla with a Buy; Evercore ISI, Deutsche Bank, Morgan Stanley, and Wedbush upgraded targets to $275, $370, $430, and $550 respectively.
- **Product Launches:** Supervised Full Self-Driving released in Mexico, Europe Q1, and U.S.
- **Legal Victory:** Won defamation lawsuit.
- **Stock Gains:** Shares rose 4.9% and 6.3% alongside Lucid.

**Bearish Signals:**
- **Revenue Guidance & Sales Decline:** Sales slump in Europe, actual sales decline reported.
- **Price Target Downgrade:** Stifel Nicolaus cut target to $474.
- **Insider Sell:** Kathleen Wilson-Thompson sold 100,000 shares.
- **Stock Losses:** Shares down 19%, 15.7%, 15%, 13%, 6.3%, and 1% in various periods.

**Net Tilt:** Mixed, but slightly **bearish** due to multiple revenue and sales concerns, insider selling, and significant stock losses despite some positive analyst upgrades and product launches."
2025-02-13,23,"**Revenue Down**: Tesla sales fell nearly 60% YoY in January, indicating weak demand (bearish).

**Analyst Ratings Mixed**: Phillip Securities downgraded Tesla to ""strong sell"" (bearish); Piper Sandler raised PT to $500 (bullish); Jefferies raised PT to $300 (bullish); Guggenheim maintained ""sell"" with $175 PT (bearish); Mizuho and RBC maintained positive ratings with high PTs ($515, $440) (net bullish).

**Government Contract Positive**: Tesla secured a $400M US government contract for armored vehicles (bullish).

**Stock Performance Volatile**: Tesla’s stock price has fallen 30%, but saw gains of 3.5% and 6% in recent sessions (conflicting signals).

**Ownership Increases**: Multiple funds increased holdings in Tesla (neutral to slightly bullish).

**Net Tilt**: **Bullish** due to positive analyst upgrades and government contract, despite revenue decline and negative analyst downgrade."
2025-02-14,28,"**Bullish Signals:**
- **Product Launches:** Robotaxis deployment in Austin, FSD launch in June.
- **Government Contract:** Secured $400M US Government contract.
- **Price Target Upgrades:** UBS raised target to $259, Truist to $373.
- **Ownership Increases:** Vanguard and LLC increased holdings.
- **Stock Performance:** Shares closed up 5.8%, analysts expect EPS of $2.54.

**Bearish Signals:**
- **Downgrades:** Stocknews downgraded to ""sell,"" Byd downgraded to ""hold.""
- **Market Share Loss:** Global market share shrinks.
- **Legal Issues:** Chinese woman sues Tesla.
- **Insider Sell:** Robyn M. Denholm sold shares.
- **Sales Decline:** European sales fell 51%, robotaxi as cheapest car amid sales drop.
- **Embargo:** Chinese government bans Tesla cars.
- **Stock Decline:** TSLA plunged over 25%.

**Net Tilt:** Bearish due to multiple downgrades, legal issues, and significant sales declines outweighing product launches and ownership increases."
2025-02-15,11,"**Insider Sales:** Bearish. CFO Vaibhav Taneja and Director Kathleen Wilson-Thompson sold 7,000 and 100,000 shares respectively.

**Legal Issues:** Bearish. Tesla is suing a Chinese entity and an individual for defamation.

**Protests:** Bearish. Hundreds protested against Elon Musk in Boston.

**Facility Open:** Bullish. Tesla opened its first factory.

**Ownership Increases:** Mixed. Various entities increased their stakes in Tesla, including a significant 36,790% increase by one LLC.

**Net Tilt:** Neutral to Slightly Bearish due to conflicting signals."
2025-02-16,17,"**Revenue and Sales Decline:** Bullish signals mixed with bearish. Tesla’s sales and revenue declined significantly, particularly in Canada and China, indicating a market share loss to Chinese competitors (bearish). However, some institutional investors increased their stakes in Tesla (bullish).

**Legal Issues:** Bearish. Tesla is involved in legal disputes with Chinese customers and journalists, potentially damaging its reputation (bearish).

**Stock Performance:** Bearish. Tesla’s stock has plunged over 25% since December, and its market share in China dropped nearly 15% (bearish).

**Analyst Ratings:** Mixed. Guggenheim maintained a “sell” rating with a $175 target, while Cantor Fitzgerald reiterated a “neutral” stance with a $365 target (net tilt slightly bearish).

**Net Tilt:** Bearish."
2025-02-17,31,"**Supply Guidance Increase:** Bullish. Tesla plans to boost production by 50%.

**Price Target Upgrades:** Bullish. Goldman Sachs ($345→$345), Deutsche Bank ($295→$370), Canaccord Genuity ($298→$400), Barclays ($270→$325), Morgan Stanley ($400→$430).

**Price Target Downgrades:** Bearish. Robert W. Baird ($480→$440), Stifel Nicolaus ($492→$474), JPMorgan ($130→$135).

**Revenue/EV Sales Decline:** Bearish. Tesla’s EV sales and January revenues are declining.

**Regulatory Approvals:** Mixed. FSD approved in Europe but delayed in China.

**Product Releases/Delays:** Mixed. Cybercab unveiled, FSD released in China but delayed there.

**Insider Sales:** Bearish. Kimbal Musk and Robyn Denholm sold shares.

**Subsidies:** Bullish. Elon Musk received over $20 billion in subsidies.

**Stock Price:** Bearish. Tesla stock opened at $355.84, down significantly.

**Net Tilt:** Bearish due to revenue declines, insider sales, and significant stock price drop, despite positive production guidance and upgrades from some analysts."
2025-02-18,51,"**Analyst Actions:** Bearish; Stocknews.com downgraded Tesla to ""sell"" (Jan 31), Phillip Securities to ""strong sell"" (Nov 13). Bullish; Jefferies raised PT to $300 (from $195), Evercore ISI to $275 (from $195), Wedbush to $550 (from $515). Neutral; Robert W. Baird downgraded PT to $440 (from $480), Wells Fargo to $135 (from $125).

**Revenue/Earnings:** Bearish; Tesla reported a significant revenue decline.

**Product/Catalysts:** Mixed; Model Y launches globally, but CFO Vaibhav Taneja sold shares (Dec 2). Legal issues persist with lawsuits filed against Matthews.

**Net Tilt:** Bearish due to analyst downgrades and revenue decline, offset slightly by positive PT adjustments and product launches."
2025-02-19,21,"**Product Expansion:** Bullish. Tesla is planning multiple product launches including the Model Y in Australia and potential vehicle sales in India within 3 months. Additionally, Tesla aims to introduce robotaxi services in Austin.

**Market Entry:** Bullish. Tesla is setting up operations in India, including a factory and possibly an R&D center, indicating significant market entry.

**Ownership Increase:** Bullish. Wellington Management Group LLP increased its Tesla stake by 52.0%, while another entity boosted holdings by 36,790%.

**Operating Margin Decline:** Bearish. Tesla’s operating margin dropped to 6.2% from 8.2%.

**Revenue:** Neutral. Tesla reported revenues of $25.71 billion.

**Negative Events:** Bearish. A shooting incident occurred at a Tesla showroom in Salem, Oregon.

**Net Tilt:** Mixed, but slightly bullish due to strong product expansion and ownership increases outweighing the negative events and margin decline."
2025-02-20,25,"**Price Target Upgrades:** Deutsche Bank raised PT to $370.00, UBS to $259.00, Truist to $373.00 (Bullish).

**Revenue Slump:** Sales declined in Scandinavia (Bearish).

**Executive Resignation:** Co-founder Marc Tarpenning left Tesla (Bearish).

**Stock Performance:** Tesla fell 50%, but later surged (Mixed).

**Legal Issues:** Lawsuit filed against Musk/Tesla, defamation suits in China (Bearish).

**Investment & Guidance:** Investment of $2-3B in manufacturing, India import operations start (Bullish).

**Product Launch:** Model Y facelift launched in Malaysia (Bullish).

**Analyst Actions:** Mizuho reiterates ""outperform"" with $515.00 PT, Stifel downgraded to $474.00 (Mixed).

**Ownership Changes:** Increased positions by investors (Bullish).

**Other:** Shooting incident at dealership, various small stake acquisitions (Neutral).

**Net Tilt:** Mixed, but slightly **Bullish** due to multiple upgrades and product launches outweighing legal and revenue concerns."
2025-02-21,54,"**Revenue and Sales Decline:** Bearish. Tesla’s sales declined nearly 60% in January and overall sales slid in 2024.

**Product Recalls:** Bearish. Tesla recalled over 376,000 vehicles in the U.S. for various issues.

**Analyst Actions:** Mixed. Stocknews downgraded Tesla to “sell,” while Piper Sandler, Jefferies, Wells Fargo, and Morgan Stanley upgraded price targets. Baird downgraded their target.

**Insider Activity:** Bearish. CFO Vaibhav Taneja sold 7,000 shares.

**Regulatory Issues:** Bearish. Italian competition watchdog opened a probe into Tesla and Stellantis.

**Ownership Changes:** Mixed. Several firms increased stakes, but one major shareholder sold shares.

**Product Launches:** Bullish. Tesla prepares for India debut and launches Model Y updates.

**Net Tilt:** Bearish. Negative signals outweigh positive ones."
2025-02-22,18,"**Price Target Upgrades:** Evercore ISI raised PT from $195 to $275; Canaccord Genuity raised PT from $298 to $400 (Bullish).

**Sales Decline:** Tesla sales are declining globally and in Europe (Bearish).

**Acquisition & Product Launches:** Tesla acquiring Nissan; launching new Model Y and Level 3 autonomous driving in 2025 (Bullish).

**Partnerships:** Potential partnership with Uber for robotaxis (Bullish).

**Insider Sell:** Kathleen Wilson-Thompson sold 100,000 shares (Bearish).

**Ownership Increases:** Multiple firms increased stakes in Tesla (Bullish).

**Stock Performance:** Shares closed 4.7% lower (Bearish).

**Net Tilt:** Mixed signals; overall slightly bullish due to upgrades and product launches outweighing sales declines and insider sell."
2025-02-23,8,"**Net Tilt: Bullish**

**Analyst Actions & Price Targets:**
- **Bullish:** UBS upgraded Tesla’s target price from $226.00 to $259.00.
- **Neutral:** Mizuho reaffirmed “outperform” with a $515.00 target.
- **Neutral:** Cantor Fitzgerald reaffirmed “neutral” with a $365.00 target.
- **Neutral:** RBC reiterated a “mixed” rating.

**Product Launch:**
- **Bullish:** Tesla launched a cheaper Model Y, expanding market reach.

**Insider Activity:**
- **Bearish:** Kimbal Musk sold 75,000 shares.
- **Bullish:** LLC increased holdings by 0.7%.

**Conflicting Signals:** Net tilt is slightly bullish due to upgrades and product launch outweighing insider sell."
2025-02-24,42,"**Product Releases & Upgrades:** Bullish. Tesla launching refreshed Model S, unveiling self-driving taxi service, rolling out FSD in China, and deploying significant software updates.

**Recalls & Layoffs:** Bearish. Multiple recalls affecting over 375,000 cars and layoffs impacting 4% of staff.

**Price Target Adjustments:** Mixed. Truist upgrades target to $373.00; Robert W. Baird downgrades to $440.00; Stifel Nicolaus cuts to $474.00.

**Stock Performance:** Bearish. Tesla stock fell 5.1% to $337.80 last week despite some rallies.

**Market Trends & Regulatory Issues:** Bearish. Facing market share loss in Germany and regulatory scrutiny from NHTSA."
2025-02-25,75,"**Revenue and Earnings:** Bearish. Tesla’s Q4 EPS missed expectations at -0.74 vs. -0.64 expected. Revenue and unit sales declined sharply: sales fell 50.3% to 7,517 units in January, and dropped 45% in Europe. 

**Market Share:** Bearish. Tesla lost significant market share in Europe, with sales falling 45% in January.

**Legal Issues:** Bearish. Facing multiple lawsuits including a class action in Australia and another unspecified class action.

**Stock Performance:** Bearish. Stock price saw a massive plunge, trading down $28.25 to $302.28, and has fallen nearly 40% recently.

**Acquisition:** Bullish. Tesla acquired parts of insolvent German parts maker Manz AG, expanding its reach in Germany.

**Product Releases:** Mixed. Positive releases include FSD rollouts in China and the US, and the planned launch of Model S & X refresh by end-2025. Negative includes insider selling by key executives."
2025-02-26,33,"**Revenue Decline:** Bearish. Tesla’s Q4 revenue missed expectations, with sales falling 45-50% YoY in multiple markets including Britain and China, and Model 3 sales dropping 31%. 

**Analyst Actions:** Mixed. Piper Sandler upgraded price target to $500 from $315, while Truist Securities downgraded it. 

**Stock Performance:** Bearish. Tesla shares are down 27-28% YTD and fell 8-9% recently, despite a 51% gain over the past 12 months.

**Product Launches:** Bullish. Tesla launched driver-assist software in China and debuted the Model Y in the Philippines, with plans to launch the Model 3 in India.

**Other:** Bearish. Calls for Musk to step down as CEO and a significant drop in registrations in January indicate weakening demand."
2025-02-27,35,"**Bullish Signals:**
- **Price Target Upgrades:** UBS upgraded price target from $226 to $259; Barclays from $270 to $325.
- **Revenue Guidance:** Forecasting growth in vehicle sales.
- **Product Launches:** Expected to launch next-gen vehicles, unsupervised self-driving in Q2 2025, and robotaxi service in California.

**Bearish Signals:**
- **Revenue Decline:** Facing declining EV sales; stock down due to tumbling sales.
- **Stock Performance:** Shares down 40% in 2 months, 37% since December, 25% YTD and last month.
- **Insider Sell:** Kimbal Musk sold 75,000 shares.
- **Ownership Changes:** Mixed with FMR LLC increasing holdings but overall negative sentiment.

**Net Tilt:** Bearish due to significant stock declines and insider selling despite positive analyst upgrades and product launches."
2025-02-28,27,"**Stock Performance:** Bearish. Tesla stock plunged 30% in February, down 13% over three months, and fell further today. Despite a brief spike to $488, it closed at $281.95.

**Revenue & Sales:** Bearish. Sales declined in Europe and China, with a 22% drop in China year-over-year.

**Earnings:** Bullish. Q4 EPS was 73 cents, beating expectations.

**Product Releases:** Bullish. Updated Model Y and autonomous robo-taxi service planned for 2025.

**Executives:** Bearish. A manager was fired.

**Investigations:** Bearish. NHTSA launched an investigation into Tesla’s self-driving tech.

**Ownership:** Bullish. Vinva Investment Management and Assenagon Asset Management increased their stakes significantly.

**Net Tilt:** Bearish due to significant stock declines and revenue/sales drops outweighing positive product releases and ownership increases."
2025-03-01,18,"**Price Target Upgrade:** Jefferies upgraded Tesla’s price target from $195 to $300 (Bullish).

**Product Launches & Enhancements:** FSD rollout in China, new showroom in Mumbai, Delhi, and software updates (Bullish).

**Ownership Changes:** Multiple firms increased stakes (Geode, UBS, Charles Schwab) while one firm reduced holdings (Advisors) (Net Bullish).

**Revenue Volume:** Tesla sold only 9,900 cars in January (Bearish).

**Analyst Ratings:** Guggenheim reaffirmed “sell,” Needham reissued “hold” (Net Neutral).

**Catalysts:** Lease agreement for India, Model Y facelift (Bullish).

**Net Tilt:** Bullish."
2025-03-02,16,"**Wells Fargo upgraded Tesla’s price target to $135 from $125 (Bullish)**

**Revenue declined sharply (Bearish)**

**Positive review of the 2025 Model Y ""Juniper"" (Bullish)**

**Kimbal Musk sold 75,000 shares (Bearish)**

**Protests at Tesla showroom in Britain (Bearish)**

**Significant ownership increases by multiple firms (Bullish)**

**One firm reduced its stake (Bearish)**

**Morgan Stanley maintained an overweight rating (Neutral)**

**Mixed ownership activity with some buying and selling (Net Neutral)**

**Analysts expect EPS of 2.56 for the current year (Neutral)**

**Net Tilt: Mixed**"
2025-03-03,52,"**Bullish Signals:**
- **Analyst Upgrade:** Stanely reinstates Tesla as 'Top Pick'.
- **Price Target Raised:** Morgan Stanley raises Tesla price target to $430.
- **Product Launches:** Multiple product launches including Model Y 'Juniper', driverless ride-hailing services, and FSD rollout in various regions.
- **Stock Surge:** Tesla stock surged almost 100%.

**Bearish Signals:**
- **Revenue Declines:** Sales decline across Scandinavia, France, and globally; January sales in Europe down 45%, January sales in US down nearly 60%.
- **Stock Decline:** Tesla stock tanks, drops 42% in Sweden, falls 28% in February, and declines 22.75% YTD.

**Net Tilt:** Bearish due to widespread revenue declines and significant stock price drops outweighing positive analyst upgrades and product launches."
2025-03-04,43,"**Bearish Signals:**
- **Analyst Downgrades:** Stocknews.com downgraded Tesla from ""hold"" to ""sell""; BofA downgraded Tesla.
- **Price Target Lowering:** BofA lowered Tesla’s price target to $380 from $490.
- **Revenue and Sales Declines:** Tesla’s electric car sales, deliveries, and sales in China and Europe have significantly declined.
- **Product Recalls and Discontinuations:** Hundreds of Tesla vehicles recalled; some models’ sales suspended.
- **Executive Changes:** TSLA board to remove Elon Musk as CEO.
- **Insider Selling:** Chairwoman Robyn Denholm sold $33M in Tesla stock.
- **Market Share Loss:** Tesla’s market share fell sharply in France and globally.

**Bullish Signals:**
- **Price Target Upgrade:** UBS upgraded Tesla’s price target to $259 from $226.
- **New Product Launches:** New Model Y cars launched; FSD and Autopilot upgrades introduced in China.

**Net Tilt:** Bearish due to overwhelming negative signals."
2025-03-05,55,"**Analyst Actions:** Bullish (Morgan Stanley upgrades to ""Top Pick""). Bearish (Goldman Sachs cuts PT to $320 from $345; BofA cuts PT to $380 from $490; Robert W. Baird cuts PT to $440 from $480; Stifel Nicolaus cuts PT to $474 from $492). Barclays upgrades PT to $325 from $270.

**Revenue & Volume:** Bearish (German sales plunge 76%; overall sales lowest since Aug 2022). Bullish (UK sales rise 20.7%).

**Market Trends:** Bearish (Stock down 70% predicted; 40% drop since Dec; insider selling). Bullish (Shares up 45% YTD).

**Catalysts:** Bearish (Production cut; market share loss in Norway). Bullish (Model Y revamp launch; India market entry; Texas megafactory).

**Net Tilt:** Bearish due to significant revenue declines and multiple PT cuts outweighing positive analyst ratings and minor regional sales increases."
2025-03-06,38,"**Net Tilt: Bearish**

**Revenue & Sales:**
- **Bearish:** Tesla sales fell 48% in February in both Germany and Denmark, nearly halving overall. (Evidence: Reuters, multiple reports)

**Analyst Actions:**
- **Bullish:** TD Cowen upgraded Tesla to Buy from Hold.
- **Bearish:** Bank of America and Baird downgraded Tesla, lowering price targets to $380 and unspecified levels respectively.

**Market Performance:**
- **Bearish:** Tesla shares declined following negative sales data and analyst downgrades.

**Catalysts:**
- **Bearish:** Fines from OSHA ($49,650) and U.S. Department of Labor ($7,000).
- **Neutral:** Model S and Model X production halt announced but not discontinued.
- **Bullish:** India market entry and tax breaks received.

**Other Signals:**
- **Bearish:** Insider selling by CFO, shooting incident at dealership.
- **Bullish:** Facility expansions and increased institutional ownership."
2025-03-07,31,"**Net Tilt: Bearish**

**Analyst Actions & Ratings:**
- **Bearish:** Erste Group downgraded Tesla to Sell from Hold.
- **Bullish:** Deutsche Bank raised price target to $370.00 from $295.00; Truist Financial raised target to $373.00 from $351.00.

**Revenue & Sales:**
- **Bearish:** Global sales decline, European market share decrease, sales plunge.
- **Bullish:** UK sales jump 21%, surge in sales noted.

**Product Launch & Orders:**
- **Neutral:** Refreshed Model Y launched with 200,000 orders.

**Financial Performance:**
- **Bearish:** Stock fell 28% last month, 10% this week, 5% on Thursday, and 0.3% on Friday; $50K OSHA fine.

**Ownership Changes:**
- **Mixed:** Swedbank increased holdings by 2.8%; Llc. decreased by 8.1%.

**Conflicts:** Revenue signals mixed but overall trend negative. Net tilt bearish due to multiple negative financial and analyst signals."
2025-03-08,24,"**Revenue Decline:** Bullish signals mixed with strong bearish ones. Tesla sales fell sharply across multiple regions: 76% in February globally, 70% in the first two months of 2025, and 45% in Europe. However, 2025 Model Y debuted in Australia.

**Stock Performance & Insider Activity:** Shares dropped 30.75% YTD, with CFO Vaibhav Taneja and Director Robyn M. Denholm selling shares. Some institutions like LLC and Corp increased their positions.

**Analyst Ratings:** Morgan Stanley maintained a ""top pick"" with a $430 price target, while UBS and Cantor Fitzgerald kept ""neutral"" ratings.

**Earnings Estimates:** Analysts predict EPS of $2.56 for FY2025. 

**Net Tilt:** Strongly Bearish due to significant revenue declines and insider selling."
2025-03-09,21,"**Analyst Actions:** Bearish (Stocknews.com downgraded to Sell); Bullish (TD Cowen upgraded to Buy, Canaccord Genuity raised PT to $400, Wells Fargo raised PT to $135); Mixed (Jefferies raised PT to $300, Baird cut PT to $370, Goldman Sachs cut PT).

**Revenue Trends:** Bearish (Sales dropped in Jan-Feb, China, Europe, Netherlands).

**Product/Catalysts:** Bullish (FSD rollout in China); Bearish (Protests, insider sale by Kathleen Wilson-Thompson).

**Net Tilt:** Bearish due to revenue declines and mixed analyst actions tilting slightly negative."
2025-03-10,67,"**Analyst Actions & Price Targets:** Bearish. Erste Group downgraded Tesla to Sell. UBS cut the price target to $225 from $259. LBBW reduced the price target to $204.

**Revenue & Sales Trends:** Mixed. Sales grew in some regions but declined significantly in others (California, Norway, China -49%). 

**Earnings:** Bullish. Profits added, though Q1 delivery estimates were lowered.

**Product & Legal Issues:** Bearish. Over 376K vehicles recalled. Lawsuits ongoing. New Model Y rollout and FSD feature release are positive.

**Stock Performance:** Bearish. Multiple reports of significant declines, with shares plunging up to 45% in recent months.

**Net Tilt:** Bearish."
2025-03-11,84,"**Analyst Actions:** Bearish; DZ Bank and UBS maintained Sell ratings. Barclays upgraded target from $270 to $325 but kept a Sell rating.

**Revenue & Sales:** Bearish; Tesla sales plummeted 76% YOY in Germany, fell in Australia, and dropped 45% in Europe. However, sales increased in one region.

**Stock Performance:** Mixed; Tesla shares jumped 71% YTD but fell 55% from Dec highs, tumbled 50% in 3 months, and lost $127B in one day.

**Supply & Production:** Bullish; Tesla plans to double US production within two years. Deliveries to drop 5% Q1.

**Demand & Reputation:** Bearish; Demand slowed due to reputation issues.

**Government & Contracts:** Bullish; Trump buying a Tesla.

**Miscellaneous:** Bearish; Fire at Tesla charging station, potential fine, insider sale by CFO."
2025-03-12,71,"**Analyst Actions:** Bullish (Canaccord Genuity upgrades to Buy; Td Cowen upgrades to Buy from Hold). Bearish (Bank of America cuts PT to $380; Evercore ISI cuts PT to $235; JPMorgan cuts PT to $120; Piper Sandler raises PT to $500).

**Revenue/Earnings:** Bearish (missed revenue expectations; sales plummet; analyst cuts FY estimate). Bullish (revenue multiplying; Model Y production ramping).

**Product/Catalysts:** Bearish (Cybertruck crash; FSD delay; insider sells). Bullish (FSD rollout in June; SpaceX agreements with India; production doubling target).

**Legal/Regulatory:** Bearish (Greene calls for DOJ investigation; Trump comments on attacks; legal issues).

**Stock Performance:** Bearish (46% drop since Jan. 20; multiple insider sales). Bullish (stock gains post-Trump comments, CPI report).

**Net Tilt:** Bearish due to mixed signals but predominantly negative analyst actions and revenue misses."
2025-03-13,32,"**Price Target Downgrade:** Bearish. Robert W. Baird downgraded Tesla’s price target from $440.00 to $370.00.

**Earnings Miss:** Bearish. Tesla’s EPS dropped 52%.

**Product Launch:** Bullish. Tesla launched a new lower-priced model and plans a robotaxi unveiling in mid-2025.

**Supply Increase:** Bullish. Elon Musk expects Tesla output to double, and production of the updated Model Y is ramping up.

**Fines and Attacks:** Bearish. Tesla faces a $49,650 fine and violent attacks on Teslas and dealerships.

**Stock Performance:** Bearish. Shares have crashed 48% since December peak and are down 30% in the past month.

**Partnerships:** Bullish. Tesla partners with Baidu to enhance FSD and ADAS in China.

**Net Tilt:** Bearish due to multiple negative signals outweighing positive ones."
2025-03-14,58,"**Net Direction: Bearish**

**Revenue & Sales:**
- **Bearish:** Sales declining in Europe, overall contraction noted.
- **Bullish:** European sales up, China Model Y orders surge.

**Product & Launches:**
- **Bullish:** New Model Y cheaper, planned affordable models, autonomous ride-sharing service launch.
- **Bearish:** Previous recall, regulatory investigation by Ag Bondi.

**Analyst Actions:**
- **Bearish:** Wells Fargo downgrades target to $130, Exane to $150 from $157.
- **Neutral:** Mizuho reiterates ""outperform"" at $515, Wells Fargo ""Underweight.""

**Insider Activity:**
- **Bearish:** Multiple insider sales, including CFO and Director.

**Other:**
- **Bearish:** Chair Robyn Denholm steps down, ongoing stock losses.
- **Bullish:** Potential cost cuts, earnings growth expected."
2025-03-15,18,"**Net Tilt: Bearish**

**Price Target Adjustments:**
- **Bearish:** UBS downgraded from $259 to $225.
- **Bearish:** JPMorgan downgraded from $135 to $120.
- **Bullish:** Truist upgraded from $351 to $373.
- **Bearish:** Guggenheim downgraded from $175 to $170.

**Revenue/Earnings:**
- **Bearish:** Total EV sales dropped 49% YoY.

**Product Updates:**
- **Bearish:** Cybertruck recall.
- **Bullish:** Refreshed Model Y launched in China.

**Ownership Changes:**
- **Mixed:** Centaurus Financial, LLC, and another firm increased stakes; Intact Investment Management reduced stake by 17.9%.

**Stock Performance:**
- **Bearish:** Stock price plummeted, with a 40% drop noted.

**Rating:**
- **Neutral:** Morgan Stanley reaffirmed ""top pick"" with a $430 price target."
2025-03-16,9,"**Analyst Actions:** Bearish. Bank of America, JPMorgan Chase, and Stifel Nicolaus downgraded Tesla, lowering price targets from $490 to $380, $135 to $120, and $492 to $474 respectively.

**Ownership Changes:** Bullish. Swedbank AB, Facet Wealth Inc., and another unnamed corporation increased holdings by 2.8%, 9.8%, and 130.2% respectively.

**Other Signals:** Neutral. Canaccord Genuity maintained a “buy” rating with a $404 price target. Wells Fargo set a new $130 price target. GWN Securities bought 8,688 shares.

**Net Tilt:** Mixed, but leaning slightly bearish due to multiple downgrades outweighing positive ownership increases."
2025-03-17,43,"**Price Target Downgrades:** Mizuho lowered Tesla’s price target to $430 from $515, citing concerns over Q1 delivery forecasts. Wells Fargo also cut its target from $135 to $130. **Bullish:** Tesla unveiled free FSD and plans to launch an autonomous robotaxi service in 2025. **Bearish:** JP Morgan cut Q1 delivery forecasts, and Tesla halted Cybertruck deliveries. **Revenue:** Sales were down 2% YoY, but Cybertruck sales could see an uptick. **Market Share:** Tesla aims to gain market share and acquired Nissan’s U.S. operations. **Stock Performance:** Tesla stock dipped significantly, down 41% YTD, despite a 7% increase from last Monday. **Net Tilt:** Bearish due to multiple downgrades and revenue concerns, offset slightly by product launches."
2025-03-18,75,"**Bullish Signals:**
- EPS guidance up (profits could grow).
- Secured first CPUC permit for robotaxi service in California.
- Full Self-Driving pricing drops to $50.

**Bearish Signals:**
- UBS downgraded target price from $259 to $225.
- RBC cut price target to $320.
- Multiple analysts cut targets.
- Retail sales missed estimates; global sales slumped.
- Sales in Europe fell 45% in January; market share in China to halve.
- Shares plunged nearly 50%; stock losses widespread.
- Executives and insiders selling shares totaling over $100M.
- FBI investigating Tesla vehicles; regulatory scrutiny ongoing.
- Favorability declining; violent attack on Tesla dealership.

**Net Tilt:** Bearish."
2025-03-19,79,"**Analyst Actions:** Bullish (Cantor Fitzgerald upgrades to Overweight, Barclays raises PT to $325); Bearish (RBC cuts PT to $320, Robert W. Baird to $370).

**Violent Attacks:** Bearish (multiple arson and attack incidents on Tesla facilities, escalating security concerns).

**Supply & Production:** Bullish (vehicle deliveries expected to rise 10% to 1.97M units); Bearish (voluntary Cybertruck recall).

**Revenue & Earnings:** Bullish (record sales reported); Bearish (share price down over 50%, significant dips since Jan. 20).

**Regulatory & Product Approvals:** Bullish (approval for ride-hailing service, robotaxi permits in California).

**Executive Changes:** Bearish (calls for Elon Musk’s resignation).

**Net Tilt:** Mixed, but slightly **Bearish** due to multiple price target downgrades and violent attacks overshadowing positive analyst upgrades and production forecasts."
2025-03-20,55,"**Analyst Actions:** Bullish (Cantor Fitzgerald upgraded to ""Overweight"" from ""Neutral""), Bearish (Mizuho lowered PT to $430 from $515, Piper Sandler to $450 from $500).

**Revenue Trends:** Bearish (sales fell 49% in Feb, Model 3 sales down 26%), Bullish (daily sales bounced on Mar 12).

**Product & Recall:** Bearish (Cybertruck frame collapse in stress test, 46K Cybertrucks recalled, 376K Model 3 recalled).

**Stock Performance:** Bearish (stock price falling, down >40% over month), Bullish (shares rebounded after eight-day drop).

**Other:** Bearish (attacks on Tesla vehicles, insider sells totaling $100M), Bullish (partnership with Baidu, Juniper update).

**Net Tilt:** Bearish."
2025-03-21,50,"**Analyst Actions:** Bullish (Cantor Fitzgerald raised to ""Overweight"", Cowen upgraded to ""Buy"") vs Bearish (UBS lowered PT to $225, Piper Sandler to $450, Morgan Stanley to $410, Wells Fargo to $130).

**Revenue/Sales:** Bearish (car sales declining, San Diego sales down, European sales tanked 45%).

**Product/Catalysts:** Bearish (Cyber Truck recall, violent attacks on Teslas, no earnings guidance provided).

**Stock Performance:** Bearish (stock down 42% YTD, 40% in 6 weeks, multiple price target cuts).

**Other:** Mixed (CEO Elon Musk returns, Tata Group partnership, production scaling up, investments in robotics).

**Net Tilt:** Strongly Bearish."
2025-03-22,23,"**Bearish Signals:**
- **Revenue Down:** Tesla reports falling sales revenues and a 35% drop in sales numbers.
- **Price Target Downgrades:** Bank of America, JPMorgan Chase, and Stifel Nicolaus all lowered their price targets.
- **Executive Resignation:** Elon Musk stepping down as CEO.
- **Stock Price Crash:** Tesla’s stock price fell from $479 to $248.
- **Insider Sale:** CFO Vaibhav Taneja sold shares.
- **Accidents/Fires:** Multiple incidents including a highway crash and fires at facilities.

**Bullish Signals:**
- **Increased Sales Volume:** Tesla is selling more cars.
- **Market Entry:** Entering the lucrative pickup truck market.
- **Institutional Ownership Growth:** Several large investors increased their stakes in Tesla.

**Net Tilt:** Bearish due to multiple negative financial and operational signals outweighing positive market entry and institutional support."
2025-03-23,7,"**Net Direction: Bearish**

- **Price Target Downgrade:** Analyst lowered price target on Tesla.
- **Stock Performance:** Tesla stock tumbled amid unspecified pressures, marking its ninth decline.
- **Insider Sales:** Tesla directors, including Robyn M. Denholm, offloaded $100 million in stock.
- **Ownership Shifts:** While Llc significantly increased holdings by 36,790%, insider sales indicate bearish sentiment.

**Net Tilt:** Bearish due to multiple negative signals outweighing the positive ownership shift."
2025-03-24,56,"**Revenue:** Mixed signals; missed estimates (-), but some reports indicate growth (+). Evidence: Missed sales estimates (-), Europe sales collapse (-), but overall revenue tops estimates (+).

**Product:** Recalls and delays (-), but new releases and expansions (+). Evidence: Cybertruck recall (-), halted FSD rollout in China (-), but plans for robotaxi service (+), FSD in China (+), new Model Y version (+).

**Market Share:** Declining globally (-), but expanding in China (+). Evidence: Market share falling to 9.6% (-), but growing in China (+).

**Stock Performance:** Overall negative (-), with recent gains (+). Evidence: Down 26.5% YTD (-), but surged Monday (+).

**Analyst Actions:** Downgrades (-), but neutral ratings (+). Evidence: JP Morgan downgrade (-), Morgan Stanley price target reduction (-), Canaccord Genuity maintains ""buy"" rating (+).

**Net Tilt:** Bearish."
2025-03-25,76,"**Market Share and Revenue Declines:** Tesla’s market share in Europe slumped 40%, with sales falling by 43% globally and 49% in Europe year-to-date. Analysts at Royal Bank of Canada, Robert W. Baird, Bank of America, JPMorgan Chase, and UBS all downgraded Tesla, cutting price targets from $440-$490 to $225-$370.

**Supply and Demand Issues:** Deliveries dropped 43%, indicating supply constraints. Model Y orders in the US suggest weak demand.

**Negative Sentiment and Attacks:** Showroom attacks and arson incidents targeting Tesla vehicles highlight growing negative sentiment.

**Product Launches:** Positive signals include the launch of the Model Y and full self-driving features in the US and China.

**Net Tilt:** **Bearish** due to overwhelming negative signals on revenue, market share, and analyst downgrades outweighing product launches."
2025-03-26,42,"**Revenue and Guidance:** Bearish. Mizuho downgraded Tesla’s target price to $430 from $515. Reports indicate a 50% drop in sales in Portugal and a general slump in European EV sales. Guggenheim also lowered its target price to $170 from $175.

**Product and Market:** Mixed. Tesla faces embargoes in Canada and protests globally. However, it plans to launch in Saudi Arabia and debut the Cybercab robotaxi this year. China approved FSD but halted its rollout there.

**Legal and Insider Activity:** Bearish. Tesla is involved in multiple legal disputes and saw insider selling by James R. Murdoch.

**Net Tilt:** Bearish. Revenue declines and negative analyst actions outweigh positive market entries and product approvals."
2025-03-27,25,"**Bearish Signals:**
- **Price Target Downgrades:** Daiwa Securities downgraded Tesla’s price target to $300 from $420; HSBC to $130 from $165; Morgan Stanley to $410 from $430.
- **Revenue Decline:** Tesla sales fell 40%.
- **Supply Issues:** Deliveries fell.
- **Insider Sell:** CFO Vaibhav Taneja sold 7,000 shares.
- **Security Concerns:** Multiple violent attacks (arson, terror) on Tesla locations.
- **Stock Performance:** Tesla stock fell 36% since Jan. 20.

**Bullish Signals:**
- **Product Launches:** Fully autonomous Cybercabs, EVs in Saudi Arabia.
- **Stock Gains:** Tesla rallied after Trump announcement, gained 5.77% at 11:20 am ET, up 4% in midday trading.
- **Analyst Reaffirmation:** Wedbush reaffirmed “outperform” rating with $550 price target.

**Net Tilt:** Bearish due to multiple downgrades, revenue decline, insider sell, and security issues outweighing product launches and recent gains."
2025-03-28,33,"**Price Target Downgrades:** HSBC downgraded Tesla’s target price from $165 to $130; Deutsche Bank cut it from $420 to $345; Piper Sandler reduced it from $500 to $450. **Bullish:** Canaccord Genuity reissued a “buy” rating with a $404 target. **Net Tilt:** Bearish.

**Revenue/EPS Declines:** EPS fell 53% in 2024; European EV sales dropped 43% in February; deliveries declined 5% YoY. **Bullish:** Canadian sales surged in January. **Net Tilt:** Bearish.

**Product Launches/Catalysts:** Launched Model S in 2011; expected robotaxi launch. **Bullish:** Management increased holdings by 4.7%. **Net Tilt:** Neutral.

**Stock Performance:** Year-to-date, Tesla lost over 25%, but gained 16% in a week. **Net Tilt:** Bearish.

**Other:** Facing fraud claims; Missouri dealerships closing; vandalism incidents. **Net Tilt:** Bearish."
2025-03-29,12,"**Net Tilt: Bearish**

- **Downgrade & Price Target Cut**: Bank of America downgraded Tesla, cutting the price target from $490 to $380.
- **Stock Performance**: Tesla stocks dipped 32.6% YTD, trading as low as $260.79.
- **Negative Sentiment**: Protests against Tesla occurred in London and Ottawa; a pickup truck struck two protestors.
- **Musk’s Moves**: Musk sold social media platform X for $33B, potentially signaling divestiture focus.
- **Supply Update**: Tesla expects Q1 deliveries of 340k-350k vehicles.

Conflicting signals exist but overall tilt is bearish due to downgrade, stock performance, and negative sentiment."
2025-03-30,18,"**Analyst Actions:** Bullish (Cantor Fitzgerald upgraded to ""overweight"", Truist Financial raised PT to $373.00). Bearish (Mizuho downgraded PT to $430.00, JPMorgan to $120.00, Deutsche Bank to $345.00, HSBC lowered PT). **Market Share:** Bearish (fell by 7 percentage points). **Acquisition:** Bullish (Stellantis to keep buying Tesla). **Insider Activity:** Bearish (Director James R. Murdoch sold shares). **Ownership:** Mixed (Northern Trust, Vanguard, Geode Capital, FMR increased holdings). **Protests:** Bearish (protests against Tesla). **Net Tilt:** Bearish due to multiple downgrades and market share loss outweighing upgrades and increased ownership."
2025-03-31,68,"**Bearish Signals:**
- **Price Target Downgrades:** RBC from $440 to $320, Deutsche Bank from $420 to $345, Morgan Stanley from $430 to $410, Wells Fargo from $135 to $130.
- **Revenue Guidance & Sales Declines:** Revenue guidance down, Cybertruck sales plummeted 32.5%, overall sales slipping, European sales down 40%.
- **Product Issues:** Cybertruck recall, FSD rollout delayed until June.
- **Stock Performance:** Stock fell sharply, down 34-36% YTD, insider selling.

**Bullish Signals:**
- **Market Share Gains:** Tesla’s valuation larger, gaining market share.
- **Product Launches:** Full Self-Driving system in Austin, Cybertruck released late 2023.
- **Supply Increases:** Model Y production ramping up.

**Net Tilt:** Bearish due to overwhelming negative signals on revenue, price targets, and stock performance."
2025-04-01,58,"**Revenue and Guidance:** Bearish. Hsbc downgraded Tesla’s price target to $130 from $165. Tesla’s revenue guidance is down, with sales declining 63.9% in March and falling 56% in Q1. Sales slumped across Europe, including declines in France, Portugal, Denmark, and the Netherlands.

**Product Launches:** Bullish. Tesla introduced an enhanced Auto feature and plans to launch the new Model Y and a robotaxi network.

**Legal and Regulatory:** Bearish. Italy is investigating Tesla, and there have been multiple incidents including fires destroying Tesla vehicles at dealerships in Italy.

**Insider Activity:** Bearish. Tesla CFO Vaibhav Taneja sold 7,000 shares.

**Market Performance:** Bearish. Tesla’s stock has plunged 32% YTD and tumbled in Q1.

**Net Tilt:** Bearish."
2025-04-02,115,"**Bullish Signals:**
- Tesla’s revenue has continued to climb over the years.
- Tesla would double its vehicle production.
- Tesla launched a single new vehicle in the last 5 years.

**Bearish Signals:**
- Multiple price target downgrades: Truist ($280 from $373), Piper Sandler ($450 from $500), JPMorgan ($120 from $135).
- Q1 deliveries and sales missed estimates, with sales falling 61% MoM and 13% YoY.
- Market share losses and substantial sales drops across America.
- Stock price declines: 50% since mid-December, 6% in early trading on Wednesday.
- Product recalls and significant analyst downgrades.

**Net Tilt:** Bearish."
2025-04-03,36,"**Bullish Signals:**
- Goldman Sachs adjusted price target to $275 from $320.
- Tesla introduced refreshed Model Y SUV.
- Q4 2023 sales climbed 38%.
- Tesla’s European sales rose 3.5% QoQ.
- Shares edged up early Wednesday.

**Bearish Signals:**
- UBS downgraded price target to $225 from $259.
- Tesla sees worst vehicle sales in 3 years.
- German sales plummeted sharply.
- Q1 EV sales slumped 50% in Australia.
- Facing lawsuit from India and Comptroller.
- Stock crashed, falling nearly 40%.
- Shares closed down 5.47% at $267.28.
- Earnings beat expectations negatively.

**Net Tilt:** Bearish due to multiple revenue and sales declines, legal issues, and significant stock price drops outweighing positive analyst adjustments and product launches."
2025-04-04,40,"**Bullish Signals:**
- Cowen upgraded Tesla to ""Buy"" from ""Hold"".
- Tesla launched a cheaper Model Y variant (""Juniper"").
- JPMorgan sees potential for Tesla’s share price to rise over the next 12 months.
- Several institutions increased their stakes in Tesla.

**Bearish Signals:**
- Multiple price target downgrades: Royal Bank of Canada ($320 from $440), HSBC ($130 from $165), Morgan Stanley ($410 from $430).
- Earnings and revenue guidance cuts: Q1 earnings and sales expected to decline.
- Insider sale: Director James R. Murdoch sold shares.
- Stock price declines: Shares fell 5-10% multiple times, including pre-market and intraday drops.

**Net Tilt:** Bearish due to significant price target downgrades and earnings/revenue guidance cuts outweighing positive analyst upgrades and product launches."
2025-04-05,18,"**Analyst Ratings and Price Targets:** Bullish - Cantor Fitzgerald upgraded Tesla to ""Overweight"" with a $425 target; Evercore ISI raised target to $275. Bearish - Goldman Sachs cut target to $275, Piper Sandler to $450, and Wells Fargo to $130.

**Executive Changes:** Bearish - Tesla’s Software Engineering Head is leaving.

**Product Updates:** Bullish - Redesigned Model 3 launched in 2023.

**Ownership Trends:** Bullish - Multiple large investors increased stakes in Tesla.

**Market Sentiment:** Bearish - Stock expected to drop 10% on Friday; protests planned against Musk.

**Net Tilt:** Mixed signals but slightly bearish due to executive departure and expected stock decline."
2025-04-06,24,"**Bearish Signals:**
- **Price Target Downgrades:** Multiple firms downgraded Tesla’s price targets significantly: Wedbush cut from $280 to $180, Bank of America from $490 to $380, Truist Financial from $373 to $280, and JPMorgan from $135 to $120.
- **Revenue Guidance and Sales Decline:** Tesla saw a revenue decline in Europe and overall revenue growth was minimal at 1%.
- **Stock Performance:** Shares fell sharply, with a 50% drop over four months and a 36% decline year-to-date.
- **Analyst Sentiment:** Oppenheimer maintained a mixed rating.

**Bullish Signals:**
- **Self-Driving Service Launch:** Tesla plans to launch an unsupervised self-driving service in Austin.
- **Market Growth Potential:** Tesla’s entry into India could boost the EV market there.
- **Analyst Bullishness:** Despite downgrades, Wedbush remained bullish on Tesla.

**Net Tilt:** Bearish due to overwhelming negative analyst actions and poor financial performance."
2025-04-07,43,"**Revenue and Sales:** Bearish. Tesla reported a significant Q1 sales slump with a 49% drop in sales in the first two months of 2025 compared to the same period last year. EU sales tanked, while China saw a rebound in Model Y sales but a 11.5% drop in China-made EV sales.

**Supply and Deliveries:** Bearish. Deliveries fell 13% in the first months of 2025, with Q1 deliveries at 336,681 vehicles.

**Analyst Actions:** Bearish. Analysts downgraded Tesla, with Ives cutting the price target significantly, and Apple slashing its price target for Tesla.

**Stock Performance:** Bearish. Tesla’s stock has fallen sharply, dropping over 55% from recent highs, with multiple mentions of significant declines in recent sessions.

**Product Updates:** Mixed. Tesla plans to launch several new products in 2025, but also discontinued the Cybertruck.

**Net Tilt:** Strongly Bearish."
2025-04-08,31,"**Bullish Signals:**
- **Analyst Ratings:** Morgan Stanley maintains an Overweight rating.
- **Price Recovery:** Tesla’s share price recovered in 2019 and is expected to recover in the coming months.
- **Ownership Increase:** Ma and LLC significantly increased holdings in Tesla.

**Bearish Signals:**
- **Downgrades:** HSBC downgraded target price from $165 to $130; Wedbush cut its price objective; Stifel Nicolaus cut from $474 to $455.
- **Stock Declines:** Tesla stock fell almost 60% from its peak in February 2020, over 50% from December, and slid 38% amid recent events.
- **Supercharger Incident:** Possible explosion at a Tesla Supercharger site.
- **Supply Issues:** Deliveries plummeted.
- **Recent Slides:** Shares slumped for four days, declined nearly 10.4% on April 4, and dropped 2.56% on April 7, 2025.

**Net Tilt:** Bearish due to multiple downgrades and significant stock declines outweighing positive analyst ratings and ownership increases."
2025-04-09,33,"**Bullish Signals:**
- Tesla’s stock gained significantly, rising over 20% due to multiple positive catalysts.
- Tesla entered the Saudi market, expanding its global footprint.
- Production of the Model 3 is increasing.

**Bearish Signals:**
- Multiple analysts downgraded Tesla’s price targets: Benchmark ($350 from $475), Robert W. Baird ($370 from $440), Goldman Sachs ($275 from $320), and Wedbush ($315 from unspecified).
- A Tesla charging station explosion occurred in Lacey, Washington, leading to an FBI investigation.
- Tesla issued a recall for its Cybertruck.
- Tesla CFO sold $957K in stock.
- Sales and revenue are declining.

**Net Tilt:** Bearish due to multiple downgrades and negative events outweighing the stock gains and production increases."
2025-04-10,42,"**Net Direction: Bearish**

**Analyst Actions:** Cowen upgraded Tesla to ""buy"" but cut price target to $190. Other firms like Deutsche Bank, UBS, Mizuho, Delaney, Brinkman, and Wells Fargo downgraded targets to $345, $225, $375, $260, and $130 respectively.

**Earnings & Revenue:** Tesla missed JP Morgan’s delivery expectations, saw EV sales and overall sales decline, with a 13% Q1 sales drop. Market share fell 9 percentage points.

**Product Launch:** Tesla launched its robotaxi service in Austin and unveiled the new Cybertruck.

**Stock Performance:** Tesla shares dropped significantly, down 33% YTD, 21.5%, over 20%, and 11%. However, it saw a sharp rally of 22.7%.

**Other:** Tesla opened a showroom in Saudi Arabia, and ownership increased by some institutions.

**Net Tilt:** Strongly bearish due to multiple downgrades and revenue declines outweighing positive product launches and minor rallies."
2025-04-11,43,"**Bearish Signals:**
- **Price Target Downgrades:** JPMorgan lowered PT from $135 to $120; Piper Sandler from $500 to $450; Guggenheim from $175 to $170; RBC from $320 to $314.
- **Revenue/Sales Declines:** US sales plunged; Cybertruck sales tumbled; overall sales decline noted.
- **Product Delays/Discontinuations:** Model S/X paused in production; phased out in China.
- **Insider Sell:** CFO Vaibhav Taneja sold shares.
- **Stock Performance:** Shares down 40% YTD, fell 6.5%, 7.3%, and 1.9% recently.

**Bullish Signals:**
- **China Rebound:** Sales rebounded in March.
- **New Cybertruck Model:** More affordable model launched at $69,990.
- **Facility Openings:** New showrooms and factories opened in Saudi Arabia and Rockford.

**Net Tilt:** Bearish due to multiple downgrades, revenue declines, and product issues outweighing positive developments."
2025-04-12,11,"**Net Tilt: Bearish**

**Analyst Actions:** 
- **Bearish:** Wedbush downgraded Tesla’s price target from $550.00 to $315.00.
- **Bearish:** Royal Bank of Canada reduced price target from $440.00 to $320.00.
- **Bearish:** Stifel Nicolaus lowered price objective from $474.00 to $455.00.

**Revenue/Sales:**
- **Bearish:** Tesla’s sales in China are down, with February 2025 sales down 49% YoY.
- **Bearish:** Tesla stops selling Model S & Model X in China.

**Product Updates:**
- **Bullish:** Tesla launched a new accessory.
- **Bullish:** Tesla unveiled a new model.

**Other:**
- **Neutral:** Violent attack on Tesla charging station.
- **Bullish:** Tesla’s stock soared amid unspecified factors.
- **Bullish:** Increased ownership by LLC.

**Net Signal:** Conflicting signals but overall **bearish** due to significant analyst downgrades and revenue declines in China."
2025-04-13,10,"**Bearish:** Mizuho downgraded Tesla’s price target from $430.00 to $375.00; UBS lowered its target from $259.00 to $225.00. **Bullish:** Principal Financial, Vanguard, Geode Capital, and Northern Trust increased their positions in Tesla. **Mixed:** Oppenheimer maintained a mixed rating. **Bearish:** Cybertruck sales significantly declined. **Neutral:** March sales data released but no specific figures provided. **Net Tilt:** Bearish due to multiple downgrades and weak Cybertruck sales despite institutional buying."
2025-04-14,22,"**Revenue & Guidance:** Bearish. Tesla’s revenues saw a moderate decline, with sales down 9%, contradicting a 32% increase in Q1 2024 EV sales. Mizuho downgraded Tesla, cutting the target price from $430 to $375.

**Legal & Attacks:** Bearish. Found guilty of unspecified legal issues, faced a Canadian fraud allegation denial, and an arson attack on a New Mexico facility.

**Product Releases:** Bullish. Deployed Unsupervised FSD at Giga Texas and launched the 'Spring' OTA update with new features.

**Stock Performance:** Mixed. Stock fell 60.6% from an unspecified date but rose in early Monday trading, down 38% YTD.

**Ownership Changes:** Neutral. LLC increased stake by 0.7%, while Super invested $139.12M in Tesla."
2025-04-15,20,"**Bullish Signals:**
- Tesla’s operating income over the last four quarters was $7.8 billion.
- Cantor Fitzgerald reiterated an “overweight” rating with a $425.00 price objective.
- Bridgewater Associates LP purchased a new stake in Tesla.

**Bearish Signals:**
- Multiple downgrades: Wedbush ($550 -> $315), Truist Financial ($373 -> $280), Wells Fargo ($135 -> $130), Guggenheim ($175 -> $170).
- Sales dip in Massachusetts.
- Market share plunge.
- Firebomb attack on a Tesla showroom.
- Alleged violent attack on a Tesla showroom.

**Net Tilt:** Bearish due to multiple downgrades and negative events outweighing positive analyst actions."
2025-04-16,29,"**Price Target Downgrades:** Multiple firms downgraded Tesla’s price targets: Piper Sandler to $400 from $450, JPMorgan to $120 from $135, and Exane/BNP Paribas to $137 from $150 (Bearish).

**Revenue Decline:** Tesla sales declined in California and overall (Bearish).

**Revenue Increase:** Tesla expects a modest YoY revenue increase (Bullish).

**Product Launches:** Tesla launched the Model Y Juniper in Brisbane and unveiled the Cybercab (Bullish).

**Stock Performance:** Shares fell 2-5% on April 16 and are down 37% YTD (Bearish).

**Regulatory Issues:** FBI investigating Tesla charging stations (Bearish).

**Imports Suspension:** Tesla suspended Cybercab part imports from China (Bearish).

**Market Share:** Tesla’s EV market share dropped below previous levels (Bearish).

**Ownership Increase:** Charles Schwab increased its Tesla stake by 4.7% (Bullish).

**Net Tilt:** Strongly Bearish due to multiple downgrades, revenue declines, and regulatory issues."
2025-04-17,21,"**Price Target Downgrade:** Barclays downgraded Tesla’s price target to $275 from $325, bearish.

**Market Share Decline:** Tesla’s U.S. market share fell to 43.9% from 55.5%, bearish.

**Revenue Volume Drop:** U.S. sales plunged, bearish.

**Legal Issues:** A whistleblower won a legal battle against Elon Musk, and a driver sued Tesla, both bearish.

**Product Releases:** Cheapest truck version, Model Y in China, first vehicle in India, and a home community powered by Tesla launched, bullish.

**Supply Cuts:** Cybertruck production dropped, overall production scaled back, bearish.

**Stock Performance:** Year-to-date, Tesla’s stock is down 40%, bearish.

**Facility Expansion:** First dealership in Mumbai, bullish.

**Conflicting Signals:** Net tilt is bearish due to multiple supply and financial headwinds."
2025-04-18,34,"**Bullish Signals:**
- **Revenue Increase:** Tesla increases repair revenue.
- **Settlements:** Tesla settles racial harassment lawsuit; Musk’s Tesla settles lawsuit.
- **Ownership Increases:** Multiple firms increase holdings in Tesla.

**Bearish Signals:**
- **Price Target Downgrades:** Robert W. Baird, Deutsche Bank, Morgan Stanley, Stifel Nicolaus, Wells Fargo downgraded price targets.
- **Revenue Decline:** Overall sales and Q4 revenue declined; Tesla sales fell 13%.
- **Product Recalls and Delays:** Over 370,000 vehicles recalled; US launches of affordable EV and lower-cost Model Y delayed.
- **Legal Issues:** Odometer fraud lawsuit; racial discrimination claims.
- **Production Guidance Decrease:** Production targets reduced for Cybertruck.
- **Stock Performance:** Year-to-date loss of 37%; traded as low as $247.03.

**Net Tilt:** Bearish."
2025-04-19,26,"**Bearish Signals:**
- **Price Target Downgrades:** Multiple firms downgraded Tesla’s price targets significantly (RBC from $440 to $320, UBS from $225 to $190, HSBC from $165 to $130, Goldman Sachs from $320 to $275, Mizuho from $430 to $375, Piper Sandler from $450 to $400).
- **Earnings Guidance:** Zacks Research lowered Q1 2025 EPS estimates.
- **Revenue Decline:** Year-on-year sales in Germany have plummeted.
- **Legal Issues:** Facing major lawsuit.
- **Demand Drop:** Demand has plummeted.
- **Product Delays:** Model Y launch delayed in the US.
- **Insider Sell:** CFO Vaibhav Taneja sold shares.

**Bullish Signals:**
- **Revenue Boost:** Hoping to boost sales.
- **Cost Reduction:** Lower costs noted.
- **Stock Bounce:** Shares bounced recently.
- **Ownership Increase:** Various entities increased holdings.

**Net Tilt:** Bearish due to multiple downgrades, legal issues, and product delays outweighing minor bullish signals."
2025-04-20,12,"**Product Release:** Bullish - Tesla launched its cheapest Cybertruck.

**Market Share:** Bearish - Tesla’s market share fell to 43.9% from 55.5%.

**Earnings:** Neutral - Flat EPS of 45 cents reported.

**Price Target & Analyst Actions:** Bearish - Analyst slashed price target; Canaccord Genuity maintained “buy” at $404.

**Stock Performance:** Bearish - Stock down 50%; closed down 0.2%.

**Supply & Production:** Bullish - Production ramped up.

**Product Pricing:** Bearish - Cybertruck prices cut.

**Ownership Changes:** Bullish - Principal Financial Group increased stake by 5.6%.

**Revenue & Volume:** Neutral - Cybertruck sold 16,692 units in Q3.

**Net Tilt:** Bearish."
2025-04-21,72,"**Net Tilt:** Bearish

**Price Target Downgrades & Revenue Guidance:**
- **Bearish:** Multiple brokerages downgraded Tesla’s price targets significantly (Wedbush to $315, Deutsche Bank to $345, UBS to $190, others to $275).
- **Bearish:** Tesla missed revenue expectations and saw a decline in sales.

**Executive Resignation & Market Share Loss:**
- **Bearish:** An executive quit abruptly.
- **Bearish:** Tesla lost market share in China.

**Product Delays & Legal Issues:**
- **Bearish:** Launch of new low-cost models and FSD in China delayed.
- **Bearish:** Legal suits filed against Tesla by Hinton and the U.S. Equal Employment Opportunity Commission.

**Stock Performance:**
- **Bearish:** Shares fell 40.7% YTD, with multiple insider sales.

**Positive Signals:**
- **Bullish:** Cybertruck coming to Saudi Arabia.
- **Bullish:** Potential for revenue growth (9.4%).

**Net Signal:** Strongly bearish due to multiple downgrades, revenue misses, and delays."
2025-04-22,143,"**Bearish Signals:**
- **Earnings:** Tesla reported a 71% drop in Q1 net income to $409M vs. $1.13B YoY, missing estimates.
- **Revenue:** Q1 revenue declined, with automotive revenue falling despite energy storage revenue growth.
- **Guidance:** Profit guidance was downgraded, with multiple analysts reducing price targets (BoA to $305, Barclays to $275, Truist to $280).
- **Production:** Vehicle production dropped 16% YoY.
- **CapEx:** CapEx fell to $1.49B from $2.77B.

**Mixed Signals:**
- Revenue guidance indicated vehicle sales rising this year, but overall revenue was down.

**Net Tilt:** Strongly Bearish."
2025-04-23,130,"**Bearish Signals:**
- **Price Target Downgrades:** Multiple firms downgraded targets (Fubon to $470, Canaccord to $303, Cantor to $355, Mizuho to $325, Td Cowen to $330, Baird to $320, Roth to $395, Goldman to $235).
- **Revenue Miss:** Q1 revenue below expectations.
- **Earnings Miss:** Q1 earnings significantly missed estimates, with profits sinking 71%.
- **Guidance Cut:** Company pared outlook.
- **Sales Decline:** European sales nearly halved, operational issues noted.
- **Stock Loss:** Tesla stock reportedly plunged 65%.

**Bullish Signals:**
- **Revenue Growth:** Year-over-year sales doubled in 2024.
- **EPS Positive:** Reported $0.45 EPS.
- **Operating Income:** Recorded $399M operating income.
- **Market Share Gain:** Regained market share.

**Net Tilt:** Strongly Bearish due to multiple downgrades and significant earnings/revenue misses."
2025-04-24,23,"**Bullish Signals:**
- **Stock Performance:** Tesla stock opened at $251.07, up 5.5%.
- **Product Development:** Model Y spied testing in India, indicating potential market expansion.

**Bearish Signals:**
- **Price Target Downgrades:** Argus, HSBC, and Selesky cut targets to $410, $130, and $410 respectively; China Renaissance lowered to $367.
- **Earnings Miss:** Q1 profits and revenues below consensus forecasts, with a 71% profit drop and 20% automotive revenue decline.
- **Revenue Slump:** Sales dropped by half, and European sales fell 45%.
- **Negative Product News:** Cybertruck crash resulted in a fatality.
- **Ownership Increase:** Llc and BBVA increased holdings, but this does not offset negative signals.

**Net Tilt:** Bearish due to multiple downgrades and significant earnings/revenue misses outweighing minor positive movements."
2025-04-25,27,"**Analyst Actions:** Bearish. Stocknews.com downgraded Tesla to ""sell"" from ""hold."" Benchmark maintained a ""buy"" but lowered the price target from $475 to $350. UBS cut target from $225 to $190. Mizuho reduced from $375 to $325. LBBW cut to $201. CFRA downgraded to ""hold."" Stifel Nicolaus lowered from $474 to $455.

**Financial Performance:** Bearish. Operating income has declined since Q4 2022. Earnings were weak, with analysts forecasting EPS of $2.56 for FY2025, down from previous estimates.

**Product & Market:** Bullish. Tesla launched free Full Self-Driving (FSD). However, revenue guidance was negative, indicating sales have flagged.

**Ownership Trends:** Mixed. Several large investors increased holdings, including Principal Financial Group, MD, Vanguard, Geode Capital, FMR LLC, and Northern Trust.

**Net Tilt:** Bearish. Downgrades and weak financial performance outweigh positive product launches."
2025-04-26,33,"**Price Target Downgrades:** Multiple firms downgraded TSLA price targets: Canaccord Genuity ($404 → $303), Barclays ($325 → $275), Truist Financial ($373 → $280), Deutsche Bank ($420 → $345), Roth MKM ($450 → $395), JPMorgan ($120 → $115), Wells Fargo ($135 → $130). **Bullish vs Bearish:** Net bearish.

**Revenue Guidance and Sales Decline:** Auto sales declining, Q1 revenue missed estimates ($19.34B vs $22.93B expected). **Bearish.**

**Supply Issues:** Model Y deliveries fell 13%. **Bearish.**

**Earnings Beat:** EPS of $0.45 beat expectations. **Bullish.**

**Analyst Actions:** CFRA cut shares, Raymond James downgraded to ""outperform,"" Piper Sandler maintained ""overweight."" **Net bearish.**

**Stock Performance:** TSLA down 44% YTD but saw gains post-Elon Musk comments. **Mixed.**

**Regulatory and Legal:** Facing NHTSA investigation, settled racial discrimination lawsuit. **Neutral to slightly negative.**

**Management Ownership:** Increased by insiders and some funds. **Bullish.**

**Net T"
2025-04-27,13,"**Revenue Guidance Up, Actual Revenue Down:** Bullish (boost sales guidance); Bearish (revenue drop).

**Earnings & Price Target Downgrades:** Bearish (Canaccord downgraded price target from $404 to $303; Roth Capital cut EPS estimates; Wedbush reduced Q4 2026 EPS estimates).

**Product Pricing:** Bullish (price hikes in Canada); Neutral (Model 3 lease price unchanged).

**Ownership & Analyst Ratings:** Neutral (C. increased ownership by 133.7%; Guggenheim reaffirmed sell rating with $170 target).

**Net Tilt:** Bearish."
2025-04-28,20,"**Price Target Downgrade:** Robert W. Baird downgraded Tesla’s target price from $370.00 to $320.00 (Bearish).

**Revenue Decline:** Sales figures in Canada have been declining (Bearish).

**Product Recall:** All Cybertrucks were recalled (Bearish).

**Legal Issues:** A lawsuit was filed against Tesla (Bearish).

**Popularity Drop:** Tesla Founder's popularity has declined (Bearish).

**Price Increase:** Vehicle prices were raised (Bullish).

**Facility Accident:** A fire occurred at a Mesa dealership (Bearish).

**Earnings Disappointment:** Quarterly results were disappointing (Bearish).

**Investment Activity:** Oxford Asset Management invested $307,000 in Tesla (Bullish).

**Stock Movement:** Shares dropped 3%, then gained 18% (Mixed).

**Product Pricing:** Prices for Model S, Model 3 Performance, Model Y Long Range, and Model X Plaid were updated (Neutral).

**Net Tilt:** Bearish due to multiple negative signals outweighing positive ones."
2025-04-29,33,"**Net Direction: Bearish**

**Revenue & Sales:**
- **Bearish:** Tesla sales fell by 45%, contradicting a positive Model Y sales ramp.
- **Bearish:** Mizuho downgraded Tesla’s price target from $375 to $325.

**Earnings:**
- **Bullish:** Reported Q1 operating profit of $399M.
- **Bearish:** Roth Capital issued pessimistic outlook on earnings.

**Legal & Operational Issues:**
- **Bearish:** Multiple legal issues including lawsuits and claims.
- **Bearish:** Increased insurance costs due to vandalism.

**Insider Activity:**
- **Bullish:** Joseph Gebbia, Director, purchased 4,000 shares.
- **Bullish:** Tesla board member Joe Gebbia also bought stock.

**Stock Performance:**
- **Bearish:** Stock fell 44% and dropped further post-earnings.
- **Bullish:** Shares rallied 20% since Q1 and rose 4% after Fed news.

**Analyst Ratings:**
- **Neutral:** Cantor Fitzgerald maintained 'Overweight', while other firms remained neutral.

**Catalysts:**
- **Bullish:** AI-trained driverless-taxi service launch planned.
- **Bullish:** Hiring over 1,000 workers, indicating growth.

**Ownership Changes:**
- **Bullish:** Llc and Vanguard"
2025-04-30,31,"**Price Target Downgrades:** Hsbc, UBS, Deutsche Bank, and Roth MKM all downgraded Tesla’s price targets, indicating **bearish sentiment**. 

**Legal Issues:** Two lawsuits were filed against Tesla, one involving a class action and another unspecified issue, signaling **negative** developments.

**Product Launch:** Tesla plans to launch a robotaxi service in Austin, Texas, in June, which is **bullish**.

**Insider Activity:** CEO bought stock in 2018, while Tesla director recently bought shares, both seen as **positive**. However, Robyn Denholm sold $32M in stock, indicating **negative** sentiment.

**Stock Performance:** Tesla shares plunged 29% YTD but rose 28.4% over six days, showing mixed signals.

**Ownership Changes:** Multiple firms increased holdings, while some decreased, with overall **mixed** signals.

**Net Tilt:** **Bullish signals** (product launch, insider buying) are outweighed by **bearish signals** (downgrades, legal issues, insider selling)."
2025-05-01,48,"**Earnings & Revenue:** Bearish. Tesla reported a 71% drop in quarterly profit and a 9% decline in total revenue year-over-year to $19.34 billion. Adjusted EPS declined 40%. Sales in France and Europe saw significant drops, with French sales tumbling 59.4% YoY and European sales dropping 28.2% in March.

**Stock Performance:** Mixed. Shares initially sank but showed some recovery, gaining 2.8% in early trading yesterday and rising 0.4% in premarket Thursday. However, the stock has lost nearly 40% YTD and slid 30% since the start of the year.

**Executive Changes:** Bearish. Head of battery architecture Vineet Mehta is leaving, while there are conflicting reports about Tesla searching for a new CEO, with Elon Musk potentially being replaced.

**Product & Legal:** Neutral-Bullish. A new Cybertruck was unveiled, but a man was indicted for setting fires at a Tesla dealership and a Cybertruck."
2025-05-02,21,"**Sales Decline:** Bullish signals mixed with strong bearish ones. Tesla’s European sales, particularly in Sweden (-80.7%) and the Netherlands (-74%), plummeted sharply, indicating a significant revenue volume decline. However, Morgan Stanley maintained a “buy” rating with a $430 price target.

**Market Share & Legal Issues:** Bearish. Tesla’s market share slipped, and it faces potential legal issues with the Canadian government.

**Analyst Actions:** Neutral. Morgan Stanley upgraded to “buy” while Goldman Sachs reaffirmed “neutral.”

**Stock Movements:** Mixed. Tesla shares surged 5.4% on April 23 but insiders sold stock.

**Other:** A New York dealership shutdown adds to operational concerns."
2025-05-03,18,"**Price Target Downgrades:** Bearish. Canaccord Genuity, Bank of America, Robert W. Baird, Mizuho, JPMorgan Chase, and Royal Bank of Canada all downgraded Tesla’s price targets, with reductions ranging from $15 to $104.

**Product Recall:** Bearish. Tesla recalled over 46,000 Cybertrucks due to safety concerns.

**Stock Movement:** Bullish. Tesla’s stock rose despite the downgrades, possibly influenced by Elon Musk.

**Product Launch & Promotion:** Bullish. Tesla launched the new Model Y and offered significant discounts on Cybertrucks.

**Analyst Ratings:** Neutral. Piper Sandler and Wedbush maintained “overweight” and “outperform” ratings but with lower price targets.

**Ownership Changes:** Mixed. LLC increased holdings significantly while Alaethes Wealth LLC decreased holdings.

**Net Tilt:** Net bearish due to multiple price target downgrades and product recalls outweighing positive stock movement and promotions."
2025-05-04,5,"**Ownership Changes:** Bullish. Vanguard Group Inc. increased its position by 1.5%, Geode Capital Management LLC by 2.8%, and Northern Trust Corp. by 21.6%. However, Bamco Inc. lessened its position.

**Analyst Actions:** Bearish. Guggenheim reaffirmed a ""sell"" rating with a $170.00 target price.

**Net Tilt:** Mixed signals with ownership increases offset by a bearish analyst downgrade."
2025-05-05,23,"**Revenue and Sales Declines:** Bearish. Tesla reported significant drops in sales across multiple regions: overall sales down 81%, Australian sales down 75%, European sales down 36%, and US sales down 36%.

**Analyst Downgrades:** Bearish. UBS downgraded Tesla’s price target from $225 to $190, HSBC from $165 to $130, and Wells Fargo from $135 to $130.

**Stock Performance:** Bearish. Tesla’s stock fell by 2.45% to $280.16 and was down 1.5% in recent trading.

**Insider Activity:** Bearish. Director Kimbal Musk sold 75,000 shares.

**Mixed Ownership Trends:** Neutral. While some investors like Principal Financial Group and Nordea Investment Management increased their stakes, Blue Capital Inc. made a new investment.

**Net Tilt:** Strongly Bearish."
2025-05-06,26,"**Revenue and Sales Decline:** Bullish signals include ramped-up production (+0.46) and product enhancements (+0.44). However, multiple headlines indicate significant revenue and sales drops, including a 9% Q1 revenue decline (-0.24), UK sales at a two-year low (-0.68), and German sales halved in April (-0.68). Overall, net tilt is bearish.

**Market Share and Stock Performance:** Tesla’s European market share has declined (-0.56), and its stock has been under pressure, falling 2.42% on Monday (-0.11) and trading 1.8% lower (-0.11).

**Guidance and Hiring:** Guidance suspension (-0.56) is negative, while hiring 1,000 workers in Nevada (+0.38) is positive but not enough to offset other negatives.

**Net Tilt:** Bearish."
2025-05-07,34,"**Analyst Actions:** Cowen upgraded Tesla to ""buy"" from ""hold,"" but Mizuho, Robert W. Baird, and JPMorgan downgraded their price targets to $325, $320, and $115 respectively (bearish).

**Revenue Trends:** Tesla’s Q1 revenue missed estimates at $19.34B vs. $22.93B expected; sales halved globally, with significant drops in China (-6%) and UK (-62%) (bearish).

**Product Launches:** Tesla unveiled a budget-friendly Model Y and launched a cheaper version in the US and globally (bullish).

**Stock Performance:** Tesla stock gained 50% YTD but fell midday, trading at $274.50 (mixed).

**Other Signals:** Tesla announced layoffs and insider sales by directors (bearish); however, several institutions increased their holdings (bullish).

**Net Tilt:** Bearish due to revenue declines and negative analyst price targets outweighing positive product launches and institutional support."
2025-05-08,32,"**Bearish Signals:**
- **Price Target Downgrades:** Barclays downgraded Tesla’s price target from $325 to $275; Robert W. Baird reduced it from $370 to $320.
- **Revenue Decline:** Sales have been continuously declining, with a 20% drop in Q1 2025 automotive revenues.
- **Executive Resignations:** Multiple reports indicate the resignation of Tesla India’s head, Prashanth Menon.
- **Stock Loss:** Tesla’s stock fell below $276.22, losing over 30% year-to-date.

**Bullish Signals:**
- **Product Launches:** New cheaper Model variants, LiDAR-free self-driving system, and Model Y launch in the US.
- **Revenue Growth:** Tesla and BYD saw a 44.7% YoY increase in April sales.
- **Market Entry:** Plans to enter Indian markets and launch ride-hailing services in Austin.
- **Stock Gains:** TSLA shares climbed 4.4% to $288.44 on Thursday.

**Net Tilt:** Bearish due to significant analyst downgrades and revenue declines outweighing positive product launches and market entries."
2025-05-09,17,"**Supply Decrease:** Deliveries fell 13% YOY (bearish).

**Regulatory Product Approval Denied:** 'Robotaxi' and 'Cybercab' trademarks denied by USPTO (bearish).

**Business Contract Supplier:** Xai will use Tesla Megapack batteries (bullish).

**Stock Gains:** Shares climbed 4.99% to $299.02 and surged 5% on Friday (bullish).

**Market Entry:** Tesla entering India, the world’s third-largest auto market (bullish).

**Public Transport Accident:** Irrelevant to Tesla (neutral).

**Analyst Ratings:** Goldman Sachs and Oppenheimer both reaffirmed neutral ratings (neutral).

Signals conflict; **net tilt slightly bullish** due to stock gains and business contract."
2025-05-10,4,"**Supply Increase (Bullish):** Tesla Model Y production increased to thousands, and the company plans to scale up lorry production, indicating potential for higher output and future sales growth.

**Revenue Volume Down (Bearish):** Tesla's German car sales nearly halved, and on Tuesday, the company sold only 885 vehicles, signaling weakening demand and lower near-term revenue prospects.

**Net Tilt:** Mixed signals with supply-side improvements but demand concerns."
2025-05-11,7,"**Analyst Downgrades:** UBS cut price target from $225 to $190, HSBC from $165 to $130, and Bank of America from $490 to $380 (bearish).

**Insider Activity:** Joseph Gebbia acquired 4,000 shares (bullish). LLC increased stake by 6.2% (bullish).

**Rating Change:** Guggenheim reissued ""sell"" with $170 price target (bearish).

**Net Tilt:** Strongly bearish due to multiple downgrades outweighing insider and ownership support."
2025-05-12,34,"**Price Target Downgrades:** Canaccord Genuity, Barclays, and Roth MKM all downgraded Tesla’s price targets to $303, $275, and $395 respectively, indicating **bearish** sentiment.

**Revenue Slump:** Tesla reported a decline in sales, with Q1 sales in Germany falling, signaling **bearish** trends.

**Product Launches & Delays:** Tesla launched the Cybertruck and new Roadster but delayed the robotaxi debut, mixed signals with **net bearish** tilt due to delays.

**Executive Resignation:** Ever stepped down as CEO, a **bearish** development.

**Insider Sell:** Robyn M. Denholm sold shares, indicating **bearish** sentiment.

**Stock Gains:** Despite multiple positive days, overall **bullish** but short-term.

**Market Entry:** Tesla entering the robotaxi market in June, **bullish**.

**Net Tilt:** **Bullish-Bearish Conflict**, leaning slightly **bearish** due to revenue declines and executive changes."
2025-05-13,20,"**Revenue and Sales Decline:** Bearish. Tesla sales in Sweden dropped 81%, and in China, they fell significantly with market share declining. April sales also declined 9% YoY.

**Product Issues:** Bearish. The Model Y faces a major glitch, and regulators are investigating Tesla’s FSD Supervised system and questioning their Robotaxi plans.

**Stock Movements and Insider Activity:** Mixed. Tesla stock surged 6.7% on Monday but is down due to broader concerns. CFO Vaibhav Taneja sold 6,000 shares.

**Robotaxi Developments:** Bullish. Tesla will deploy Robotaxi service in Austin in June, though regulatory scrutiny remains.

**Analyst Sentiment:** Bullish. One analyst picked Tesla as the top stock pick for 2025.

**Net Tilt:** Bearish. Revenue declines and product issues outweigh positive developments."
2025-05-14,10,"**Revenue and Guidance:** Bearish. Tesla’s revenue guidance was downgraded, and operating earnings fell short of expectations.

**Supply and Production:** Bearish. Optimus robot production is expected to decrease.

**Legal Issues:** Bearish. Tesla faces a patent infringement lawsuit.

**Product Launch:** Bullish. Tesla will launch a self-driving robotaxi service in Austin, Texas.

**Stock Performance:** Mixed. While historical performance is strong, current sentiment includes both a potential surge to $1500 and recent declines.

**Net Tilt:** Bearish."
2025-05-15,17,"**Bearish Signals:**
- **Price Target Downgrades:** Canaccord Genuity ($404 → $303), Barclays ($325 → $275), HSBC ($165 → $130).
- **Earnings Decline:** Q1 profit plunge.
- **Legal Issues:** Facing multiple lawsuits.
- **Insider Selling:** Chair Robyn Denholm sold $230M in stock.
- **Ownership Reduction:** Polar Capital Holdings reduced stake by 8.2%, Point sold stakes.
- **Revenue Guidance:** Sales flagging.

**Bullish Signals:**
- **Stock Price Movement:** Shares rose 45% since a previous date, traded up 4.1%.

**Net Tilt:** Bearish due to overwhelming negative signals from downgrades, earnings decline, legal issues, insider selling, and ownership reduction."
2025-05-16,36,"**Net Direction: Mixed**

**Bullish Signals:**
- **Analyst Upgrade:** Mizuho raised Tesla’s price target to $390 from $325.
- **Product Launches:** FSD Beta released in Australia; Model Y Long Range pre-order opens in Türkiye.
- **Board Appointment:** Jack Hartung, former Chipotle CFO, joins Tesla board.
- **Stock Performance:** Tesla stock rose for the fourth consecutive week.

**Bearish Signals:**
- **Price Target Downgrades:** Cantor Fitzgerald lowered target to $355 from $425; RBC lowered to $307 from $314.
- **Revenue Slump:** Sales fell in Europe and overall, with market share declining in China.
- **Year-to-Date Loss:** Tesla stock is down 8% YTD.

**Conflicting Signals:** Analysts have mixed views, with upgrades and downgrades. Revenue trends are negative but product launches and board appointments are positive. **Net Tilt: Neutral to Slightly Bearish.**"
2025-05-17,12,"**Revenue and Market Share Decline:** Bearish. Tesla reported a Q1 revenue decline and is losing both sales and market share.

**Product Launch:** Bullish. Tesla’s Robotaxi service is set to launch in Austin.

**Insider Sales:** Bearish. CFO Vaibhav Taneja and Robyn M. Denholm sold significant shares of Tesla stock.

**Stock Performance:** Bullish. Tesla stock surged 45% over one month.

**Ownership Changes:** Mixed. While some entities increased holdings (Llc by 104.9%), others like Sentinus LLC also acquired shares.

**Analyst Ratings:** Neutral. Goldman Sachs maintained a neutral rating on Tesla.

**Net Tilt:** Net bearish due to revenue decline, insider sales, and layoffs outweighing positive signals."
2025-05-18,7,"**Price Target Downgrades:** UBS lowered Tesla’s price target from $225 to $190, while Bank of America reduced it from $490 to $380 (Bearish).

**Insider Activity:** Director James R. Murdoch sold 54,776 shares (Bearish).

**Ownership Changes:** Llc increased its stake by 2.4%, and State of Wyoming bought shares (Bullish).

**Stock Performance:** Tesla’s stock gained 2.1% (Bullish).

**Net Tilt:** Mixed signals with significant downgrades and insider selling offset by ownership increases and stock gains. **NET TILT: SLIGHTLY BEARISH** due to major price target reductions and insider sale."
2025-05-19,24,"**Net Direction: Bearish**

**Price Target Adjustments:**
- **Bearish:** Canaccord Genuity downgraded from $404 to $303.
- **Bearish:** Robert W. Baird downgraded from $370 to $320.
- **Bullish:** Mizuho upgraded from $325 to $390.

**Revenue Projections:**
- **Bearish:** Plan to reinvigorate sales is down.
- **Bullish:** Significant revenue increase expected soon.

**Analyst Ratings:**
- **Bearish:** Raymond James downgraded.
- **Neutral:** Morgan Stanley maintained with $430 PT.
- **Neutral:** Wedbush maintained with $350 PT.
- **Neutral:** CFRA maintained hold.

**Stock Performance:**
- **Bearish:** Stock falling early Monday, expected to continue declining.
- **Bullish:** Goldman Sachs increased position by 322.1%.

**Product Launches:**
- **Bullish:** 2025 Model Y RWD launched.
- **Neutral:** Cybertruck deprecation announced.

**Conflicting Signals:** Revenue projections and analyst ratings show mixed signals, but overall tilt is bearish due to multiple downgrades and stock performance concerns."
2025-05-20,40,"**Revenue and Sales Decline:** Bearish. Deutsche Bank, Robert W. Baird, and Roth Mkm downgraded Tesla’s price targets to $345, $320, and $395 respectively. Tesla’s Q1 2025 sales in Europe fell 37%, and US sales continued to slump.

**Legal and Regulatory Issues:** Bearish. Tesla faces a Robotaxi trial in Austin and NHTSA investigations into collisions.

**Executive Moves and Insider Activity:** Mixed. Elon Musk committed to becoming CEO in five years, but CFO Vaibhav Taneja sold 4,000 shares and received a $139M pay package.

**Product Launches and Mergers:** Bullish. Tesla plans FSD rollout in China and North America, and a robotaxi launch in Austin by June. A potential merger with xAI is also discussed.

**Analyst Opinions and Ownership Changes:** Mixed. Morgan Stanley and Cantor Fitzgerald remain bullish, while Raymond James downgraded to “outperform.” Northern Trust Corp increased its stake by 21.6%.

**Net Tilt:** Bearish. Revenue declines and legal/regulatory issues outweigh positive product launches and analyst optimism."
2025-05-21,20,"**Bearish Signals:**
- **Price Target Downgrades:** Deutsche Bank, Cantor Fitzgerald, HSBC, UBS, JPMorgan Chase, and Wells Fargo all downgraded Tesla’s price targets, with reductions ranging from $85 to $75.
- **Regulatory Investigation:** NHTSA is investigating Tesla.
- **Stock Performance:** Tesla stock fell alongside Nvidia and Apple.

**Bullish Signals:**
- **Demand Guidance Increase:** Tesla sees a demand rebound.
- **Executive Appointments:** New CEO appointment and Director role.
- **Product Release:** Deployment of 10 robotaxis in Austin.
- **Ownership Increases:** IFM Investors and another entity increased stakes in Tesla.

**Net Tilt:** Bearish due to multiple price target downgrades and regulatory scrutiny outweighing positive developments."
2025-05-22,10,"**Executive Resignation:** Bearish; Tesla boss' departure could disrupt operations and leadership stability.

**Product Launch:** Bullish; Tesla plans to debut its invitation-only robotaxi service in Austin, potentially boosting brand appeal and future revenues.

**Ownership Changes:** Mixed; First Citizens Bank increased its Tesla stake by 2.0%, while Gordian Capital decreased its position. 

**Stock Performance:** Mixed; Tesla shares surged 33.5% and gained 2% today but also traded down 2.7%. New vehicle registrations in China surged, supporting the positive trend.

**Net Tilt:** Net Bullish due to product launch and ownership increase, despite mixed stock performance signals."
2025-05-23,12,"**Analyst Actions & Price Targets:** Wedbush upgraded Tesla’s price target to $500 from $350, reaffirming ""outperform"" rating (Bullish).

**Revenue & Sales Trends:** Tesla sales declined, with Cybertruck sales collapsing (Bearish).

**Stock Performance:** Tesla shares jumped 3.15% on Thursday, with potential for further gains over 45% (Bullish).

**Volume & Guidance:** Tesla sold over 657,000 vehicles in 2024 (Neutral).

**Net Tilt:** Mixed signals; net slightly Bullish due to strong analyst upgrades and recent stock performance."
2025-05-25,13,"**Price Target Adjustments:** Hsbc downgraded Tesla’s price target to $130 from $165 (bearish). Mizuho upgraded Tesla’s price target to $390 from $325 (bullish). RBC slightly downgraded Tesla’s price target to $307 from $314 (slightly bearish). Wedbush raised Tesla’s price target to $500 (bullish).

**Revenue and Product Performance:** Tesla Cybertruck sales fell 50% in 2025 (bearish). Model Y 'Juniper' received positive reviews (bullish). Tesla is set to launch Robotaxi service in Austin (bullish).

**Stock Movement:** Tesla’s stock surged by 40% (bullish). Traded as low as $333.21 and last traded at $336.55 (slightly bearish).

**Ownership Changes:** LLC increased holdings in Tesla by 1.8% (bullish).

**Net Tilt:** Mixed signals with net bullish bias due to multiple upgrades and positive product reviews."
2025-05-26,9,"**Price Target Downgrades:** Canaccord Genuity downgraded Tesla’s target price from $404 to $303; JPMorgan lowered from $120 to $115; Wells Fargo reduced from $135 to $130 (Bearish).

**Revenue Trends:** Tesla reported a 49% drop in April sales but saw a surge in Türkiye and overall sales growth (Mixed).

**Insider Activity:** Tesla CFO Vaibhav Taneja sold 2,672 shares (Bearish); Brucke Financial acquired 3,316 shares (Bullish).

**Net Tilt:** Bearish due to multiple downgrades and insider sell, despite some bullish revenue signals and share acquisitions."
2025-05-27,66,"**Bullish Signals:**
- **Product Launch:** Tesla rolled out a refreshed Model Y and reiterated plans for a self-driving taxi service in Austin, Texas.
- **Stock Performance:** Tesla shares climbed despite weak earnings, hitting 3-month highs.
- **Analyst Opinion:** A ""To Buy TSLA Stock?"" headline suggests bullish sentiment.

**Bearish Signals:**
- **Revenue/Earnings Decline:** Tesla reported a 71% profit decline and significant revenue drops globally, with sales halving in Europe and falling nearly 50% overall.
- **Price Target Downgrade:** Cantor Fitzgerald downgraded Tesla’s price target from $425 to $355.
- **Market Share Loss:** Tesla's EV market share fell to 1.1%, indicating a loss of competitive edge.
- **Insider Sell:** Robyn M. Denholm sold 112,390 shares.

**Net Tilt:** Bearish due to overwhelming negative financial performance and market share losses, despite some positive product developments and short-term stock gains."
2025-05-28,32,"**Bullish Signals:**
- Tesla’s stock price has surged 40%.
- Tesla targets June 12 launch for robotaxi service in Austin.
- Tesla’s refreshed Model S and Model X.
- Tesla stock has recovered in the past month, up 7%.

**Bearish Signals:**
- UBS issues sell rating on Tesla.
- Barclays downgrades price target from $325.00 to $275.00.
- Deutsche Bank cuts price target from $420.00 to $345.00.
- Royal Bank of Canada cuts target price from $314.00 to $307.00.
- Tesla sales fell 87% in Quebec and halved in April.
- Tesla’s European market share has shrunk.
- Tesla’s favorability has decreased to 29% and 15%.
- Tesla board director sells stock.

**Net Tilt:** Bearish due to multiple downgrades and negative sales trends outweighing positive stock movements."
2025-05-29,29,"**Executive Resignations & Analyst Actions:**
- **Bearish:** Roth MKM downgraded Tesla’s price target from $450 to $395.
- **Bullish:** Mizuho upgraded Tesla’s price target from $325 to $390.
- **Bearish:** Elon Musk stepped down as CEO, with no clear successor mentioned.

**Revenue & Sales Trends:**
- **Bearish:** Year-to-date sales in Europe are down.
- **Bullish:** Expected sales rebound.
- **Bearish:** Deliveries declined.

**Insider Activity & Ownership Changes:**
- **Bearish:** Board chairman sold stocks.
- **Bullish:** Vanguard increased holdings by 1.5%.
- **Bearish:** MassMutual decreased holdings.

**Stock Performance:**
- **Bullish:** Shares gained 4% over the past week, doubling in the last 12 months, and rose 2-3% in after-hours trading.

**Product Developments:**
- **Neutral:** Testing of Robotaxi and Model Y continues.

**Net Tilt:** Mixed, but slightly bearish due to executive resignations and European sales decline."
2025-05-30,29,"**Revenue and Sales Decline:** Bullish signals mixed with strong negatives. Tesla’s sales dropped 90% in Quebec and 49% YoY globally, indicating significant revenue and volume declines. Raymond James downgraded Tesla, cutting its share price target.

**Regulatory Approvals and Product Launches:** Positive regulatory developments include Autopilot approval in Europe and the Netherlands. Tesla plans to roll out full self-driving systems and robotaxi services in Europe and Austin, Texas, by June 12.

**Executive Changes and Insider Activity:** Negative signals from CEO stepping down from board roles and CFO selling shares. However, several institutional investors increased their stakes in Tesla.

**Net Tilt:** **Bearish** due to revenue declines and analyst downgrades outweighing positive product launches and regulatory approvals."
2025-05-31,18,"**Analyst Downgrades:** Zen downgraded Tesla to ""Sell"" from ""Hold."" Cantor Fitzgerald, Barclays, HSBC, and Robert W. Baird all lowered their price targets, indicating **bearish sentiment**.

**Executive Resignation:** Tesla’s boss exited, adding **negative pressure**.

**Insider Sales:** Kimbal Musk and Ira Ehrenpreis sold significant shares, signaling **bearishness** among insiders.

**Stock Performance:** Tesla shares fell to $222 but rebounded, gaining nearly 22% in May. Recent trading saw a 2.6% drop, ending at $349.09, showing **mixed signals**.

**Institutional Activity:** Ark Invest offloaded shares while Geode Capital increased its stake, indicating **conflicting investor sentiment**."
2025-06-01,9,"**Price Target Downgrades:** Multiple downgrades indicate bearish sentiment. Canaccord Genuity cut PT from $404 to $303, UBS from $225 to $190, Roth MKM from $450 to $395, Wells Fargo from $135 to $130, and RBC from $314 to $307.

**Product Review Positive:** A positive review of the Model Y as the best-selling car is bullish.

**Insider Sell:** Robyn M. Denholm sold 112,390 shares, indicating bearishness.

**Ownership Changes:** Trust increased ownership, while LLC decreased by 16.2%, showing mixed signals.

**Net Tilt:** Bearish due to multiple downgrades and insider sell, offset slightly by positive product review and increased trust ownership."
2025-06-02,30,"**Revenue and Sales:** Bearish. Tesla reported a sharp drop in car sales in multiple markets including Sweden (-53.7%), France (-67%), and Spain (-29%). However, sales in Norway soared 213%, and overall sales increased 8.3% YTD.

**Stock Performance:** Bearish. Tesla shares fell sharply, down over 40% from recent highs, with Monday’s opening at $349.09 and a drop of 3.2%. However, there were gains of up to 20.6% in April and a 46% increase since April 22.

**Executives and Insiders:** Bearish. Tesla CEO stepped down, and CFO Vaibhav Taneja sold shares, along with other board members dumping nearly $200 million in shares.

**Product and Market:** Bullish. Preparing to launch robotaxi service in Austin, Texas, and hiring Autopilot test drivers in Delhi. Model Y boosted Norway deliveries.

**Analyst Ratings:** Neutral. Morgan Stanley reissued a “buy” rating with a $430 price target.

**Net Tilt:** Bearish."
2025-06-03,31,"**Net Tilt: Bearish**

**Analyst Actions & Price Targets:**
- **Bearish:** Cantor Fitzgerald downgraded Tesla’s price target from $425 to $355.
- **Bearish:** Robert W. Baird lowered their target price from $370 to $320.

**Revenue & Sales Performance:**
- **Bearish:** Tesla’s Q1 revenue declined.
- **Bearish:** Sales slumped in Australia, UK, and Europe (down 49% in April).
- **Bearish:** Portugal sales fell 36%.
- **Bullish:** Electric vehicle sales rebounded in May.

**Stock Price Movements:**
- **Bullish:** Stock up 100% YTD.
- **Bullish:** Rebounded in May.

**Product & Facility Updates:**
- **Bullish:** Model Y available in Europe.
- **Bullish:** Robotaxi launch planned.
- **Bearish:** Austin factory shutdown.

**Insider Trading:**
- **Bearish:** Director sold shares.

**Ownership Changes:**
- **Mixed:** Various institutional holdings increased/decreased."
2025-06-04,45,"**Revenue Trends:** Bullish signals include strong Australian sales growth (+675%) and overall sales gains in May (+5.5%). However, bearish signals dominate with significant drops in Model 3 sales, German (-36.2%), UK (-45%), and Chinese sales (-15%). **Net Tilt:** Bearish.

**Analyst Actions:** Mizuho upgraded Tesla’s price target to $390 from $325. **Net Tilt:** Bullish.

**Product Launches:** Model Y launched in rural China and Texas FSD launch expected soon. **Net Tilt:** Neutral.

**Stock Performance:** Shares fell 4% on Wednesday but showed slight gains earlier. **Net Tilt:** Bearish.

**Other Signals:** Insider selling by Kimbal Musk and CFO, regulatory investigations, and layoffs. **Net Tilt:** Bearish.

**Overall Net Tilt:** Bearish."
2025-06-05,77,"**Bearish Signals:**
- **Price Target Downgrades:** Bank of America downgraded Tesla’s target price from $490 to $380; Roth MKM lowered from $450 to $395.
- **Revenue Decline:** Vehicle sales and China EV sales declining; automotive revenue fell 20% YoY.
- **Stock Loss:** Multiple reports of Tesla stock falling due to Trump’s comments and broader market concerns.
- **Executive Conflict:** CEO firing salvos at US President.

**Bullish Signals:**
- **Earnings Beat:** Annual profit increased by $1.2 billion.
- **Product Launches:** Robotaxi and Full Self-Driving system launches planned.
- **Legal Victory:** Won cybersquatting case against Russian entity.

**Net Tilt:** Bearish due to multiple downgrades, revenue declines, and stock losses outweighing positive earnings and product launches."
2025-06-06,81,"**Bearish Signals:**
- **Price Target Downgrades:** Canaccord Genuity lowered PT to $303 from $404; UBS reduced PT to $190 from $225; Goldman Sachs cut PT to $285 from $295.
- **Revenue Declines:** Sales weakened in Europe (-46% YoY); key markets saw a plunge.
- **Market Cap Loss:** Lost $152B in market cap.
- **Product Recall:** New 2026 Model Y recalled.
- **Executive Departure:** Leader of Optimus program left.
- **Insider Sell:** CFO Vaibhav Taneja sold shares.
- **Stock Performance:** Shares fell to $315.31, shedding $150B.

**Bullish Signals:**
- **Revenue Growth:** Sales up 213% from May 2024.
- **Product Launches:** Models launching in India; robotaxi on June 12.
- **Stock Recovery:** Shares rebounded post-dip, hitting record highs.

**Net Tilt:** Bearish, with significant revenue declines and multiple downgrades outweighing positive product launches and minor recovery."
2025-06-07,15,"**Revenue & Earnings:** Bearish. Tesla sales collapsed in April 2025, and the company lost $152 billion in a single day.

**Executive Resignations:** Bearish. Tesla’s head of humanoid Optimus robot and CEO have both left recently.

**Analyst Actions:** Bearish. Goldman Sachs downgraded Tesla’s price target from $295 to $285. Morgan Stanley maintained an ""overweight"" rating but no change in price target.

**Stock Performance:** Mixed. Tesla’s stock gained over 60% between November 5 and now, but Goldman Sachs’ downgrade suggests caution. Some analysts predict Tesla stock can double over the next 12-18 months.

**Product Changes:** Bearish. Tesla slashed Cybertruck prices after a delay, indicating weak demand.

**Ownership Changes:** Neutral. LLC increased holdings by 11.8%, while another entity bought additional shares.

**Net Tilt:** Bearish. Despite some positive stock movements, multiple negative signals outweigh the bullish predictions."
2025-06-08,8,"**Sales Growth:** Bullish. Tesla Norway sales jumped 213% in May.

**Analyst Downgrades:** Bearish. Cantor Fitzgerald downgraded Tesla’s price target from $425 to $355. Robert W. Baird also downgraded from $370 to $320.

**Share Movements:** Mixed. Tesla shares rose over 60% since November but fell 14% in one day.

**Ownership Increases:** Bullish. Goldman Sachs increased holdings by 322.1% in Q1, while FMR LLC increased by 40.1% in Q4.

**Price Target Set:** Neutral. Goldman Sachs set a new price target of $285.

**Net Tilt:** Conflicting signals with net slightly bearish due to recent price drop and multiple downgrades."
2025-06-09,42,"**Net Direction: Bearish**

**Price Target Downgrades & Downgrades:**
- **Bearish:** Canaccord Genuity, Barclays, Bank of America, and Roth Mkm all downgraded Tesla with reduced price targets.
- **Bullish:** Mizuho upgraded Tesla’s price target from $325.00 to $390.00.

**Revenue & Sales:**
- **Bearish:** Overall revenue decline reported.
- **Bullish:** Tesla China sales surged in May, and US sales also increased.

**Analyst Actions:**
- **Bearish:** Baird and Argus downgraded Tesla to Neutral and Hold respectively.

**Executive Resignations:**
- **Bearish:** Tesla lost its top AI executive and robotics head.

**Product Release:**
- **Bullish:** Robotaxi service launched in Austin, Texas.

**Insider Trading:**
- **Bearish:** CFO Vaibhav Taneja and Director Ira Ehrenpreis sold shares.
- **Bullish:** Director Joseph Gebbia bought shares.

**Stock Performance:**
- **Bearish:** Shares slipped, dipped, and slid multiple times.
- **Bullish:** Rebounded slightly after initial dips.

**Ownership Changes:**
- **Mixed:** Various institutions increased holdings while others decreased.

**Conflicting Signals:**
- **Net Tilt:** Stronger bearish signals outweigh bullish ones."
2025-06-10,34,"**Revenue and Sales Decline:** Bearish. Tesla’s revenue and new car sales in Sweden dropped significantly (53.7% decline).

**Analyst Downgrades:** Bearish. Baird cut Tesla to Hold, while Raymond James downgraded to Outperform.

**Product Launch Uncertainty:** Mixed. Tesla plans to launch robotaxi service but reportedly faces delays.

**Regulatory Scrutiny:** Bearish. NHTSA raised questions about Tesla.

**Stock Price Movements:** Bullish. Tesla shares saw gains, climbing 2.3% to 5.7% over recent days despite a 14% drop last Thursday.

**Ownership Changes:** Mixed. Multiple firms increased stakes, while one reduced its position.

**Earnings Guidance:** Neutral. Analysts expect EPS of 2.56 for FY.

**Net Tilt:** Netly bearish due to revenue declines, analyst downgrades, and regulatory issues, though recent stock gains suggest some bullish sentiment."
2025-06-11,48,"**Revenue and Earnings:** Bearish. Tesla’s revenue growth slowed to just 1% in 2024, with revenue at $97.69 billion. EPS fell to $2.04 from $4.30 in 2023. European sales plummeted, and US sales dropped 67% in May.

**Analyst Actions:** Mixed. Baird downgraded Tesla, lowering the stock rating. However, Guggenheim raised the price target to $175 from $170.

**Product Launches/Delays:** Mixed. Tesla is set to launch its robotaxi service in Austin on June 22 but has also delayed the debut. The company plans to expand into ride-hailing services.

**Legal Issues:** Bearish. Tesla faces legal action in France and Australia.

**Insider Activity:** Bearish. Kimbal Musk, a director, sold 91,588 shares.

**Stock Performance:** Bullish. Tesla shares rebounded, rising in pre-market and gaining over 5% on Wednesday.

**Net Tilt:** Bearish. Revenue and earnings declines, product delays, and legal issues outweigh positive analyst upgrades and stock performance."
2025-06-12,20,"**Net Direction: Bearish**

**Analyst Actions & Price Targets:**
- **Bearish:** Canaccord Genuity downgraded Tesla, cutting target from $404 to $303.
- **Bearish:** Cantor Fitzgerald reduced target from $425 to $355.
- **Bearish:** UBS lowered target from $225 to $190.

**Product Releases:**
- **Bullish:** Tesla unveiled 'Cybercab'.
- **Neutral:** Driverless Model launch delayed.

**Market Trends & Legal Issues:**
- **Bearish:** Market share decline noted.
- **Bearish:** Potential fine looming.
- **Bearish:** Trump threatens ban.
- **Bearish:** Insiders (Robyn Denholm, Vaibhav Taneja, Ira Ehrenpreis) sell shares.

**Stock Performance:**
- **Bearish:** Stock down 17.3% over two days, fell 2.2% on Thursday.
- **Bullish:** Eked out 0.1% gains on other days."
2025-06-13,27,"**Product Launches and Enhancements:** Bullish. Tesla launched updated Model S and Model X with new features, and unveiled a steering wheel-free Cybercab robotaxi in Paris. Analyst Mizuho upgraded Tesla’s target price to $390 from $325.

**Price Target Downgrades:** Bearish. Hsbc downgraded Tesla’s target price to $130 from $165, while Goldman Sachs and RBC reduced targets to $285 from $295 and $307 from $314, respectively.

**Stock Performance:** Mixed. Tesla stock fell in early trading but gained later in the week, recovering from earlier losses. However, it has plunged this year.

**Net Tilt:** Neutral to Slightly Bearish. Positive product launches and upgrades contrast with multiple price target downgrades and ongoing stock volatility."
2025-06-14,18,"**Bearish Signals:**
- **Price Target Downgrades:** Barclays ($275 from $325), Bank of America ($380 from $490), Deutsche Bank ($345 from $420).
- **Revenue Decline:** Q1 sales sharply lower YoY.
- **Rating Downgrade:** Baird downgraded Tesla from ""Strong Buy"" to ""Hold.""
- **Analyst Neutral Rating:** Guggenheim reaffirmed ""Sell"" with $170 PT.

**Bullish Signals:**
- **Stock Performance:** TSLA up 75% YTD.
- **Insider Buy:** Director Joseph Gebbia purchased 4,000 shares.
- **Ownership Increases:** Multiple institutions increased holdings in Q4 and Q1.
- **Product Resumption & Price Hike:** Relaunching Model S; price hike for Model S.

**Net Tilt:** Mixed but slightly **bearish** due to multiple downgrades and revenue decline outweighing positive ownership trends."
2025-06-15,9,"**Analyst Actions:** Bearish. Canaccord Genuity downgraded Tesla’s target price from $404 to $303. Robert W. Baird downgraded from Buy to Hold. Raymond James also lowered their rating.

**Ownership Changes:** Mixed. Vanguard Group and Geode Capital increased holdings, while Fmr LLC boosted its position significantly. However, one LLC sold 208 shares.

**Average Target Price:** Neutral. Analysts set an average target price of $293.67.

**Net Tilt:** Bearish due to multiple downgrades outweighing ownership increases."
2025-06-16,16,"**Price Target Downgrades:** Cantor Fitzgerald downgraded Tesla’s price target from $425 to $355; Roth MKM lowered it from $450 to $395 (Bearish).

**Product Launch:** Tesla unveiled upgraded Model S and Model X (Bullish).

**Stock Performance:** Shares rebounded slightly but are down 26% YTD and could plunge 14.3% in one day (Mixed).

**Insider Activity:** CFO Vaibhav Taneja sold 3,000 shares (Bearish).

**Price Increases:** Tesla raised U.S. prices for Model S and Model X (Bullish).

**Stake Acquisition:** Pflug Koory LLC purchased Tesla shares (Bullish).

**Net Tilt:** Mixed signals with significant bearish pressure from downgrades and insider sales, offset by bullish product launches and price hikes."
2025-06-17,24,"**Revenue & Earnings:** Bearish. Tesla reported sales declines and missed EPS estimates.

**Product Launches/Delays:** Mixed. Bullish signals include the European semitruck rollout and Model Y refresh. However, bearish signals indicate pauses in Cybertruck and potential shutdowns of Model Y and Cybertruck production.

**Analyst Actions:** Bearish. Goldman Sachs and RBC downgraded Tesla, reducing price targets from $295 to $285 and $314 to $307 respectively.

**Stock Performance:** Bearish. Tesla stock declined, with shares down over 3.67%.

**Ownership Changes:** Mixed. Rakuten Securities and Management reduced stakes, while other investors increased holdings.

**Net Tilt:** Bearish."
2025-06-18,32,"**Supply/Demand:** Bearish. Tesla plans to halt production of Cybertruck and pause Model Y production, indicating supply constraints (ess-0.56, ess-0.47). However, Austin facility is set to start production of a new model (ess0.0).

**Product Launches:** Mixed. Preparing for Model Y launch (ess0.52) but delaying Robotaxi rollout (ess-0.48).

**Stock Performance:** Bearish. Stock fell 3.9-4% on Tuesday (ess-0.11), despite gains since April 22 (ess0.4, ess0.4).

**Analyst Actions:** Neutral-Bearish. Raymond James downgraded to ""outperform"" (ess-0.34), while Piper Sandler reaffirmed ""overweight"" with a $400 PT (ess0.34).

**Ownership Changes:** Bearish. Insider sell by Ehrenpreis (ess-0.49), and multiple firms reduced stakes (ess-0.34).

**Revenue/Earnings:** Bearish. Revenue dropped 9% YoY (ess-0.24).

**Net Tilt:** Bearish. Multiple negative signals outweigh positive ones."
2025-06-19,14,"**Raymond James downgraded Tesla, citing market share concerns and insider sales by executives (SVP Zhu and CFO Taneja).** Bearish. **Product delays and mixed launches:** FSD tech delayed to 2026, robotaxi launch pushed back in Austin. Bearish. **Market share dip in U.S. EV market.** Bearish. **Analyst actions:** Morgan Stanley maintained an overweight rating with a $410 price target. Neutral. **Institutional ownership:** Mixed, with Vanguard increasing stake but another firm reducing holdings. Net slightly negative. **Overall net tilt:** Bearish."
2025-06-20,42,"**Bearish Signals:**
- **Revenue Down:** Sales are declining.
- **Price Target Downgrades:** Roth MKM lowered PT to $395 from $450; Exane to $142 from $150; Goldman Sachs to $285 from $295.
- **Analyst Downgrades:** Raymond James downgraded shares; W downgraded from ""strong-buy"" to ""hold.""
- **Product Recalls:** Eight recalls for Cybertruck.
- **Legal Issues:** Sued by French drivers.
- **Regulatory Investigations:** NHTSA investigating FSD collisions and robotaxi.
- **Stock Performance:** Down 25% YTD.

**Bullish Signals:**
- **Product Launches:** Grid-scale battery storage station in Shanghai, Model Y RWD SUVs, robotaxi service in Austin.
- **Government Contracts:** $556M deal in China.
- **Market Entry:** Preparations for India entry.
- **Stock Movement:** Shares up 1.8% in pre-market, 2.7% mid-day.

**Net Tilt:** Bearish."
2025-06-21,16,"**Revenue & Volume:** Bearish. Tesla’s electric car sales in Europe dropped by 49% in April.

**Government & Supplier Deals:** Bullish. Tesla inks deal with Chinese government.

**Product Releases:** Mixed. Model Y launches in India; CyberCab Robotaxi service starts in Austin; limited robotaxi launch. 

**Insider Actions:** Bearish. Director Ira Ehrenpreis sold 477,572 shares; CFO Vaibhav Taneja sold 2,564 shares. Joseph Gebbia bought 4,000 shares.

**Investments & Market Entry:** Bullish. Plans to invest $8 billion in US; formal entry into India.

**Analyst Ratings:** Neutral. Wedbush reaffirms “outperform” with $500 target; Robert W. Baird reaffirms “neutral” with $320 target.

**Ownership Changes:** Bullish. Harvard Management acquires new stake in Tesla."
2025-06-22,28,"**Net Tilt: Bearish**

**Analyst Actions & Price Targets**
- **Bearish**: Cantor Fitzgerald downgraded Tesla from $425.00 to $355.00.
- **Bearish**: Royal Bank of Canada reduced target price from $314.00 to $307.00.

**Earnings & Revenue**
- **Bearish**: Q1 profits plunged 71%.
- **Bearish**: Sales tanked, down 17%.

**Product Releases & Delays**
- **Bullish**: Launched Robotaxi service in Texas.
- **Bearish**: Paused robotaxi plans.

**Regulatory & Market Expansion**
- **Bullish**: Approved for all of Texas.
- **Bullish**: Officially joining India.

**Legal Issues & Ownership Changes**
- **Bearish**: Facing lawsuits.
- **Mixed**: Ownership increased by Mi and Fmr LLC, but decreased by Woodmont Investment Counsel LLC and Canton Hathaway LLC.

**Stock Performance**
- **Bearish**: Share price slipped further.
- **Bullish**: Recent stock price surge."
2025-06-23,75,"**Analyst Actions:** Bearish; Guggenheim downgraded Tesla to Sell. Barclays lowered PT to $275 from $325. UBS raised PT to $215 from $190. Mizuho increased PT to $390 from $325.

**Revenue/Earnings:** Bearish; Tesla faces slowing EV sales and a revenue plunge. Bullish; Tesla posted big gains on Monday.

**Product Releases:** Bullish; Tesla launched its first self-driving taxis in Austin, Texas, with plans to expand to Canada. 

**Legal Issues:** Bearish; Tesla was sued by estates of three people and faced legal issues over Model S in New Jersey.

**Partnerships:** Bullish; Tesla strengthened partnership with Uber. 

**Insider Activity:** Bearish; SVP Xiaotong Zhu sold 15,000 shares.

**Stock Performance:** Bullish; Tesla shares rose significantly on Monday.

**Net Tilt:** Mixed, but slightly bearish due to revenue concerns, legal issues, and insider selling."
2025-06-24,43,"Trader Brief:

**Price Target Adjustments:** Bearish - Roth MKM downgraded price target from $450 to $395; JPMorgan downgraded from $120 to $115. Bullish - UBS upgraded from $190 to $215.

**Product Launches:** Bullish - Upgraded Model S/X launch, Robotaxi deployment in Austin.

**Sales Performance:** Bearish - Tanking sales in Europe, China sales slip over 10%.

**Recalls and Legal Issues:** Bearish - 2 million vehicle recall, wrongful death lawsuits, regulatory investigations into FSD and Robotaxi.

**Ownership Changes:** Mixed - Goldman Sachs increased stake, while Counsel LLC sold shares.

**Stock Movement:** Bullish - Stock gained 8-10% on Monday post-analyst upgrades; Bearish - Stock fell Tuesday post-Europe sales news.

**Net Tilt:** Bearish due to multiple negative signals outweighing positive ones."
2025-06-25,38,"**Revenue and Sales Declines:** Bearish. Tesla reported a 45.2% year-over-year decline in sales for the first five months of 2025, with a 49% drop in April and a 27.9% fall in new vehicle sales. European sales have declined for five consecutive months, with market share dropping to 1.3% in May.

**Legal Issues:** Bearish. Sibling and French drivers are suing Tesla, adding to regulatory scrutiny as NHTSA investigates Tesla’s FSD.

**Product Releases:** Bullish. Tesla launched Robotaxis in Austin, Texas, and is preparing to roll out Cybercabs. Additionally, Tesla entered the Indian market with showroom openings and a Model Y launch scheduled for July.

**Stock Performance:** Bearish. Shares closed down 2.4%, dipping nearly 4% on Wednesday, and have slid over 15% YTD despite a minor 2% gain post-earnings.

**Net Tilt:** Bearish. Revenue and legal issues outweigh positive product launches."
2025-06-26,51,"**Bullish Signals:**
- **Price Target Upgrades:** Legg and Benchmark raised price targets to $475.
- **Product Releases:** Model Y in Saudi Arabia, Cybertruck in Middle East, robotaxi launch in Austin, TX.
- **Stock Rebound Opinion:** Analysts predict a rebound.

**Bearish Signals:**
- **Revenue/Earnings Down:** Falling EV sales, declining profitability.
- **Executive Changes:** Multiple firings and resignations, including VP of operations.
- **Supply Guidance Decrease:** Deliveries expected to decline.
- **Layoffs:** Thousands of job cuts.
- **Regulatory Investigation:** NHTSA investigating robotaxis.
- **Price Target Downgrades:** Deutsche Bank and RBC lowered targets to $345 and $307 respectively.
- **Ownership Decreases:** GHP Investment Advisors cut position.

**Net Tilt:** Bearish."
2025-06-27,28,"**Revenue and Sales Decline:** Bearish. Tesla’s sales continue to drop, with a 27.9% year-over-year decline in European new car sales in May and a projected 21% fall in US sales. Additionally, China saw a 15% sales decline in May.

**Executive Changes:** Mixed. Tesla fired its VP of manufacturing and HR director for North America, while also losing a key executive. However, it hired a Head of Autonomy from GM and an AI director from Cruise.

**Legal Issues:** Bearish. Tesla faces a trial over unspecified issues and filed a lawsuit against a former employee.

**Insider Activity:** Bearish. Tesla’s CFO sold shares, indicating potential concerns.

**Stock Performance:** Mixed. Despite some declines, shares touched a new high at one point but closed down 1%, opening at $325.78."
2025-06-28,7,"**Executive Appointment:** Bullish. Tesla appointed an ex-Cruise executive, likely enhancing leadership.

**Legal Issues:** Bearish. A lawsuit against Tesla could divert resources.

**Ownership Increase:** Bullish. An investor increased Tesla holdings by 193.3%, signaling confidence.

**Stock Performance:** Bearish. Tesla stock down 20%.

**Stake Acquisition:** Neutral. Minor stake acquisition by LLC has limited impact.

**Analyst Rating:** Neutral. Robert W. Baird maintained a neutral rating with a $320 price target.

**Product Review:** Neutral. A new Model 3 review was published but no specific performance details provided.

**Net Tilt:** Mixed signals; overall slightly bearish due to legal issues and stock decline."
2025-06-29,12,"**Analyst Actions:** Bearish. Roth MKM downgraded Tesla’s target price from $450 to $395. Baird cut Tesla’s rating from “Strong-Buy” to “Hold.” RBC lowered its price target from $314 to $307.

**Insider Trading:** Mixed. Joseph Gebbia bought 4,000 shares, while SVP Xiaotong Zhu sold 15,000 shares.

**Product Launch:** Bullish. Robotaxi expected in 2026.

**Institutional Ownership:** Bullish. Llc increased holdings by 21.2%, and Vanguard boosted holdings by 1.5%.

**Supply/Catalysts:** Neutral. First self-driving vehicle delivered.

**Net Tilt:** Net bearish due to multiple downgrades and insider selling outweighing positive product news and institutional buying."
2025-06-30,24,"**Product Launch:** Bullish. Tesla launched its first robotaxi service in Austin, Texas, marking a significant step into autonomous vehicle services.

**Analyst Actions:** Mixed. UBS upgraded Tesla’s price target to $215 from $190, while Raymond James downgraded it. Morgan Stanley maintained an “overweight” rating with a $410 target, and Goldman Sachs maintained a “neutral” stance.

**Ownership Changes:** Bullish. Multiple institutional investors increased their stakes in Tesla, including Geode Capital, FMR LLC, and Northern Trust Corp.

**Insider Activity:** Bearish. Tesla CFO Vaibhav Taneja sold 1,000 shares.

**Stock Performance:** Mixed. Tesla stock rose 5.3% post-Q1 earnings but fell 0.6% in premarket on Monday.

**Imports Guidance:** Neutral. Tesla plans to import vehicles into India but is unlikely to import from China.

**Net Tilt:** Net bullish due to product launch, multiple stake increases, and UBS upgrade, despite Raymond James downgrade and insider sell."
2025-07-01,88,"**Revenue Trends:** Mixed signals. Bullish: Model Y sales up 115% in some markets, European sales surge, Norway sales rise 54%. Bearish: Overall sales drop 60% in Sweden, 45% in Finland, deliveries down 20% YoY, Q2 deliveries expected to plunge 11%, Model Y sales fell 31.2%.

**Earnings & Guidance:** Bearish: EPS estimates downgraded, six consecutive year-on-year losses reported.

**Analyst Actions:** Mixed. Bullish: Mizuho upgrades PT to $390. Bearish: Cantor Fitzgerald lowers PT to $355, W downgrades to hold.

**Product & Legal:** Bullish: Robotaxi service launched. Bearish: Legal issues with family lawsuit, service hit roadblocks.

**Stock Performance:** Bearish: Shares sliding, tumbling in pre-market, falling due to Trump-Musk tensions.

**Net Tilt:** **Bearish**. Conflicting signals but overall negative trend in sales, earnings, and stock performance outweigh positive analyst upgrades and product launches."
2025-07-02,100,"**Net Direction: Bearish**

**Revenue & Earnings:**
- **Bearish:** Missed Wall Street estimates, Q2 sales plunged 66%, net income dropped significantly.
- **Bullish:** Rebound in June sales, annual revenue growth forecast.

**Supply & Demand:**
- **Bearish:** Deliveries down 13.5%, EU sales tumbled 45%, US sales eased.
- **Bullish:** China sales climbing, new affordable models confirmed.

**Analyst Actions:**
- **Bearish:** Merchants downgraded price target to $377 from $452.

**Legal & Executive Changes:**
- **Bearish:** Sued over unspecified issues, head reportedly fired.

**Stock Performance:**
- **Mixed:** Shares initially slumped 36% but rallied sharply post-earnings, closing 4% higher."
2025-07-03,51,"Analyst ratings mixed: Wedbush upgraded to Outperform, Baird downgraded to Hold. Goldman Sachs raised PT to $315 from $285; Barclays lowered PT to $275 from $325. Earnings beat expectations with strong China sales (+59%) but overall Q2 deliveries missed due to drops in Canada, Germany, and other markets. Product launches include Powerwall in Ireland and Robotaxi in Austin. Insiders Zhu and Ehrenpreis sold shares. Musk announced retirement. Popularity and sales declining in key markets. Net signal: Bearish."
2025-07-04,14,"**Revenue Trends:** Bearish. Second-quarter sales declined, marking the second consecutive annual drop. However, UK sales saw a significant increase in June.

**Supply & Production:** Bearish. Optimus robot production halted.

**Ownership Changes:** Bullish. Harvard Management Co., Inc., Geode Capital Management LLC, and another entity increased their stakes in Tesla.

**Analyst Ratings:** Neutral. HSBC maintained a ""reduce"" rating, while Goldman Sachs reissued a ""neutral"" rating.

**Stock Performance:** Bullish. Tesla stock surged 5% overall, with a notable 12% gain in Britain."
2025-07-05,11,"**Wells Fargo downgraded Tesla to $130 from $135, bearish.** CFO Vaibhav Taneja sold 2,564 shares, bearish. Multiple investors reduced stakes, bearish. Positive: Tesla investing in autonomous driving, opened a large Supercharger station, and received positive ratings with high price targets from Canaccord ($303) and Wedbush ($500), bullish. Shares opened up 4%, bullish. Net tilt: mixed but slightly bearish due to downgrade and insider/seller activity."
2025-07-06,10,"**Revenue Down**: Q2 sales dropped YoY, bearish.  
**Price Target Upgrade**: Goldman Sachs raised PT to $315, bullish.  
**Executive Changes**: CFO appointed as Treasurer, positive; exec resignation, negative.  
**Insider Sell**: Kimbal Musk sold shares, bearish.  
**Supply Decrease**: Deliveries reduced, bearish.  
**Ownership Increase**: Inc. increased holdings by 75.6%, bullish.  
**Stock Gain**: TSLA stock up 4%, bullish.  
**Analyst Neutral**: Guggenheim reaffirmed sell with $175 PT, neutral.  
**Net Tilt**: Mixed signals, slightly bearish due to revenue drop, insider sell, and supply decrease."
2025-07-07,71,"**Revenue and Earnings:** Bearish. Tesla reported a 71% drop in net income and declining global sales.

**Analyst Downgrades:** Bearish. William Blair downgraded Tesla from Outperform to Market Perform, citing weakening sales.

**Government Contracts:** Bearish. Trump plans to terminate Tesla’s government contracts.

**Stock Performance:** Bearish. Shares tumbled following the earnings report and Musk’s political plans, with some analysts predicting further declines.

**Product Launches:** Bullish. Tesla launched Robotaxi in Austin and aims for full autonomy.

**Insider Activity:** Bearish. Tesla CFO Robyn M. Denholm sold shares.

**Ownership Changes:** Mixed. Some investors increased stakes while others like Hsbc remain cautious with a “reduce” rating.

**Net Tilt:** Bearish."
2025-07-08,37,"**Revenue & Sales Decline:** Bearish. Tesla reported its first annual sales decline, with China sales plunging over 75% in the first week. QoQ sales also declined.

**Earnings & Market Reaction:** Bearish. Tesla lost $68B in a single day, though stock rebounded slightly post-Monday losses, closing at $293.94.

**Product Launches:** Bullish. Tesla launched its robotaxi service in Austin and made the Model Y available in China.

**Analyst Actions:** Bearish. Mizuho downgraded Tesla’s price target to $375 from $390, while RBC reduced it to $307 from $314.

**Executive Changes & Legal Issues:** Bearish. Elon Musk stepped down as CEO, and Tesla is appealing a Delaware court decision.

**Ownership Changes:** Mixed. Northern Trust and another LLC increased holdings, while Stratos Wealth Partners sold shares.

**Net Tilt:** Bearish. Revenue declines and negative analyst actions outweigh positive product launches and minor stock rebounds."
2025-07-09,38,"**Analyst Actions:** Bearish. Roth MKM downgraded Tesla’s target price to $395 from $450; JPMorgan Chase downgraded to $115 from $120; Wells Fargo downgraded to $130 from $135. Goldman Sachs upgraded to $315 from $285; RBC raised to $319 from $307.

**Earnings Estimates:** Bearish. William Blair cut Q2 EPS estimates.

**Stock Performance:** Mixed. Tesla stock gained 71% but fell $2.82 to $294.99 on Wednesday, with analysts expecting further declines.

**Catalysts:** Bearish. Optimus robot delayed; Turkey banned Musk and his AI chatbot; insider sale by Director Ira Ehrenpreis.

**Ownership Changes:** Neutral. Various investors increased holdings, while one major insider sold shares.

**Net Tilt:** Bearish. Downgrades and delays outweigh upgrades and minor gains."
2025-07-10,30,"**Earnings & Guidance:** Bearish. William Blair downgraded FY2025 EPS estimates, citing a negative outlook. Tesla faces a significant penalty.

**Product Launches:** Bullish. Expansion of Robotaxi services to San Francisco and Austin; Cybercab launch planned for 2026.

**Insider Activity:** Bearish. CFO Vaibhav Taneja sold $1.77 million in shares twice.

**Market Performance:** Mixed. Stock tumbled 38%, but saw gains of 9% and 3.8%.

**Ownership Changes:** Bullish. LLC and LP significantly increased holdings in Tesla.

**Competitive Landscape:** Neutral. Competing with Waymo in the robotaxi market.

**Net Tilt:** Bearish. Conflicting signals, but negative guidance and insider sales outweigh positive product launches and ownership increases."
2025-07-11,65,"**Bullish Signals:**
- **Product Launches:** Multiple launches planned in India (Model Y, Robotaxi), Austin, and Phoenix.
- **Market Expansion:** Tesla entering India with a launch event and opening its first showroom in Mumbai.
- **Stock Performance:** Stock gained significantly, doubling in value.

**Bearish Signals:**
- **Downgrades & Price Targets:** Cantor Fitzgerald downgraded from $425 to $355; Barclays from $325 to $275; Mizuho from $390 to $375.
- **Sales Slump:** Canadian sales and registrations dropped sharply (67%).
- **Price Cuts:** Significant price reductions for Model Y in Canada.
- **Regulatory Issues:** Ceasing deceptive practices within four months due to low demand.

**Net Tilt:** Bearish due to multiple downgrades and significant sales declines outweighing positive product launches and market expansions."
2025-07-12,13,"**Analyst Downgrades & Price Target Cuts:** William Blair downgraded Tesla from ""outperform"" to ""market perform,"" while Mizuho and RBC cut their price targets to $375 and $307, respectively (bearish).

**Hedge Fund Activity:** Mutual LIFE INSURANCE Co. reduced its stake by 0.7%, but investments from Inc., Vanguard Group Inc., and Ark Investment increased holdings (mixed, slightly bullish).

**Analyst Reiterations:** Piper Sandler and Morgan Stanley maintained ""overweight"" ratings with price targets of $400 and $410, respectively (neutral to bullish).

**Net Tilt:** Mixed signals with a slight net bearish tilt due to multiple downgrades and price target cuts outweighing positive fund inflows."
2025-07-13,11,"**Price Target Downgrade:** Goldman Sachs downgraded Tesla’s price target to $285.00 from higher, bearish.

**Insider Sell:** Tesla CFO Vaibhav Taneja sold 2,000 shares, bearish.

**Facility Open:** Tesla showroom opening in BKC on July 15, bullish.

**Ownership Increases:** Ifm Investors and Harvard Management increased stakes, bullish.

**Analyst Ratings:** Hsbc reissued “reduce” with $120 PT, Raymond James downgraded to “outperform,” net negative.

**Product Review & Pricing:** Model 3 Performance reviewed, priced at £59,990, neutral.

**Stock Price:** Opened at $313.51, neutral.

**Net Tilt:** Net negative due to multiple downgrades and insider sell."
2025-07-14,35,"**Revenue and Earnings:** Bearish. Revenue dropped, EPS missed expectations (-0.68).

**Legal Issues:** Bearish. Multiple lawsuits and negligence accusations, including a family’s fraud suit and federal trial.

**Product Updates:** Mixed. New models and features like Robotaxi and Grok AI assistant are positive, but delays in affordable model release and price hikes (Model Y to $84,990) are negative.

**Analyst Actions:** Neutral. Guggenheim downgraded to “sell” with $175 PT, while Canaccord maintained “buy” with $303 PT.

**Ownership Changes:** Bullish. Oversea Chinese Banking Corp and others increased holdings.

**Stock Performance:** Bearish. Year-to-date decline of 17.34%, though shares rose slightly Monday.

**Other:** Tesla faces jury trial, increased investment in xAI, and opened Mumbai showroom."
2025-07-15,91,"**Product Recall & Revenue Decline:** Bearish. Tesla recalled vehicles due to Autopilot concerns and reported declining sales.

**Executive Resignations:** Bearish. Multiple high-level executives, including North America’s sales chief, have resigned.

**Market Entry & Product Launch:** Bullish. Tesla launched the Model Y in India, expanding its global footprint.

**Supply Expansion:** Bullish. Tesla increased battery production capacity.

**Legal Issues:** Bearish. Tesla faces a rare trial but a related case was dismissed.

**Stock Performance:** Bearish. Tesla stock fell after the recall and executive departures.

**Net Tilt:** Bearish."
2025-07-16,29,"**Bearish Signals:**
- **Revenue & Sales Decline:** Tesla’s sales in China fell, and global vehicle sales dropped 13.5% in Q2, with Model Y sales plunging 17.5%. (Evidence: revenue-volume-down, revenue-down)
- **Earnings Miss:** EPS came in at $0.27 vs. expectations of $0.44. (Evidence: earnings-per-share-below-expectations)
- **Price Cuts & Competition:** Model Y price slashed in Canada amid growing competition. (Evidence: product-price-cut, competition)
- **Recalls & Executives Departure:** 2.3M car recalls and top exec resignations. (Evidence: product-recall, executive-resignation)

**Bullish Signals:**
- **Product Launches:** New Model S/X and Model 3 Plus variants launched. (Evidence: product-release)
- **Market Expansion:** Tesla entered India and expanded robotaxi services. (Evidence: market-entry)
- **Production Ramp-Up:** Model Y production increased in Q2. (Evidence: supply-increase)

**Net Tilt:** Bearish due to significant revenue and earnings declines, coupled with negative operational developments."
2025-07-17,28,"**Price Target Downgrades:** Bullish sentiment wanes as Roth MKM downgraded Tesla’s price target from $450 to $395, while Goldman Sachs cut theirs from $315 to $285, and RBC reduced it from $314 to $307.

**Revenue Concerns:** Bearish with Cybertruck sales falling dramatically, indicating potential demand issues.

**Product Launches & Developments:** Bullish with multiple product launches including the 6-seat Model Y, Model 3 Plus in China, FSD release, and robotaxi service in Austin. 

**Partnerships & Insider Activity:** Mixed signals; Tesla partnered with Liberty General Insurance and Acko for insurance, but saw an insider sell by Director Ira Ehrenpreis.

**Ownership Changes:** Bullish as major investors like Vanguard and FMR increased holdings.

**Stock Price Performance:** Bearish with Tesla’s share price falling 21.3% in H1 2025.

**Net Tilt:** Mixed, but slightly bearish due to revenue concerns and significant price target downgrades outweighing positive product developments."
2025-07-18,28,"**Earnings & Revenue:** Bearish. Tesla missed EPS estimates and initially showed declining sales but later reported a return to sales growth. (Evidence: ""missed analyst expectations,"" ""sales were dropping,"" ""return to sales growth"")

**Analyst Actions:** Bearish. William Blair downgraded Tesla from ""outperform"" to ""market perform."" Canaccord Genuity maintained a ""buy"" rating but with a lower price target. (Evidence: ""downgraded Tesla to 'market perform'"")

**Executive Changes:** Bearish. Elon Musk officially exited as CEO, though Tesla elevated another executive. (Evidence: ""Elon Musk officially exited,"" ""Tesla Elevates It Executive Without"")

**Product Launches:** Bullish. Tesla announced the Model 3+, Robotaxi expansion, and new EV variants. (Evidence: ""Model 3+ revealed in China,"" ""Robotaxi Expansion In Austin"")

**Partnerships & Supply:** Neutral. Tesla partnered with Kotak Mahindra Prime for EV financing in India and can ramp up Cybertruck production. (Evidence: ""teams up with Kotak Mahindra Prime,"" ""can ramp up production of its cybercab"")

**Legal & Ownership:** Mixed. Tesla settled a lawsuit but faces ongoing legal issues. Premier Bank increased holdings. (Evidence: ""settles lawsuit over 2019,"" ""lawsuits against Tesla,"" ""Premier Bank grew its holdings"")

**Stock Performance:** Bearish. Tesla shares declined significantly"
2025-07-19,12,"**Revenue & Sales:** Bearish - Cybertruck sales plummeted 51% in Q2.  
**Analyst Ratings:** Bearish - Baird downgraded Tesla from ""strong-buy"" to ""hold""; Mizuho lowered price target from $390 to $375. Wedbush maintained ""outperform"" with a $500 price target.  
**Supply & Demand:** Bullish - Q2 deliveries beat forecasts at 384,000 units.  
**Executives & Ownership:** Mixed - CFO Vaibhav Taneja sold shares; institutional investors increased holdings.  
**Stock Performance:** Bullish - Tesla stock up 3.2%.  
**Net Tilt:** Bearish due to significant analyst downgrades and weak Cybertruck sales."
2025-07-20,8,"**Product Release:** Bullish. Tesla introduced Grok AI Chatbot.

**Insider Sell:** Bearish. Svp Xiaotong Zhu sold 15,000 shares.

**Ownership Increase:** Bullish. Harvard Management Co. Inc. bought a new position valued at $8.158M.

**Analyst Ratings:** Mixed. Guggenheim downgraded to ""sell"" with $175 PT; Morgan Stanley upgraded to ""overweight"" with $410 PT; Robert W. Baird maintained ""neutral"" with $320 PT.

**Revenue Volume:** Neutral. Tesla sold nearly 1.8 million vehicles last year.

**Stock Price:** Neutral. Shares opened at $329.65."
2025-07-21,22,"**Price Targets:** Deutsche Bank downgraded Tesla’s price target to $345 from $420; RBC lowered it to $307 from $314. BofA upgraded the target to $341 from $305. **Net:** Bearish.

**Analyst Actions:** Deutsche Bank downgraded Tesla; Raymond James lowered its rating. **Net:** Bearish.

**Product Releases:** Tesla launched the 2025 Model X lease and rolled out Robotaxis. **Net:** Bullish.

**Executive Changes:** Tesla appointed a new global sales executive amid declining deliveries. **Net:** Neutral.

**Legal Settlement:** Tesla settled a lawsuit. **Net:** Neutral.

**Ownership Changes:** One investor increased stake by 3.5%, while another decreased by 2.5%. **Net:** Neutral.

**Revenue Guidance:** Expected Q2 revenue of $22.79B. **Net:** Neutral.

**Stock Performance:** Tesla is down 20% YTD but attempting recovery. **Net:** Bearish.

**Catalysts:** California may ban Tesla; increased competition. **Net:** Bearish."
2025-07-22,57,"**Revenue and Earnings:** Bearish. Tesla’s revenue and earnings missed expectations, with revenue declining across multiple regions including China and California. Revenue fell 21% YoY, and EPS dropped 71%. Barclays and Goldman Sachs downgraded targets to $275 and $285 respectively.

**Analyst Actions:** Bearish. Multiple downgrades indicate weakening sentiment. Goldman Sachs cut target from $315 to $285, while Barclays reduced it from $325 to $275.

**Product and Market:** Mixed. Positive signals include the launch of Robotaxi services in Austin and entry into India. However, negative signals like a sales executive leaving and falling market share in California suggest operational challenges.

**Legal and Supply:** Neutral. Legal issues and supply expansions show mixed signals but do not significantly impact current trading decisions.

**Net Tilt:** Strongly Bearish. Revenue and earnings misses coupled with multiple downgrades outweigh positive product launches."
2025-07-23,119,"**Revenue and Earnings:** Bullish signals include Tesla reporting Q2 GAAP EPS of $0.33 and adjusted EPS of 40 cents, with net income of $1.17B and adjusted earnings of $1.393B. However, bearish signals dominate: revenue missed estimates, Tesla saw its steepest sales drop in 10 years, and operating income decreased to $0.9B. **Net Tilt: Bearish**

**Market Share and Sales:** Tesla’s market share dropped to 45.3% from 53.4%, and sales fell in both California and China. **Net Tilt: Bearish**

**Product and Legal:** Tesla launched refreshed versions of the Model Y and debuted its humanoid robot, but faced legal issues including dual lawsuits and a California DMV lawsuit. **Net Tilt: Neutral**

**CapEx Guidance:** Tesla cut FY25 CapEx guidance. **Net Tilt: Bearish**

**Overall Net Tilt: Bearish**"
2025-07-24,127,"**Revenue & Guidance:** Bearish. Tesla reported strong revenue growth but also saw a 13.5% Q2 sales decline and expects European sales to collapse by one-third. Analysts at Bank of America and Td Cowen upgraded price targets to $341 and $374 respectively, but overall guidance remains weak.

**Earnings:** Bearish. Tesla missed EPS and revenue expectations, with a third consecutive fall in profits and a $0.40 per share profit reported. 

**Supply & Production:** Mixed. Vehicle deliveries dropped 14%, but Tesla plans to ramp up production.

**Product Releases:** Bullish. Tesla launched its first commercial robotaxi service in Austin and introduced new home energy plans in Texas and India.

**Analyst Actions:** Mixed. While Bank of America and Td Cowen upgraded price targets, William Blair downgraded Tesla from ""outperform"" to ""market perform.""

**Net Tilt:** Bearish. Revenue and earnings disappointments outweigh positive product launches and analyst upgrades."
2025-07-25,42,"**Price Target Downgrades:** Bullish signals mixed. **Roth MKM** downgraded TSLA to $395 from $450; **Mizuho** cut target to $375 from $390; **Stifel** adjusted to $440 from $450. **China Renaissance** downgraded to Hold from Buy.

**Product Launches:** Bullish. Cheaper Model Y launched; Robotaxi service debut in SF confirmed.

**Earnings:** Bullish. TSLA reported EPS of $0.52, beating expectations.

**Regulatory Approvals:** Mixed. Permit denial in CA; Robotaxi approval granted.

**Revenue & Sales:** Bearish. Q2 sales down 13.5%, revenue down 11.8%.

**Insider Activity:** Bearish. SVP Zhu sold 15,000 shares.

**Net Tilt:** Neutral to slightly bearish."
2025-07-26,21,"**Price Target Downgrades:** Bearish. Cantor Fitzgerald downgraded from $425 to $355, Deutsche Bank from $420 to $345, and Goldman Sachs from $315 to $285. Counterbalanced by Canaccord Genuity upgrading from $303 to $333.

**Product Launches:** Bullish. Tesla launching chauffeur-style service and new insurance product.

**Legal Issues:** Bearish. Legal action against former employees for trade secret theft.

**Supply Increase:** Bullish. Optimus robot production amid high demand.

**Product Enhancements:** Bullish. Updates to Robotaxi.

**Ownership Increases:** Bullish. Multiple firms increased stakes, including Vanguard, Geode Capital, Goldman Sachs, Assenagon Asset Management, Fmr LLC, and Assetmark.

**Analyst Ratings Neutral:** Mixed. Reiterated ratings with varied targets but no significant change in outlook.

**Stock Gain:** Bullish. Shares up 3.5% following analyst upgrade.

**Net Tilt:** **Bullish**. Positive signals outweigh negative ones."
2025-07-27,24,"**Price Target Upgrades:** Bullish; Canaccord Genuity raised PT from $303 to $333, and Bank of America from $305 to $341.

**Earnings Guidance Cut:** Bearish; Tesla reduced 2025 EPS to $1.55.

**Demand Guidance Lowered:** Bearish; Tesla cited weaker demand.

**Analyst Downgrade:** Bearish; William Blair downgraded Tesla from ""outperform"" to ""market perform.""

**Product Launches:** Bullish; Robotaxi service launched in Austin, with plans for California rollout.

**Insider Sale:** Bearish; CFO Vaibhav Taneja sold 2,000 shares.

**Product Delay:** Bearish; Optimus robot launch delayed.

**Legal Issues:** Bearish; Tesla sued a former engineer over robotics.

**Facility Openings:** Neutral; Showroom launches in Surat and Mumbai.

**Ownership Increases:** Neutral; Various firms increased stakes.

**Stock Performance:** Bearish; Tesla stock down 21% YTD.

**Rating Reiteration:** Neutral; Wedbush maintained ""outperform"" with $500 PT.

**Hold Rating:** Neutral; China Renaissance reaffirmed ""hold"" with $349 PT.

**Net Tilt:** Bearish."
2025-07-28,59,"**Phillip Securities upgrades Tesla’s price target to $220 from $200, citing strong EV sales growth but downgrades Q4 EPS estimates.** **Wedbush lowers Q4 EPS estimates.** **Model Y deliveries dropped by 12%, while overall EV sales increased.** **Tesla reports a revenue decline and market share loss.** **However, Tesla expects significant AI6 system demand growth and confirmed a cheaper new model.** **Samsung wins a $16.5 billion AI chip contract from Tesla, signaling strategic supplier partnerships.** **Net tilt: Mixed, with bullish signals on AI demand and supplier deals offsetting bearish revenue and delivery declines.**"
2025-07-29,19,"**Barclays Downgraded Tesla**: Price target lowered from $325 to $275 (Bearish).

**Product Launches**: Ride-hailing service in SF, Cybertruck (Bullish).

**Legal Issues**: Facing trial (Bearish).

**Insider Sell**: Director sold 477,572 shares (Bearish).

**Investment**: Deepening AI and chip investments (Bullish).

**Facility Open**: Lehigh Valley service center opening (Bullish).

**Business Contract**: Samsung shares retreated post-Tesla deal (Bearish).

**Ownership Increase**: Banque Cantonale Vaudoise and Harvard Management increased holdings (Bullish).

**Price Target Upgrade**: RBC raised target to $325 from $319 (Bullish).

**Analyst Rating**: Guggenheim reaffirmed sell rating with $175 target (Bearish).

**Stock Performance**: Up 3.0% at $316.06 (Bullish).

**Earnings**: Q2 earnings released (Neutral).

**Net Tilt**: Mixed signals; slight net bullish bias."
2025-07-30,29,"**Revenue & Earnings:** Bearish. Tesla reported a steep revenue decline and declining earnings.

**Price Target Upgrades:** Bullish. Canaccord Genuity upgraded price target from $303 to $333; Royal Bank of Canada raised target from $319 to $325.

**Battery Deal:** Bullish. Tesla signed a $4.3 billion battery supply deal with LG Energy Solutions.

**Stock Performance:** Mixed. Tesla’s stock is down 20% YTD but gained recently. Shares fell 5% in after-hours trading and 1.78% overall.

**New Services & Partnerships:** Bullish. Tesla will offer chauffeur-style service in San Francisco and partnered with Samsung and Apple."
2025-07-31,15,"**Earnings:** Missed Q2 expectations, EPS below forecasts (bearish).

**Regulatory:** California denied robotaxi approval (bearish).

**Product:** Robotaxi launched in San Francisco (bullish); India launch not focused on Model Y (neutral).

**Analyst Actions:** Stifel downgraded price target to $440 from $450 (bearish); one firm maintained Overweight rating (bullish).

**Supply/Contracts:** $4.3B battery supply pact with LG Energy (bullish); potential AI semiconductor deal with Samsung (neutral).

**Net Tilt:** Bearish."
2025-08-01,39,"**Downgrades and Revenue Concerns:** Goldman Sachs downgraded Tesla’s target price to $285 from $315. European sales plummeted, with Sweden seeing a significant drop. Tesla also lost a major lawsuit, ordered to pay $329M in damages. These factors are **bearish**.

**Product Launches and Market Entries:** Tesla introduced a refreshed Model Y and launched its Robotaxi service in Austin. It also opened its first charging station in India and partnered with Samsung. These developments are **bullish**.

**Legal and Regulatory Issues:** Tesla faces multiple lawsuits and regulatory investigations, including a class-action privacy suit and NHTSA probes. This is **bearish**.

**Stock Performance:** Shares dipped 1.5% on Friday and fell 3.4% on Thursday, but climbed 27% since April 22. Revenue declined 11.8% YoY, while sales surged 32% in Q2. This mixed performance suggests **net bearish** sentiment."
2025-08-02,17,"**Revenue & Volume:** Mixed signals. Bullish: Tesla’s sales in Spain are up, and it has gained market share in Europe. Bearish: Sales fell 27.4% in Portugal.

**Legal Issues:** Bearish. Tesla hit with multiple legal verdicts totaling $572 million ($329M + $243M) and fined over unspecified issues. However, it has won at least one similar case and settled others out of court.

**Partnerships & Contracts:** Bullish. Partners with LG for US projects and signed a $16.5B chip deal with Samsung.

**Product & Technology:** Neutral. Improved technology since previous lawsuits, but no significant product launches or price changes noted.

**Net Tilt:** Bearish due to substantial legal penalties outweighing positive sales trends and partnerships."
2025-08-03,11,"**Revenue Decline:** Bearish. Tesla reported its largest quarterly sales drop.

**Price Target Downgrade:** Bearish. Barclays downgraded Tesla’s target price from $325 to $275.

**Product Release & Enhancement:** Bullish. Tesla’s Robotaxi is launching in Chicago with a significant software update.

**Stock Price Surge:** Bullish. Tesla’s stock price surged by 101,734.1%.

**Institutional Ownership Increase:** Bullish. Vanguard, FMR LLC, and another LLC increased their Tesla holdings.

**Supply Agreement:** Bullish. LG Energy Solution will supply Tesla with LFP batteries.

**Analyst Rating Neutral:** Neutral. Robert W. Baird maintained a neutral rating with a $320 target price.

**Net Tilt:** Mixed signals; significant institutional buying and product enhancements offset revenue decline and price downgrade."
2025-08-04,41,"**Net Direction: Bearish**

**Revenue & Sales:**
- **Bearish:** Tesla sales dived in Australia, China, and overall in July. China-made EV sales dropped 8.4% in July. (Evidence: Multiple reports of sales declines)

**Analyst Actions:**
- **Bullish:** Bank of America upgraded Tesla’s target price to $341 from $305.
- **Bearish:** William Blair downgraded Tesla from ""outperform"" to ""market perform."" Mizuho lowered its target price to $375 from $390.

**Product & Facility Launches:**
- **Bullish:** Tesla launched Robotaxis in Chicago and SF, Model Y in India, and unveiled gaming features. (Evidence: Multiple product launches)
- **Neutral:** Tesla opened charging stations and experience centers in India and Mumbai. (Evidence: Facility openings)

**Insider Activity:**
- **Bearish:** SVP Xiaotong Zhu and Director Robyn M. Denholm sold shares. (Evidence: Insider sales)

**Stock Performance:**
- **Mixed:** Stock surged but has dropped 25.1% YTD. Recent gains include a 2% rally. (Evidence: Mixed performance indicators)

**Legal & Financial:**
- **Bearish:** Ordered to pay $329M in a crash case. (Evidence: Legal fine)

**Ownership Changes:**
- **Bullish:** IF"
2025-08-05,42,"**Revenue and Sales Decline:** Bearish. Tesla’s sales in Europe, UK, and Germany declined significantly in July, with UK sales dropping 60% YoY and Germany sales falling 55%. Total units sold in July were 987, indicating a sharp volume decrease.

**Legal Issues:** Bearish. Tesla faced multiple shareholder suits over autonomous vehicle projects and robotaxis, adding legal risks.

**Product Updates and Market Entry:** Bullish. Tesla rolled out an updated Model Y and entered India with its electric SUV, potentially boosting future sales.

**Stock Performance:** Mixed. Tesla’s stock gained 273% but also saw declines of 6.1%, 1.2%, and 23% YTD, reflecting volatility.

**Facility Expansions:** Bullish. Tesla opened new centers in India and Alabama, expanding its global footprint.

**Analyst Ratings:** Neutral. Daiwa Capital Markets maintained a neutral rating on Tesla."
2025-08-06,16,"**Revenue & Sales:** Bearish. Tesla sales plummeted 60%, indicating significant revenue decline.

**Legal Issues:** Bearish. Tesla faces new lawsuits from shareholders over Autopilot and a class action lawsuit regarding Robotaxi incidents.

**Product Launches:** Bullish. Tesla launched its Robotaxi driverless service in Austin in June, with plans for further service launches.

**Acquisition Interest:** Bullish. Apple is reportedly interested in acquiring Tesla.

**Stock Performance:** Bearish. Tesla stock dropped significantly following the revenue miss.

**Regulatory Scrutiny:** Bearish. The US safety agency is investigating Tesla’s Robotaxi incidents.

**Ownership Changes:** Bullish. Vanguard increased its stock position in Tesla.

**Net Tilt:** Mixed signals but overall **Bearish** due to revenue drop, legal issues, and stock performance."
2025-08-07,21,"**Bullish Signals:**
- Goldman Sachs increased holdings by 322.1% in Q1.
- Harvard Management Co. Inc. purchased a new stake valued at $8.158M in Q4.
- Wedbush reissued ""outperform"" with a $500.00 PT.
- Piper Sandler reissued ""overweight"" with a $400.00 PT.
- Royal Bank Of Canada reiterated ""overweight.""

**Bearish Signals:**
- Goldman Sachs downgraded price target from $315.00 to $285.00.
- Revenue declined 11.8% YoY.
- Sales in UK and Germany declined.
- Market share loss in Europe.
- Potentia Wealth sold shares.

**Neutral Signals:**
- Needham & Company LLC reaffirmed ""hold.""
- Tesla testing new self-driving model.

**Net Tilt:** Bearish due to revenue decline, market share loss, and price target downgrade outweighing positive ownership increases and ratings."
2025-08-08,32,"**Price Target Adjustments:** Bearish; Cantor Fitzgerald downgraded TSLA’s price target from $425 to $355, while Canaccord Genuity upgraded it from $303 to $333.

**Revenue & Deliveries:** Bearish; TSLA reported a 16% revenue drop and lower deliveries.

**Legal & Regulatory:** Bearish; shareholders filed a securities fraud lawsuit against TSLA, and a Cybertruck recall affected 46,000 units.

**Product & Strategy:** Mixed; TSLA revealed the Model 3+, FSD model, and autonomous ride-hailing service, but scrapped the Dojo supercomputer project.

**Partnerships & Contracts:** Bullish; TSLA partnered with Samsung for a $16.5B AI chip project.

**Ownership Changes:** Bullish; multiple firms increased stakes in TSLA.

**Stock Performance:** Bullish; TSLA shares gained 6.5% for the week and 3.7% in morning trading.

**Net Tilt:** Net bearish due to revenue decline, legal issues, and delivery drops outweighing positive product launches and partnerships."
2025-08-09,21,"**Price Target Adjustments:** Barclays downgraded Tesla’s target price to $275 from $325 (bearish). Bank of America upgraded Tesla’s target price to $341 from $305 (bullish).

**Regulatory Approvals & Product Launches:** Tesla received approval for its robotaxi service in Texas (bullish). Launched Model Y and first charging station in Mumbai (bullish).

**Market Expansion:** Entered Indian and UK energy markets, expanded Robotaxi service to Phoenix (bullish).

**Facility Openings:** Opening Delhi showroom, first Mumbai showroom (bullish).

**Analyst Ratings:** Morgan Stanley reaffirmed “overweight” with $410 target (bullish). China Renaissance maintained “hold” with $349 target (neutral). BofA maintained neutral stance (neutral).

**Ownership Changes:** Ifm Investors increased stake by 8.5% (bullish). WBH Advisory and Koss Olinger acquired shares (bullish).

**Net Tilt:** Bullish."
2025-08-10,6,"**Revenue & Volume Growth:** Bullish. Tesla reported higher car sales, indicating strong demand.

**Product Release & Market Entry:** Bullish. Introduced new EV models in India, expanding market presence with second experience center opening.

**Analyst Ratings:** Neutral. Wedbush maintained ""Outperform"" rating but no change in price target noted.

**Price Offering:** Mixed. Offered Full Self-Driving package in India, potentially boosting revenue but could impact margins.

**Net Tilt:** Bullish. Expansion into India and product launches outweigh neutral analyst stance."
2025-08-11,53,"**Revenue and Earnings:** Bearish. Tesla’s Q3 EPS estimates downgraded by Zacks Research to $0.62, indicating lower-than-expected performance. Sales have declined significantly.

**Executive Changes:** Bearish. HR managers fired, North America Services Director resigning, signaling internal instability.

**Product Launches:** Bullish. Model Y launched in India, Robotaxi service approved in Texas, expanding market reach.

**Regulatory and Legal Issues:** Mixed. NHTSA investigation initiated, multiple lawsuits ongoing (bearish); Robotaxi approval in Texas (bullish).

**Market Guidance and Awards:** Bullish. Goldman Sachs forecasts global robotaxi market growth to $12B by 2030; Model Y earns top distinction.

**Facility Openings:** Bullish. Multiple store and Supercharger station openings in India, enhancing local presence.

**Stock Performance and Analyst Ratings:** Mixed. Stock gains reported but Staley Capital reduced holdings; Royal Bank of Canada and Wedbush maintained positive ratings while Hsbc downgraded to “reduce” with a $120 price target.

**Net Tilt:** Bearish. Revenue/EPS downgrades, executive departures, and legal/regulatory issues outweigh positive product launches and market forecasts."
2025-08-12,19,"**Revenue and Sales:** Bearish. Tesla sales are down in the first 7 months of the year.

**Analyst Ratings:** Bearish. William Blair downgraded Tesla from ""outperform"" to ""market perform."" Neutral ratings from Daiwa Capital Markets and China Renaissance with a $349 target price.

**Product Launches:** Bullish. Model 3+ launched in China, Cybertruck prices dropped.

**Legal Issues:** Bearish. Sued by California’s DMV.

**Market Expansion:** Bullish. Entered India’s auto market, may expand services in Austin.

**Hirings:** Neutral. Recruiting NYC robotaxi drivers.

**Ownership Changes:** Mixed. Increased holdings by Llc, Harvard Management, and Premier Bank; XTX Topco sold shares.

**Stock Performance:** Bullish. Trading up 2.8%.

**Competition:** Bearish. Facing increased EV competition."
2025-08-13,14,"**Legal Issues:** Bearish. Shareholders are suing Tesla and Musk.

**Market Entry:** Bullish. Tesla entering UK energy market.

**Ownership Increases:** Mixed. Deutsche Bank, Northern Trust, Vanguard, Goldman Sachs, and Charles Schwab increased stakes, but legal issues may offset positive ownership trends.

**Analyst Ratings:** Neutral. Morgan Stanley maintained ""overweight"" with a $410 price target.

**Stock Performance:** Bullish. TSLA up 11% since Aug. 5, closing at $309.26 on Aug. 4 and opening at $340.84 on Aug. 13.

**Product Development:** Bullish. Testing robotaxis in Austin."
2025-08-14,27,"**Bullish Signals:**
- Revenue surge in Norway.
- Multiple firms increasing stakes (Llc, Inc., Ted Buchan & Co).
- JP Morgan bought 6.6M shares.
- Wedbush reaffirmed ""outperform"" with $500 target.
- Piper Sandler reiterated ""overweight"" with $400 target.

**Bearish Signals:**
- Guggenheim reaffirmed ""sell"" with $175 target.
- Hsbc reaffirmed ""reduce"" with $120 target.
- Stock plunge nearly 50%, down 16% YTD.
- Revenue down 11.8%.
- Kimbal Musk sold 91,588 shares.
- Multiple firms reducing stakes (Vestmark, Ltd).

**Net Tilt:** Bearish due to significant price drops and revenue decline outweighing positive stake increases."
2025-08-15,5,"**Price Target Upgrade:** Td Cowen upgraded Tesla’s price target from $330 to $374, **bullish**.

**Revenue Decline:** Tesla sales are plummeting overall and specifically in Europe, **bearish**.

**Legal Issues:** Tesla is sued for securities law violations, **bearish**.

**Stake Acquisition:** EverSource Wealth Advisors LLC acquired Tesla shares, **neutral** to **slightly bullish**.

**Net Tilt:** Conflicting signals; **net bearish** due to revenue decline and legal issues."
2025-08-16,7,"**Net Direction: Bearish**

- **Stock Performance:** Tesla stock fell sharply, down 39%.
- **Insider Activity:** Senior VP sold 82% of shares; Man similarly dumped 82% stake.
- **Ownership Changes:** Positive: Viking Global Investors LP boosted stake; Mi acquired new stake.
- **Hiring Update:** Tesla hired test drivers in NYC, but overshadowed by negative signals.

**Net Tilt:** Strongly Bearish due to significant insider selling and stock decline."
2025-08-17,12,"**Product Fault:** Bullish signal muted by significant bearish event; Teslas burning on car (negative).

**Price Target Downgrade:** Bearish; Mizuho downgraded Tesla’s target price from $390.00 to $375.00.

**Ownership Changes:** Mixed signals; Llc increased stake by 79.5%, while another Llc sold 2,773 shares and a Tesla exec dumped 82% stake (bearish tilt).

**Analyst Ratings:** Neutral overall; Wells Fargo reiterated “Sell,” Morgan Stanley “Buy,” Needham & Co. “Hold,” Daiwa Capital Markets “Neutral” (no clear tilt).

**Stock Price Movements:** Mixed; shares rose 6.1% but traded down 1.5% (net neutral).

**Net Tilt:** Bearish due to product fault and ownership decreases outweighing positive movements."
2025-08-18,20,"**Net Tilt: Bearish**

**Price Target Adjustments:**
- **Bearish:** Barclays downgraded price target from $325 to $275.
- **Bullish:** Bank of America upgraded price target from $305 to $341.

**Product Launches:**
- **Bullish:** Tesla confirmed robotaxi rollout and launched self-driving taxi service in Austin, TX.

**Stock Performance:**
- **Bearish:** Stock set to drop for 4th day, down 18% YTD, California sales fell 21%, and UK pricing slashed.
- **Bullish:** Stock is up.

**Analyst Actions:**
- **Bearish:** Hsbc reaffirmed ""reduce"" rating with $120 target.
- **Bullish:** Wedbush reaffirmed ""outperform"" rating with $500 target.

**Insider Activity:**
- **Bearish:** Kimbal Musk sold 91,588 shares.

**Ownership Changes:**
- **Bullish:** BNP Paribas Asset Management acquired 471,660 shares.
- **Bullish:** My.Alpha Management HK Advisors increased holdings.

**Revenue:**
- **Bearish:** Revenue down 14%.

**Net Tilt:** Conflicting signals but overall bearish due to multiple negative revenue and performance indicators."
2025-08-19,17,"**Market Share & Revenue:** Bearish. Tesla’s Cybertruck sales fell, and it sold 1,110 cars in July, down 55.1%. However, Premier Bank increased its Tesla stake by 79.2%.

**Product Launches:** Bullish. Tesla launched the six-seater Model Y and Robotaxi in China and Berkeley.

**Analyst Actions:** Bullish. Canaccord Genuity upgraded Tesla’s price target from $303 to $333.

**Legal Issues:** Bearish. Tesla faces a class action lawsuit in California.

**Stock Performance:** Mixed. Tesla stock gained despite concerns, up about 40%. Net tilt: **Mixed**."
2025-08-20,13,"**Revenue Drop:** Bullish signal muted; Tesla reported its worst quarterly sales drop, but exact figures not provided.

**Legal Setback:** Bearish; Tesla lost bid to end class action lawsuit.

**Product Launches:** Mixed; Model Y launched globally, but U.S. launch uncertain. Futuristic trucks rollout began in Nov 2023.

**Stock Performance:** Bearish; shares fell 1.8% to $329.31.

**Ownership Changes:** Mixed; Llc increased stake by 86.3%, while Joseph P. Lucia & Associates LLC sold shares.

**Analyst Ratings:** Neutral; Guggenheim maintained ""sell"" with $175 PT, Goldman Sachs reiterated ""neutral.""

**Net Tilt:** Bearish."
2025-08-21,33,"**Bullish Signals:**
- **Product Launch:** Tesla launched a robo-taxi service in Austin, TX.
- **Ownership Increase:** Vanguard, Goldman Sachs, and Charles Schwab increased their stakes in Tesla.

**Bearish Signals:**
- **Revenue Volume Down:** European sales continue to collapse.
- **Legal Issues:** Facing a class action lawsuit over misleading 'Full Self-Driving' claims.
- **Regulatory Investigation:** NHTSA launched an investigation into Tesla’s self-driving vehicles.
- **Supply Decrease:** Production halted at a plant.
- **Stock Loss:** Shares slipped, falling nearly 1%.

**Net Tilt:** Bearish due to multiple negative catalysts outweighing positive ones."
2025-08-22,15,"**Earnings:** Bullish. Tesla Q2 EPS of 40 cents beat estimates, but revenue and sales in China declined.

**Legal & Financial:** Bearish. Tesla ordered to pay $242 million in sanctions. However, Deutsche Bank increased its stake in Tesla.

**Product & Pricing:** Mixed. Tesla launching in-car voice assistant in China and raising prices for Cybertruck variants. 

**Partnerships:** Bullish. Tesla partnered with ByteDance for AI models and voice assistant in China.

**Market Performance:** Bullish. Tesla stock rose over 50% in the past 12 months and gained 4.9% recently.

**Net Tilt:** **Bullish**, despite revenue declines and legal issues, due to strong earnings, product launches, and positive stake increases."
2025-08-23,2,"**Ownership Increase:** Bullish. Premier Bank increased its Tesla stake by 79.2%, indicating institutional confidence.

**Analyst Rating:** Neutral. China Renaissance maintained a ""hold"" rating with a $349.00 target price, suggesting no change in valuation expectations."
2025-08-24,15,"**Price Target Upgrade:** Canaccord Genuity raised its price target from $303 to $333 (Bullish).

**Insider Sales:** CFO Vaibhav Taneja and SVP Xiaotong Zhu sold shares (Bearish).

**Regulatory Investigation:** Federal investigation launched (Bearish).

**Ownership Changes:** Mi and LLC increased stakes; MetLife decreased holdings (Mixed).

**Stock Performance:** Tesla stock up 6.2% (Bullish).

**Analyst Ratings:** Guggenheim and HSBC maintained negative ratings; Goldman Sachs and Daiwa Capital Markets remained neutral (Net Neutral).

**Net Tilt:** Mixed signals with slight Bullish bias due to price target upgrades and stock performance."
2025-08-25,17,"**Revenue & Earnings:** Bullish; Q2 revenue grew 73% YoY but down 13% QoQ. EPS beat expectations.

**Product Launches:** Bullish; launched six-seat Model Y and robo-taxi service in Austin.

**Legal Issues:** Bearish; facing potential lawsuit.

**Analyst Actions:** Mixed; Mizuho downgraded price target from $390 to $375, while Piper Sandler maintained ""overweight"" with $400 target.

**Ownership Changes:** Mixed; Vanguard, Northern Trust, and Schwab increased stakes, while one unnamed firm reduced position.

**Price Adjustments:** Bearish; Cybertruck price hike.

**Voice Assistant Upgrade:** Bullish; upgraded EV voice assistant system.

**Net Tilt:** Neutral to Slightly Bearish due to conflicting signals."
2025-08-26,20,"**Net Tilt: Bearish**

**Price Target & Analyst Actions:**
- **Bearish:** Bank of America upgraded Tesla’s target price to $341 from $305.
- **Bearish:** Multiple sources predict Tesla could fall 90%.

**Legal & Sanctions:**
- **Bearish:** Tesla lost a $243M verdict over a 2019 Autopilot crash.

**Revenue & Financials:**
- **Bearish:** Revenue down 11.8% YoY.
- **Bearish:** Stock down 14% YTD.

**Product & Partnership:**
- **Bullish:** New AI voice assistant launched.
- **Neutral:** Model Y L SUV on sale, Cybertruck in South Korea.
- **Bullish:** Potential FSD launch.
- **Bullish:** Partnerships with ByteDance and DeepSeek.

**Ownership Changes:**
- **Bullish:** Goldman Sachs increased holdings by 322.1%.
- **Bullish:** Another entity increased holdings by 250%."
2025-08-27,10,"**Product Releases:** Bullish. Model Y L launched in China at 339,000 yuan; robotaxi service expanded in Austin; Changan launching Tesla Model Y in UK next month.

**Legal Issues:** Bearish. Levi & Korsinsky notified shareholders of class action against Tesla.

**Stock Performance:** Mixed. Year-to-date, Tesla down nearly 20%; August saw a 14% surge; June also saw gains.

**Analyst Ratings:** Bearish. Research firm reiterated ""sell"" rating on Tesla.

**Stake Movements:** Neutral. LLC acquired 1,382 shares of Tesla."
2025-08-28,25,"**Revenue and Sales Decline:** Bearish. Tesla’s Q2 auto sales revenue and overall sales volumes declined significantly, with European sales falling 40% and total sales dropping 44% YTD. Guidance was also lowered.

**Product Launches:** Bullish. Tesla launched Full Self-Driving (FSD) in Australia and New Zealand, and is testing unsupervised FSD in Las Vegas.

**Analyst Ratings:** Neutral. Royal Bank of Canada maintained an “overweight” rating while Goldman Sachs reiterated a “neutral” stance.

**Legal Issues:** Bearish. A family sued Tesla over a Cybertruck incident.

**Stock Performance:** Bearish. TSLA shares are down 13% YTD, with recent declines of 0.7% and 1.5%.

**Net Tilt:** Bearish. Revenue and sales declines outweigh positive product developments."
2025-08-29,45,"**Revenue & Sales:** Bearish. Tesla’s European sales dropped significantly in July, with only 6,600 cars sold compared to 11,465 in the previous month. Baird downgraded Tesla from ""strong-buy"" to ""hold,"" citing declining sales.

**Product Releases:** Bullish. Tesla introduced the Model Y Performance in Europe and expanded Full Self-Driving (FSD) to Australia and New Zealand. However, sales of the Model Y Performance were halted in January.

**Insider Activity & Analyst Actions:** Bearish. Director James R. Murdoch sold 120,000 shares, while Baird downgraded Tesla. Morgan Stanley maintained an ""overweight"" rating but lowered the price target to $410.00.

**Regulatory & Layoffs:** Bearish. Regulators questioned Tesla’s safety integrity, and a contractor laid off 82 workers.

**Stock Performance:** Mixed. Tesla’s share price gained 46% but was down 14% YTD and 9.4% recently."
2025-08-30,7,"**Revenue & Volume:** Bearish. Tesla’s car sales plummeted, indicating a significant decline in revenue and volume.

**Stock Performance:** Bullish. Tesla stock surged 68% over a year, with analysts suggesting potential further gains.

**Analyst Actions:** Neutral. Wedbush reaffirmed an “outperform” rating but maintained a $500 price target.

**Ownership Changes:** Bullish. Ar increased its Tesla shareholding by 833.3% in Q1.

**Product Launch:** Bullish. Tesla introduced a new Model Y, potentially boosting demand.

**Net Tilt:** Mixed signals with a slight bullish bias due to stock performance and ownership increase."
2025-08-31,7,"**Insider Activity & Ownership Changes:** Bearish. Tesla director sold $42M in stock, while Inc. reduced its position. However, Graham Capital Management increased its stake by $6.74M.

**Price Target Adjustments & Analyst Ratings:** Mixed. Mizuho downgraded Tesla’s price target from $390 to $375, while Robert W. Baird maintained a neutral rating with a $320 price target.

**Trading Performance:** Bearish. Tesla traded as low as $337.48 and closed at $339.41, indicating downward pressure.

**Net Tilt:** Bearish. Multiple bearish signals outweigh the single bullish insider purchase."
2025-09-01,32,"**Revenue & Volume:** Bearish. Tesla sales plunged 84% in Sweden, fell to 6,600 units, and experienced a seventh straight monthly decline. European sales fell for the eighth month. However, Model 3 sales reached 94,000 units, and overall sales rose 161%.

**Product Recalls:** Bearish. Over 7,000 Model 3 vehicles were recalled in Australia and thousands more globally.

**Market Share:** Bearish. Tesla’s market share in Western Europe dropped to 1.7%.

**Product Releases:** Bullish. Two new Model 3 versions and an iterative 6-seat Model Y were launched. Tesla aims to launch Optimus before 2027.

**Price Cuts:** Bearish. Tesla cut prices for the long-range RWD Model 3 in China by 3.7%, now priced at $36,278.99.

**Other:** Layoffs occurred last year, and Tesla terminated a contract with workers. Stock dropped 22% in 2025.

**Net Tilt:** Bearish."
2025-09-02,45,"**Supply & Demand:**
- Bullish: Deliveries surged 161% to 1,435 units; sales in China and Turkey increased.
- Bearish: Sales in India and China EV dipped; Model Y orders in India fell.

**Revenue:**
- Bullish: Sales rose nearly 150% YoY; China-made Model 3 and Y sales up 22.6%.
- Bearish: Overall sales plunged this year; China-made EV sales dropped 4%.

**Product Launches:**
- Bullish: Model Y Performance unveiled; FSD rolled out in Australia; Model Y L launched in China.

**Executives & Ownership:**
- Bearish: VP of Optimus robotics resigned; Director James R. Murdoch sold shares.
- Neutral: Invesco raised holdings; Wedbush maintained ""outperform"" with $500 target.

**Net Tilt:** Mixed, but slightly **Bullish** due to strong delivery numbers and new product launches outweighing regional sales dips."
2025-09-03,35,"**Revenue and Sales Decline:** Bearish. Canaccord upgraded price target to $333 from $303, but Tesla saw revenue tumble, with sales plunging across Europe and in Ireland, and deliveries decreasing by over 11%. Mizuho downgraded price target to $375 from $390.

**Product Issues:** Bearish. Tesla recalled 7,301 Model Y units in Australia, and faces potential lawsuits.

**Market Trends:** Bearish. EU market share declined, and Tesla’s CFO sold shares.

**Analyst Actions:** Mixed. Guggenheim maintained a sell rating ($175 PT), Morgan Stanley reiterated overweight ($410 PT), and Piper Sandler reiterated overweight.

**Net Tilt:** Bearish. Revenue and sales declines outweigh positive analyst upgrades."
2025-09-04,9,"**Revenue:** Bearish. Tesla reported a significant sales collapse, though details on exact figures are missing.

**Product Release:** Bullish. Tesla launched its Robotaxi app in Canada and made Full Self-Driving (FSD) available there, indicating progress in autonomous technology deployment.

**Supply/Production:** Neutral. Tesla delivered 83,192 vehicles in August, showing stable production but no clear trend shift.

**Net Tilt:** Mixed. Revenue signals are negative while product releases suggest positive momentum in autonomous tech."
2025-09-05,18,"**Earnings:** Bullish/Bearish Mixed. Q4 profits plunged, but stock rebounded 4-5% on Friday, closing up nearly 2%.

**Product Launches:** Bullish. New Model Y Performance launched globally, including India, with first deliveries in Mumbai.

**Stock Performance:** Bearish/Bullish Mixed. Shares down 25% YTD but rallied 4-5% on Friday.

**Catalysts:** Bullish. Tesla opened its first showroom in Mumbai, plans to export Model Y to India, and unveiled a $1 trillion pay package."
2025-09-06,4,"**Price Target Upgrade:** Bullish. Bank of America upgraded Tesla’s price target from $305.00 to $341.00.

**Partnership:** Bullish. GE and Tesla veterans joined the leadership team to accelerate commercialization.

**Ownership Increase:** Bullish. AR increased its stake in Tesla by 833.3% in Q1.

**Stock Price:** Neutral. TSLA opened at $350.84 on Friday.

**Net Tilt:** Bullish. Multiple positive signals outweigh neutral stock price movement."
2025-09-07,17,"**Bullish Signals:**
- **Price Target Upgrade:** Canaccord Genuity upgraded Tesla’s target price from $303 to $333.
- **Revenue Guidance & Volume Growth:** Revenue growth expected; UK sales grew.
- **Product Release:** Model Y recently launched.
- **Institutional Ownership Increase:** Multiple firms increased holdings (Vanguard, Geode Capital, Goldman Sachs, Inc., LLC, Services).

**Bearish Signals:**
- **Insider Sell:** CFO Vaibhav Taneja sold 4,000 shares.

**Neutral Signals:**
- **Analyst Ratings:** Reaffirmations at neutral ratings (Goldman Sachs, William Blair).

**Net Tilt:** Bullish, driven by upgrades and ownership increases outweighing the insider sell."
2025-09-08,20,"**Revenue and Volume:** Bearish. Tesla’s car sales declined 19.4% YoY in the US and fell 10% in China in August. However, Tesla saw a 7% increase in sales.

**Market Share:** Bearish. Tesla’s US EV market share dropped to 38% in August from 48.7% in June.

**Product Release:** Bullish. Cybertruck pickup rolled out in 2023.

**Supply and Production:** Bullish. Tesla is ramping up production.

**Analyst Actions:** Neutral. China Renaissance maintained a “hold” rating with a $349 target price.

**Ownership Changes:** Mixed. Premier Bank increased holdings by 79.2%, while Coppell Advisory Solutions sold shares.

**Net Tilt:** Bearish. Revenue declines and market share losses outweigh positive signals."
2025-09-09,26,"**Bullish Signals:**
- **Earnings:** Record gross profit.
- **Product Launches:** Unveiled Megapack 3 and Megablock battery storage systems; robo-taxi business launched.
- **Revenue Growth:** Sales grew 3.1% in August.
- **Stock Performance:** Stock rose 3.6% on Friday, 0.17% in premarket Tuesday.
- **Market Entry:** Targeting China’s humanoid robot market.
- **Ownership Increase:** Amundi and Ar increased holdings.

**Bearish Signals:**
- **Market Share Loss:** EV market share fell to 8-year low.
- **Revenue Decline:** Sales dwindled overall.
- **Price Cuts:** Reducing prices.
- **Legal Issues:** Securities fraud lawsuit.
- **Insider Sell:** Director James R. Murdoch sold shares.
- **Stock Slides:** Stock dropped 26%, fell 1.3% on Tuesday, opened at $346.40.

**Net Tilt:** Mixed signals suggest caution; consider holding pending further clarity."
2025-09-10,12,"**Price Target Adjustments:** Bullish - Canaccord Genuity upgraded price target from $303 to $333; Bearish - Mizuho downgraded price target from $390 to $375.

**Share Price Performance:** Bullish - Tesla’s share price surged 60% in a year.

**Product Launches:** Bullish - Tesla unveiled Megapack.

**Ownership Changes:** Bullish - Inc. increased stake by 37.7%; Bearish - Inc. decreased stock position.

**Analyst Ratings:** Neutral - Guggenheim maintained “sell” with $175 PT; Neutral - Morgan Stanley reissued “overweight” with $410 PT; Neutral - William Blair maintained “market perform.”

**Net Tilt:** Mixed signals but overall slightly bullish due to positive product launch and strong share performance."
2025-09-11,18,"**Demand and Legal Issues:** Bearish. Demand for Tesla cars fell sharply YTD (Dip In Tesla Shares, demand-decrease). A lawsuit over faulty doors adds legal risk (Couple Sues Tesla Over Faulty Door).

**Insider Activity:** Bearish. CFO Vaibhav Taneja sold shares (insider-sell).

**Revenue and Ownership Changes:** Mixed. Revenue rose 7% in July (revenue-up), but major shareholders like Vanguard and UBS increased stakes, while others decreased (ownership-increase-held, ownership-held).

**Analyst Ratings:** Neutral. HSBC downgraded to ""reduce"" with a $120 target (analyst-ratings-change-neutral), while China Renaissance maintained ""hold"" with a $349 target.

**Stock Price Movements:** Bearish. Shares may fall 65% (stock-loss), and have already plummeted 13% in 2025 (stock-loss)."
2025-09-12,23,"**Supply and Volume:** Bearish. Tesla’s Q2 deliveries declined nearly 14%, and European sales in April 2025 fell, while U.S. sales edged higher.

**Regulatory and Product:** Bullish. Tesla secured a Nevada permit for autonomous vehicles and launched its new Megapack and Robotaxi service in Las Vegas, with a planned 2028 rollout.

**Stock Performance:** Bullish. Tesla stock has rallied 15% over the last month, rising sharply in September 2025, and surged over 6% on Friday.

**Analyst Actions:** Neutral. Wells Fargo reiterated an Underweight rating.

**Net Tilt:** Bullish."
2025-09-13,11,"**Product Release:** Bullish. Tesla plans to release a cheaper model in H1 2026, potentially boosting affordability and demand.

**Legal Issues:** Bearish. Sued by California DMV, indicating regulatory challenges.

**Autonomy Concerns:** Bearish. Speculation about giving up on autonomous driving could dampen investor sentiment.

**Insider Sell:** Bearish. Director James R. Murdoch sold 120,000 shares, signaling potential insider concerns.

**Ownership Changes:** Mixed. De acquired a new stake, while other insiders may be selling.

**Analyst Ratings:** Mixed. Piper Sandler ($400 PT, overweight), Wedbush ($500 PT, outperform), and Goldman Sachs (neutral) maintain ratings, with no change in outlook.

**Stock Performance:** Mixed. Surged 80% YTD but dropped 55% recently, reaching a seven-month high earlier."
2025-09-14,12,"**Revenue and Volume:** Bearish. Tesla’s sales volumes more than halved YoY, and revenue declined in China by 10% in August.

**Supply and Production:** Bullish. Tesla plans to increase production at its German plant and has already increased production in other regions.

**Legal Issues:** Bearish. Tesla faces multiple lawsuits, including one led by Elon Musk.

**Ownership Changes:** Bullish. Amundi significantly increased its holdings in Tesla by 29.4% in Q1, and another entity boosted its stake by 1,616.7%.

**Hirings:** Neutral. Tesla hired approximately 1,355 H-1B workers in 2024, indicating operational expansion.

**Stock Performance:** Bearish. Tesla’s stock is down 2% YTD.

**Net Tilt:** Mixed, but slightly bearish due to revenue declines and legal issues outweighing positive ownership changes."
2025-09-15,87,"**Revenue and Earnings:** Bearish. Tesla reported a 1% sales decline in 2024 and a 71% profit drop in Q1, with the largest year-over-year sales decline. European sales plummeted.

**Market Share:** Bearish. Tesla’s U.S. market share dropped to 38% in August.

**Legal Issues:** Bearish. A class-action lawsuit was filed against Tesla.

**Supply and Production:** Bullish. Tesla plans to boost production at its German plant.

**Insider Activity:** Mixed. Elon Musk and others purchased significant shares ($1B+), while some insiders sold shares worth up to $7.275M.

**Product Launches:** Bullish. Tesla launched its robotaxi service in Austin, TX.

**Stock Performance:** Bullish. Tesla’s stock rallied due to Musk’s large purchases and positive guidance, closing at $395.94.

**Net Tilt:** Net bullish due to strong insider buying and positive stock performance, but revenue and legal issues remain concerns."
2025-09-16,41,"**Price Target Upgrade:** Canaccord Genuity upgraded Tesla’s price target from $303 to $333, bullish.

**Product Recalls:** Tesla recalled Powerwall 2 home batteries in Australia, bearish.

**Product Launches:** Tesla launched Cybertruck orders in UAE and South Korea, bullish. Pilot robotaxi service also launched, bullish.

**Insider Buying:** Tesla co-founder bought $1 billion worth of shares, bullish.

**Stock Performance:** Tesla stock rose 6-7% on September 15, bullish. However, it fell 45% by April, bearish.

**Regulatory Investigations:** NHTSA opened investigations into Tesla Model Y doors, multiple times, bearish.

**Market Entry:** Expanded service in San Francisco, bullish.

**Ownership Changes:** Charles Schwab increased holdings by 4.9%, bullish. Skandia Omsesidigt decreased holdings by 65.3%, bearish.

**Net Tilt:** Mixed signals, but overall slightly bullish due to product launches, insider buying, and positive stock performance."
2025-09-17,33,"**Product Catastrophe & Regulatory Scrutiny:** Bullish signals include a DBS Bank price target upgrade to $450 and increased production guidance. However, significant negative signals arise from fatal crashes involving Autopilot, a battery recall, and multiple regulatory investigations into Tesla’s vehicles and autonomous tech. The company also faces substantial legal settlements totaling over $285.6M.

**Revenue & Sales Growth:** Bullish with Q3 Chinese sales growth.

**Insider Activity & Ownership Changes:** Bearish with director James R. Murdoch selling shares and Gateway Investment Advisers reducing stake, while Amundi increased holdings.

**Net Tilt:** Mixed signals but predominantly bearish due to regulatory and legal issues."
2025-09-18,20,"**Bullish Signals:**
- **Price Target Upgrade:** Goldman Sachs raised price target to $395 from $300.
- **Production Increase:** Tesla working to boost production.
- **Product Launches:** Full self-driving in New Zealand, Model Y launched in August.
- **Management Buy-In:** Executives increased share holdings significantly.
- **Settlement:** Musk’s Tesla settled an accident case.

**Bearish Signals:**
- **Price Cut:** Tesla reduced product prices.
- **Market Competition:** Alibaba entered the robotaxi market.

**Net Tilt:** Bullish, with significant analyst upgrades and internal support outweighing competitive pressures and price cuts."
2025-09-19,38,"**Analyst Actions:** Baird upgraded Tesla to Outperform from Neutral with a price target raised from $320 to $548. Goldman Sachs raised its price target from $300 to $395. Mizuho downgraded Tesla’s price target from $390 to $375. **Product Updates:** Tesla launched an all-electric pickup truck in the Middle East and will redesign its Model Y. **Regulatory:** Tesla received approval to test Autopilot in Nevada but faces an NHTSA investigation. **Recalls:** In 2023, Tesla recalled over 120,000 Model S vehicles. **Legal:** A class action lawsuit was filed against Tesla. **Insider Activity:** SVP Xiaotong Zhu and CFO Vaibhav Taneja sold shares. **Ownership Changes:** Multiple firms increased stakes in Tesla. **Stock Performance:** Tesla stock rose 1-5.28% over recent sessions but fell 2.1% recently. **Supply/Production:** Tesla will report Q3 deliveries of 455,000 cars. **Net Tilt:** Bullish."
2025-09-20,23,"**Bullish Signals:**
- **Analyst Upgrades:** Robert W. Baird upgraded Tesla to ""Outperform""; Bank of America raised PT to $341.
- **Revenue Growth:** Rising software revenue indicates strong performance.
- **Regulatory Approvals:** Green light for autonomous vehicle testing in Arizona; approval for robotaxi tests.
- **Product Launches:** Robotaxi service launched in Austin; new Megapack introduced.
- **Institutional Buys:** Geode Capital, Legal & General, and other firms increased holdings.

**Bearish Signals:**
- **Insider Sell:** James R. Murdoch sold 60,000 shares.
- **Analyst Neutral:** Hsbc maintained ""Reduce"" rating with $120 PT; William Blair reiterated ""Market Perform.""

**Net Tilt:** Bullish, driven by multiple upgrades and product launches outweighing insider selling and neutral analyst views."
2025-09-21,15,"**Analyst Upgrades & Price Target Increases:** Bullish. Robert W. Baird upgraded Tesla from ""neutral"" to ""outperform."" DBS Bank raised its price target from $300 to $450. Goldman Sachs increased its target from $300 to $395. Canaccord Genuity raised its target from $303 to $333.

**Ownership Increases:** Bullish. Multiple institutions increased stakes: Llc by 581.88%, Perpetual Ltd by 11.2%, Charles Schwab by 4.9%, Amundi by 29.4%, and Invesco by 17.6%.

**Stock Performance:** Bullish. Tesla shares rose 24% over the past month.

**Revenue Decline:** Bearish. Tesla’s revenue fell 4.2% YoY over the last 12 months.

**Net Tilt:** Mixed signals but overall bullish due to strong analyst upgrades and institutional buying."
2025-09-22,24,"**Price Target Upgrade:** Piper Sandler upgraded Tesla’s price target to $500 from $400, bullish.

**Product Releases:** Tesla launched Full Self-Driving software in China and a self-driving taxi service in Austin, TX, and San Francisco, bullish.

**Insider Buy:** Tesla CEO purchased 2.5 million shares, bullish.

**Partnerships:** Uber Freight and Tesla launched an EV and are teaming up, bullish.

**Legal & Regulatory Issues:** Tesla faces a lawsuit in China and a US investigation into 170,000 cars, bearish.

**Stock Performance:** Tesla stock surged 28% this month, up 5.5% YTD, and gained nearly 4% on Monday, bullish.

**Analyst Actions:** Mixed with Piper Sandler upgrading and maintaining positive ratings, while China Renaissance held neutral, net slightly bullish.

**Ownership Changes:** Financial increased holdings but another entity sold out entirely, mixed.

**Net Tilt:** Bullish, driven by product launches, insider buys, and strong stock performance, despite legal/regulatory headwinds."
2025-09-23,25,"**Bullish Signals:**
- **Price Target Upgrades:** Mizuho raised PT to $450 from $375; Piper Sandler to $500 from $400.
- **Stock Performance:** Tesla stock rose 750% and gained over 75% YTD.
- **Insider Buy:** Elon Musk acquired 2.57M shares.
- **Product Launch:** Official launch of robotaxi in June.
- **Institutional Ownership Growth:** Vanguard, Goldman Sachs, and others increased positions.

**Bearish Signals:**
- **Supply Decrease:** Deliveries expected to decline 14% YoY.
- **Legal Issues:** Facing $51M lawsuit.
- **Insider Sell:** CFO Vaibhav Taneja sold shares.

**Net Tilt:** Bullish, despite legal and supply concerns, due to strong institutional support and upgrades."
2025-09-24,17,"**Price Target Upgrades:** DBS Bank upgraded TSLA’s target from $300 to $450; Goldman Sachs raised from $300 to $395; Mizuho increased from $375 to $450 (Bullish).

**Legal Issues:** Tesla hit with $51M lawsuit; ongoing EEOC suit from 2023 (Bearish).

**Insider Activity:** SVP Xiaotong Zhu sold 20,000 shares (Bearish).

**Factory Incident:** Accident at Fremont plant (Bearish).

**Ownership Changes:** Multiple entities increased holdings (Bullish); Tesla stock down 1.9% but also climbed (Mixed).

**Analyst Ratings:** Morgan Stanley overweight with $410 PT; Guggenheim sell with $175 PT (Mixed).

**Net Tilt:** Mixed signals; upgrades and increased holdings vs. legal issues, insider sales, and factory incident."
2025-09-25,18,"**Net Tilt: Bearish**

**Revenue & Sales:**
- **Bearish:** Tesla’s Q3 sales in Europe declined 37%, and overall sales dropped 22% YOY. (Evidence: ""Tesla's Europe Sales Collapse"", ""During the month, Tesla's sales dropped 37%"", ""Tesla sales in Europe plunged 37 per cent"")

**Product Updates:**
- **Bullish:** Released Full Self-Driving (FSD) software and a new phone called ""Pi Phone"". (Evidence: ""Tesla first released FSD"", ""Tesla released 'Pi Phone'"")
- **Bearish:** Delayed cheaper EV launches. (Evidence: ""Tesla Inc.: the company delayed the launch of its cheaper EVs"")

**Analyst Actions & Insider Trading:**
- **Bullish:** Bank of America upgraded Tesla’s price target to $341.00. (Evidence: ""Bank of America boosted their price objective on Tesla from $305.00 to $341.00"")
- **Bearish:** Director James R. Murdoch sold 60,000 shares. (Evidence: ""Tesla news, Director James R. Murdoch sold 60,000 shares of Tesla stock"")

**Stock Performance:**
- **Bearish:** Stock fell 4% on Thursday. (Evidence: ""Tesla slips 4%"", ""Tesla stock fell more than 4% on Thursday"")"
2025-09-26,30,"**Bullish Signals:**
- **Price Target Upgrades:** Deutsche Bank raised PT to $435 from $345; Wedbush to $600 from $500; Piper Sandler to $500 from $400.
- **Earnings Positive:** Q2 net income of $2.3bn.
- **Sales Boost:** Sales rose by 21%.
- **Insider Buy:** Elon Musk bought 2,568,732 shares.
- **Partnership:** Tesla and Uber announced a significant partnership.
- **Stock Performance:** Shares rose 1-1.5% in premarket and early trading.

**Bearish Signals:**
- **Revenue Decline:** UK sales and European sales dropped; pre-tax profit fell.
- **Market Share Loss:** Significant decline in market share.
- **Legal Issues:** Levi & Korsinsky joined a class action suit against Tesla.
- **Insider Sell:** CFO Vaibhav Taneja sold 4,000 shares.
- **Analyst Neutral Ratings:** Average rating is hold with a mean PT of $340.32.

**Net Tilt:** Mixed, but slightly bullish due to multiple price target upgrades and positive earnings."
2025-09-27,23,"**Bullish Signals:**
- **Analyst Upgrades:** Robert W. Baird upgraded Tesla from ""neutral"" to ""outperform""; multiple analysts raised price targets to $435-$600.
- **Ownership Increases:** Several institutions increased stakes in Tesla.
- **Stock Performance:** Shares gained 4% following analyst upgrades.

**Bearish Signals:**
- **Legal Issues:** A worker sued Tesla.
- **Insider Sell:** SVP Xiaotong Zhu sold 20,000 shares.
- **Mixed Analyst Ratings:** UBS and Guggenheim maintained ""sell"" ratings with lower price targets.

**Net Tilt:** Bullish, driven by strong analyst upgrades and ownership increases, despite legal issues and insider selling."
2025-09-28,11,"**Bullish Signals:**
- **Price Target Upgrade:** Goldman Sachs upgraded Tesla’s target price from $300.00 to $395.00.
- **Product Launch:** Tesla is launching a new vehicle.
- **Stock Pop:** Tesla experienced a significant stock gain.
- **Promotion:** A meaningful discount on the Model Y.
- **Ownership Increase:** Multiple firms increased their positions in Tesla, including Goldman Sachs (322.1%), Llc (581,880.5%), Invesco Ltd. (17.6%), and others.

**Bearish Signals:**
- **Insider Sell:** James R. Murdoch, a director, sold 60,000 shares.

**Net Tilt:** Bullish, with multiple positive signals outweighing the single insider sell."
2025-09-29,20,"**Price Target Upgrades:** Bullish. Canaccord Genuity raised PT to $333, Bank of America to $341, and Wedbush to $600.

**Earnings Guidance:** Bullish. Analysts expect Tesla to beat Q3 delivery estimates.

**Fraud Lawsuit:** Bearish. Levi & Korsinsky filed a securities fraud class action against Tesla.

**Product Release:** Bullish. Tesla releasing FSD 14 and Robotaxi.

**Stock Performance:** Bullish. Tesla stock rallied 32% since late August, climbing in September.

**Regulatory Concerns:** Bearish. US Senators urge probes into Tesla’s Full Self-Driving and overall operations.

**Institutional Ownership:** Bullish. Both Inc. and Amundi increased holdings in Tesla.

**Analyst Ratings:** Mixed. Royal Bank of Canada reiterated a “buy” rating, while the average analyst rating is “hold” with a mean PT of $343.06.

**Net Tilt:** Bullish. Positive signals outweigh negatives."
2025-09-30,18,"**Price Target Upgrades:** DBS Bank upgraded Tesla’s price target from $300 to $450; Deutsche Bank raised it from $345 to $435; Canaccord lifted it to $490 (Bullish).

**Product Launch:** Tesla launched Model Y Performance in the U.S. (Bullish).

**Stock Performance:** Tesla stock up 30% this month, 10% YTD, and up 0.6% today but down 0.9% intraday (Mixed).

**Ownership Changes:** Multiple firms increased holdings (Premier Bank, Wealth, LLC, Vanguard), while Insight Partners reduced holdings (Mixed).

**Analyst Ratings:** UBS maintained a “sell” rating; HSBC reissued a “reduce” with a $120 target; China Renaissance reaffirmed a “hold” with a $349 target (Bearish).

**Net Tilt:** Bullish due to multiple upgrades and positive product news, despite some bearish analyst ratings."
2025-10-01,31,"**Revenue Trends:** Mixed signals. Bullish: Global sales surged, France saw a rise, and monthly sales increased (ESS 0.65-0.68). Bearish: Q2 sales fell globally, European sales slumped, and YoY sales dropped 42.9% (ESS -0.56, -0.68). Net tilt slightly bearish.

**Analyst Actions:** Mixed. Bullish: Goldman Sachs and Deutsche Bank upgraded price targets to $395 and $435 respectively (ESS 0.54, 0.8). Bearish: He downgraded Tesla to Sell (ESS -0.98). Net tilt slightly bullish.

**Product Releases:** Bullish: New Model Y and facelifted Model variants launched (ESS 0.52).

**Other:** Bearish: U.S. EV market share dropped to 38%, CFO Vaibhav Taneja sold shares (ESS -0.49, -0.51). Bullish: Partnership with Neoen, insider ownership increased (ESS 0.49, 0.37).

Net overall tilt: **Bullish**."
2025-10-02,69,"**Bullish Signals:**
- **Revenue & Guidance:** Tesla beat Q3 sales expectations, with analysts raising targets to $450-$490 from $333-$375. (Evidence: Canaccord Genuity, Mizuho upgrades)
- **Sales Growth:** Tesla reported strong year-over-year and sequential sales growth, despite a dip in H1. (Evidence: Sales rebound, Model Y boom)
- **Product Launches:** Autonomous vehicles deployed at scale, Robotaxi service launched in Austin. (Evidence: Product release headlines)

**Bearish Signals:**
- **Sales Decline:** Tesla’s sales from Jan-August fell, particularly in Europe (-22%). (Evidence: Revenue down in specific regions)
- **Supply Issues:** Delivery delays noted, though Q3 deliveries rose 7.4%. (Evidence: Supply decrease, increase signals)
- **Insider Sell:** SVP Zhu sold shares. (Evidence: Insider sell headline)

**Net Tilt:** Bullish, due to strong revenue beats and analyst upgrades outweighing regional sales declines and minor supply issues."
2025-10-03,59,"**Bullish Signals:**
- **Revenue & Delivery Growth:** Q3 sales hit record highs; deliveries rose 7%. (Evidence: Revenue up, supply increase)
- **Price Target Upgrades:** JP Morgan raised PT to $150; Piper Sandler to $500. (Evidence: Multiple upgrades)
- **Positive Product Reviews:** Model Y Performance reviewed positively. (Evidence: Best-rated)

**Bearish Signals:**
- **Product Recalls & Faults:** Massive Cybertruck recall; door design flaws. (Evidence: Recall, faults)
- **Legal Issues:** Multiple lawsuits; $243M verdict against Tesla. (Evidence: Lawsuits, verdict)
- **Stock Performance:** Shares down despite positive news. (Evidence: Stock loss)

**Net Tilt:** Mixed signals suggest caution; focus on earnings and legal outcomes."
2025-10-04,21,"**Price Target Upgrades:** Deutsche Bank raised PT from $345 to $435; Wedbush from $500 to $600; Bank of America from $305 to $341 (Bullish).

**Revenue Guidance:** Company sees dropping sales (Bearish).

**Stock Performance:** Shares up 78.6% YTD, 30% in a month, but down 10% recently and 8.2% post-Q2 earnings (Mixed).

**Legal Issues:** Lawsuit filed against Tesla; would lose a lawsuit (Bearish).

**Product Release:** Model Y rollout in China (Bullish).

**Insider Activity:** Director James R. Murdoch sold 60,000 shares (Bearish).

**Supply/Demand:** Deliveries soared (Bullish).

**Analyst Ratings:** Guggenheim and UBS maintained ""Sell"" ratings (Bearish).

**Ownership Changes:** Nuveen LLC acquired a stake (Bullish).

**Net Tilt:** Mixed signals with some strong bullish upgrades offset by bearish legal and insider sell concerns."
2025-10-05,16,"**Bullish Signals:**
- **Price Target Upgrades:** DBS Bank raised PT from $300 to $450; Goldman Sachs from $395 to $425; HSBC from $120 to $127.
- **Revenue Boost:** Tesla received a sales boost in Europe.
- **Institutional Buying:** Multiple firms increased stakes (Llc, Wealth, Invesco).

**Bearish Signals:**
- **Regulatory Setback:** Cybertruck rejected in Germany.
- **Insider Sale:** SVP Zhu sold 20,000 shares.
- **Stake Reduction:** Cromwell Holdings reduced stake.

**Net Tilt:** Bullish, with strong analyst upgrades and revenue growth offsetting regulatory and insider concerns."
2025-10-06,54,"**Price Target Upgrades:** Bullish. Canaccord Genuity raised target from $333 to $490; Piper Sandler from $400 to $500; UBS from $215 to $247; Goldman Sachs from $395 to $425.

**Product Launches/Delays:** Mixed. Cheaper Model Y unveiled; Cybertruck launch in Middle East; new EV teased for Oct 7; Model 3 availability announced. However, delay noted for more affordable Model.

**Revenue/Earnings:** Bearish. Sales slowed, declined 50%, and German sales plummeted nearly 10%.

**Legal Issues:** Bearish. Stannye filed lawsuit against Tesla.

**Insider Actions:** Mixed. Musk bought 2.5 million shares; CFO Taneja sold 2,606 shares.

**Stock Performance:** Mixed. Shares hit by negative news but climbed ahead of product unveilings, gaining 4.37% to $448.64.

**Net Tilt:** Bearish due to revenue declines and legal issues outweighing positive analyst upgrades and product launches."
2025-10-07,46,"**Product Releases:** Bullish. Tesla unveiled cheaper versions of the Model Y and Model 3, aiming to boost affordability and sales. Additionally, Tesla rolled out FSD v14 and a refreshed Model Y.

**Revenue Trends:** Bearish. Reports indicate weakening sales, though specific figures are not provided.

**Stock Performance:** Mixed. Tesla shares initially gained 5.4% after a Wedbush upgrade but later fell 3-4.5%, closing at $433.09.

**Analyst Actions:** Bullish. Wedbush upgraded Tesla’s price target from $500 to $600, while UBS maintained a sell rating and Goldman Sachs maintained “Equal Weight.”

**Net Tilt:** Net bullish due to product launches and analyst upgrades, despite revenue concerns and stock volatility."
2025-10-08,51,"**Bullish Signals:**
- **Price Target Upgrades:** DBS Bank raised target from $300 to $450; Deutsche Bank from $345 to $435; Stifel from $440 to $483; Mizuho from $375 to $450.
- **Product Launches:** Tesla launched cheaper Model 3 and Model Y versions, with Model Y priced at $39,990.
- **Revenue Growth:** Tesla sells more electric vehicles, indicating volume growth.
- **Regulatory Approval:** Tesla received permits to test autonomous vehicles in Nevada.
- **Stock Performance:** Tesla shares generally up for the year, rising 14% YTD.

**Bearish Signals:**
- **Revenue Down:** Sales have sagged this year.
- **Price Cuts:** Tesla cut prices on Model 3 and Model Y.
- **Legal Issues:** Hit with new lawsuits.
- **Mixed Analyst Ratings:** Wedbush maintains Outperform rating but no change in target.

**Net Tilt:** Bullish, driven by multiple price target upgrades and product launches outweighing revenue concerns and legal issues."
2025-10-09,45,"**Bullish Signals:**
- **Price Target Upgrades:** Multiple firms upgraded Tesla’s price targets significantly: Canaccord Genuity ($490), RBC ($500), TD Cowen ($509), JPMorgan ($150), Piper Sandler ($500), Goldman Sachs ($425), HSBC ($127), and Capital ($338).
- **Product Launches:** Tesla launched a self-driving robo-taxi service in Austin, TX, and rolled out standard versions of its models.
- **Ownership Increases:** Several major investors increased their holdings in Tesla.

**Bearish Signals:**
- **Regulatory Investigations:** NHTSA is investigating Tesla’s Full Self-Driving technology across nearly 3 million vehicles.
- **Product Recalls:** Tesla recalled two million vehicles in 2023 and plans another recall.
- **Revenue Down:** Tesla’s Germany sales declined in September.

**Net Tilt:** Mixed, but slightly bullish due to significant price target upgrades and product launches outweighing regulatory concerns and sales declines."
2025-10-10,30,"**Revenue Decline:** Bearish. Multiple sources indicate Tesla’s car sales and overall sales are declining, with projections for a significant drop in 2025.

**Product Launches:** Bullish. Tesla introduced lower-cost versions of the Model Y, including a six-seat variant, expanding its market reach.

**Regulatory Issues:** Bearish. The U.S. National Highway Traffic Safety Administration is investigating over 2.8 million Tesla vehicles due to concerns about the driver assistance system.

**Insider Selling:** Bearish. Both James R. Murdoch and CFO Vaibhav Taneja sold shares recently.

**Analyst Action:** Bullish. Wedbush upgraded Tesla’s target price from $500 to $600, while Cantor Fitzgerald maintained an overweight rating at $355.

**Net Tilt:** Mixed, but slightly bearish due to revenue declines and regulatory scrutiny outweighing product launches and analyst upgrades."
2025-10-11,4,"**Price Target Upgrade:** Stifel upgrades Tesla’s price target to $483 from an unspecified previous level, bullish.

**Product Launch:** Tesla rapidly introduces a more affordable Model Y in Europe, bullish.

**Ownership Decrease:** LLC reduces its position in Tesla, bearish.

**Stock Performance:** Tesla stock trades down 5.1%, bearish.

**Net Tilt:** Mixed signals with net slightly bearish due to ownership reduction and stock decline."
2025-10-12,20,"**Bullish Signals:**
- **Price Target Upgrades:** DBS Bank ($450→$450), TD Cowen ($374→$509), Mizuho ($375→$450), RBC ($500→$500).
- **Revenue Guidance:** Rebound in EV sales in China.
- **Product Launches:** New, more affordable Model 3 and Model Y versions released.
- **Ownership Increases:** Multiple institutions increased stakes in Tesla.

**Bearish Signals:**
- **Stock Tumble:** Unspecified reasons.
- **Regulatory Investigation:** Ongoing investigation by an unnamed agency.
- **Ownership Decrease:** Eastern Bank sold Tesla shares.

**Net Tilt:** Bullish, with significant analyst upgrades and product launches offsetting regulatory concerns and stock tumble."
2025-10-13,45,"**Analyst Actions:** Bullish. Melius Research initiated Tesla with a Buy. Canaccord Genuity, Evercore ISI, JPMorgan, Deutsche Bank, Wedbush, and HSBC all upgraded price targets to $490, $300, $150, $435, $600, and $127 respectively.

**Revenue/Cybertruck Sales:** Bearish. European sales fell, and Cybertruck sales dropped 63% in Q3. However, overall sales were the highest recorded.

**Product Updates:** Bullish. Tesla launched more affordable EV models, including the Model Y and Model 3. Production is being ramped up for Q4.

**Legal/Regulatory:** Bearish. Facing multiple lawsuits and an NHTSA probe into FSD.

**Market Share:** Bullish. Tesla’s EV market share increased slightly.

**Stock Performance:** Mixed. Recent gains include a 32% surge, but a plunge followed. Current price around $429.51.

**Net Tilt:** Net bullish due to strong analyst upgrades and product launches, despite legal/regulatory headwinds and weak Cybertruck sales."
2025-10-14,23,"**Bullish Signals:**
- **Price Target Upgrades:** Royal Bank of Canada upgraded from $325 to $500, Piper Sandler from $400 to $500, and Goldman Sachs from $395 to $425.
- **Product Launches:** New standard trims for Model 3 and Model Y.
- **Ownership Increases:** Nuveen LLC, multiple unnamed entities, and Goldman Sachs increased holdings.
- **Stock Gains:** Tesla recovered after dips, gaining 5.4% and 8%.

**Bearish Signals:**
- **Revenue Volume Down:** Only 5,385 Cybertrucks sold.
- **Regulatory Investigation:** Federal regulators opened a new investigation.
- **Price Cuts:** Hyundai and Tesla slashed prices.
- **Stock Losses:** Tesla’s stock fell by about 4%.

**Neutral Signals:**
- **Analyst Ratings Neutral:** Wells Fargo reiterates underweight, Evercore ISI maintains in-line.
- **Earnings Release:** Q3 2025 results due Oct. 22.

**Net Tilt:** Mixed, with significant analyst upgrades and product launches offsetting regulatory concerns and price cuts."
2025-10-15,22,"**Bullish Signals:**
- **Analyst Upgrades:** Melius initiates Tesla with a Buy; DBS Bank upgrades PT to $450 from $300; TD Cowen upgrades PT to $509 from $374; Bank of America upgrades PT to $341 from $305; Mizuho upgrades PT to $450 from $375.
- **Revenue Growth:** QoQ sales jump 126%.
- **Product Launches:** Robotaxi launch in London; Model enhancement.
- **Stake Increases:** Multiple firms increase stakes.

**Bearish Signals:**
- **Guidance Concerns:** California may block Tesla.
- **Sell Rating:** Guggenheim reissues Sell rating with $175 PT.
- **Stake Decrease:** Atria Wealth Solutions sells significant shares.

**Neutral Signals:**
- **Mixed Analyst Ratings:** Cantor Fitzgerald reiterates Overweight with $355 PT.
- **Earnings Expectations:** Expected YOY earnings decline but also expected to beat estimates.

**Net Tilt:** Bullish, driven by multiple analyst upgrades and strong revenue growth, despite some regulatory concerns and one sell rating."
2025-10-16,20,"**Analyst Actions:** Bearish (Exane BNP, BNP Paribas downgrade to 'Underperform'), Bullish (Melius Research upgrades to 'Buy', Evercore ISI raises PT to $300, Barclays raises PT to $350).

**Product Updates:** Bullish (Model Y upgrade, FSD rollout expansion, 'Mad Max' FSD reintroduction).

**Regulatory:** Bearish (NHTSA opens investigation).

**Ownership Changes:** Bullish (Vanguard, Keystone, Llc, Premier Bank increase positions).

**Supply/Demand:** Neutral (September deliveries of 71,525 vehicles).

**Price Movements:** Mixed (Stock up 1.4%, shares bought by Sterling Financial).

**Net Tilt:** Bullish."
2025-10-17,23,"**Price Target Upgrades:** Deutsche Bank upgraded Tesla’s price target from $345 to $435; JPMorgan raised it from $115 to $150; Piper Sandler increased it from $400 to $500 (Bullish).

**Acquisitions:** Tesla purchased assets before the deadline, boosting deliveries; also buying Twitter for $44 billion (Bullish).

**Product Launches:** Introduced lower-priced Model Y and Model 3 versions (Bullish).

**Legal Issues:** Shareholders suing Elon Musk (Bearish).

**Ownership Changes:** Ar raised holdings by 833.3%, First Merchants Corp increased by 1.3%; another entity trimmed stake (Mixed).

**Earnings Preview:** Q3 revenue expected at $26.58 billion; earnings release on Oct. 22 (Neutral).

**Analyst Ratings:** Average rating is hold with a mean price target of $369.72 (Neutral)."
2025-10-18,9,"**Price Target Upgrades:** Royal Bank of Canada raised PT from $325 to $500; Canaccord Genuity lifted PT from $333 to $490; Hsbc increased PT from $120 to $127 (Bullish).

**Product Launch:** FSD Supervised subscriptions launched in Australia (Neutral).

**Stake Movements:** Tesla acquired 714 shares; Inc. purchased 236 shares (Neutral).

**Consensus Target Price:** Analysts set consensus target at $363.03 (Neutral).

**Holdings Update:** Llc has $417,000 holdings in Tesla (Neutral).

**Net Tilt:** Bullish due to multiple upgrades."
2025-10-19,15,"**Analyst Actions:** Bullish. Wedbush upgraded Tesla’s target price from $500.00 to $600.00; Bank of America raised it from $305.00 to $341.00; Goldman Sachs increased it from $395.00 to $425.00; Barclays lifted their target.

**Insider Activity:** Bearish. Tesla CFO Vaibhav Taneja sold 2,606 shares.

**Institutional Ownership:** Bullish. Vanguard, Geode Capital, Goldman Sachs, Legal & General, and Salomon & Ludwin all increased their stakes.

**Stock Performance:** Bullish. Tesla shares gained 2.5%.

**Net Tilt:** Bullish. Multiple upgrades and institutional buying outweigh the CFO’s insider sale."
2025-10-20,31,"**Earnings & Guidance:** Bullish. Td Cowen upgraded Tesla’s price target to $509 from $374, citing expected top-line beats. However, EPS guidance at $0.55 suggests mixed sentiment. **Revenue:** Bearish. Cybertruck sales fell flat, with only 5,400 units sold in Q3, missing expectations. **Product:** Bullish. Robotaxi rollout across the US and initial service launch indicate growth. **Demand:** Bearish. Sharp drop in Cybertruck demand noted. **Ownership:** Bullish. Increased holdings by institutional investors. **Stock Performance:** Bullish. Shares rose 99% YTD, with gains post-earnings announcement. **Net Tilt:** Mixed, but slightly bullish due to positive analyst upgrades and strong overall stock performance."
2025-10-21,23,"**Revenue Guidance:** Bullish; Evercore ISI upgraded Tesla’s price target to $300 from $235, citing record revenue estimates. However, recent data shows revenue growth has slowed.

**Earnings & Price Actions:** Bullish; Tesla reported EPS of $0.72, beating expectations. The stock gained 35%, opening at $447.43.

**Product Launches:** Bullish; Tesla unveiled new budget cars and launched its first robotaxi test in Austin, Texas.

**Price Cuts & Insider Sell:** Bearish; Tesla has been lowering prices, and Director James R. Murdoch sold 60,000 shares.

**Net Tilt:** Mixed, but slightly bullish due to positive revenue guidance and product launches outweighing price cuts and insider selling."
2025-10-22,120,"**Revenue:** Bullish; Tesla beat revenue estimates with record Q3 revenue, but automotive sales volume declined and regulatory credit revenue dropped.

**Earnings:** Bearish; Tesla missed earnings estimates, with EPS and overall profit falling despite a $1.4B net income. Operating income rebounded to $1.6B.

**Analyst Actions:** Mixed; Deutsche Bank and JPMorgan upgraded targets to $435 and $150 respectively, while Morningstar downgraded to Sell. Goldman Sachs raised target to $425, HSBC to $127.

**Product Launches:** Bullish; Tesla launched upgraded Model S/X and unveiled lower-priced Model Y/3.

**Recalls:** Bearish; Tesla recalled nearly 13,000 US vehicles, adding to previous recalls.

**Guidance:** Neutral; Tesla did not provide full-year guidance, though demand guidance was lowered.

**Net Tilt:** Bearish."
2025-10-23,111,"**Bullish Signals:**
- **Revenue:** Exceeded expectations at $26.24 billion, up 44% in energy generation and storage.
- **Production & Deliveries:** Produced 1,220,309 vehicles, Model 3/Y deliveries rose 9% to 481,166 units.
- **Earnings:** Reported non-GAAP net income of $1.8bn, EPS of $0.50.
- **Price Targets Raised:** Cantor Fitzgerald to $510, Truist to $406, Td Cowen to $509, Roth MKM to $505, Mizuho to $485.
- **Acquisitions:** Officially acquired SolarCity for $2.6 billion.

**Bearish Signals:**
- **Earnings Miss:** Third-quarter earnings missed expectations.
- **Profit Decline:** Profits tumbled despite strong sales, dropping 37%.
- **Guidance:** No forward guidance provided, Musk scales down Optimus production plan.
- **Recalls:** 63,619 Cybertruck and 5,038 Model 3 recalled over software issues.

**Net Tilt:** Mixed, but slightly bearish due to earnings miss and profit decline despite strong revenue and production numbers."
2025-10-24,22,"**Earnings:** Missed Q3 expectations with a $417M profit, down from prior levels. **Bearish**.

**Analyst Actions:** Mixed; Evercore ISI downgraded to $235, while China Renaissance upgraded to $380. Freedom Capital and Markets upgraded to Hold. **Net Neutral**.

**Financials:** Operating expenses surged 50%, contributing to revenue decline by 4%. **Bearish**.

**Ownership:** Institutional investors like Vanguard, Geode, and Legal & General increased holdings. **Bullish**.

**Stock Performance:** Despite earnings miss, stock gained due to institutional support and potential future prospects. **Bullish**.

**Product & Strategy:** Autonomous vehicle plans remain positive. **Bullish**."
2025-10-25,6,"**Price Target Upgrades:** DBS Bank upgraded Tesla’s price target from $300 to $450 (bullish). Wedbush reaffirmed “outperform” with a $600 target (bullish). RBC also reaffirmed “outperform” with a $500 target (bullish).

**Legal Issues:** A class-action lawsuit was filed in Australia (bearish).

**Share Movements:** Tesla shares fell 3.4% after an analyst downgrade (bearish).

**Net Tilt:** Mixed signals; strong analyst upgrades vs. legal issues and share decline suggest caution. **NET TILT: NEUTRAL**."
2025-10-26,34,"**Bullish Signals:**
- **Price Target Upgrades:** Deutsche Bank raised target from $345 to $435; JPMorgan from $115 to $150; Mizuho from $450 to $485.
- **Revenue Beat:** Q2 revenue was $28.10B vs. expectations of $24.98B.
- **Earnings Per Share:** EPS of $0.72.
- **Ownership Increases:** Multiple firms increased stakes in Tesla.

**Bearish Signals:**
- **Market Share Loss:** Tesla’s market share has declined.
- **Product Recalls:** Multiple recalls affecting Model Y, Model 3, and Cybertruck.
- **Insider Sell:** James R. Murdoch sold 60,000 shares.
- **Target Price Downgrade:** Canaccord Genuity lowered target from $490 to $482.

**Net Tilt:** Mixed, but slightly bullish due to multiple upgrades and revenue/EPS beats outweighing the negative factors."
2025-10-27,21,"**Revenue:** Bullish (Q3 revenue beat expectations, Model 3 sales and overall sales projected to soar, Q3 revenue up 11.6%). Bearish (sales fell 25% in Italy).

**Earnings:** Mixed (Wedbush downgraded Q2 2026 EPS estimates, but Q3 total profit positive).

**Analyst Actions:** Bullish (China Renaissance upgraded price target to $380, Cantor Fitzgerald raised to $510). Neutral (DZ Bank maintained ""sell"" rating).

**Executive & Ownership:** Bearish (Elon Musk may resign as CEO). Bullish (Vanguard increased holdings by 1.8%).

**Regulatory:** Bearish (FSD under NHTSA investigation).

**Net Tilt:** Bullish."
2025-10-28,15,"**Price Target Adjustments:** Bearish (Evercore ISI downgraded from $300 to $235), Bullish (Truist Financial upgraded from $280 to $406, Td Cowen upgraded from $374 to $509), Bearish (Goldman Sachs downgraded from $425 to $400).

**Supply & Demand:** Bullish (Energy output up 84% to 43.5), Bearish (EU sales down 18.6%, market share dropped to 2.9% from 3.9%), Bullish (China sales up 8.8%).

**Product & Safety:** Bearish (Driver death in Cybertruck crash).

**Ownership Changes:** Bullish (Ar and LLC increased stakes significantly).

**Net Tilt:** Mixed signals but slightly **Bullish** due to positive supply/output and ownership trends outweighing negative product safety and regional sales issues."
2025-10-29,17,"**Bullish Signals:**
- DBS Bank upgraded price target from $300 to $450.
- Bank of America raised price target from $341 to $471.
- HSBC upped price target from $120 to $127.
- Pozdnyakov upgraded Tesla to Hold from Sell.
- Wedbush reissued Outperform with $600 target.
- Royal Bank of Canada reissued Outperform with $500 target.
- Multiple institutions increased holdings.

**Bearish Signals:**
- Tesla sales fell 10.5% in Europe.
- Average analyst rating is Hold with mean price target of $395.16.

**Net Tilt:** Bullish due to multiple upgrades and higher price targets outweighing the single revenue decline signal."
2025-10-30,30,"**China Renaissance upgraded Tesla’s price target to $380 from $349 (Bullish)**. However, Tesla’s sales in China and Cybertruck sales fell significantly (Bearish). Tesla issued its 10th Cybertruck recall in the US (Bearish). Despite these negatives, Tesla reported record quarterly revenue of $28.10B, beating estimates (Bullish). The company also plans to debut the Cybercab in Shanghai in November (Bullish). Overall, the net signal is mixed but slightly **bearish** due to the significant sales declines and recalls."
2025-10-31,18,"**Net Tilt: Bullish**

**Analyst Actions & Price Targets:**
- **Bullish:** Bank of America upgrades Tesla to $471 from previous target.

**Earnings:**
- **Bullish:** Tesla reported EPS of $0.72, beating expectations.

**Product Developments:**
- **Bullish:** Potential flying car demo before year-end.
- **Neutral:** New Roadster edition in development.

**Supply & Production:**
- **Bullish:** Continued expansion in production capacity.

**Ownership Changes:**
- **Bullish:** Multiple large investors (Vanguard, Goldman Sachs, Charles Schwab, Amundi, Invesco) increased stakes.
- **Bearish:** Some investors (BLB&B Advisors, Llc) reduced stakes.

**Sanctions:**
- **Bearish:** Sanctioned by judge, details unclear.

**Stock Performance:**
- **Bullish:** Stock rose 2.3% post-earnings."
2025-11-02,10,"**Net Direction: Bullish**

**Analyst Actions:**
- **Bullish:** Bank of America upgraded price target from $341.00 to $471.00.
- **Bullish:** Piper Sandler raised price target from $400.00 to $500.00.
- **Bullish:** Mizuho increased price target from $450.00 to $485.00.
- **Bearish:** Goldman Sachs downgraded price target from $425.00 to $400.00.

**Ownership Changes:**
- **Bullish:** LLC increased stake by 11.8%.
- **Bearish:** Integrity Financial Corp sold 324 shares.
- **Bullish:** Plato Investment Management and another entity bought shares.

**Earnings:**
- **Neutral:** Q3 performance reported.

**Net Tilt:** Bullish due to multiple upgrades outweighing the downgrade."
2025-11-03,33,"**Revenue Trends:** Bearish. Tesla’s sales plunged over 80%, with European sales dipping significantly, particularly in Sweden (-67%) and Spain (-30.6%). However, there were some positive revenue signals, including a $2 billion energy storage deal and a minor uptick in sales.

**Analyst Actions:** Bullish. JPMorgan upgraded price target from $115 to $150; Evercore ISI raised target from $235 to $300; Deutsche Bank adjusted target to $470 from $440. Average analyst rating is hold with a mean price target of $399.84.

**Product Issues:** Bearish. Major recalls (6,197 Cybertrucks) and legal suits over faulty doors indicate growing regulatory scrutiny and potential liabilities.

**Net Tilt:** Mixed, but slightly bearish due to overwhelming negative revenue trends and product/recall issues."
2025-11-04,22,"**Price Target Upgrades & Downgrades:** Truist Financial upgraded Tesla’s price target to $406.00 from $280.00 (Bullish). Canaccord Genuity downgraded Tesla’s price target to $482.00 from $490.00 (Bearish).

**Executive Appointments:** Tesla hired an ex-Lamborghini head and may appoint an internal candidate as CEO (Bullish). Sharad Agarwal appointed as India head (Bullish).

**Product Release:** Model 3 sedans unveiled (Neutral).

**Legal Issues:** Family sues Tesla over fatal Model incident (Bearish).

**Revenue Trends:** Revenue up 11.6% YoY (Bullish). China-made EV sales fell 9.9% (Bearish).

**Demand Shifts:** Tesla sees demand drop in certain regions (Bearish).

**Contracts:** Samsung may sign a $2.1 billion deal with Tesla (Bullish). Tesla to buy $2 billion in batteries from Samsung SDI (Bullish).

**Stock Performance:** Shares down 2.61%, closing at $444.26 (Bearish). Year-to-date gain of 10.1% (Bullish).

**Net Tilt:** Mixed signals; overall slightly bearish due to recent drops and demand concerns."
2025-11-05,16,"**Product Release:** Bullish. Tesla launched robotaxi services in Austin, Texas.

**Revenue & Sales:** Mixed. Q3 revenue beat expectations at $28.10B vs. $24.98B, but German EV sales plummeted by half.

**Analyst Actions:** Bullish. Deutsche Bank upgraded Tesla’s price target to $470.00. Wedbush and RBC maintained “outperform” ratings with targets of $600.00 and $500.00 respectively.

**Ownership Changes:** Bullish. Australiansuper, Envestnet Asset Management, and Amundi increased their stakes in Tesla.

**Stock Performance:** Bearish. Tesla shares dropped 5% overnight.

**Catalysts:** Neutral. Tesla is sealing a major battery deal and hiring a senior insurance claims specialist."
2025-11-06,21,"**Price Target Upgrade:** DBS Bank upgraded Tesla’s target price from $300 to $450 (Bullish).

**Revenue Volume Down:** Tesla’s sales in Germany declined significantly (Bearish).

**Product Reviews & Recalls:** Positive review for Model Y Performance; recall of 2,791 vehicles (Mixed).

**Sanctions:** Florida judge sanctions Tesla (Bearish).

**Product Launches:** Demo of new car “hopefully before year-end”; Roadster 2 unveiling in April 2026 (Bullish).

**Stock Movement:** Tesla stock sank but then gained 2.6% (Mixed).

**Ownership Increases:** Multiple entities increased stakes in Tesla (Bullish).

Net Tilt: **Mixed**, with significant bullish signals from upgrades and product launches offset by bearish revenue declines and sanctions."
2025-11-07,37,"**Price Target Upgrade:** Hsbc upgraded Tesla’s target price from $120.00 to $127.00 (Bullish).

**Product Recall:** Tesla recalled 6,197 Cybertrucks (Bearish).

**Regulatory Approval:** China and regulators may grant Tesla full FSD approval by early 2026 (Bullish).

**Product Launches/Delays:** 
- FSD rollout in China planned for next year (Bullish).
- Cybertruck arrived in UAE (Bullish).
- Roadster reveal delayed (Bearish).
- Robotaxi service in Miami (Bullish).

**Stock Performance:** 
- Stock down 40% YTD but rose recently with implied 28% gains over next year (Mixed).

**Revenue:** Quarterly revenue up 11.6% YoY (Bullish).

**Supply/Production:** Delivered 497,099 vehicles in Q3 2025 (Bullish).

**Net Tilt:** Mixed signals; focus on regulatory approvals and product launches vs. recall and delayed reveals."
2025-11-08,15,"**Analyst Actions:** Bullish (China Renaissance upgraded to $380, Deutsche Bank to $470) vs Bearish (Goldman Sachs downgraded to $400). **Executive Changes:** Mixed (resignation of Prashanth Menon, appointment of new head). **Legal Issues:** Bearish (new class action lawsuit). **Product Launch:** Neutral (insurance arm already launched in 2019). **Ownership:** Bullish (Alps Advisors and Invesco increased stakes). **Ratings:** Neutral (Wedbush reaffirmed outperform at $600, UBS reaffirmed sell). **Net Tilt:** Slightly Bullish."
2025-11-09,24,"**Analyst Ratings and Price Targets:** UBS downgraded Tesla to Sell; however, Td Cowen, Bank of America, JPMorgan, Piper Sandler, and Mizuho upgraded their price targets to $509, $471, $150, $500, and $485 respectively (Bullish).

**Sales and Market Performance:** Tesla Model Y sales declined in India (Bearish). Tesla stock fell 3.7% (Bearish). Only sold 40 cars in October (Bearish).

**Ownership Changes:** Multiple institutions increased their stakes in Tesla, including First Merchants Corp, Profund Advisors LLC, Mitsubishi UFJ Asset Management Co., and others (Bullish).

**Product and Facility Updates:** Tesla will unveil a new model in April, and it recently opened its first showroom in India (Bullish).

**Net Tilt:** Mixed signals with significant upgrades offsetting the UBS downgrade, but recent sales and stock performance data are bearish. **NET TILT: NEUTRAL**."
2025-11-10,22,"**Truist Financial upgraded Tesla’s price target to $406 from $280 (Bullish)**. However, Tesla’s China sales fell to a 3-year low, and the company faces a significant Cybertruck recall affecting over 63,000 units (Bearish). Additionally, Tesla’s Cybertruck head resigned after eight years (Bearish). Market share is expected to decline dramatically (Bearish), but the company plans to expand into five new cities and refresh the Tesla Semi (Bullish). Revenue guidance is mixed, with one source indicating the worst sales outlook and another suggesting a positive trend (Net Tilt: Bearish). Institutional ownership shows varied activity, with some increasing stakes while others reducing positions (Neutral). Shares climbed 3.6% and 4.17% post-earnings (Bullish). Overall, **NET TILT: Bearish**."
2025-11-11,22,"**Revenue & Sales:** Bearish. Tesla’s October auto sales in China fell, and overall sales plunged 63%. However, quarterly revenue was up 11.6%.

**Analyst Actions:** Mixed. DBS Bank upgraded Tesla to ""Hold"" (from previous rating not specified), while UBS maintained a ""Sell"" rating. Wedbush reaffirmed ""Outperform"" with a $600 price target. Canaccord Genuity downgraded the target price from $490 to $482.

**Market Positioning:** Bearish. Market share slid to 3.2%, and Ark Invest reduced holdings.

**Product & Operations:** Bearish. Optimus robot faces serious technical issues.

**Stock Performance:** Mixed. Shares climbed 4% on Monday but fell 1.91% on Tuesday.

**Net Tilt:** **Bearish**. Despite some positive analyst upgrades and revenue growth, significant headwinds from sales decline, market share loss, and product issues dominate."
2025-11-12,26,"**Net Tilt: Bearish**

**Analyst Actions:**
- **Bullish:** Deutsche Bank upgraded price target from $440 to $470.
- **Bearish:** Goldman Sachs downgraded price target from $425 to $400.

**Financial Performance:**
- **Bearish:** October sales fell 23%.
- **Bullish:** Stock rose 9% over the past year, up 0.7% to $442.68 today.

**Insider & Ownership:**
- **Bearish:** SVP Zhu sold 20,000 shares.
- **Bullish:** Multiple institutions increased stakes significantly.

**Legal & Product:**
- **Bearish:** Elon Musk involved in $7.5B environmental fraud.
- **Bullish:** Launched U.S. rental program.

**Supply & Demand:**
- **Neutral:** Q4 deliveries were 496,000 units.
- **Bearish:** Stock fell 1% on Tuesday, opened at $439.62 on Wednesday."
2025-11-13,27,"**Product Recalls:** Bearish. Tesla recalled 10,500 Powerwalls and nearly 13,000 vehicles, with additional Cybertruck recalls. Evidence: Multiple recall announcements.

**Revenue Guidance:** Bullish. Tesla Energy’s Q3 revenue jumped 44% to $3.42B. Evidence: Revenue growth announcement.

**Stock Performance:** Bearish. TSLA stock fell significantly, down over 6% and 7.4% in late afternoon. Evidence: Multiple reports of stock decline.

**Analyst Actions:** Mixed. DBS upgraded to Hold, while DZ Bank maintained Sell. RBC reaffirmed Outperform with a $500 PT. Net tilt: Neutral. Evidence: Contradictory analyst ratings.

**Ownership Changes:** Bullish. Several firms increased stakes in Tesla. Evidence: Multiple ownership increase reports.

**Product Launches:** Bullish. Potential CarPlay support launch in coming months. Powerwall 3 already launched. Evidence: Product release announcements."
2025-11-14,35,"**Bullish Signals:**
- **Price Target Upgrades:** Mizuho raised PT from $450 to $485; Hsbc increased PT from $120 to $127.
- **Revenue Positive:** Revenues were up.
- **Earnings Positive:** Net income of $1.95 billion.
- **Ownership Increase:** Multiple firms increased holdings or took new positions.

**Bearish Signals:**
- **Stock Decline:** Stock could plunge 70%; shares traded at $387.90; tumbled 6.6% on Nov 13; shed around 10%.
- **Sales Volume Down:** Sales fell in Europe; deliveries are falling.
- **Product Recalls:** 10,500 battery systems recalled due to fire risk.
- **Analyst Neutral Ratings:** Needham maintained a hold rating.

**Net Tilt:** Bearish due to significant stock declines and product recalls outweighing positive financials and analyst upgrades."
2025-11-15,12,"**Analyst Actions:** JPMorgan upgraded price target to $150.00; Wells Fargo reaffirmed Underweight; Canaccord downgraded price target to $482.00. **Net Tilt:** Bearish.

**Revenue & Sales:** UK car sales cut; outlook for high-margin, recurring software revenue growth. **Net Tilt:** Mixed.

**Legal Issues:** Man sues Tesla. **Net Tilt:** Bearish.

**Ownership Changes:** LLC increased stake by 21.2%; Baron Capital long-term investor; LLC acquired 2,052 shares. **Net Tilt:** Bullish.

**Stock Performance:** Open at $404.35; down 5.9%. **Net Tilt:** Bearish."
2025-11-16,9,"**Price Target Adjustments:** Bullish (BofA upgraded to $471, China Renaissance to $380) vs Bearish (Goldman Sachs downgraded to $400). **Ownership Increases:** Bullish (Trust, Alberta Investment Management Corp increased stakes). **Analyst Ratings:** Neutral (Wedbush maintained ""outperform"" with $600 target). **Net Tilt:** Bullish due to multiple upgrades outweighing the downgrade."
2025-11-17,34,"**Price Target Upgrades:** Truist Financial raised PT to $406.00, Evercore ISI to $300.00, Deutsche Bank to $470.00, and Stifel to $508.00 (Bullish).

**China Sales Decline:** October sales in China dropped to 26,006 vehicles, a three-year low (Bearish).

**Product Recalls:** Over 10,000 Powerwall 2 battery systems recalled (Bearish).

**Earnings Beat:** EBITDA forecasted at $14.86 billion for 2025 (Bullish).

**Product Launches:** Model Y Performance debuted in Australia, and a robo-taxi service launched in Austin, TX (Bullish).

**Insider Sell:** James R. Murdoch sold 60,000 shares (Bearish).

**Regulatory Investigation:** NHTSA investigating Tesla (Bearish).

**Stock Price Movements:** Shares dropped 5.9%, but gained 1.1%, 3%, and 2% in various sessions (Mixed).

**Analyst Ratings:** DZ Bank maintained ""sell,"" Morgan Stanley ""overweight,"" Royal Bank of Canada ""outperform"" (Neutral).

**Net Tilt:** Mixed signals with significant upgrades offset by sales decline and recalls."
2025-11-18,18,"**Product Recall:** Bearish. Tesla recalled 10,500 Powerwall systems due to fire risk.

**Regulatory Approval & Product Launch:** Bullish. Approved to launch ride-hailing service in Arizona; plans to launch Tesla Robotaxi.

**Legal Verdict:** Bullish. Beat racial bias class action lawsuit.

**Revenue:** Bullish. Q3 revenue up 12% to $28.1 billion.

**Ownership Changes:** Mixed. Major institutions like Vanguard, Goldman Sachs, Nuveen, and Amundi increased holdings, while Semus Wealth Partners reduced stake.

**Analyst Ratings:** Neutral. Hsbc maintained ""reduce"" rating; Truist maintained ""hold.""

**Stock Performance:** Bearish. Shares down 10% since last mention but up 1.1% today."
2025-11-19,29,"**Bullish Signals:**
- **Price Target Upgrades:** Bank of America upgraded TSLA’s price target from $341 to $471; Mizuho raised it from $450 to $485.
- **Earnings Beat:** Q3 deliveries exceeded expectations.
- **Revenue Growth:** Reported record revenue growth in Q3.
- **Regulatory Approvals:** Received green light for robotaxis in Arizona.
- **Supply Guidance Increase:** Plans to boost Fremont plant output.
- **Product Launches:** Launched robotaxi service in Austin and expanding to 5-6 new cities by year-end.
- **Ownership Increases:** Multiple firms increased stakes in TSLA.

**Bearish Signals:**
- **Price Target Downgrade:** Canaccord Genuity lowered target from $490 to $482.
- **Stock Performance:** Stock fell nearly 10% recently but has since risen 0.6%.

**Net Tilt:** Bullish, with strong analyst upgrades and positive earnings/revenue signals outweighing minor bearish indicators."
2025-11-20,13,"**Product Launches/Catalysts:** Bullish. Tesla launched a paid ride-hailing service and revealed the Cybertruck, with plans to enter the Phoenix autonomous mobility market. Additionally, Robotaxis are seen testing in San Diego.

**Stock Performance:** Bullish. Tesla stock surged 5% after-hours and gained 4% on Thursday, driven by positive product announcements.

**Price Changes:** Bearish. Tesla raised lease prices on the Model Y and Model 3 in the U.S., potentially impacting affordability.

**Legal Settlement:** Neutral. Elon Musk’s X platform settled a $90 million lawsuit, reducing legal risk.

**Net Tilt:** Bullish. Positive product launches and strong stock performance outweigh the negative impact of price hikes."
2025-11-21,8,"**Earnings:** Bearish. Tesla Q3 earnings missed estimates, EPS at $0.74 vs. expectations.

**Product Recall:** Bearish. Tesla recalling Powerwall 2 AC Battery Power Systems.

**Legal Issues:** Bearish. Sued over a Model crash incident.

**Stock Performance:** Bearish. Stock closed lower, fell 2% on Thursday, nearly 5% for the week.

**Potential Upside:** Bullish. Could see a 25% jump based on unspecified positive factors.

**Investment:** Bullish. Ramping up investment in training compute and in-house chips.

**Net Tilt:** Mixed signals with more bearish than bullish indicators."
2025-11-22,14,"**Analyst Upgrades:** Bullish. Evercore ISI upgraded TSLA’s target from $235 to $300; JPMorgan raised from $115 to $150; China Renaissance lifted from $349 to $380.

**Legal & Regulatory Issues:** Bearish. Tesla faces a new lawsuit and NHTSA is investigating 174,000 Model Y vehicles.

**Institutional Ownership:** Mixed. Vanguard, Geode Capital, and Amundi increased stakes, while HSBC maintained a “reduce” rating.

**Stock Performance:** Bearish. TSLA stock down 1.0%.

**Net Tilt:** Mixed, with significant bullish analyst upgrades offset by legal/regulatory concerns and modest stock decline."
2025-11-23,8,"**Price Target Adjustments:** Stifel Nicolaus upgraded Tesla’s target price to $508.00 from $483.00 (Bullish). Canaccord Genuity downgraded Tesla’s target price to $482.00 from $490.00 (Bearish).

**Analyst Ratings:** UBS maintained a “Sell” rating (Bearish).

**Ownership Changes:** LLC and Jersey increased their stakes (Bullish). American Century Companies and L.P. purchased additional shares (Bullish).

**Net Tilt:** Mixed signals with slight Bullish bias due to multiple ownership increases and new share purchases."
2025-11-24,25,"**Bullish Signals:**
- **Price Target Upgrade:** Piper Sandler raised price target from $400 to $500.
- **Revenue Growth:** Q3 revenue increased 12%.
- **Product Launches:** New AI chip and FSD rollout in Europe planned.
- **Institutional Buys:** Goldman Sachs, Nuveen LLC, and Ohio increased holdings.
- **Stock Gains:** Shares rose 2.2% in premarket, 6.5%, and nearly 7% midday.

**Bearish Signals:**
- **Sales Low in China:** 3-year sales low recorded.
- **Exec Resignation:** Tesla exec quit.
- **Stock Drop:** Opened at $391.09, down over 3%.

**Net Tilt:** Mixed signals suggest caution; focus on product launches and institutional support vs. weak China sales and executive departure."
2025-11-25,22,"**Revenue/Volumes:** Bearish. European sales fell nearly 50% in October, indicating weakening demand.

**Product Releases/Enhancements:** Bullish. Full Self-Driving rolled out in Korea and is expected in Europe by 2026, with ongoing AI development.

**Analyst Actions:** Mixed. Mizuho downgraded price target to $475 from $485; Royal Bank of Canada maintained ""outperform"" with a $500 target. Average analyst rating is ""hold.""

**Ownership Changes:** Bullish. Vanguard and Amundi increased stakes.

**Stock Performance:** Mixed. Shares surged 7%, but later dropped over 2%.

**Competition:** Bearish. Increased competition from Waymo in self-driving technology.

**Net Tilt:** Neutral to slightly bearish due to conflicting signals."
2025-11-26,41,"**Revenue Decline:** Bearish. Tesla’s EU, UK, and EFTA sales dropped 49%, and overall sales continued to decline. Goldman Sachs downgraded Tesla’s target price from $425 to $400.

**Price Target Upgrades:** Bullish. Bank of America upgraded Tesla’s target price from $341 to $471, while Stifel Nicolaus raised it from $483 to $508.

**Product Launches:** Bullish. Tesla deployed Full Self-Driving (FSD) and expanded its robo-taxi service to Phoenix before 2025. It also entered India with a full-service center in Gurugram and experience centers in Mumbai and Delhi.

**Stock Performance:** Mixed. Tesla shares gained 70-90% YTD but slid recently. Multiple institutional investors increased their stakes in Tesla.

**Net Tilt:** Neutral to Slightly Bullish. Conflicting signals on revenue and stock performance, but significant upgrades and product launches provide bullish momentum."
2025-11-27,16,"**Price Target Upgrade:** JPMorgan upgraded Tesla’s price target from $115.00 to $150.00 (Bullish).

**Supply Decrease:** Tesla deliveries fell 35.8% in October (Bearish).

**Product Recall:** Tesla recalling thousands of Powerwalls (Bearish).

**Regulatory Approval:** Tesla received Arizona permit for paid ride-hailing (Bullish).

**Service Center Launch:** Tesla launched a service center in India (Bullish).

**Insider Buy:** GM Advisory Group bought 505 Tesla shares (Bullish).

**Regulatory Investigation:** NHTSA reviewing Tesla (Bearish).

**Revenue Down:** Tesla sales plunged (Bearish).

**Product Release:** Tesla launched Full Self-Driving (Bullish).

**Award:** Tesla won an HC grant (Bullish).

**Ownership Increase:** First Merchants Corp increased stake by 1.3% (Bullish).

**Analyst Ratings Neutral:** Reiterated “sell” and “hold” ratings (Net Neutral).

**Stock Gain:** Tesla stock rose 1.7% (Bullish).

**Headquarters Change:** Tesla moved headquarters (Neutral).

**Imports:** Tesla imports Model Y (Neutral).

**Net Tilt:** Mixed signals with more bearish than bullish catalysts."
2025-11-28,22,"**Revenue & Sales:** Bearish. European sales dropped nearly 50% YoY, but would surge according to one headline.

**Analyst Actions:** Bullish. Truist upgraded price target from $280 to $406; DBS upgraded to Hold.

**Regulatory Approvals:** Bullish. FSD approval granted, aiming for Europe by Feb.

**Product Updates:** Mixed. Model Y had worst defect; FSD rollout accelerated in Europe, US, and Australia.

**Legal & Ownership:** Neutral. Settlement reached in lawsuit; Groupama reduced stake by 14.4%.

**Stock Performance:** Bullish. Shares up 1.24%, with one article citing a 10% jump week-to-date.

**Net Tilt:** Bullish, despite mixed signals."
2025-11-29,11,"**Revenue & Sales:** Bearish. Tesla’s sales are declining in Norway and overall, with September sales dropping to just 109 vehicles. However, Q3 deliveries were strong at nearly 497,000 vehicles.

**Product & Supply:** Bullish. Model Y production is ramping up in Germany and was launched in India with pricing announced. 

**Demand:** Mixed. While Model Y demand increased slightly, overall sales trends suggest weakening demand.

**Ownership & Market Actions:** Bullish. A fund increased its Tesla holdings by 2.6%, indicating continued institutional interest."
2025-11-30,2,"**Market Entry:** Bullish. Tesla expands its Supervised Robotaxi program to Arizona, indicating progress in autonomous vehicle deployment.

**Hirings:** Bullish. Tesla is hiring AI and chip engineers, signaling investment in technology to support autonomous driving initiatives and potentially future product launches."
2025-12-01,28,"**Net Tilt: Bearish**

**Revenue/Guidance:**
- **Bearish:** Revenue guidance and sales dropped sharply across Europe and globally, with November sales declining 58% in France and overall sales slipping nearly 9%. (Evidence: November Car Sales Decline, Europe Sales Slide, France sales drop)

**Analyst Actions:**
- **Bullish:** Bank of America, JPMorgan Chase, China Renaissance, and Deutsche Bank upgraded price targets to $471, $150, $380, and $470 respectively. (Evidence: Price Target Upgrades)
- **Neutral:** Barclays reiterates neutral rating. (Evidence: Neutral Rating Reiterated at Barclays)

**Product Launch:**
- **Bullish:** Lower-priced Model Y launched in Europe. (Evidence: Model Y and Model 3 rolled out in October)

**Stock Performance:**
- **Bearish:** Stock dipped on Monday, opening at $430.10 and trading down $0.03. (Evidence: Stock Dips as, Meta, Tesla Slide Amid)
- **Bullish:** Year-to-date, stock gained 7%, and during holidays, it gained 10%. (Evidence: Stock Gains)

**Ownership Changes:**
- **Mixed:** Various entities increased and decreased holdings. (Evidence: Holdings Increased/Decreased)

**Catalysts:**
- **Bullish:** Investment in x"
2025-12-02,21,"**Revenue/Guidance:** Bearish. Model Y sales dropped 67%, European sales decline deepened, and overall European market share slipped to 1.6%. Bullish signals include China-made EV sales rising 9.9% and a revenue gain in Europe noted by one headline.

**Stock Price:** Bearish. Stock declined 65% in 2022 and fell 37% in another instance, though it has risen in 54% of months.

**Analyst Actions:** Mixed. Stifel Nicolaus upgraded price target to $508.00, while Hsbc maintained a ""reduce"" rating and Wedbush reaffirmed ""outperform"" with a $600.00 target.

**Catalysts:** Neutral. Opened first all-in-one Tesla Centre in Gurugram, and Beacon Pointe Advisors acquired shares.

**Net Tilt:** Bearish due to significant revenue declines and stock price drops outweighing positive analyst upgrades and regional sales growth."
2025-12-03,21,"**Product Release:** Bullish; Tesla released cheaper models, potentially boosting affordability and demand.

**Revenue & Volume:** Bearish; China and Germany sales fell YOY, but overall revenues increased 12% YOY.

**Analyst Actions:** Mixed; Goldman Sachs downgraded price target to $400, while Gengaro upgraded to $508.

**Earnings:** Bearish; non-GAAP EPS declined.

**Stock Performance:** Bearish; stock down 5.7% over the past month, down 0.2% today, despite a 4% climb earlier.

**Net Tilt:** Bearish."
2025-12-04,21,"**Piper Sandler upgraded Tesla’s price target to $500 from $400.** (Bullish)

Tesla’s UK and overall car sales dipped in November, with UK sales falling 19% YoY. (Bearish)

Tesla is losing market share to Chinese competitors. (Bearish)

Tesla officially launched its robotaxi. (Bullish)

Vanguard, Goldman Sachs, Nuveen, State Street, Geode Capital, Capital World Investors, and LSV Asset Management increased their stakes in Tesla. (Bullish)

Baird Financial Group reduced its holdings in Tesla. (Bearish)

Canaccord Genuity downgraded Tesla’s target price to $482 from $490. (Bearish)

Tesla stock gained 4.1% and was up 0.7%. (Bullish)

Multiple firms purchased additional Tesla shares. (Bullish)

**Net Tilt:** Mixed, but slightly Bullish due to upgrades, launches, and stake increases outweighing sales dips and downgrades."
2025-12-05,25,"**Product Releases:** Bullish. Tesla unveiled a low-cost Model 3 variant in Europe, targeting weakened demand segments. Full Self-Driving also launched in Europe. (Evidence: Multiple headlines confirm new product rollouts.)

**Revenue and Sales Slump:** Bearish. Tesla’s sales dropped 29.6% to 180,688 units across Europe. (Evidence: Direct quote from sales report.)

**Patent Infringement Lawsuit:** Bearish. Robotics filed patent infringement lawsuits against Tesla. (Evidence: Specific lawsuit mentioned.)

**Price Cuts and Ownership Increases:** Mixed. While the Model Y received a £3k price cut, major investors like Amundi, Legal & General, and Charles Schwab increased their stakes in Tesla. (Evidence: Price cut and ownership increase details provided.)

**Analyst Ratings:** Neutral. Hsbc and UBS maintained “reduce” and “sell” ratings respectively. (Evidence: Reaffirmation of existing ratings.)

**Stock Performance:** Bullish. Tesla stock gained 5.7%. (Evidence: Direct percentage gain stated.)"
2025-12-06,7,"**Price Target Upgrade:** Stifel Nicolaus raised Tesla’s price target from $483 to $508, bullish.

**Ownership Changes:** 
- M&T Bank Corp increased stake by 1.0%, bullish.
- Arrowstreet Capital, 1832 Asset Management, and Wood all reduced stakes, bearish.

**Stock Performance:** Tesla gained about 1% on Wednesday, bullish.

**Opening Price:** Tesla opened at $455.00 on Friday, neutral.

**Net Tilt:** Mixed signals with one major upgrade and increased stake offset by multiple reductions. **NET TILT: SLIGHTLY BULLISH**."
2025-12-07,6,"**Product Release:** Bullish. Tesla plans to debut self-driving technology in Korea, expanding its autonomous vehicle footprint.

**Ownership Increase:** Bullish. LLC increased its stake in Tesla by 270% in Q2, indicating confidence in the stock.

**Price Target Upgrade:** Bullish. BNP Paribas raised its price target from $307 to $313.

**Analyst Rating Neutral:** Mixed. Wedbush maintained an ""outperform"" rating with a $600 target but is neutral compared to recent upgrades.

**Guidance & Expenses:** Bearish. Tesla plans a lower-cost product launch, potentially signaling cost-cutting measures or reduced margins.

**Stock Performance:** Bearish. TSLA stock slipped, reflecting broader market sentiment or specific company concerns.

**Net Tilt:** Mixed, with some bullish signals (product release, ownership increase, price target upgrade) offset by bearish ones (guidance, expenses, stock performance)."
2025-12-08,20,"**Revenue & Sales:** Bullish; Tesla's November car sales in China rose.

**Analyst Actions:** Bearish; Goldman Sachs downgraded Tesla’s target price from $425 to $400. Morgan Stanley downgraded Tesla to 'Equal-Weight' from 'Overweight', causing a 4.1% drop in stock.

**Product Launch:** Bullish; Tesla launched a new version of an iconic vehicle.

**Ownership Changes:** Mixed; Cary Street Partners, Entropy Technologies, and Nuveen increased holdings, while one firm cut its stake by 14.2%. 

**Stock Performance:** Bearish; Tesla stock fell 1.3-3% in early Monday trading after a 4.1% drop following the downgrade.

**Net Tilt:** Bearish."
2025-12-09,20,"**Product Release:** Bullish. Tesla unveiled a more affordable Model 3 in the EU and released FSD version 14.1.x.

**Revenue:** Bullish. Tesla reported a 12% revenue increase.

**Institutional Ownership:** Mixed. Vanguard, Geode Capital, Legal & General, and Amundi increased their stakes, while Axa trimmed its position.

**Insider Activity:** Bearish. Tesla CFO Vaibhav Taneja sold $1.1 million in stock.

**Stock Price Movements:** Mixed. Stock initially slumped but then gained 2.62%.

**Net Tilt:** Neutral to Slightly Bullish. Positive product releases and revenue growth offset by mixed institutional and insider activity."
2025-12-10,5,"**Product Release:** Bullish. Tesla rolled out a budget-friendly Model 3 and launched a mid-size EV in July.

**Regulatory Investigation:** Bearish. Tesla faces a U.S. auto safety probe.

**Facility Open:** Bullish. Tesla opened its first integrated facility in India.

Signals conflict but net tilt is slightly bullish due to product launches and new facility opening outweighing the regulatory probe."
2025-12-11,16,"**Market Share & Sales:** Bullish (56.7% market share gain); Bearish (U.S. and European sales declines, 23% revenue drop).

**Product:** Bearish (major battery recall for Model 3 and Model Y); Bullish (robo-taxi service launch in Austin).

**Analyst Actions:** Bearish (Morgan Stanley downgraded to Equal Weight).

**Stock Performance:** Mixed (shares up 12% YTD but down 0.6% premarket, closed 1% lower).

**Other:** Bearish (fire at Tesla facility, heavy discounts on Model Y)."
2025-12-12,28,"**Net Direction: Mixed**

**Bullish Signals:**
- **Analyst Upgrades:** Td Cowen ($509.00), Evercore ISI ($300.00), Stifel Nicolaus ($508.00), Bnp Paribas ($313.00), Piper Sandler ($500.00), Wedbush ($600.00).
- **Market Share Gain:** Tesla passes four million units in China.
- **Product Launch:** Robotaxi US launch set for next year.
- **Ownership Increase:** Multiple firms increased holdings.

**Bearish Signals:**
- **Revenue Decline:** US sales near 4-year low, sales drop 23% in November YOY, sales down 6% YOY.
- **Supply Issues:** Deliveries fell in 2024.
- **Insider Sales:** Directors and CFO sold shares.
- **Stock Performance:** Shares traded lower, down 1.3%.

**Conflicting Signals:** Analyst upgrades vs. revenue declines and insider sales suggest mixed sentiment."
2025-12-13,10,"**Price Target Adjustments:** Bullish (Truist upgraded from $280 to $406; JPMorgan from $115 to $150) vs Bearish (Goldman Sachs downgraded from $425 to $400). **Product Releases:** Bullish (lower-priced model rollouts, new product launch). **Stock Performance:** Bullish (""Tesla and SOFI Stocks, Doubles""). **Ownership Changes:** Bullish (Vanguard increased stake by 1.8%, AQR Capital acquired shares). **Analyst Ratings:** Neutral (HSBC maintained ""reduce"" rating). **Net Tilt:** Bullish."
2025-12-14,14,"**Bullish Signals:**
- **Price Target Upgrades:** Bank of America raised PT from $341 to $471; Deutsche Bank raised PT from $440 to $470.
- **Position Increases:** Sit Investment Associates Inc., Legal & General Group Plc, and another unnamed firm increased holdings.
- **Analyst Reiteration:** Benchmark reiterated a “buy” rating.
- **Stock Performance:** Tesla stock gained 2.7%.

**Bearish Signals:**
- **Price Target Downgrade:** Canaccord Genuity lowered PT from $490 to $482.
- **Position Decreases:** Advisory Services Network LLC and Headlands Technologies LLC reduced positions.

**Net Tilt:** Bullish, with multiple upgrades and increases outweighing the single downgrade and reductions."
2025-12-15,38,"**Market Share & Sales:** Bullish - Tesla’s market share increased from 43% to 56%, but car and EV sales are declining, with a 23% YoY drop in sales. (Evidence: [market-share-gain|ess0.74], [revenue-volume-down|ess-0.68], [revenue-down|ess-0.68], [revenue-down|ess-0.42])

**Analyst Actions:** Mixed - Td Cowen upgraded price target to $509.00, China Renaissance to $380.00; Morgan Stanley downgraded to ""Equal-Weight"". (Evidence: [price-target-upgrade|ess0.82], [price-target-upgrade|ess0.74], [analyst-ratings-change-negative|ess-0.58])

**Product Launches:** Bullish - New Model Y L and robotaxi services launched in Austin, with plans for broader rollout. (Evidence: [product-release|ess0.52])

**Stock Performance:** Bullish - Tesla’s share price climbed, hitting an all-time high. (Evidence: [stock-gain|ess0.47], [stock-gain|ess0.23])

**Insider Activity & Ownership Changes:** Bearish - CFO Vaibhav Taneja sold shares, while Ark sold Tesla shares. (Evidence: [insider"
2025-12-16,28,"**Revenue & Sales:** Bearish. Q3 revenue beat expectations (+12%), but U.S. sales dropped in November and overall revenue guidance is down. (Evidence: revenue-volume-down, revenue-down)

**Price Targets & Analyst Actions:** Mixed. Mizuho upgraded price target to $530 from $475 (Bullish), while Goldman Sachs downgraded from $425 to $400 (Bearish).

**Product Launches:** Bullish. Robotaxi service launched in June and new Model Y and Model 3 variants in October.

**Stock Performance:** Mixed. Recent gains pushed Tesla to record highs, but significant drops occurred earlier (e.g., 36% Q1 plunge).

**Insider Activity & Ownership Changes:** Bearish. Director Kimbal Musk sold shares, while some funds increased holdings.

**Net Tilt:** Neutral to Slightly Bearish. Revenue and insider activity lean bearish, while product launches and recent price target upgrades are bullish."
2025-12-17,38,"**Bullish Signals:**
- **Price Target Upgrades:** Bank of America upgraded from $341 to $471; Stifel Nicolaus from $483 to $508.
- **Stock Gains:** Tesla stock climbed 121% since April, hit record highs, and surged 21% YTD.
- **Product Launches:** Model Y launched in India; lower-priced Model variant released.
- **Ownership Increases:** Multiple firms increased stakes in Tesla.

**Bearish Signals:**
- **Revenue Down:** Sales declined.
- **Legal Setbacks:** Judge ruled against Tesla; DMV found violations.
- **Regulatory Probe:** NHTSA investigating FSD system.
- **Stock Losses:** Stock fell about 0.5% on Wednesday; sank 4.6%.

**Net Tilt:** Mixed signals suggest caution."
2025-12-18,17,"**Revenue and Sales:** Bearish. U.S. sales plummeted, auto sales decreased by 9%, and a possible sales ban in California looms.

**Product Updates:** Bullish. Full self-driving coming next year, Model Y revamped, and self-driving robotaxis tested.

**Stock Performance:** Mixed. Stock rallied 120% from April but crashed over 50% recently. Cantor Fitzgerald upgraded TSLA with a bullish stance.

**Analyst Actions:** Mixed. Canaccord Genuity downgraded target price from $490 to $482.

**Ownership Changes:** Bullish. Acropolis Investment Management LLC bought shares, and one investor increased holdings by 4.5%.

**Net Tilt:** Neutral to Slightly Bullish."
2025-12-19,29,"**Price Target Upgrades:** Truist raised target from $280 to $406 then to $444; Evercore ISI from $235 to $300; Deutsche Bank from $470 to $500. **Bullish**.

**Product/Catalysts:** FSD approved in South Korea and US/Europe; Tesla and Rivian debut hands-free driving; Megapack deployment; SpaceX increases Cybertruck purchases. **Bullish**.

**Legal/Regulatory:** Tesla wins final court battle with Elon Musk; FSD receives regulatory approval. **Bullish**.

**Stock Performance:** Stock fell despite positive news but jumped 8.2%. **Mixed**.

**Analyst Ratings:** Benchmark and Cowen reiterate ""buy""; UBS and HSBC maintain ""sell"" and ""reduce"". **Neutral**.

**Ownership Changes:** Manning & Napier, Vanguard increase holdings; Kimbal Musk sells shares. **Mixed**.

**Revenue Guidance:** Q4 vehicle sales guidance at 405,000 units. **Bullish**.

**Fatal Crash:** One motorist dies in Tesla crash. **Bearish**.

**Net Tilt:** Bullish."
2025-12-20,21,"**Price Target Upgrades:** Mizuho upgraded Tesla’s price target from $475 to $530; Deutsche Bank raised it from $470 to $500; Stifel Nicolaus bumped it from $483 to $508 (Bullish).

**Product Updates:** Cybertruck recall (Bearish); Optimus robot unveiled in Berlin (Bullish); SpaceX orders over 1,000 Cybertrucks (Bullish).

**Stock Performance:** Shares surged 50% in six months but crashed recently (Mixed).

**Insider Activity:** CFO Vaibhav Taneja sold 2,637 shares (Bearish).

**Revenue & Sales:** U.S. November sales dropped 23% (Bearish).

**Ownership Changes:** Texas Capital Bancshares, Amundi, and Llc increased stakes; one firm decreased stake (Mixed).

**Net Tilt:** Mixed, with significant bullish analyst upgrades and product news offset by revenue declines and insider selling."
2025-12-21,7,"**Product Launches:** Bullish. Tesla received EU approval for the long-wheelbase Model Y and launched its Robotaxi app and Bay Area ride-hailing service. Additionally, Tesla introduced a new luxury lifestyle product.

**Analyst Action:** Neutral. Goldman Sachs reiterated a neutral rating on Tesla with no change in price target.

**Hirings:** Bullish. Tesla is recruiting factory workers, indicating production expansion plans.

**Net Tilt:** Bullish. Multiple product launches and hiring suggest growth initiatives, despite a neutral analyst stance."
2025-12-22,18,"**Price Target Upgrades:** JPMorgan upgraded Tesla’s price target from $115 to $150; Evercore ISI raised it from $235 to $300; BNP Paribas increased it from $307 to $313; Piper Sandler set a new target of $500 with an “overweight” rating. **Bullish**.

**Product Issues:** Reports of fatal crashes involving Teslas and door malfunctions. NHTSA investigating Tesla door handles. **Bearish**.

**Stock Performance:** Tesla shares jumped 2.8% in afternoon trading and gained 1.1% in pre-market on Dec 22. **Bullish**.

**Ownership Increases:** Multiple entities increased stakes in Tesla. **Bullish**.

**Analyst Opinion:** A sell recommendation from an unspecified source. **Bearish**.

**Net Tilt:** Mixed signals but **slightly bullish** due to multiple upgrades and share price gains outweighing product issues."
2025-12-23,28,"**Bullish Signals:**
- **Price Target Upgrades:** Td Cowen ($509), Canaccord Genuity ($551), China Renaissance ($380).
- **Product Launch:** Tesla launched self-driving taxi service in Austin.
- **Sales Increase:** Tesla sold more cars in Norway in 2025.
- **Stock Performance:** Tesla stock up 1.5-1.6%.

**Bearish Signals:**
- **Revenue Slump:** Sales fell across Europe.
- **Regulatory Issues:** California regulator probes Waymo robotaxis.
- **Insider Sell:** Kimbal Musk sold shares.
- **Market Share Loss:** Tesla’s EU market share declined.

**Net Tilt:** Mixed signals suggest caution; focus on product launches and analyst upgrades vs. revenue declines and regulatory risks."
2025-12-24,28,"**Earnings & Revenue:** Bearish. Tesla missed EPS estimates and saw a 23% drop in US sales, though Q3 revenue rose 12%. (Evidence: ""Tesla Misses Earnings Estimates"", ""Tesla's U.S. sales dropped 23%"", ""In the third quarter, Tesla's revenue rose roughly 12%"")

**Analyst Actions:** Bullish. Deutsche Bank upgraded Tesla’s price target to $500 from $470. (Evidence: ""Deutsche Bank Aktiengesellschaft boosted their price target on Tesla from $470.00 to $500.00"")

**Legal & Regulatory:** Bearish. Multiple regulatory investigations into Tesla’s vehicles, including door defects and emergency door handles. (Evidence: ""Nhtsa opens probe into Tesla"", ""Nhtsa investigating Model 3 Teslas"", ""Watchdog launches defect probe into Tesla"")

**Stock Performance:** Bearish. Shares fell despite hitting an intraday high, with overall decline in 2025. (Evidence: ""Shares of Tesla fell on Wednesday"", ""Tesla's stock has declined 0.6% so far in 2025"")

**Ownership Changes:** Mixed. Some investors increased holdings while others reduced stakes. (Evidence: ""Llc grew its position in Tesla, Inc. by 25.6%"", ""Wood Reduced Her Stake in Tesla"", ""Ark Invest Sells $11."
2025-12-25,9,"**Price Target Upgrade:** JPMorgan raised Tesla’s price target from $115.00 to $150.00, bullish.

**Regulatory Investigations:** NHTSA opened investigations into Tesla’s defects, doors, and Full Self-Driving, bearish.

**Product Update:** Christmas FSD update released, neutral to slightly bullish.

**Ownership Changes:** A firm increased holdings by 59.7%, while Tactive Advisors LLC sold shares, mixed signals.

**Stock Price:** Opened at $484.35, neutral.

**Net Tilt:** Mixed, with regulatory concerns outweighing positive analyst action and product updates."
2025-12-26,17,"**Bullish Signals:**
- **Price Target Upgrades:** Bank of America upgraded Tesla’s price target from $341.00 to $471.00; Mizuho raised it from $475.00 to $530.00.
- **Analyst Upgrades:** DBS Bank upgraded Tesla to “hold,” Wedbush reiterated “outperform” with a $600.00 price target.
- **Stock Performance:** Tesla stock is up 120% over the past five years and 18% in 2025.
- **Ownership Increases:** Multiple firms increased stakes in Tesla, including Adv, LLC, Amundi, and Swedbank.

**Bearish Signals:**
- **Legal Issues:** Separate lawsuits filed against Tesla.
- **Regulatory Investigation:** US safety regulator opened a new probe into the Tesla Model 3.
- **Accident:** A Tesla truck crash occurred in Hartford.
- **Ownership Decrease:** One firm lowered its stake in Tesla.

**Net Tilt:** Bullish, despite regulatory and legal concerns."
2025-12-27,4,"**Analyst Actions:** China Renaissance upgraded Tesla’s target price from $349.00 to $380.00 (Bullish). Canaccord remains bullish (Bullish). UBS reissued a “sell” rating (Bearish). Australiansuper increased holdings by 1,823.0% in Q2 (Bullish).

**Net Tilt:** Mixed signals with a slight **Bullish** bias due to upgrades and increased institutional ownership."
2025-12-28,6,"**Insider Activity:** Bearish - CFO Vaibhav Taneja sold 2,637 shares on Dec 8th.

**Institutional Ownership:** Bullish - Vanguard Group Inc. increased its stake by 1.8% in Q2.

**Price Target Upgrade:** Bullish - BNP Paribas raised PT from $307 to $313.

**Analyst Rating:** Neutral - Piper Sandler maintained ""overweight"" with a $500 PT.

**New Stake Acquisition:** Bullish - Regent Peak Wealth Advisors LLC acquired 36,804 shares.

**Stock Performance:** Bearish - Traded as low as $473.82, closed at $475.19.

**Net Tilt:** Mixed signals but slightly bullish due to institutional buying and upgrades."
2025-12-29,17,"**Bullish Signals:**
- JPMorgan upgraded Tesla’s price target from $115 to $150.
- Deutsche Bank raised its price target from $470 to $500.
- LLC increased holdings in Tesla by 1,900% in Q2.
- Another LLC increased its position by 59.7% in Q1.
- Wedbush reaffirmed “outperform” with a $600 price target.
- Fulton Breakefield Broenniman LLC purchased 5,390 shares.

**Bearish Signals:**
- China banned Tesla.
- NHTSA is investigating Tesla Model 3 emergency door.
- Tesla stock dropped 4%, closing at $462.84 (-2.60%).

**Net Tilt:** Bearish due to significant regulatory issues and market performance overshadowing positive analyst upgrades."
2025-12-30,14,"**Bullish Signals:**
- Baird upgrades Tesla to Outperform.
- Tesla sales forecasted to nearly double by 2029.
- Deliveries expected to grow 6.6%.
- Rolls out its 9 millionth EV.
- Cybercab production ramping up.
- LLC raises stake by 11.3%.

**Bearish Signals:**
- China bans retractable door handles.
- Insider sale by Kimbal Musk.
- U.S. authorities investigating Tesla.
- Q4 vehicle delivery estimates lowered.

**Neutral Signals:**
- Tesla to deliver 422,850 vehicles in Q4.
- Revenue guidance shared with Wall Street.
- Delivered nearly half a million EVs in Q3.

**Net Tilt:** Mixed, but slightly bearish due to regulatory issues and supply concerns."
2025-12-31,16,"**Net Tilt: Bearish**

**Revenue & Sales:**
- **Bearish:** Tesla publishes lower sales estimates for 2025, signaling a drop in revenue.

**Product Recalls:**
- **Bearish:** Multiple recalls announced for 2024-2025 Cybertruck and other models.

**Price Cuts:**
- **Bearish:** Tesla slashes car prices in Korea, indicating pricing pressure.

**Production Expansion:**
- **Bullish:** Plans to expand production at German plant.

**Analyst Actions:**
- **Mixed:** Bank of America and Stifel Nicolaus upgraded targets to $471.00 and $508.00 respectively; China Renaissance raised target to $380.00.

**Ownership Changes:**
- **Neutral:** Increased ownership by Ohio and Jersey, but no significant impact on stock price.

**Stock Performance:**
- **Bearish:** Stock dipped on Monday, opening at $454.31 on Wednesday."
