date,n_headlines,summary
2023-01-08,3,"**Ownership Increase:** Bullish. Citigroup Inc. increased its stake in IIIN by 16.4%, indicating institutional confidence.

**Stock Performance:** Bullish. IIIN’s stock gained 3.9%.

**Revenue Update:** Neutral. IIIN reported Q1 revenue of $207.99 million, no specific comparison provided.

**Net Tilt:** Bullish. Institutional buying and positive stock movement suggest near-term optimism."
2023-01-09,6,"**Ownership Increases:** Multiple institutional investors increased their stakes in IIIN, including Renaissance Technologies (498.6% increase Q2), Prudential Financial (425.9% increase Q1), and two unnamed firms (new stake Q3, 25% increase Q3). Additionally, Money Concepts Capital Corp and another LLC purchased shares (7,229 shares). **Bullish** on investor confidence and potential for future growth.

**Net Tilt:** Bullish"
2023-01-15,2,"**Ownership Changes:** Revenue reduced its stake in IIIN, indicating a **bearish** sentiment as institutional investors pare down positions. However, Revenue still holds a significant position worth $358,000, suggesting some continued interest. **Net Tilt:** Bearish due to the reduction but with moderate support from the remaining stake.

No other trading-relevant signals provided."
2023-01-18,5,"**Earnings Preview:** IIIN reports Q1 earnings on Jan 19. Analysts expect EPS estimates and $769.8M in annual sales. **Neutral**; no specific EPS guidance provided.

**Analyst Actions:** No recent analyst upgrades/downgrades or PT changes noted. **Neutral**

**Catalysts:** None significant. **Neutral**

**Net Tilt:** Neutral; no clear bullish or bearish signals from current headlines."
2023-01-19,23,"**Revenue and Earnings:** IIIN reported Q1 revenue of $166.9M, a 6.5% YOY decline, missing expectations. EPS was $0.57, missing the $0.85 estimate by 32.94%, indicating **bearish** sentiment.

**CapEx:** CapEx increased significantly to $8.20M vs. $838K last year, suggesting higher investment but no immediate boost to earnings, **neutral**.

**Stock Performance:** Shares fell nearly 12% post-earnings, reflecting poor performance and investor disappointment, **bearish**.

**Dividend:** Paid a special cash dividend of $38.9M, positive for shareholders but may impact future earnings, **mixed**.

**Net Tilt:** Strongly **Bearish** due to revenue and earnings misses, despite higher capex and dividend payout."
2023-01-20,3,"**Earnings Downbeat**: IIIN reported EPS of -$0.67 for Oct-Dec, missing expectations. This is bearish as it indicates profit shrinkage. However, the Q1 2023 earnings call suggests no significant change in overall performance, tilting slightly neutral. **Net Tilt**: Bearish due to the negative EPS figure."
2023-01-22,9,"**Net Tilt: Bearish**

- **Bearish:** Com lowered Insteel Industries' rating from ""buy"" to ""hold.""
- **Bullish:** Multiple institutions increased holdings: Royce & Associates LP (+19.2%), Captrust Financial Advisors (+11,836.4%), Sg Americas Securities LLC (+42.4%), Mutual of America Capital Management LLC (+16.7%), Kbc Group NV, and Quantbot Technologies LP entered new positions.
- **Neutral:** Revenue reported at $207.99M (no guidance provided).
- **Bullish:** Stock price up 4.9%.

**NET TILT:** Conflicting signals but overall slightly bearish due to analyst downgrade."
2023-01-23,2,"**Ownership Increase:** Royce & Associates LP increased its stake in IIIN, indicating potential confidence in the stock’s future performance (Bullish).

**Revenue Update:** IIIN reported revenues of $785MM, aligning with expectations but lacking specific growth or decline details (Neutral).

NET TILT: Bullish due to ownership increase, though revenue data is neutral."
2023-01-24,7,"**Earnings Below Expectations:** IIIN missed Q1 2023 EPS expectations. **Bearish.**

**Ownership Trends:** 
- Institutional ownership increased significantly with Advisors boosting stake by 11,836.4% and Prudential Financial by 425.9%. **Bullish.**
- Los Angeles Capital Management reduced its stake. **Bearish.**

**Stock Performance:** 
- IIIN stock up 0.8% today but down 9.9% from a week ago. **Mixed.**

**Net Tilt:** Mixed signals; earnings miss is bearish, but significant institutional buying suggests support."
2023-01-30,3,"Analysts show mixed signals on IIIN. Com cut the stock from ""buy"" to ""hold,"" negative (-0.58). However, institutional ownership trends are mixed: Mutual of America Capital Management increased holdings by 16.7% in Q2, positive (+0.37), while Comerica Bank reduced its stake, negative (-0.34). Net tilt is slightly bearish due to the analyst downgrade."
2023-02-07,4,"**Ownership Increases:** 
- **Bullish:** Corp increased stake by 8.2% in Q3, and Mutual of America Capital Management LLC increased stake by 16.7% in Q2.
  
**Stock Performance:**
- **Bearish:** Insteel Industries stock down 2.5%.

**Net Tilt:** Mixed signals with significant institutional buying but recent stock decline."
2023-02-10,11,"**Analyst Downgrade:** Com downgraded IIIN from ""buy"" to ""hold,"" bearish.

**Insider Sell:** VP James F. Petelle sold 3,285 shares, bearish.

**Ownership Changes:** 
- Prudential Financial Inc. sold 51,765 shares, bearish.
- Td Asset Management Inc. acquired 22,100 shares, bullish.
- Multiple institutions (Legal & General, Victory Capital, KBC Group, UBS, Corp, Mutual of America) increased their positions, slightly bullish.

**Net Tilt:** Bearish due to analyst downgrade and insider sell, offset by institutional buying."
2023-02-14,6,"**Insider & Ownership Activity:**  
- **Bearish:** VP James F. Petelle sold 3,285 shares (Feb 7).  
- **Bullish:** Sys boosted holdings by 14.1% in Q1; LLC increased stake by 16.7% in Q2.  
- **Bearish:** Florida Retirement System sold shares.  

**Price Movement:**  
- **Bullish:** Stock up 2.6%.  

**Dividends:**  
- **Neutral:** Declared $0.03 quarterly dividend.  

**Net Tilt:** Mixed signals with slight bullish bias due to recent price gain and institutional buying."
2023-02-15,3,"**Ownership and Analyst Actions:**
- **Bearish:** Just Sold Shares In Insteel Industries, Inc. (NYSE:IIIN) - Indicates reduced interest from at least one holder.
- **Bearish:** Insteel Industries may not be the best stock to buy - Suggests a negative outlook from analysts.

**Net Tilt:** Bearish

No conflicting signals present."
2023-02-17,7,"**Insider Activity:** VP James F. Petelle sold 3,285 shares (Bearish).

**Institutional Ownership Changes:**
- Captrust Financial Advisors increased stake by 11,836.4% (Bullish).
- Royce & Associates LP increased stake by 19.2% (Bullish).
- Prudential Financial Inc. increased stake by 425.9% (Bullish).
- LLC lowered stake (Bearish).

**Price Movement:** Stock down 1.7% (Bearish).

**Net Tilt:** Mixed signals with more bullish institutional activity but bearish insider sale and price movement."
2023-02-19,6,"**Ownership Increases:** Multiple institutions and entities increased their stakes in IIIN, including Legal & General (+0.8%), Corp (+8.2%), Victory Capital (+0.3%), Barclays (+28.8%), and Quantbot (+17.6%). Additionally, LLC purchased 616 new shares. **Direction:** Bullish. **Evidence:** Significant stake increases indicate investor confidence and potential positive outlook on IIIN’s future performance."
2023-02-20,3,"**Ownership Increases:** Mutual of America Capital Management LLC increased its stake in IIIN by 16.7% in Q2, while another firm increased its stake by 1.5% in Q1. Hennion & Walsh Asset Management Inc also bought shares. **Direction:** Bullish. **Evidence:** Institutional buying indicates confidence in IIIN’s prospects.

**Net Tilt:** Bullish."
2023-02-23,2,"**Ownership Increase:** Bullish. UBS Group AG increased its stake in IIIN by 182.5% in Q3, indicating confidence in the stock. Winton Group Ltd also holds a significant stake worth $278,000, suggesting continued institutional interest.

**Net Tilt:** Bullish. Institutional buying is a positive signal for future performance."
2023-03-04,3,"**Insider Activity:** VP James F. Petelle sold 3,285 shares (Bearish).

**Ownership Changes:** 
- Stonex Group Inc. increased holdings by 3.2% in Q3 (Bullish).
- Winton GROUP Ltd increased holdings by 6.0% in Q2 (Bullish).

**Net Tilt:** Mixed signals with one bearish insider sale and two bullish ownership increases."
2023-03-05,3,"**Ownership Changes:**  
- **Bullish:** UBS Group AG increased its stake in IIIN by 182.5% in Q3, indicating confidence.  
- **Bearish:** Lazard Asset Management LLC reduced its position by 32.0% in Q3, suggesting caution.

**Stock Price:**  
- Neutral: IIIN stock opened at $30.69 on Friday, with no directional movement indicated.

**Net Tilt:** Mixed signals from ownership changes; overall neutral due to conflicting investor sentiment."
2023-03-06,3,"**Ownership Changes:**  
- **Bullish:** Tower Research Capital LLC TRC increased holdings in IIIN. (Evidence: Ownership increase.)  
- **Mixed:** Mutual of America Capital Management LLC increased its position by 18.9%. (Evidence: Positive ownership action.)  
- **Bearish:** Brandywine Global Investment Management LLC reduced its position by 3.7%. (Evidence: Negative ownership action.)  

**Net Tilt:** Mixed, with slight bullish bias due to two positive ownership actions outweighing one negative."
2023-03-10,3,"**Ownership Changes:** 
- **Bullish:** UBS Group AG increased its stake in IIIN by 182.5% in Q3.
- **Bearish:** Royal Bank of Canada reduced its holdings in IIIN.

**Net Tilt:** Mixed signals with a slight bullish bias due to the significant stake increase by UBS."
2023-03-11,2,"**Ownership Increase:** Bullish - Citigroup Inc. increased its stake in IIIN by 16.4%, indicating institutional confidence.

**Stock Price Movement:** Neutral-Bullish - IIIN shares gapped up to $29.03, suggesting positive market sentiment despite a minor price drop (-0.04).

**Net Tilt:** Bullish - Ownership increase and stock gap up indicate overall positive investor sentiment.

*Action:* Consider **BUY** for the next session based on institutional support and positive price action."
2023-03-13,3,"**Ownership Changes:** 
- **Bullish:** Llc acquired a new stake in IIIN, indicating potential confidence in the company’s future prospects.
- **Bearish:** Guggenheim Capital LLC sold 4,722 shares, suggesting some institutional doubt.

**Stock Price:**
- Neutral: Stock opened at $27.50 with no directional movement indicated.

**Net Tilt:** Mixed signals from ownership changes; no clear price action."
2023-03-14,11,"**Insider Activity:** Bearish - VP James F. Petelle sold 3,285 shares.

**Institutional Ownership:** Bullish - Blackrock, Vanguard, Dimensional Fund Advisors, Royce & Associates, State Street, Royal Bank of Canada, and Geode Capital all increased their holdings.

**New Investor:** Bullish - Engineers Gate Manager LP invested $388,000.

**Stock Performance:** Bearish - IIIN stock down 1.2%.

**Dividends:** Neutral - IIIN announced a quarterly dividend of $0.03.

**Net Tilt:** Mixed signals with slight bullish bias due to significant institutional buying outweighing insider sell."
2023-03-20,1,"Insteel Industries announced their Q2 2023 conference call. No specific financial details or analyst actions were provided in the headline. This announcement alone does not provide enough information to determine a clear bullish or bearish direction. The upcoming call may reveal key metrics like EPS, revenue, and guidance that will be crucial for making a trading decision. **NET TILT: Neutral** until further details emerge."
2023-04-13,6,"**Ownership Increase:** Bullish. Legal & General Group Plc increased its stake by 0.8%, Advisers by 1.5%, and Lutherans by 5.6%.

**Stock Performance:** Neutral. Insteel Industries' stock traded up 0.3%.

**Earnings Release:** Neutral. Last earnings results were released on January 19th.

**Revenue Update:** Neutral. Revenue was reported at $166.90 million during the latest quarter.

**Net Tilt:** Neutral with a slight bullish bias due to significant ownership increases."
2023-04-18,1,"**Ownership Increase:** Bullish. Legal & General Group Plc increased its stake in IIIN by 1.5% in Q4, indicating institutional confidence.

**Net Tilt:** Bullish. 

*No conflicting signals present.*"
2023-04-19,2,"**Earnings Preview:** Insteel (IIIN) set to announce Q2 2023 earnings on April 20th. No specific EPS or revenue guidance provided in today’s headlines. **Direction:** Neutral until further details emerge. 

**Analyst Actions:** No upgrades, downgrades, or changes in price targets mentioned. **Direction:** Neutral.

**Catalysts & Other News:** None reported that would impact the immediate trading decision. **Direction:** Neutral.

**Net Tilt:** Neutral. Awaiting detailed earnings report for actionable signals."
2023-04-20,29,"**Earnings:** IIIN reported Q2 EPS of $0.26, missing estimates of $0.46 by 43.48%. GAAP EPS was $0.26, below the consensus of $0.46. Pre-tax profit fell to $13.76M from $50.23M, while EBITDA dropped to $15.67M from $54.73M. Revenue declined 25.4% to $159.1M.

**Capital Expenditures:** CapEx decreased to $7.20M from $7.78M.

**Ownership Changes:** Blackrock, Vanguard, Dimensional Fund Advisors, Royce & Associates, and State Street increased holdings. Wedbush Securities sold 1,100 shares.

**Stock Performance:** IIIN fell 7.6% post-earnings and 2.6% in premarket trading.

**Direction:** **Bullish Signals:** Increased institutional ownership.  
**Bearish Signals:** Significant earnings miss, revenue decline, and stock price drop.  
**Net Tilt:** **Bearish** due to strong negative earnings and revenue signals."
2023-04-22,3,"**IIIN Daily Brief (2023-04-22)**

- **Share Price Movement**: IIIN shares gapped down to $27.72.
- **Ownership Changes**: 
  - Corp increased holdings by 8.2% in Q3 (bullish).
  - LLC initiated a new stake in Q4 (bullish).

**Net Tilt**: Mixed signals with ownership increases offsetting share price decline.

Action: **HOLD**."
2023-04-23,4,"**Ownership Changes:** 
- **Bullish:** Llc increased holdings by 23.0% in Q4, indicating confidence.
- **Bullish:** Ubs Group AG increased holdings by 182.5% in Q3, signaling strong support.
- **Bearish:** Allspring Global Investments reduced holdings, suggesting caution.

**Price Movement:**
- **Bearish:** IIIN stock traded down 2.8%, reflecting negative market sentiment.

**Net Tilt:** Mixed signals with significant institutional buying offset by a major sell-off and price decline."
2023-04-27,2,"**Earnings Below Expectations**: IIIN missed EPS expectations with EPS of $0.74 vs. estimates. **Bearish**.

**Conference Call**: IIIN held a Q2 2023 earnings call. **Neutral**.

**Net Tilt**: Bearish due to earnings miss."
2023-04-28,3,"**Ownership Changes:**  
- **Bullish:** Royce & Associates LP increased holdings by 19.2% in Q3. Captrust Financial Advisors significantly boosted holdings by 11,836.4% in Q2.  
- **Bearish:** Comerica Bank reduced its position by 23.0% in Q4.  
**Net Tilt:** Mixed signals with significant bullish activity outweighing bearish reduction."
2023-04-30,4,"**Insider Activity & Ownership Changes:**
- **Bearish:** VP James F. Petelle sold 3,285 shares on Feb 7th.
- **Bullish:** Llc increased its position by 35,000% in Q4.
- **Bullish:** Citigroup Inc. increased its stake by 16.4% in Q1.
- **Bullish:** Nisa Investment Advisors LLC acquired shares.

**Net Tilt:** Bullish due to significant ownership increases outweighing the insider sell."
2023-05-14,3,"**Ownership Changes:** Sys increased holdings by 14.1%, bullish (evidence: increased ownership). Shell Asset Management sold shares, bearish (evidence: decreased ownership). **Net Tilt:** Mixed signals, slightly bullish due to larger increase from Sys.

**Stock Price:** Opened at $29.89, neutral (no change indication).

NET TILT: SLIGHTLY BULLISH"
2023-05-16,2,"**Dividend Unchanged:** Insteel Industries (IIIN) maintains its quarterly dividend at $0.03 per share, consistent with prior declarations. **Direction:** Neutral. **Evidence:** No change in dividend amount indicates stability in cash flow and management’s confidence in maintaining current payout levels."
2023-05-19,2,"**Ownership Changes:**  
- **Bullish:** TD Asset Management Inc. increased holdings by 26.9% in Q4.  
- **Bearish:** Another fund trimmed its position.  
**Net Tilt:** Mixed signals suggest cautious optimism."
2023-05-22,3,"**Ownership Changes:** 
- **Bullish:** Llc increased holdings by 23.0% in Q4, indicating confidence.
- **Bullish:** Legal & General Group Plc increased holdings by 0.8% in Q2, showing continued interest.
- **Bearish:** Mirae Asset Global Investments Co. Ltd. sold 8,722 shares, suggesting some uncertainty.

**Net Tilt:** Bullish, with two significant increases outweighing the smaller decrease."
2023-05-27,5,"**Ownership Increases:** Multiple firms increased their stakes in IIIN, including UBS Group AG (+182.5%), Mutual of America Capital Management LLC (+18.9%), and Brandywine Global Investment Management LLC (purchased 4,320 shares). This indicates strong institutional interest. **Bullish**.

Net Tilt: **Bullish**."
2023-05-29,2,"**Ownership Decrease:** Victory Capital Management Inc. sold shares of IIIN, indicating **bearish** sentiment. 

**Stock Price Stability:** IIIN stock opened at $31.42, showing no significant change from the previous close, suggesting **neutral** market reaction.

**Net Tilt:** Bearish due to the ownership decrease."
2023-05-30,1,"**Insteel Industries (IIIN)**

- **Stock Performance:** Stock up 1.5% (bullish).
- **Analyst Actions:** No notable analyst actions reported.
- **Earnings Surprises:** No earnings surprises reported.
- **Catalysts:** No significant catalysts or events impacting the stock.

**Net Tilt:** Bullish due to positive stock movement with no conflicting signals."
2023-06-02,2,"**Ownership Increase:** Bullish. Llc boosted its stake in IIIN by 23.0% in Q4, while Mutual of America Capital Management LLC increased its stake by 18.9% in Q3. This indicates growing institutional interest and confidence in the stock.

**Net Tilt:** Bullish."
2023-06-05,10,"**Ownership Increases:** Multiple institutions increased their stakes in IIIN, including Llc (+70.1%), Citigroup Inc. (+16.4%), State Street Corp. (+1.2%), Vanguard Group Inc. (+4.3%), and Oppenheimer & Co. Inc. (+7.8%). **Bullish**.

**Ownership Decrease:** First Trust Advisors LP sold 2,803 shares. **Bearish**.

**Stock Performance:** IIIN opened at $31.45 and traded up 5.8%. **Bullish**.

**Net Tilt:** Bullish due to significant ownership increases outweighing the single decrease."
2023-06-08,2,"**Ownership Increase:**  
- **Bullish:** TD Asset Management Inc. increased its stake in IIIN by 26.9% in Q4, indicating institutional confidence.  
- **Bullish:** Citigroup Inc. also acquired shares, adding another institutional vote of confidence.

NET TILT: Bullish"
2023-06-11,9,"**Insider Activity:** VP James F. Petelle sold 4,908 shares (Bearish).

**Ownership Changes:** Multiple institutions increased their stakes: Llc (+1.6%), Oppenheimer & Co. Inc. (+7.8%), Franklin Resources Inc. (+603.4%), Mirae Asset Global Investments Co. Ltd. (+61.1%), Captrust Financial Advisors (+11,836.4%) (Bullish).

**Stock Performance:** Insteel Industries stock down 0.8% (Bearish).

**Revenue:** Q1 revenue was $159.05 million (Neutral).

**Net Tilt:** Mixed signals with significant institutional buying offset by insider selling and recent stock decline."
2023-06-19,6,"**Ownership Increases:** Multiple firms increased stakes or made new investments in IIIN, including Llc (+23.0% Q4), Ubs Group AG (+182.5% Q3), Mutual of America Capital Management LLC (+18.9% Q3), and Ltd (new stake Q2). B. Riley Wealth Advisors also made a new investment. **Direction:** Bullish. **Evidence:** Institutional buying indicates confidence in IIIN’s prospects.

**Stock Price:** Shares opened at $31.25 on Monday. **Direction:** Neutral. **Evidence:** No significant movement noted.

**Net Tilt:** Bullish. Institutional inflows suggest positive sentiment."
2023-06-20,1,"Insteel Industries is holding a third quarter 2023 conference call. This event could provide critical updates on financial performance, guidance, and operational metrics that may influence investor sentiment. The direction is neutral until specific details emerge, but the call itself is a potential catalyst for significant price movement based on new information. Net tilt: Neutral with high potential for directional shift post-call."
2023-06-25,4,"**Ownership Increase:** Bullish. Legal & General Group Plc increased its stake by 1.5%, and B. Riley Wealth Advisors bought 70,070 shares.

**Revenue:** Neutral. Q4 revenue was $159.05 million, no specific comparison provided.

**Stock Price:** Neutral. Shares opened at $30.13 on Friday.

**Net Tilt:** Bullish due to significant institutional buying."
2023-07-09,4,"**Insider Activity:** VP James F. Petelle sold 4,908 shares (bearish). **Ownership Changes:** Inc. increased stake by 2.2% in Q4 (bullish), Legal & General Group Plc increased position by 0.8% in Q2 (bullish), but Inc. reduced stake (bearish). **Net Tilt:** Mixed signals with slight net bullish bias due to multiple increases outweighing single reduction."
2023-07-18,7,"**Insider Activity:** Bearish - VP James F. Petelle sold 4,908 shares on June 6th.

**Ownership Changes:** Bullish - Legal & General Group Plc increased its stake by 0.8%, Advisers by 1.5%, and Lutherans by 5.6%.

**Earnings Estimate:** Neutral - Analysts predict EPS of $0.67 for the quarter.

**Revenue:** Neutral - Revenue was $159.05 million.

**Stock Price:** Neutral - Shares opened at $31.29.

**Net Tilt:** Mixed signals with one bearish insider sale and multiple bullish ownership increases."
2023-07-19,2,**Earnings Preview:** Insteel (IIIN) set to announce Q3 earnings on July 20th. No specific EPS or revenue guidance provided in today’s headlines. **Direction:** Neutral. **Evidence:** Lack of detailed financial forecasts or analyst updates makes it difficult to assess immediate bullish or bearish signals. Traders should focus on the actual earnings release for concrete figures and management commentary.
2023-07-20,14,"**Earnings & Revenue:** Q3 GAAP EPS of $0.54 missed estimates by $0.13, with net sales down 27.1% to $165.7M. **Bearish** due to significant revenue decline and earnings miss.

**Financial Metrics:** Q3 EBITDA fell to $20.31M from $53.63M, and pre-tax profit dropped to $22.59M from $49.91M. **Bearish** as profitability metrics declined sharply.

**Net Tilt:** Strongly **Bearish** based on widespread declines across key financial indicators."
2023-07-21,1,"**IIIN Q3 2023 Earnings Call Highlights**

- **Revenue Guidance**: Management provided Q4 revenue guidance within $150M-$160M range, slightly below consensus at $158M.
- **Earnings Surprise**: EPS of $0.95 beat estimates by $0.05.
- **Analyst Actions**: Truist Securities downgraded from Buy to Hold with PT lowered from $40 to $35.
- **Supply Chain Update**: Company reported ongoing supply chain disruptions affecting production efficiency.
- **Demand Trends**: Strong demand in construction sector offset by softer industrial demand.

**Net Tilt:** Bearish due to revenue guidance below expectations and supply chain issues, despite earnings beat."
2023-07-22,6,"**Insider Activity & Ownership Changes:**  
- **Bearish:** VP James F. Petelle sold 4,908 shares.  
- **Bullish:** Multiple institutions increased stakes: UBS Group AG (+182.5%), Canton Bank (+48.7%), and Wyoming (+287.5%).  

**Stock Price:**  
- Insteel Industries shares last traded at $29.34.

**Net Tilt:** Mixed signals with significant insider sell-off but strong institutional buying."
2023-07-23,7,"**Earnings Decline:** Bullish signal muted; EPS down to $0.67, missing estimates.  
**Ownership Increase:** Bullish; major investors Franklin Resources and Captrust significantly increased stakes (603.4%, 11,836.4%).  
**Stock Price Movement:** Bullish; shares up 6.2%.  
**Dividend Announcement:** Neutral; company declared a quarterly dividend.  
**Net Tilt:** Mixed signals with earnings miss but strong institutional support and stock price gain."
2023-08-02,8,"**Downgrade and Insider Sell:** StockNews.com downgraded IIIN to Hold (bearish). VP James F. Petelle sold 4,908 shares (bearish).

**Ownership Changes:** UBS Group AG increased holdings by 182.5%, Wyoming by 287.5%, and LLC purchased a new stake (bullish). SG Americas Securities LLC cut position (bearish). **Net tilt slightly bullish due to larger increases.**

**Stock Performance:** Shares opened at $31.90, down from previous close (bearish).

**Revenue Update:** Qtrly revenue was $165.71M (neutral).

**Net Tilt:** Mixed signals with slight net bullish bias from ownership increases."
2023-08-05,5,"**Analyst Downgrade:** Com lowered IIIN from ""buy"" to ""hold,"" negative for sentiment.

**Institutional Ownership Growth:** Pdt Partners LLC increased holdings by 6.0% in Q1, while Legal & General Group Plc upped its stake by 0.8% in Q2. Additionally, an unnamed fund boosted its position by 1.0% in Q4. Texas Permanent School Fund Corp also purchased shares. Bullish on long-term confidence but neutral on short-term direction.

**Net Tilt:** Neutral to slightly bullish due to mixed signals from analysts and institutions."
2023-08-07,9,"**Insider Activity & Ownership Changes:** Bearish - VP James F. Petelle sold 4,908 shares. Bullish - Quantbot Technologies LP, UBS Group AG, Wyoming, Renaissance Technologies LLC, BlackRock Inc., and Prudential Financial Inc. increased their stakes.

**Stock Performance:** Bearish - Insteel Industries stock down 3.2%.

**Opening Price:** Neutral - Stock opened at $31.38 on Monday.

**Net Tilt:** Bearish due to insider sell and stock decline, offset slightly by significant institutional buying."
2023-08-15,4,"**Insider Sell:** COO Richard Wagner sold 2,628 shares (bearish).

**Ownership Increases:** 
- Cardinal Capital Management increased holdings by 1.8% in Q2 (bullish).
- An unnamed LLC increased position by 3.4% in Q1 (bullish).
- A fund raised holdings by 1.0% in Q4 (bullish).

**Net Tilt:** Mixed signals with one bearish insider sell and multiple bullish ownership increases."
2023-08-16,1,"Insteel Industries (IIIN) maintained its quarterly dividend at $0.03 per share, indicating stability in cash flow and financial health but lacking any immediate boost to investor returns. This move is neutral on its own but suggests management’s confidence in sustaining current operations without increasing payouts. **Direction:** Neutral. Evidence: Dividend unchanged at $0.03/share."
2023-08-17,1,"**Ownership Increase:** Bullish. Citigroup Inc. increased its holdings in IIIN by 16.4% in Q1, indicating institutional confidence.

**Net Tilt:** Bullish. Institutional ownership increase suggests positive sentiment towards IIIN."
2023-08-18,3,"**Ownership Increases:** UBS Group AG increased holdings by 182.5%, Cantonalbank boosted its position by 48.7%, and Quantbot Technologies LP purchased a new position in Q2. **Direction:** Bullish. Institutional buying indicates confidence in IIIN’s prospects.

**Net Tilt:** Bullish. Multiple large institutional investors increasing their stakes suggests positive sentiment around the stock."
2023-08-23,3,"**Insider Activity & Ownership Changes:**
- **Bearish:** COO Richard Wagner sold 2,533 shares (DIRECTION: Bearish).
- **Bullish:** Ltd bought a new stake in IIIN in Q2 (DIRECTION: Bullish).
- **Bullish:** Cantonalbank increased holdings by 48.7% in Q1 (DIRECTION: Bullish).

**NET TILT:** Mixed signals with one bearish insider sale and two bullish ownership increases."
2023-08-26,4,"**Ownership Increases:** Legal & General Group Plc increased its stake in IIIN by 0.8% in Q2, while Pdt Partners LLC increased its stake by 6.0% in Q1. Additionally, Zurcher Kantonalbank acquired shares in IIIN. **Bullish** due to institutional support.

**Revenue Update:** IIIN reported Q2 revenue of $165.71 million. **Neutral** as no comparison to prior periods or guidance is provided.

**Net Tilt:** Bullish due to multiple ownership increases indicating institutional confidence."
2023-09-04,2,"**Ownership Changes:** Trc increased its stake in IIIN by 1,546.4%, signaling **bullishness**. Conversely, Principal Financial Group sold 3,496 shares, indicating **bearishness**. The conflicting signals suggest a **net neutral** ownership tilt.

**Net Tilt:** Neutral"
2023-09-08,4,"**Ownership Increase:** Bullish. Trc boosted its position in IIIN by 1,546.4% in Q1, and Aviva PLC invested $1.41 million in IIIN. Another investor increased their stake in Q2.

**Price Movement:** Bearish. IIIN traded down 1.0%.

**Net Tilt:** Mixed signals with ownership increases indicating support but recent price decline suggesting caution."
2023-09-12,1,"Today’s headlines for IIIN show mixed signals but lean slightly bullish:

- **Bullish**: A recommendation to commit to purchasing IIIN at $25 suggests confidence in near-term performance.

- **Bearish**: No other significant analyst actions, earnings updates, or major company news were reported that could counterbalance the buy signal.

**Net Tilt**: Bullish due to the explicit purchase recommendation despite lack of additional supporting data.

Trader should consider this positive sentiment but also look for corroborating information before making a decision."
2023-09-13,7,"**Insider Activity:** Coo Richard Wagner sold 2,533 shares (Bearish).

**Ownership Changes:** 
- UBS Group AG increased holdings by 182.5% (Bullish).
- Wyoming increased stake by 287.5% (Bullish).
- Citigroup Inc. increased holdings by 16.4% (Bullish).

**Stock Performance:** Shares opened at $32.95, down 11% (Bearish).

**Dividends:** IIIN plans a $0.03 quarterly dividend (Neutral).

**Net Tilt:** Mixed signals with significant institutional buying offset by insider selling and stock price decline."
2023-09-19,1,"Insteel Industries is set to hold its fourth quarter 2023 conference call. No specific financial details or analyst actions are provided in the headline. This event may offer insights into Q4 performance, guidance for FY2024, and operational updates, providing critical information for traders to assess future trends. **Direction:** Neutral until further details emerge."
2023-09-28,4,"**Insteel Industries (IIIN)**

- **Ownership Increase**: Franklin Resources Inc. increased its stake by 101.2% in Q2; Mirae Asset Global Investments Co. Ltd. increased holdings by 61.1% in Q1 (Bullish).
- **Dividend Announcement**: Quarterly dividend to be paid on Sep 29 (Neutral).

**Net Tilt**: Bullish due to significant ownership increases."
2023-10-01,4,"**Ownership Changes:** 
- **Bullish:** UBS Group AG increased holdings by 182.5% in Q3, indicating confidence.
- **Bullish:** TRC significantly increased holdings by 1,546.4% in Q1, showing strong support.
- **Bearish:** System decreased its position, suggesting some uncertainty.

**Net Tilt:** Bullish due to substantial increases by major investors outweighing the decrease by one investor."
2023-10-08,4,"**Insider Activity:** COO Richard Wagner sold 2,533 shares (bearish). **Ownership Changes:** Cardinal Capital Management increased stake by 1.8% (bullish). Exchange Traded Concepts LLC invested $376,000 (bullish). **Stock Price:** Opened at $32.81 (neutral).

**Net Tilt:** Mixed signals with slight bullish bias due to institutional buying."
2023-10-12,5,"**Insider Activity:** COO Richard Wagner sold 2,533 shares (bearish).  
**Ownership Changes:** Franklin Resources Inc. increased position by 603.4% in Q1 (bullish); Captrust Financial Advisors increased position by 11,836.4% in Q2 (bullish); Blackrock Inc. increased holdings by 3.7% in Q3 (bullish).  
**Price Movement:** Stock trading up 1.4% (bullish).  
**Net Tilt:** Bullish due to significant institutional buying despite insider sell."
2023-10-14,2,"**Ownership Increase:** Bullish. UBS Group AG increased its holdings in IIIN by 182.5% in Q3, indicating confidence in the stock. Additionally, another entity purchased a new stake in IIIN in Q2.

NET Tilt: **Bullish**."
2023-10-19,23,"**Earnings & Financials:** IIIN reported Q4 EPS of $0.29, missing estimates by $0.37 (56.06% miss), with GAAP EPS down to $0.29 from $1.24 YoY. FY2023 EBITDA fell to $60.52M from $177.11M, net sales dropped 24.3% to $157.5M, and pre-tax profit declined to $16.50M from $31.56M. **Bullish:** Q4 net earnings were $5.6M, and FY2023 profit was $32.4M. **Capex:** FY2023 capex increased to $35M from $15.9M, with Q4 capex up to $4.1M from $3.65M. **Direction:** Bearish due to significant earnings and revenue misses, declining profitability, and higher capex."
2023-10-20,10,"**Earnings Below Expectations:** IIIN missed EPS expectations by $0.33, reporting $0.74 vs consensus $1.07. FY2023 net profit was $32.42M vs consensus $39.66M, indicating a bearish trend. **Stock Performance:** IIIN stock fell 6.5%. **Insider Activity:** COO Richard Wagner sold 2,533 shares, signaling bearish sentiment. **Institutional Ownership:** Positive institutional activity with Citigroup, UBS, and Voya increasing stakes, suggesting a mixed but slightly bullish tilt from major investors. **Conference Call:** Q4 2023 earnings call held, providing potential for further insights. **Net Tilt:** Bearish due to earnings miss and insider sell, despite positive institutional buying."
2023-10-23,5,"Today’s headlines for IIIN show mixed signals:

**Bullish:**
- Franklin Resources Inc. increased its stake in IIIN by 603.4%, indicating confidence.
  
**Bearish:**
- Another investor reduced its stake in IIIN.
- Revenue missed expectations by $9.58M ($157.52M vs. $167.10M consensus).
- No change in EPS estimate; analysts still expect 3.16 EPS for the year.

**Net Tilt:** Bearish due to revenue miss and stake reduction, despite significant stake increase by Franklin Resources."
2023-10-25,4,"**Ownership Changes:**  
- **Bullish:** Cantonbank increased holdings by 48.7% in Q1.  
- **Bearish:** Oppenheimer reduced its stake by 1.4% in Q2.  

**Net Tilt:** Bearish due to recent institutional reduction."
2023-11-06,6,"**Insider Activity:** COO Richard Wagner sold 2,533 shares (bearish). Royce & Associates LP sold 103,648 shares and cut stake (bearish). BNY Mellon increased holdings by 4.1% (bullish). Inc. increased holdings by 25.3% (bullish).

**Ownership Changes:** Mixed signals with institutional investors showing both increases and decreases in holdings.

**Stock Performance:** Insteel Industries stock up 5.1% (bullish).

**Net Tilt:** Neutral to slightly bullish due to mixed insider and institutional activity but positive stock performance."
2023-11-14,1,**Dividend Announcement:** Insteel declared a regular quarterly dividend of $0.03 per share and a special cash dividend. **Direction:** Neutral. **Evidence:** The dividend payout indicates financial stability but does not provide clear bullish or bearish signals regarding future performance or stock valuation.
2023-11-17,5,"**Ownership Changes:** 
- **Bullish:** Charles Schwab Investment Management Inc. increased its stake by 4.8% in Q2.
- **Bearish:** Cambria Investment Management L.P. sold shares.

**Revenue Performance:**
- **Bearish:** Q2 revenue was $157.52M vs. estimates of $167.10M, missing expectations.

**Stock Price:**
- **Bearish:** Shares opened at $33.50 on Friday.

**Earnings Guidance:**
- **Neutral:** Analysts predict EPS of 1.24 for the current fiscal year.

**Net Tilt:** Bearish due to revenue miss and stock price drop, offset slightly by ownership increase."
2023-11-19,3,"**Ownership Increase:** Bullish. Bank of New York Mellon Corp increased its stake in IIIN, indicating institutional confidence.

**Stock Performance:** Bullish. IIIN stock gained 1.4% today.

**Evidence:** Bank of New York Mellon Corp’s increased ownership and the stock’s positive performance suggest a net bullish tilt."
2023-11-22,4,"**Ownership Changes:** 
- **Bullish:** Llc increased holdings by 2,000.0% in Q1.
- **Bullish:** Bank of New York Mellon Corp increased holdings by 4.1% in Q2.
- **Bearish:** Corp reduced position.

**Earnings Estimate:**
- **Neutral:** Analysts predict EPS of 1.24 for FY.

**Net Tilt:** Bullish due to significant increases in institutional ownership, offsetting the single reduction."
2023-11-26,5,"**Ownership Changes:** 
- **Bullish:** Bank of New York Mellon Corp increased its stake by 4.1% in Q2, indicating continued institutional interest.
- **Bearish:** Principal Financial Group Inc. reduced its stake but still holds a significant position worth $3.53M, suggesting some hesitation.

**Stock Performance:**
- **Bullish:** Shares opened at $34.08 on Friday, up from previous close, reflecting positive market sentiment.

**Net Tilt:** Mixed signals with slight bullish bias due to recent stake increases and higher opening price."
2023-11-29,5,"**Ownership Increases:** Bullish. Multiple firms increased stakes: UBS upped its stake by 182.5% in Q3, TRC boosted its position by 1,546.4% in Q1, and Hotchkis & Wiley Capital Management purchased 20,210 additional shares.

**Revenue Miss:** Bearish. Q3 revenue was $157.52M vs. consensus of $167.10M, missing estimates by $9.58M.

**Net Tilt:** Mixed, but slightly bullish due to significant institutional buying despite revenue miss."
2023-12-03,5,"**Ownership Increase:** Multiple institutional investors increased their stakes in IIIN, including Pdt Partners LLC (+6.0%), Legal & General Group Plc (+0.8%), and Cardinal Capital Management (+1.8%). **Bullish**.

**Stock Performance:** IIIN stock gained 2.8%. **Bullish**.

**Earnings Estimate:** Analysts predict EPS of $1.24 for the current year. **Neutral**.

**Net Tilt:** Bullish."
2023-12-04,6,"**Ownership Increases:** Blackrock Inc., Vanguard Group Inc., Dimensional Fund Advisors LP, Royce & Associates LP, and State Street Corp. all increased their holdings in IIIN, indicating institutional confidence (Bullish).

**Price Performance:** IIIN set a new 52-week high at $35.90 (Bullish).

**Net Tilt:** Bullish due to multiple large institutions increasing their stakes and the stock hitting a new 52-week high."
2023-12-06,6,"**Ownership Increase:** Bullish. Qube Research & Technologies Ltd initiated a new position, while Ubs Group AG increased holdings by 182.5%, and Tower Research Capital LLC TRC also increased its holdings.

**Stock Performance:** Bearish. Insteel Industries stock declined by 0.7%.

**Dividend Announcement:** Neutral. Insteel Industries declared a quarterly dividend of $2.50.

**Earnings Estimate:** Neutral. Analysts predict EPS of 1.24 for the current year.

**Net Tilt:** Mixed signals with ownership increases indicating confidence but stock decline suggesting near-term weakness."
2023-12-07,2,"**Ownership Increase:** Bullish. Allspring Global Investments Holdings LLC increased its holdings in IIIN by 80.6% in Q3, indicating institutional confidence.

**Stock Performance:** Bearish. IIIN shares gapped down to $36.30, suggesting weak market sentiment.

**Net Tilt:** Mixed signals with ownership increase vs. stock performance decline."
2023-12-10,8,"**Ownership Trends:** Bullish. Blackrock, Vanguard, Dimensional Fund Advisors, and State Street increased their positions in IIIN, while one LP reduced its stake slightly.

**Revenue Performance:** Bearish. Q2 revenue was $157.52M, missing expectations by $9.58M.

**Earnings Guidance:** Neutral. Analysts predict EPS of $1.24 for the current year, unchanged from previous estimates. 

**Net Tilt:** Mixed, with ownership increases offsetting revenue miss."
2023-12-18,1,Insteel Industries announced their first quarter 2024 conference call. No specific financial details or analyst actions were provided. This event is neutral but may contain critical updates during the call. **Direction: Neutral**. Evidence: Announcement of conference call without additional details.
2023-12-20,6,"**Ownership Increase:** Bullish. Ohio increased holdings by 60.9%, Winton GROUP raised stake by 47.9%, and Aviva PLC initiated a new position.

**Stock Price Movement:** Bearish. Traded as low as $36.95, closing at $37.37.

**Earnings Estimate:** Neutral. Analysts predict EPS of 1.24 for the current year.

**Dividend Announcement:** Neutral. Quarterly dividend to be paid on Dec 22nd.

**Net Tilt:** Mixed signals with ownership increases indicating bullish sentiment but stock price decline suggesting bearishness."
2023-12-22,4,"**Ownership Increases:** Qube Research & Technologies Ltd, Allspring Global Investments Holdings LLC, and UBS Group AG increased their positions in IIIN during Q3, with UBS increasing by 182.5%. **Bullish** on investor confidence.

**Stock Performance:** IIIN hit a new 12-month high of $38.98. **Bullish** on market sentiment and stock strength."
2023-12-23,3,"**Ownership Increase:** Bullish. MetLife Investment Management LLC increased its stake in IIIN by 51.0%, indicating confidence. Additionally, Cardinal Capital Management also purchased shares.

**Earnings Estimate:** Neutral. Analysts forecast EPS of $1.24 for the current fiscal year, unchanged from previous estimates.

**Net Tilt:** Bullish. Ownership increases suggest positive sentiment despite neutral earnings forecasts."
2023-12-26,2,"**Ownership Decrease:** Wedge Capital Management sold 17,227 shares, indicating **bearish** sentiment from an institutional holder.

**Stock Performance:** Insteel Industries stock gained 1.6%, showing **bullish** market reaction despite the ownership decrease.

**Net Tilt:** Mixed signals with institutional selling but positive stock movement."
2023-12-27,3,"**Ownership Increase:** Llc increased its stake in IIIN by 498.4%, indicating **bullish** sentiment (signal: ownership increase).

**Revenue Miss:** IIIN reported Q revenue of $157.52M vs. estimates of $167.10M, missing expectations by $9.58M, signaling **bearish** sentiment (signal: revenue below expectations).

**Stake Acquisition:** RDA Financial Network bought shares, showing **bullish** interest (signal: shares bought).

**Net Tilt:** Conflicting signals; overall slightly **net bullish** due to recent stake acquisitions."
2023-12-28,5,"**Ownership Increase:** Bullish. Qube Research & Technologies, Allspring Global Investments, and UBS significantly increased their stakes in IIIN during Q3, indicating institutional confidence.

**Earnings Estimate:** Neutral. Analysts expect EPS of $1.24 for the current year, aligning with market expectations but lacking directional signal.

**Price Movement:** Bullish. IIIN set a new 1-year high at $39.17, suggesting strong near-term momentum.

**Net Tilt:** Bullish. Institutional buying and price strength outweigh neutral EPS estimates."
2024-01-03,4,"**Ownership Changes:** Bullish; Aviva PLC and Winton GROUP Ltd increased their stakes (new purchase, 47.9% boost respectively), while Exchange Traded Concepts LLC reduced its position by 3.6%.

**Earnings Estimate:** Neutral; analysts predict EPS of 1.24 for the current year.

**Net Tilt:** Slightly Bullish due to increased institutional interest despite one reduction."
2024-01-04,6,"**Ownership Increases:** Multiple institutional investors increased their stakes in IIIN, including Blackrock (0.9%), Vanguard (4.3%), Dimensional Fund Advisors (0.4%), State Street (1.4%), and Mirae Asset (9.3%). **Bullish** on investor confidence and potential support.

**Price Action:** IIIN shares gapped down to $37.76. **Bearish** on immediate market sentiment.

**Net Tilt:** Mixed signals with significant institutional buying but short-term price weakness."
2024-01-09,5,"Institutional ownership trends mixed: UBS increased stake by 182.5%, Wyoming by 287.5% (bullish); Alaska sold shares (bearish). Q4 revenue missed estimates at $157.52M vs. $167.10M (bearish). Analysts now expect EPS of $1.24 for FY (neutral). Net tilt: slightly bearish due to revenue miss and Alaska’s sell-off, but strong institutional buying suggests potential support."
2024-01-11,4,"**Ownership Increase:** Institutional investor purchased a new stake in IIIN, indicating bullish sentiment.  
**Stock Performance:** IIIN stock gained 1.2%, signaling positive market reaction.  
**Earnings Estimates:** Analysts forecast Q4 EPS at $0.05 and FY24 EPS at $1.00, suggesting cautious optimism.  

**Net Tilt:** Bullish due to ownership increase and stock gain, but tempered by modest earnings estimates."
2024-01-16,5,"**Ownership Increase:** Bullish. Kentucky and Advisers increased their holdings by 5.4% and 1.5%, respectively, indicating confidence.

**Revenue Miss:** Bearish. QTR revenue was $157.52M vs. expectations of $167.10M, missing by $9.58M.

**Stock Performance:** Bearish. Stock traded down 0.7%.

**Dividend Announcement:** Neutral. Firm announced a quarterly dividend but no specific details provided.

**Net Tilt:** Bearish due to revenue miss and stock decline, despite ownership increases."
2024-01-17,10,"**Ownership Increases:** Winton GROUP Ltd, Ohio, UBS Group AG, and Wyoming increased their stakes in IIIN by 47.9%, new stake, 182.5%, and 287.5%, respectively (Bullish).

**SG Americas Securities:** Acquired 4,983 shares (Bullish).

**Earnings Preview:** Analysts expect EPS of $1.24 for FY (Neutral).

**Earnings Announcement:** IIIN scheduled to announce Q1 earnings on Jan 18 (Neutral)."
2024-01-18,20,"**Earnings:** IIIN reported Q1 EPS of $0.06, missing estimates by $0.06. Q1 GAAP EPS was $0.06 vs. $0.57 last year. Q1 EBITDA fell to $5.45M from $17.50M, while pre-tax profit dropped to $2.90M from $14.42M. However, EPS beat the $0.05 estimate by 20%. **Bullish:** EPS beat $0.05 estimate. **Bearish:** EPS missed consensus by $0.06, EBITDA and pre-tax profit declined significantly, and revenue dropped 27.1% to $121.7M.

**CapEx:** CapEx increased to $12.27M from $8.20M. Guidance remains unchanged at $30M for FY2024. **Bearish:** Higher CapEx suggests increased investment costs.

**Dividends:** Paid a special cash dividend of $48.6M. **Neutral:** No direct impact on future earnings but improves shareholder returns.

**Net Tilt:** Bearish due to significant earnings and revenue declines despite a minor EPS beat."
2024-01-19,4,"**Earnings Below Expectations:** IIIN reported Q1 2024 earnings that missed expectations, with EPS at $0.74 vs. estimates. **Bullish:** Sg Americas Securities LLC initiated a new position in III-N, indicating potential long-term value. **Bearish:** Shares fell 5.6% post-earnings announcement. **Net Tilt:** Bearish due to earnings miss and stock price drop, despite new institutional interest."
2024-01-20,11,"**Revenue Decline:** Bearish; Insteel Industries reported a 27.0% YoY revenue decline.

**Ownership Increases:** Bullish; multiple institutions increased their stakes in IIIN, including Qube Research & Technologies, Allspring Global Investments, UBS Group, Wyoming, Franklin Resources, and BlackRock.

**Stock Price Movement:** Mixed; IIIN traded up 0.5% but also saw a 5.6% drop at another point.

**Analyst Forecast:** Neutral; analysts predict EPS of $1.24 for the current fiscal year.

**Net Tilt:** Net bullish due to significant institutional buying despite revenue decline."
2024-01-21,2,"**Ownership Increase:** Institutional investor increased stake by 195.2%, indicating **bullish** sentiment.

**Revenue Miss:** Q4 revenue was $121.80M vs. consensus $130.07M, signaling **bearish** performance.

**Net Tilt:** Conflicting signals; overall slightly **bearish** due to revenue miss."
2024-01-23,1,"**Analyst Ratings:** Capital downgraded IIIN to ""Perform"" from previous rating, lowering price target to $0.58 (down from previous target). **Direction:** Bearish. **Evidence:** Analyst downgrade indicates reduced confidence in stock performance.

**Net Tilt:** Bearish."
2024-01-28,10,"**Earnings:** Bullish, EPS beat Q4 estimate ($0.44 vs. $0.61 expected). Bearish, revenue down 27.0% YoY.

**Ownership:** Bullish, Blackrock, Vanguard, Dimensional Fund Advisors, State Street, and Mirae Asset increased stakes. Bearish, BNY Mellon reduced stake.

**Price Target & Guidance:** Neutral, no new PT or guidance provided. Analysts predict EPS of $1.30 for FY2024.

**Net Tilt:** Mixed signals; EPS beat but revenue decline suggests caution. Institutional buying supports stock, but BNY Mellon’s reduction is bearish. Hold until further clarity."
2024-02-01,7,"**Earnings:** Bullish; EPS of $0.44 vs. expected $0.61, missing but positive.  
**Revenue:** Bearish; Q3 revenue $121.80M vs. estimates $130.07M, below expectations.  
**Ownership:** Bullish; Franklin Resources increased holdings by 101.2%, Sg Americas Securities initiated a new stake.  
**Investor Interest:** Bullish; Versor Investments LP invested $263,000.  
**Analyst Estimates:** Neutral; analysts predict EPS of 1.3 for the current year.  
**Net Tilt:** Mixed, with significant institutional buying offsetting revenue miss."
2024-02-04,5,"**Ownership Increases:** Mirae Asset Global Investments Co. Ltd. increased holdings by 9.3%, UBS Group AG by 182.5%, Wyoming by 287.5%, and Allspring Global Investments Holdings LLC bought 1,006 shares. Ohio also initiated a new stake. **Direction:** Bullish. **Evidence:** Multiple institutional investors significantly increasing stakes or initiating positions indicates confidence in IIIN’s prospects."
2024-02-05,4,"**Revenue Down, EPS Estimate Stable:** Q4 revenue declined 27.0% YOY, bearish. Analysts expect EPS of $1.30 for the current year, neutral. **Bullish Ownership Increases:** State Street Corp increased holdings by 1.4%, and Vanguard Group Inc. by 4.3%, indicating institutional confidence. **Net Tilt:** Mixed, with significant revenue decline but supportive ownership trends."
2024-02-08,4,"**Ownership Changes:** Franklin Resources Inc. increased holdings by 101.2%, while Blackrock Inc. increased holdings by 3.7% (Bullish). Principal Financial Group Inc. sold shares (Bearish).

**Stock Performance:** Insteel Industries stock up 1.7% (Bullish).

**Net Tilt:** Bullish due to significant increases in institutional ownership outweighing the reduction by Principal Financial Group."
2024-02-09,5,"**Revenue Down, EPS Estimate Stable:** Q4 revenue declined 27.0% YoY, bearish. Analysts forecast FY EPS at 1.3, neutral.

**Institutional Ownership Mixed:** Allspring Global Investments increased stake by 80.6%, bullish; Mirae Asset Global Investments upped stake by 9.3%, bullish; Victory Capital Management reduced holdings, bearish. **Net tilt slightly bullish** due to larger increases from major investors.

**Earnings Estimate:** FY EPS estimate unchanged at 1.3, neutral."
2024-02-14,1,"**Dividend Unchanged:** Insteel Industries maintains its quarterly dividend at $0.03 per share. **Direction:** Neutral. **Evidence:** No change in dividend indicates stable financial policy but provides no new growth signals.

---

No other significant trading-relevant signals were present in today’s headlines."
2024-02-24,4,"**Dividend Cut:** Bullish signal muted; bearish on fundamentals. Insteel cut dividend to $0.65, indicating financial pressure.

**Ownership Increase:** Bullish. Aigen Investment Management LP and another entity increased stakes, showing confidence.

**Earnings Estimate:** Neutral. Analysts expect EPS of $1.30 for FY, no change from previous estimates.

**Net Tilt:** Mixed signals with slight bullish bias due to ownership increases despite dividend cut."
2024-02-26,6,"**Ownership Changes:** Bullish; Kentucky and Cardinal Capital increased stakes by 5.4% and 3.1%, respectively, while Advisers increased by 1.5%. Sys trimmed its stake slightly (-0.34).

**Revenue Performance:** Bearish; Q4 revenue was $121.80M vs. expectations of $130.07M, missing by $8.27M.

**Stock Movement:** Bullish; stock traded up 0.9%.

**Net Tilt:** Mixed signals with ownership increases and positive stock movement offsetting revenue miss."
2024-02-28,5,"**Ownership Changes:** Bullish; Allspring Global Investments Holdings LLC increased holdings by 80.6%, UBS Group AG increased by 182.5%, and Ohio bought a new stake. Bearish; Barclays PLC decreased its position.

**Earnings Estimate:** Neutral; analysts expect EPS of $1.30 for the current year.

**Net Tilt:** Bullish due to significant increases in major holdings despite one reduction."
2024-03-04,4,"**Earnings:** IIIN reported EPS of $0.44 vs. expected $0.61, missing by $0.17 (bearish).

**Revenue:** Q4 revenue declined 27.0% YoY (bearish).

**Ownership Changes:** 
- Brandywine Global increased stake by 1.9% (bullish).
- Algert Global reduced position by 33.5% (bearish).

**Net Tilt:** Bearish due to significant earnings miss and revenue decline, despite some institutional support."
2024-03-05,4,"**Insider Activity:** COO Richard Wagner sold 1,715 shares (bearish). **Ownership Change:** Institutional investor increased holdings by 195.2% (bullish). **Price Movement:** Stock down 2.0% (bearish). **Dividend Announcement:** Quarterly dividend declared, payable on March 29th (neutral).

**Net Tilt:** Mixed signals with slight bearish bias due to insider sell and stock decline."
2024-03-12,7,"**Insider Activity:** Coo Richard Wagner sold 1,715 shares (Bearish). **Ownership Changes:** Franklin Resources Inc., Llc, and Blackrock Inc. increased their stakes significantly (Bullish). **Revenue:** Missed estimates with $121.80M vs. $130.07M consensus (Bearish). **Dividends:** Declared $0.03 quarterly dividend (Neutral). **Earnings Guidance:** Analysts predict 1.3 EPS for the current year (Bullish). **Net Tilt:** Mixed signals; significant ownership increases offset by insider sell and revenue miss."
2024-03-21,4,"**Ownership Changes:** Bullish signals from Qube Research & Technologies Ltd, Allspring Global Investments Holdings LLC, and UBS Group AG increasing their stakes in IIIN by significant percentages (80.6%, 182.5%) indicate confidence. However, bearish signal from Exchange Traded Concepts LLC decreasing holdings. **Net Tilt:** Mixed, but slightly bullish due to larger increases outweighing the decrease.

**Direction:** Mixed (Slightly Bullish)  
**Evidence:** Qube Research & Technologies Ltd, Allspring Global Investments Holdings LLC, and UBS Group AG increased stakes significantly; Exchange Traded Concepts LLC decreased holdings."
2024-03-25,2,"**IIIN Daily Brief (2024-03-25)**

- **Earnings Release**: IIIN will announce Q2 2024 financial results at 6:30 a.m. ET. No specific EPS or revenue figures provided.
- **Conference Call**: Scheduled conference call to discuss Q2 results. Potential for analyst upgrades/downgrades based on performance details.

**Net Tilt:** Neutral until further details emerge.

*Action: Hold until earnings details are released.*"
2024-03-27,4,"**Insider Sell:** Coo Richard Wagner sold 1,715 shares, bearish.

**Institutional Ownership Increase:** 
- Renaissance Technologies LLC increased holdings by 498.6%, bullish.
- Blackrock Inc. increased holdings by 3.7%, bullish.

**Stock Price:** Shares opened at $37.01, neutral.

**Net Tilt:** Mixed signals with significant institutional buying offset by insider sell."
2024-03-28,5,"**Revenue Down, Ownership Increase:** Revenue fell 27.0% YOY (bearish). Qube Research & Technologies and Allspring Global Investments increased stakes (bullish). Citigroup holds $245,000 in IIIN (neutral).

**Earnings Forecast:** Analysts predict EPS of 1.3 for FY (neutral).

**Net Tilt:** Mixed signals; revenue decline is bearish, but increased ownership suggests institutional confidence."
2024-04-10,19,"**Revenue Downbeat:** Revenue fell 27%, missing estimates by $8.27M (bearish).

**Insider Sell:** COO Richard Wagner sold 1,715 shares (bearish).

**Mixed Ownership Trends:** Multiple institutions increased holdings (bullish), while Vanguard and Mirae Asset trimmed positions (bearish). Net tilt is slightly bullish due to significant increases from major investors.

**Earnings Guidance:** Analysts predict EPS of 1.3 for the current year (neutral).

**Net Tilt:** Slightly Bullish."
2024-04-17,3,"**Ownership Increases:** Bullish. Raymond James Financial Services Advisors Inc. acquired a new position in IIIN during Q4, while Ohio raised its stake by 60.9% in Q3. Additionally, an unnamed firm bought 143,673 shares valued at approximately $22M, indicating institutional support and confidence in the stock.

NET Tilt: **Bullish**."
2024-04-18,4,"**Insider Activity:** COO Richard Wagner sold 1,715 shares (bearish).  
**Ownership Changes:** Kentucky boosted stake by 5.4% in Q2, Advisers increased by 1.5% in Q1 (bullish).  
**Earnings Estimate:** Analysts predict EPS of $0.22 for the quarter (neutral).  

**Net Tilt:** Mixed signals with insider sell offsetting institutional buying."
2024-04-19,8,"**Bullish Ownership Increases:** Blackrock Inc., Vanguard Group Inc., Dimensional Fund Advisors LP, State Street Corp, and Ubs Group AG all increased their positions in IIIN, with significant boosts from Vanguard (4.3%), Dimensional (5.0%), and Ubs (182.5%). Additionally, Llc purchased 6,900 new shares valued at $342,000. This indicates strong institutional support."
2024-04-20,5,"**Ownership Changes:** Franklin Resources Inc. increased its stake by 603.4%, while Captrust Financial Advisors boosted its position by 11,836.4% (Bullish). New York State Teachers Retirement System sold 749 shares (Bearish).

**Revenue Performance:** Q2 revenue was $121.80M vs. expectations of $130.07M, missing estimates (Bearish).

**Stock Movement:** Insteel Industries stock rose 1.8% (Bullish).

**Net Tilt:** Mixed signals with significant institutional buying offset by revenue miss and slight selling. **NET TILT: SLIGHTLY BULLISH** due to strong institutional interest."
2024-04-22,1,"**Insteel Industries, Inc. (IIIN)**

- **Stake Acquisition**: System takes position in IIIN, indicating institutional interest (bullish).

NET TILT: Bullish

Trader must weigh this institutional stake as a positive signal for the next session."
2024-04-24,2,"**Earnings Preview:** IIIN set to announce earnings on Thursday. Current trading up 3.7%. **Direction:** Neutral to Bullish. Evidence: Positive trading action suggests market optimism ahead of earnings.

**Analyst Actions & Guidance:** No specific analyst actions or guidance changes noted. **Direction:** Neutral. Evidence: Lack of new analyst insights or revisions indicates no immediate shift in sentiment.

**Catalysts & Events:** None reported. **Direction:** Neutral. Evidence: Absence of significant catalysts or events means no additional near-term drivers.

**Net Tilt:** Neutral to Slightly Bullish. Evidence: Positive trading trend without conflicting signals."
2024-04-25,18,"**Earnings Beat:** IIIN reported Q2 EPS of $0.35, beating estimates of $0.22 and $0.29, with net earnings of $8.1M YTD. **Bullish**.

**Revenue Decline:** Q2 revenues fell 19.9% to $127.4M. **Bearish**.

**CapEx Reduction:** CapEx dropped to $1.96M from $7.20M in Q2, continuing a trend of lower spending. **Bullish**.

**Profit Growth:** Gross profit rose to $15.7M from $13.3M, while pre-tax profit and EBIT also increased. **Bullish**.

**Institutional Buying:** Raymond James, Ohio, and Allspring increased their stakes in IIIN. **Bullish**.

**Stock Performance:** IIIN stock declined 2.1%. **Bearish**.

**Net Tilt:** Mixed signals but overall slightly **Bullish** due to strong earnings and profit growth despite revenue decline."
2024-04-26,5,"**Earnings:** Bullish. IIIN beat EPS expectations by $0.13.

**Insider Activity:** Bearish. COO Richard Wagner sold 1,715 shares.

**Holding Changes:** Mixed. Cardinal Capital Management increased holdings by 1.7%, Quadrature Capital Ltd increased by 5.7%, while Strs Ohio decreased holdings. Net tilt slightly bullish due to larger increases from major investors."
2024-04-27,2,"**Ownership Increase:** Bullish. Llc and Wedge Capital Management L L P both acquired stakes in IIIN, indicating institutional interest and potential confidence in the stock’s future performance.

**Net Tilt:** Bullish. Multiple institutions increasing their stakes suggests positive sentiment around IIIN."
2024-04-30,1,"**Earnings Call Highlights:**

- **Revenue:** Q2 revenue of $85M, slightly below consensus estimate of $87M.
- **EPS:** EPS of $0.65, missing the expected $0.70.
- **Guidance:** Management provided cautious guidance for Q3, citing softening demand in construction markets.
- **Analyst Actions:** BMO Capital Markets downgraded IIIN from Outperform to Market Perform with a new PT of $35 from $40.
- **Supply Changes:** Company announced plans to reduce production capacity by 10% due to lower demand forecasts.

**Net Tilt:** Bearish. Revenue and EPS missed estimates, guidance was cautious, and there were supply cuts. Downgrade and reduced price target also indicate bearish sentiment."
2024-05-16,7,"**Insider Activity:** Coo Richard Wagner sold 1,715 shares (Bearish). **Ownership Changes:** Sg Americas Securities LLC, Allspring Global Investments, and Versor Investments increased stakes (Bullish); Victory Capital Management reduced stake (Bearish). **Revenue:** Q4 revenue of $127.40M missed estimates of $134.89M (Bearish). **Earnings Guidance:** Analysts expect EPS of 1.55 for the current year (Neutral). **Net Tilt:** Mixed signals with slight bias towards Bearish due to insider sell and revenue miss."
2024-05-21,2,"**Dividend Announcement:** Insteel Industries announced a quarterly dividend of $0.03 per share. **Direction:** Neutral. Evidence: The dividend payment is consistent with previous payouts but does not indicate a significant change in financial health or growth strategy.

**Buy Opinion:** A buy opinion was expressed for Insteel Industries stock. **Direction:** Bullish. Evidence: The recommendation suggests positive sentiment towards the stock’s performance potential.

**Net Tilt:** Bullish. Despite the neutral impact of the dividend announcement, the explicit buy recommendation tilts the overall signal positively."
2024-05-23,4,"**Insider Sell:** COO Richard Wagner sold 1,715 shares (bearish).

**Revenue Miss:** Q1 revenue of $127.40M vs. consensus $134.89M (bearish).

**Stock Performance:** Shares opened at $31.98, down slightly (bearish).

**Earnings Guidance:** FY EPS expected at 1.55, no change from previous estimates (neutral).

**Net Tilt:** Bearish due to insider sell and revenue miss, offset by neutral earnings guidance."
2024-05-28,6,"**Ownership Increase:** Franklin Resources Inc. increased its stake in IIIN by 1.2% in Q4 and bought 7,505 additional shares, while Quadrature Capital Ltd. lifted its stake by 5.7% in Q3 (Bullish).

**Revenue Miss:** IIIN reported Q4 revenue of $127.40M vs. consensus of $134.89M (Bearish).

**Analyst Predictions:** Analysts predict FY EPS of $1.55 (Neutral).

**Net Tilt:** Mixed signals with ownership increases offsetting revenue miss."
2024-05-30,5,"**Ownership Increases:** Bullish. Allspring Global Investments Holdings LLC increased its stake by 80.6%, Cardinal Capital Management by 1.7%, and Charles Schwab Investment Management Inc. by 1.3%. Dimensional Fund Advisors LP also acquired 7,809 shares.

**Stock Performance:** Bearish. Insteel Industries stock declined by 0.1%.

**Net Tilt:** Mixed signals with significant institutional buying but minor stock price decline."
2024-06-03,4,"**Earnings:** IIIN reported EPS of $0.26 vs. expected $0.61, missing significantly. **Bearish**.

**Ownership Increases:** Allspring Global Investments and Raymond James Financial Services increased stakes, with Allspring boosting by 80.6%. Charles Schwab also initiated a new position. **Bullish**.

**Net Tilt:** Mixed signals; earnings miss is bearish, but institutional buying is bullish. **Neutral** overall."
2024-06-18,2,"**Earnings Release & Conference Call:** Insteel Industries will announce Q3 2024 financial results at 6:30 a.m. ET, followed by a conference call. **Direction:** Neutral. Evidence: No specific financial details or analyst actions provided yet. This event could provide critical insights into EPS, revenue, and guidance, which will determine the trading action post-release."
2024-07-01,4,"**Revenue Down, EPS Estimate Unchanged:** IIIN reported Q4 revenue down 19.9%, bearish. First Eagle Investment Management LLC increased holdings by 41.9%, bullish. Wellington Management Group LLP also acquired shares, bullish. Analysts expect EPS of $1.55 for FY, neutral. **Net Tilt:** Bearish due to revenue decline, but ownership increases suggest institutional confidence."
2024-07-06,3,"**Revenue Decline and Miss:** Insteel Industries reported Q2 revenue of $127.40M, missing estimates by $7.49M (-5.5%) and declining 19.9% YoY. **Bullish:** Cardinal Capital Management increased holdings by 21.2%, indicating potential long-term confidence despite short-term challenges. **Net Tilt:** Bearish due to significant revenue miss and decline, but with some long-term support."
2024-07-07,4,"**Ownership Changes:** Bullish. Ohio increased its stake by 60.9%, Allspring Global Investments by 409.9%, and Raymond James Financial Services Advisors initiated a new position worth $223,000. Mirae Asset Global Investments reduced its holdings by 15.0%. **Net Tilt:** Bullish due to significant increases outweighing the reduction."
2024-07-11,5,"**Earnings:** Bullish on EPS ($0.26 vs. est. $0.51), Bearish on Revenue ($127.40M vs. est. $134.89M).  
**Analyst Actions:** No changes noted.  
**Price Target & Rating:** No updates provided.  
**Catalysts:** None reported.  
**Net Tilt:** Mixed, with EPS beating expectations but revenue missing significantly."
2024-07-12,4,"**Ownership Increases:** Principal Financial Group Inc. increased its stake in IIIN by 1.2% in Q1, while Cardinal Capital Management raised its stake by 1.7% in Q4 (bullish).

**Stock Performance:** IIIN stock gained 5.4% (bullish).

**New Stake Acquisition:** Allspring Global Investments Holdings LLC bought 2,685 shares (bullish).

**Net Tilt:** Bullish. Multiple institutional investors increasing stakes and new acquisitions indicate growing confidence in IIIN."
2024-07-16,5,"**Ownership Increase:** Bullish. First Eagle Investment Management LLC increased its stake by 41.9%, and Oppenheimer & Co. Inc. increased its holdings by 11.4%.

**Earnings Estimates:** Neutral. Q2 2025 EPS forecasted at $0.62, with a consensus full-year 2024 EPS estimate of $1.55. Q1 2026 EPS estimated at $0.59.

Net Tilt: **Bullish** due to significant ownership increases, though earnings estimates are neutral."
2024-07-17,12,"**Earnings:** Bullish. IIIN reported EPS of $0.26 vs. expectations of $0.51, missing significantly. Analysts now expect Q3 EPS of $0.38 and FY24 EPS of $1.55.

**Revenue:** Bearish. Revenue was $127.40M, below estimates of $134.89M.

**Ownership:** Bullish. Sg Americas Securities, Dimensional Fund Advisors, and American Century Companies all increased holdings.

**Stock Performance:** Bullish. IIIN stock rose 5.5%.

**Dividend:** Neutral. A quarterly dividend was announced but no specific details provided.

**Net Tilt:** Mixed signals with significant earnings miss but positive ownership and stock performance."
2024-07-18,24,"**Earnings & Financials:** Q3 GAAP EPS of $0.34 missed estimates by $0.09-$0.12, with net income declining to $6.57M ($0.34/share) from $10.57M ($0.54/share) YOY. Net sales fell 12.0% to $145.8M. EBIT and pre-tax profit also declined. **Bullish:** Capex down to $3.24M vs $11.20M, expenses reduced, and Q2 profit increased. **Bearish:** EPS miss, net income decline, revenue drop, and EBIT decrease. **Supply/Demand:** Hopes to ramp up production amid rising demand. **Stock Performance:** Shares fell -9.0%. **Net Tilt:** Bearish due to financial underperformance."
2024-07-19,9,"**Capex Guidance Down**: Bullish (capex reduced to $25M vs $30M forecast).  
**Earnings Miss**: Bearish (missed EPS estimates by $0.09).  
**Revenue Decline**: Bearish (Q revenue down 12% YoY).  
**Stock Performance**: Bullish (shares gap up to $31.22).  
**Institutional Ownership Increase**: Bullish (Ohio, Allspring, Raymond James, Stonex, Cardinal Capital all increased stakes).  

**Net Tilt**: Mixed, but slightly bullish due to institutional buying and stock performance despite earnings miss and revenue decline."
2024-07-20,4,"**Earnings:** Bullish. IIIN reported EPS of $0.54, beating the expected $0.61.  
**Stock Price:** Bearish. Shares closed at $32.09, down 2.6% from previous close.  
**Dividend:** Neutral. Company declared a quarterly dividend.  
**Net Tilt:** Bearish due to stock price decline despite earnings beat."
2024-07-21,1,"**Insteel (IIIN)**

- **Demand Guidance Increase**: Bullish. Insteel expects a demand boost, increasing guidance to $0.61 EPS (up from previous estimates).

NET TILT: Bullish.

A trader should consider this positive shift in demand expectations as a key factor for a potential BUY decision in the next session."
2024-07-24,6,"**Ownership Increase:** Bullish. American Century Companies Inc. increased its stake by 41.2%, while another entity boosted its position by 195.2%.

**Revenue Miss:** Bearish. Q4 revenue was $145.80M vs. estimates of $153.04M.

**Stock Performance:** Bullish. IIIN traded up 1.2%.

**Stake Acquisition:** Bullish. BNP Paribas acquired shares in IIIN.

**Earnings Guidance:** Neutral. Analysts predict EPS of 0.99 for the current year.

**Net Tilt:** Mixed signals with slight bullish bias due to ownership increases and stock performance."
2024-07-28,6,"**Ownership Increase:** Bullish. First Eagle Investment Management LLC increased holdings by 41.9%, while Sg Americas Securities LLC and Oppenheimer & Co. Inc. also boosted their stakes by buying new shares and increasing existing ones respectively.

**Stock Performance:** Bullish. IIIN stock rose 4.3%.

**Analyst Estimates:** Neutral. Analysts expect EPS of 0.99 for the current fiscal year.

**Position Size:** Bullish. A significant $1.76 million position indicates strong institutional interest.

**Net Tilt:** Bullish. Multiple ownership increases and positive stock movement outweigh neutral analyst estimates."
2024-08-07,3,"**Insider Activity:** Bearish - MD sold 3,863 shares, indicating potential concerns about near-term performance.

**Ownership Changes:** Bullish - Cardinal Capital Management increased its stake by 1.7%, suggesting confidence in long-term prospects.

**Revenue Performance:** Bearish - Q4 revenue declined by 12.0%, signaling weaker demand or operational challenges.

**Net Tilt:** Bearish - Revenue decline and insider sell outweigh positive ownership increase."
2024-08-08,6,"**Ownership Changes:** 
- **Bullish:** Raymond James Financial Services Advisors Inc. initiated a new stake.
- **Bearish:** Vanguard Group Inc. reduced its stake by 1.8%.
- **Neutral:** Stonex Group Inc. increased its holdings by 0.9%.

**Price Movement:**
- **Bearish:** IIIN traded down 1.8%.

**Earnings Estimate:**
- **Neutral:** Analysts predict EPS of 0.99 for the current year.

**Net Tilt:** Bearish due to ownership reduction and price decline, despite new investment interest."
2024-08-13,1,**Dividend Unchanged:** Insteel Industries maintains its quarterly dividend at $0.03 per share. **Direction:** Neutral. **Evidence:** No change in dividend indicates stability but no growth initiative either.
2024-08-14,1,"**Dividend Announcement:** Insteel Industries Inc. declared a regular quarterly cash dividend of $0.03 per share. **Direction:** Neutral. Evidence: The dividend is consistent with previous payouts and does not indicate a significant change in financial strategy or performance. However, maintaining a dividend can be seen as a sign of stability and confidence in the company’s cash flow."
2024-08-18,5,"**Ownership Changes:** Raymond James Financial Services Advisors Inc. initiated a new position in IIIN worth $223,000 (bullish). Allspring Global Investments Holdings LLC increased its stake by 409.9% (bullish). Conversely, Sg Americas Securities LLC reduced its holdings by 27.1% (bearish).

**Revenue Performance:** Revenue declined 12.0% YoY (bearish).

**Earnings Guidance:** Analysts forecast EPS of 0.99 for the current fiscal year (neutral).

**Net Tilt:** Mixed signals with ownership increases offset by a significant revenue decline."
2024-08-24,6,"**Ownership Changes:** Bullish; Dimensional Fund Advisors LP increased holdings by 0.6%, Franklin Resources Inc. by 1.2%, and First Eagle Investment Management LLC by 12.1% (Q1). Bearish; ""Inc."" reduced holdings by 17.0% (Q2).

**Stock Performance:** Bearish; IIIN stock down 1.1%.

**Earnings Estimate:** Neutral; analysts expect EPS of $0.99 for the current year.

**Net Tilt:** Mixed signals with slight bullish bias from institutional buying outweighed by recent stock decline."
2024-09-09,5,"**Ownership Increase:** Bullish; Markets lifted its holdings by 76.9% in Q1, and Inc. purchased a new stake in Q2.

**Revenue Decline:** Bearish; Revenue fell 12.0% YoY.

**Earnings Estimate:** Neutral; Analysts expect EPS of 0.99 for FY.

**Net Tilt:** Mixed signals with ownership increase offsetting revenue decline."
2024-09-12,7,"**Ownership Changes:** 
- **Bullish:** Stonex Group Inc. increased its position by 0.9%, and Allspring Global Investments Holdings LLC lifted its stake by 409.9% in Q1.
- **Bearish:** Bank of New York Mellon Corp. cut its stake by 0.6% in Q2, and Principal Financial Group Inc. decreased its stake by 3.2% in Q2.

**Holding Values:**
- Bank of New York Mellon Corp. holds $6.20 million in IIIN.
- Principal Financial Group Inc. holds $3.24 million in IIIN.

**Stock Price:** Shares opened at $30.42 on Thursday.

**Net Tilt:** Mixed signals from institutional ownership changes, but significant increases from key investors suggest overall bullish sentiment."
2024-09-15,5,"**Ownership Changes:**  
- **Bullish:** Dimensional Fund Advisors LP increased holdings by 0.6%, Franklin Resources Inc. by 1.2%, and First Eagle Investment Management LLC by 12.1%.  
- **Bearish:** Td Asset Management Inc. sold 4,000 shares.

**Earnings Forecast:**  
- Analysts predict EPS of 0.99 for the current year.

**Net Tilt:** Bullish due to significant increases in institutional holdings outweighing the modest decrease."
2024-09-16,5,"**Earnings:** Bullish. Insteel Industries reported EPS of $0.61, beating estimates of $0.55, with net income growth. **Stock Performance:** Bullish. The stock gained 3.9% over the past week. **Dividends:** Neutral. The company continues to pay dividends. **Net Tilt:** Bullish."
2024-09-17,2,"**Insteel Industries (IIIN)**

- **Earnings Release**: IIIN will announce Q4 2024 financial results at 6:30 a.m. ET. No specific EPS or revenue figures provided.

- **Conference Call**: Scheduled conference call to discuss Q4 results. Potential for analyst upgrades/downgrades based on performance details.

**Net Tilt:** Neutral until further details emerge from the earnings release and conference call.

No conflicting signals; focus on earnings call for concrete metrics and guidance."
2024-09-20,2,"**Ownership Increase:** Bullish. Stonex Group Inc. increased its stake in IIIN by 10.2%, indicating confidence in the stock. Additionally, First Eagle Investment Management LLC holds a significant $10.95 million stake, further supporting institutional interest."
2024-09-22,7,"**Ownership Increase:** Bullish; Charles Schwab Investment Management Inc. increased its stake by 1.3%, while Allspring Global Investments Holdings LLC boosted its position by 409.9% in Q1 and Q2 respectively.

**Revenue Decline:** Bearish; Revenue dropped 12.0% YoY.

**EPS Forecast:** Neutral; Analysts predict EPS of 0.99 for the current fiscal year.

**Stock Price:** Neutral; Shares opened at $30.93 on Friday.

**Net Tilt:** Mixed signals with significant ownership increases offsetting revenue decline."
2024-09-23,3,"**Ownership Increase:** Llc boosted its position in IIIN by 6.8% in Q2 (Bullish).

**Stock Performance:** IIIN stock down 6.4% (Bearish).

**Held Position:** Inc. maintains a $19.82M position in IIIN (Neutral).

**Net Tilt:** Mixed signals with ownership increase vs. stock decline. Overall slightly **Bearish** due to recent stock performance."
2024-10-01,5,"**Ownership Changes:** Bullish (Llc and Allspring increased holdings, indicating confidence); Bearish (Amalgamated Bank reduced position by 9.3%).

**Revenue Performance:** Bearish (Q4 revenue of $145.80M missed expectations of $153.04M, representing a 12.0% decline YoY).

**Net Tilt:** Bearish due to revenue miss and decline, despite positive ownership signals from some investors."
2024-10-07,5,"**Ownership Changes:** Bullish (Allspring Global Investments Holdings LLC increased stake by 409.9%, BNP Paribas Financial Markets by 76.9%), Bearish (AQR Capital Management LLC trimmed position by 15.4%). **Revenue:** Bearish (revenue down 12.0%). **Stock Performance:** Bullish (stock up 2.5%). **Net Tilt:** Mixed signals with slight bullish bias due to significant stake increases from major investors despite revenue decline."
2024-10-15,2,"**Earnings Preview:** IIIN set to announce Q4 earnings on Thursday. **Analysts estimate EPS of $0.24 per share.** No prior guidance provided. **Direction: Neutral** pending actual results. Potential for positive surprise could drive shares higher if EPS beats expectations.

**Net Tilt: Neutral** until earnings report reveals actual figures."
2024-10-16,2,"**Earnings Preview:** Insteel (IIIN) set to announce Q4 2024 earnings on Oct 17th. No specific EPS or revenue guidance provided in today’s headlines. **Neutral** until further details emerge.

No analyst upgrades/downgrades or price target changes reported today. **Neutral** on analyst sentiment.

No earnings surprises, product launches, legal issues, supply chain disruptions, or significant corporate actions noted. **Neutral** on near-term catalysts.

**Net Tilt:** Neutral."
2024-10-17,21,"**Revenue and Earnings:** Q4 revenue down 14.7% to $134.3M, missing estimates; EPS of $0.24 missed consensus by 50%. FY2024 EBIT down to $21.79M from $36.42M. Q4 GAAP EPS of $0.24 vs. $0.29 last year. **Bullish:** FY2024 dividend per share increased to $2.62 from $2.12. **Bearish:** Capex down to $1.69M from $4.10M, but stock has lost 23%. Q4 pre-tax profit up slightly to $7.76M from $7.26M. Conflicting signals; **NET TILT: BEARISH**."
2024-10-18,2,"**Earnings Downbeat:** IIIN reported Q4 EPS of $0.67, missing estimates. **Bearish** due to earnings miss.

**Capex Guidance:** Projected FY2025 capex at $22M. **Neutral** as no directional signal on revenue or margins.

**Net Tilt:** Bearish due to earnings miss."
2024-10-19,9,"**Bullish Signals:**
- **Analyst Upgrade:** StockNews.com upgraded IIIN from ""Hold"" to ""Buy.""
- **Stake Increases:** Multiple institutions increased their stakes: Llc (+7.2%), Manufacturers Life Insurance (+8.3%), Public Sector Pension (+6.2%), First Eagle (+26.8%), Oppenheimer (+11.4%), Wellington Management (+4.7%).
- **EPS Guidance:** Analysts predict EPS of $0.99 for the current fiscal year.

**Net Tilt:** Bullish."
2024-10-20,2,"**Analyst Upgrade:** StockNews.com upgraded IIIN, indicating a positive outlook. **Bullish**.

**Institutional Ownership Increase:** American Century Companies Inc. increased its stake by 14.6% in Q2. **Bullish**.

**Net Tilt:** Bullish."
2024-10-21,3,"**Ownership Decrease:** Bearish — Exchange Traded Concepts LLC reduced its stake in IIIN by 14.7% in Q3, indicating potential loss of confidence.

**Revenue Update:** Neutral — Revenues for the year ending September 30, 2024, were reported at $93.3 million, with no comparative data provided for direct assessment.

**Acquisition:** Bullish — IIIN acquired assets, though specific details and impact are not clear.

**Net Tilt:** Mixed signals suggest a cautious approach; further analysis needed before making a decision."
2024-10-22,2,"**Acquisition:** IIIN acquired Engineered Wire Products for $70M, a positive move to expand capabilities and market share (bullish).

**Stock Performance:** Shares fell 5% despite the acquisition, possibly due to concerns over integration costs or valuation (bearish).

**Net Tilt:** Mixed signals suggest caution; further analysis needed before making a decision."
2024-10-23,1,"**Earnings Below Expectations:** IIIN reported FY2024 net profit of $19.31M vs. consensus of $21.95M, missing by $2.64M. **Bearish.**

**Analyst Actions:** No significant analyst actions noted. **Neutral.**

**Catalysts:** None relevant to current quarter performance. **Neutral.**

**Net Tilt:** Bearish due to earnings miss."
2024-10-25,6,"**Analyst Upgrade:** Stocknews.com upgraded IIIN from ""hold"" to ""buy,"" with no new price target provided (bullish).

**Institutional Ownership Increases:** Multiple institutions increased their stakes in IIIN during Q2 (American Century Companies Inc. +14.6%, First Eagle Investment Management LLC +26.8%, Oppenheimer & Co. Inc. +2.0%) and Q1 (Robert +6.2%) (bullish).

**Price Movement:** IIIN stock traded up 4.3% (bullish).

**Net Tilt:** Strongly Bullish."
2024-10-26,1,"**IIIN Trading Down 2.0%**

- **Bearish**: IIIN stock trading down 2.0%, indicating negative market sentiment.

No other significant trading-relevant signals or catalysts mentioned today. Net tilt is bearish based on the price movement alone."
2024-10-27,6,"**Bullish Signals:**
- **EPS Estimate Upgrades:** Q1 EPS estimate boosted by analysts to $0.60 (Sidoti CSR).
- **Increased Ownership:** Wellington Management Group increased stake by 4.7%, and Allspring Global Investments increased position by 409.9%.
- **Consensus Estimate:** Full-year EPS consensus at $1.02.
- **Q2 Guidance:** Q2 2025 EPS estimated at $0.24.

**Net Tilt:** Bullish. Multiple upgrades and increased ownership indicate positive sentiment."
2024-10-28,3,"**Analyst Downgrade:** StockNews.com downgraded IIIN, lowering the stock rating (bearish).

**Institutional Ownership Increase:** 
- Manufacturers Life Insurance Co. increased its stake by 8.3% in Q2 (bullish).
- BNP Paribas Financial Markets increased its stake by 76.9% in Q1 (bullish).

**Net Tilt:** Mixed signals with one bearish analyst action and two bullish institutional increases.

*Action:* Hold until further clarity."
2024-10-30,2,"**Insteel Industries (IIIN)**

- **Bullish**: Warren Plant Acquisition - Insteel acquired Warren Plant, enhancing production capacity.
- **Bullish**: Asset Acquisition - Insteel acquired assets of a Sandusky wire manufacturer, boosting operational capabilities.

NET TILT: Bullish

Evidence shows expansion through acquisitions, likely improving future revenues and market position."
2024-11-12,1,"**Dividend Announcement:** Insteel Industries declared a special cash dividend of $1.00 per share. **Direction:** Neutral to Bullish. Evidence: While dividends typically indicate financial health and excess cash, the special nature suggests a one-time event rather than a recurring payout. This could signal management's confidence in the company’s future prospects but does not directly impact near-term earnings or operations."
2024-11-18,2,"**Facility Closure:** Insteel Industries (IIIN) announced the closure of its Warren, Ohio facility. **Bearish** due to potential production cuts and job losses. No specific impact on EPS or revenue provided, but likely to affect supply chain and operational efficiency negatively.

**Net Tilt:** Bearish"
2024-11-19,2,"**Insteel (IIIN)**

- **Bearish**: Insteel closed the recently acquired Ohio plant, indicating operational challenges or inefficiencies. This move could negatively impact near-term production and potentially lead to job losses.

NET TILT: Bearish

A trader should consider these factors before deciding whether to BUY, SELL, or HOLD IIIN for the next session."
2024-11-21,7,"**Analyst Downgrade:** Stocknews.com downgraded IIIN from ""buy"" to ""hold,"" bearish.

**Revenue Miss:** Q3 revenue of $134.30M missed estimates of $140.4M, bearish.

**Ownership Increases:** American Century Companies Inc. and Robert increased holdings by 14.6% and 6.2%, respectively, bullish.

**Stock Performance:** IIIN stock up 0.9%, bullish.

**EPS Guidance:** Analysts expect FY EPS of 1.11, neutral.

**Net Tilt:** Mixed signals; slight net negative due to downgrade and revenue miss."
2024-11-22,3,"**Earnings:** Bullish. Insteel reported $19.3 million in net income, beating expectations.

**Facility Closure:** Bearish. The company announced the closure of its Warren, Ohio facility, indicating operational adjustments.

**Restructuring Charges:** Bearish. Insteel projects a $1.9 million restructuring charge, signaling ongoing cost management efforts.

**Net Tilt:** Mixed. Positive earnings contrast with negative operational changes and restructuring costs."
2024-11-23,5,"**Ownership Changes:** Multiple institutional investors increased their stakes in IIIN: Llc upped its stake by 7.2% in Q3, while Manufacturers Life Insurance Co., Public Sector Pension Investment Board, and First Eagle Investment Management LLC increased their positions by 8.3%, 6.2%, and 26.8% respectively in Q2. However, Principal Financial Group sold 12,843 shares. **Net Tilt:** Bullish due to significant increases outweighing the single reduction."
2024-11-24,4,"**Analyst Downgrade:** Stocknews.com downgraded IIIN from ""buy"" to ""hold,"" indicating **bearish** sentiment. 

**Ownership Increases:** Victory Capital Management Inc. increased its position, and Versor Investments LP acquired a new position, signaling **bullish** institutional interest.

**Earnings Estimate:** Analysts forecast EPS of $1.11 for the current year, neutral but suggesting stable expectations.

**Net Tilt:** Conflicting signals with analyst downgrade vs. ownership increases; overall **neutral** tilt."
2024-11-25,3,"**Ownership Decrease:** Stonex Group Inc. reduced its stake in IIIN by 4.0% in Q3, indicating **bearish** sentiment. 

**Revenue Miss:** IIIN reported Q3 revenue of $134.30M, missing analysts' forecast of $140.40M, signaling **bearish** performance.

**Net Tilt:** Strongly bearish due to ownership reduction and revenue miss."
2024-11-30,6,"**Analyst Ratings:** Bearish; Stocknews.com downgraded IIIN from ""buy"" to ""hold"" (Oct 26).

**Ownership Changes:** Bullish; Oppenheimer & Co. Inc. increased holdings by 2.0% Q2, and Victory Capital Management Inc. increased by 4.8% Q3.

**Revenue Performance:** Bearish; Q3 revenue missed estimates at $134.30M vs. $140.40M consensus.

**Stock Movement:** Bullish; IIIN stock gained 0.7%.

**Stake Acquisition:** Bullish; Intech Investment Management LLC acquired 22,195 shares.

**Net Tilt:** Mixed signals with slight bullish bias due to ownership increases and stake acquisition outweighing analyst downgrade and revenue miss."
2024-12-06,5,"**Analyst Ratings:** Stocknews.com downgraded IIIN from ""buy"" to ""hold,"" indicating **bearish** sentiment (evidence: downgrade).

**Ownership Changes:** 
- Bullish: Victory Capital Management Inc. increased holdings by 4.8% in Q3.
- Bullish: Manufacturers Life Insurance Co. raised stake by 8.3% in Q2.
- Bearish: Lutherans decreased stake.

**Earnings Estimate:** Analysts expect EPS of $1.11 for FY 2024, neutral (no change in estimate).

**Net Tilt:** Mixed signals with slight **net bearish** tilt due to analyst downgrade and ownership decrease by Lutherans."
2024-12-07,3,"**Ownership Increases:** Bullish. Intech Investment Management LLC acquired a new position in IIIN in Q3. Additionally, First Eagle Investment Management LLC increased its stake by 26.8% in Q2, while American Century Companies Inc. boosted its holding by 14.6% in Q2. These moves indicate institutional confidence in IIIN."
2024-12-13,4,"**Analyst Downgrade:** Stocknews.com downgraded IIIN from ""buy"" to ""hold,"" indicating a less optimistic view (bearish).

**Price Movement:** IIIN traded up 1.5% today, suggesting some positive sentiment despite the downgrade (bullish).

**Ownership:** Charles Schwab Investment Management Inc. holds a significant stake worth $5.80 million, signaling institutional confidence (bullish).

**Earnings Estimate:** Analysts predict EPS of 1.11 for the current year, maintaining expectations at a steady level (neutral).

**Net Tilt:** Mixed signals with analyst downgrade vs. positive price movement and ownership stake; overall slightly bullish due to recent price gain and institutional support."
2024-12-16,7,"**Analyst Ratings:** Stocknews.com downgraded IIIN from ""buy"" to ""hold,"" bearish.  
**Ownership Changes:** American Century Companies Inc. increased holdings by 14.6%, bullish; Verition Fund Management LLC bought 7,305 shares, bullish.  
**Stock Performance:** IIIN stock down 0.9%, bearish.  
**Earnings Guidance:** Analysts expect EPS of $1.11 for the current year, neutral.  
**Catalysts:** Q1 2025 conference call scheduled, neutral; Q1 financial results released, neutral.  

**Net Tilt:** Mixed signals with slight net bullish bias due to ownership increases."
2024-12-18,4,"**Facility Closure:** Insteel closed its Warren plant, bearish for production capacity but may focus resources elsewhere.

**Ownership Increases:** Public Sector Pension Investment Board increased its stake by 6.2% in Q2, and LLC increased its stake by 7.2% in Q3, both bullish on long-term fundamentals.

**Stake Acquisition:** BNP Paribas Financial Markets purchased 434 shares, slightly bullish as institutional interest grows.

**Net Tilt:** Mixed signals with facility closure vs. increased ownership stakes; overall slightly bullish due to institutional support."
2024-12-23,5,"**Ownership Increase:** Point72 Asset Management and Manufacturers Life Insurance increased their stakes in IIIN, indicating institutional confidence (Bullish).

**Revenue Miss:** Q4 revenue of $134.30M missed expectations by $6.1M (Bearish).

**EPS Guidance:** Analysts predict EPS of $1.11 for FY (Neutral).

**Stock Price:** Opened at $28.32 (Neutral).

**Net Tilt:** Mixed signals with institutional buying offsetting revenue miss."
2024-12-25,3,"**Ownership Increase and Stake Acquisition:** Bullish. Llc increased its position by 6.8%, and Jane Street Group LLC purchased 45,115 shares, indicating institutional interest and support.

**Stock Performance:** Mixed. Insteel Industries' stock gained 0.6%, but the overall direction is unclear without additional context.

NET TILT: **Bullish** due to significant institutional buying."
2024-12-31,10,"**Net Tilt: Bearish**

- **Analyst Downgrade:** Stocknews.com downgraded IIIN from ""buy"" to ""hold"" (bearish).
- **Mixed Ownership Activity:** Multiple firms increased stakes or initiated positions (bullish), but a notable downgrade overshadows this (net bearish).
- **Price Movement:** IIIN traded down 2.7% (bearish).
- **EPS Guidance:** Analysts predict EPS of 1.11 for FY (neutral).

**NET TILT:** Bearish due to analyst downgrade and recent price decline."
2025-01-01,4,"**Ownership Increase:** Bullish. First Eagle Investment Management LLC increased its stake by 26.8%, and American Century Companies Inc. increased its position by 14.6%.

**Revenue Miss:** Bearish. Q2 revenue was $134.30M vs. estimates of $140.40M.

**Stock Performance:** Bearish. Traded as low as $26.74, closing at $26.96.

**Net Tilt:** Mixed signals with ownership increase bullish but revenue miss and stock performance bearish."
2025-01-07,2,"**Insteel Industries (IIIN)**

- **Stock Performance:** Stock hit 52-week low (-0.51), **bearish**.
- **Capex Guidance:** Plans $22M in capex for FY2025, **neutral**.

**Net Tilt:** Bearish due to stock hitting 52-week low."
2025-01-15,6,"**Ownership Increase:** Bullish. Point72 Asset Management and Manufacturers Life Insurance increased their stakes, with Barclays also acquiring shares.

**Earnings Guidance & Estimates:** Neutral. Analysts predict EPS of $1.11 for the current year, but specific Q1 guidance is pending tomorrow’s earnings release.

**Catalyst:** Neutral. Q1 2025 earnings release scheduled for January 16, 2025, may provide clearer direction."
2025-01-16,27,"**Earnings:** Bullish on revenue (+6.6% YoY to $129.7M), bearish on EPS (missed estimates by $0.03, reported $0.06 vs. $0.09 expected). **Analyst Action:** Bearish with StockNews.com downgrading from Buy to Hold. **Dividends:** Bearish on dividend cut ($1.03 vs. $2.53). **Margins:** Bearish on operating margin decline (3.1 pp). **Capital Expenditures:** Bullish on capex decrease. **Catalysts:** Revenue beat, but conflicting signals on EPS and downgrade suggest net tilt is **bearish**."
2025-01-17,1,"**Reorganization Costs:** Bearish. Insteel Industries Inc. reported $700,000 in restructuring charges, indicating potential near-term financial pressure due to reorganization efforts.

NET Tilt: Bearish."
2025-01-20,2,"**Earnings Call Summary for IIIN (2025 Q1)**

- **Revenue**: No specific figures provided.
- **EPS**: No specific figures provided.
- **Analyst Actions**: No upgrades/downgrades or PT changes mentioned.
- **Earnings Surprise**: No beat/miss information available.
- **Catalysts**: 
  - **Bullish**: Conference call held, indicating ongoing operations and communication with investors.
  - **Bearish**: Lack of concrete financial data and analyst updates suggests no immediate positive/negative catalysts.

**Net Tilt**: Neutral due to lack of specific trading signals."
2025-01-29,4,"**Revenue Growth:** Bullish; Q4 revenue up 6.5% YoY.

**Ownership Increase:** Bullish; Zurcher Kantonalbank Zurich Cantonalbank increased stake by 100.3%.

**Stake Acquisition:** Bullish; JPMorgan Chase & Co. purchased 5,121 shares.

**Earnings Estimate:** Neutral; analysts expect EPS of $1.33 for FY.

**Net Tilt:** Bullish."
2025-01-31,5,"**Earnings:** Bullish. IIIN reported EPS of $0.06, beating expectations.

**Institutional Ownership:** Bullish. Jacobs Levy Equity Management increased its stake by 43.2%, and Point72 Asset Management initiated a new position in Q3. Additionally, Manufacturers Life Insurance boosted its holdings by 8.3% in Q2.

**Stock Performance:** Bullish. Shares opened at $29.37 on Friday, indicating positive market sentiment.

**Net Tilt:** Bullish. Multiple institutional investors increasing stakes and a strong opening price support a positive outlook."
2025-02-11,9,"**Analyst Downgrade:** Stocknews.com downgraded IIIN from ""buy"" to ""hold,"" bearish.

**Revenue Beat:** Q4 revenue was $129.70M vs. expectations of $117.45M, bullish.

**Increased Ownership:** Multiple institutions increased holdings in IIIN, including Barclays (+363.7%), State Street (+4.9%), Geode Capital (+0.8%), Intech Investment Management, and Jane Street Group (+228.1%), bullish.

**Stock Performance:** IIIN stock price up 6.8%, bullish.

**EPS Guidance:** Analysts expect EPS of $1.33 for the current year, neutral.

**Net Tilt:** Bullish, despite analyst downgrade."
2025-02-14,3,"**Earnings Estimate Upgrade:** Consensus EPS for FY 2025 raised to $1.33, **bullish**.

**Institutional Ownership Increase:** Marshall Wace LLP initiated a new position worth $257k in IIIN, **bullish**.

**Q4 EPS Estimate:** Analysts predict Q4 2025 EPS at $0.51, **neutral**.

**Net Tilt:** Bullish, driven by EPS upgrade and institutional buying."
2025-02-18,5,"**Revenue Beat:** Bullish. Q4 revenue was $129.70M vs. estimates of $117.45M.

**Ownership Mixed:** Neutral. State Street Corp increased holdings by 4.9%, while another LLC reduced holdings by 4.4%.

**Earnings Guidance:** Neutral. Analysts expect EPS of 1.33 for the current year, unchanged from previous estimates."
2025-03-04,10,"**Revenue Growth:** Bullish; Q4 revenue up 6.5% YoY.

**Ownership Changes:** Mixed; Point72, Intech, Quantbot, and Zurcher increased stakes significantly, while NY State Common Retirement Fund and another fund reduced positions.

**Stock Performance:** Bearish; IIIN stock down 4.1%.

**Earnings Estimate:** Neutral; Analysts expect EPS of 1.38 for FY. 

**Net Tilt:** Neutral to Slightly Bearish due to mixed ownership signals and recent stock decline."
2025-03-05,1,"**Insteel Industries (IIIN)**

- **Bullish**: Principal Financial Group Inc. acquired 2,746 shares of IIIN, indicating institutional interest and potential confidence in the stock.

No conflicting signals present. **NET TILT: BULLISH**."
2025-03-11,3,"**Revenue Growth:** Bullish. IIIN reported Q4 revenue up 6.5% YoY.

**Institutional Ownership:** Bullish. Ohio increased holdings by 22.2% in Q3, while Exchange Traded Concepts LLC increased holdings by 7.3% in Q4."
2025-03-17,8,"**Revenue Beat:** Bullish. Q4 revenue was $129.70M vs. estimates of $117.45M.

**Institutional Ownership Increase:** Bullish. Geode Capital, Bank of New York Mellon, and State Street all increased holdings.

**New Stake Acquisition:** Bullish. Victory Capital Management acquired 3,600 shares.

**EPS Guidance:** Neutral. Analysts expect EPS of $1.38 for the current year.

**Conference Call:** Neutral. Company announced Q2 2025 conference call.

**Net Tilt:** Bullish. Multiple institutional investors increasing stakes and new acquisitions indicate confidence."
2025-03-30,4,"**Ownership Increase:** Bullish. Bank of New York Mellon Corp increased holdings by 36.5% in Q4, while Jane Street Group LLC and Jacobs Levy Equity Management Inc. boosted their stakes by 228.1% and 43.2%, respectively, in Q3.

**Earnings Estimate:** Neutral. Analysts predict EPS of $1.38 for the current year.

**Net Tilt:** Bullish due to significant ownership increases across multiple quarters."
2025-04-09,7,"**Revenue Growth:** Bullish. IIIN reported a 6.5% YoY increase in quarterly revenue, beating EPS estimates by $0.04.

**Institutional Ownership:** Mixed. Barclays, State Street, Geode Capital, and Principal Financial significantly increased their stakes, while Prudential Financial reduced its stake by 4.1%. Net tilt is slightly bullish due to substantial increases from major institutions.

**Net Tilt:** Bullish."
2025-04-12,1,"**Ownership Decrease:** Corebridge Financial Inc. sold 781 shares of IIIN, indicating a **bearish** signal as a major shareholder reduces exposure. This could suggest a lack of confidence in the stock’s near-term performance.

**Net Tilt:** Bearish"
2025-04-14,3,"**Ownership Increase:** Bullish. Markets lifted its position in IIIN by 8.0% in Q3, indicating confidence. Vanguard also acquired 41,908 shares.

**Earnings Estimate:** Neutral. Analysts expect EPS of $1.38 for the current year, unchanged from previous estimates.

**Net Tilt:** Bullish. Ownership increases suggest positive sentiment despite neutral earnings expectations."
2025-04-15,2,"**Earnings Preview:** IIIN is set to release quarterly earnings. **Neutral**; no specific EPS or revenue guidance provided yet. 

**Analyst Actions:** No upgrades, downgrades, or new price targets announced. **Neutral**

**Catalysts & Surprises:** None reported. **Neutral**

**Net Tilt:** Neutral. No concrete signals available yet."
2025-04-16,4,"**Revenue Beat:** Bullish. Insteel beat revenue expectations by 10.4%, with Q1 revenue growing 17.6% YoY to $149.9M.

**Peer Performance:** Bearish. Stocks in Insteel’s peer group declined 8.1%.

**Earnings Report:** Neutral. Insteel reports Q1 results tomorrow, providing potential further insights.

**Net Tilt:** Mixed signals; revenue beat is bullish while peer performance is bearish."
2025-04-17,21,"**Revenue and Earnings Beat:** IIIN reported Q2 revenue of $160.66M, a 26.1% increase YoY, beating expectations. Adjusted EPS was $0.55, up from $0.35, also exceeding forecasts.

**CapEx Mixed Signals:** CapEx for FY2025 forecasted at $17M, down from $22M, but Q2 CapEx rose to $2.23M from $1.96M.

**Profit Margins Under Pressure:** Pre-tax profit fell to $7.46M from $8.95M, while EBIT declined to $7.11M from $7.84M.

**Stock Surge:** Shares gained 11.9% on the positive earnings report.

**Net Tilt:** Bullish on revenue and earnings beat, mixed on CapEx, bearish on profit margins."
2025-04-18,2,"**Revenue and Earnings Beat Expectations:** Bullish. IIIN reported revenues and EPS above expectations, driving a 16% stock gain over the past week.

**Net Tilt:** Bullish."
2025-04-21,3,"**Earnings:** Bullish. IIIN reported EPS of $0.06, beating the anticipated $0.61 per share (though note the discrepancy in the expected figure). Analysts now expect EPS of $1.38 for the current fiscal year.

**Ownership:** Neutral. AllianceBernstein L.P. holds a position valued at $375,000, indicating institutional interest but no clear signal on future price movement.

**Net Tilt:** Mixed signals from earnings data; overall slightly bullish due to the positive EPS report despite the anomaly in the expected figure. Hold recommendation pending further clarity."
2025-04-22,5,"**Earnings Beat:** IIIN reported Q2 pre-tax profit of $13.68M vs. consensus $7.46M and EPS of $0.52 vs. consensus $0.29, indicating **bullish** momentum.

**Ownership Shifts:** Llc increased holdings by 535.5%, signaling **bullish** sentiment, while Geode Capital sold shares, showing **bearish** activity. Net tilt is slightly **bullish** due to the significant increase from Llc.

**Stock Price:** Opened at $30.20, neutral but within context of positive earnings, suggesting potential upside.

NET TILT: **Bullish**."
2025-04-24,9,"**Bullish Signals:**
- **EPS Upgrade:** Sidoti & Co. upgraded Q4 2025 EPS forecast.
- **Stake Increases:** Multiple institutions (Vanguard, Mirae Asset, American Century, First Eagle, Geode Capital) increased stakes in IIIN.

**Neutral Signal:**
- **Consensus Estimate:** Full-year 2025 EPS consensus remains at $1.38.
- **Future Guidance:** Q2 2026 EPS estimated at $0.65.

**Net Tilt:** Bullish due to multiple EPS upgrades and institutional buying."
2025-04-27,2,"**Ownership Increase:** Legal & General Group Plc increased its stake in IIIN by 5.1% in Q4, buying an additional 2,586 shares. **Bullish** as institutional support strengthens."
2025-04-29,5,"**Ownership Changes:**  
- **Bullish:** Quantbot Technologies LP increased holdings by 106.5%, Vanguard Group Inc. by 3.5%, and an LLC by 535.5%.  
- **Bearish:** Invesco Ltd. sold 23,318 shares.  
NET TILT: Bullish due to significant increases outweighing the single reduction.

**Price Action:**  
- **Bullish:** Shares opened at $33.30, up 23% from previous close.  

NET TILT: Bullish."
2025-05-01,1,"**Ownership Decrease:** Renaissance Technologies LLC reduced its stake in IIIN by 58.3% in Q4. **Bearish** due to a significant decrease in institutional ownership, indicating potential loss of confidence."
2025-05-06,4,"**Ownership Increase:** Barclays PLC boosted its stake in IIIN by 4.2%, and Quantbot Technologies LP increased its stake by 106.5% in Q4. **Bullish** on investor confidence.

**Stock Performance:** IIIN stock up 0.1%. **Bullish** on market sentiment.

**Net Tilt:** Bullish."
2025-05-07,2,"**Ownership Increase:** Bullish. LLC increased its position in IIIN by 3,568.6% in Q4, indicating strong confidence. Additionally, Wells Fargo acquired 2,656 shares, further signaling institutional interest.

**Net Tilt:** Bullish. Both ownership increases suggest positive sentiment towards IIIN."
2025-05-08,1,**Ownership Increase:** Wells Fargo & Company MN increased its stake in IIIN by 36.3% in Q4. **Bullish** as institutional support strengthens.
2025-05-11,6,"**Revenue Beat:** Bullish. Insteel (IIIN) exceeded revenue expectations in Q1 CY2025.

**Facility Closure:** Bearish. IIIN closed one facility, potentially indicating cost-cutting or reduced capacity.

**Increased Ownership:** Bullish. Bank of New York Mellon Corp increased its stake in IIIN by 36.5%.

**Stake Acquisition:** Bullish. Captrust Financial Advisors acquired additional shares, showing continued interest.

**Conference Call:** Neutral. Q1 earnings call held without specific directional signals.

**Stock Price:** Neutral. Stock opened at $35.54 with no clear trend.

**Net Tilt:** Mixed signals suggest a cautious approach."
2025-05-13,1,"**Analyst Upgrade:** Insteel Industries (IIIN) upgraded to Strong Buy from Buy by an unspecified firm, with the new price target set at $0.94. **Direction:** Bullish. **Evidence:** Analyst upgrade indicates positive sentiment and potential upside.

**Net Tilt:** Bullish."
2025-05-20,7,"**Ownership Trends:** Bullish. Bank of New York Mellon, Vanguard, American Century, and First Eagle all increased their stakes in IIIN, with significant growth percentages (36.5%, 3.5%, 1.1%, 17.8%). However, Jane Street Group reduced its holdings by 17.8%. **Net Tilt:** Bullish due to majority stake increases.

**Stock Performance:** Bearish. IIIN stock declined by 0.5%.

**Holdings Update:** Neutral. Northern Trust Corp maintains a stable holding at $6.15 million. 

**NET TILT:** Mixed, but slightly Bullish due to larger stake increases outweighing the reduction."
2025-05-22,3,"**Ownership Increase:** Bullish. D. E. Shaw & Co. Inc. increased its stake in IIIN by 127.6%, while Quantbot Technologies LP boosted its position by 106.5% in the 4th quarter. Additionally, Inc. acquired 40,993 new shares. Institutional buying indicates confidence in IIIN’s prospects.

NET TILT: Bullish."
2025-05-29,2,"**Ownership Increase:** Bullish. Northern Trust Corp increased its holdings in IIIN by 11.5% in Q4, indicating institutional confidence.

**Holdings Update:** Neutral. Ameriprise Financial Inc. holds $2.71 million in IIIN stock, showing steady interest but no change in position.

**Net Tilt:** Slightly Bullish due to the significant increase by Northern Trust Corp."
2025-06-02,2,"**Ownership Increase:** Barclays PLC increased its stake in IIIN by 4.2% in Q4, indicating **bullish** sentiment. Additionally, Two Sigma acquired shares, further signaling **bullish** interest. These actions suggest institutional confidence in IIIN’s prospects.

**Net Tilt:** Bullish"
2025-06-03,1,"**Ownership Update:** Millennium Management LLC increased its stake in IIIN to $1.94 million. **Bullish** as institutional ownership often signals confidence in the stock’s future performance.

**Net Tilt:** Bullish

---

A trader can consider this as a positive signal for the next session."
2025-06-04,2,"Institutional ownership trends: Captrust Financial Advisors increased holdings by 0.3%, indicating **bullish** sentiment. Two Sigma Investments maintains a significant holding at $1.48 million, suggesting sustained **bullish** interest. Net tilt: **Bullish**."
2025-06-06,7,"**Ownership Increases:** Bank of America Corp, Barclays PLC, and LP significantly increased their stakes in IIIN (28.5%, 4.2%, and 209.8% respectively) during Q4, indicating **bullish** sentiment. Additionally, Squarepoint Ops LLC purchased shares, further supporting the **bullish** trend.

**Stock Performance:** IIIN stock declined by 0.4% on the day, opening at $35.50, signaling **bearish** pressure.

**Net Tilt:** Conflicting signals with significant institutional buying but short-term price weakness. **Hold** until further clarity."
2025-06-12,2,"**Ownership Increase:** Bullish. Quantbot Technologies LP increased its stake by 106.5% in Q4, indicating confidence in IIIN’s prospects. Additionally, LLC acquired 13,094 new shares, further signaling institutional support.

**Net Tilt:** Bullish. Both institutional investors increasing their stakes suggest positive sentiment towards IIIN."
2025-06-17,2,"**Earnings Call Updates:** Insteel Industries held both a Q1 and a Q3 2025 earnings call, indicating active financial reporting. No specific EPS, revenue, or guidance details provided in headlines.

**Analyst Actions:** No analyst upgrades, downgrades, or new price targets mentioned.

**Catalysts & Events:** Multiple conference calls suggest management is providing detailed updates but lack of specific data points limits actionable insights.

**Net Tilt:** Neutral (no clear bullish or bearish signals from available information).

A trader should monitor further details from these calls for concrete signals."
2025-06-18,5,"**Ownership Increases:** Cardinal Capital Management increased its stake by 3.5% in Q1 and bought 1,271 additional shares. Vanguard Group Inc., Mirae ASSET GLOBAL ETFS HOLDINGS Ltd., and American Century Companies Inc. also boosted their stakes by 3.5%, 5.7%, and 1.1% respectively in Q4. **Direction:** Bullish. Institutional investors' increased ownership suggests confidence in IIIN’s future performance."
2025-06-19,2,"**Ownership Changes:**  
- **Bullish:** Llc increased its stake in IIIN by 535.5% in Q4, indicating confidence.  
- **Bearish:** Rhumbline Advisers reduced its stake in IIIN by 0.34%, suggesting some uncertainty.

**Net Tilt:** Mixed signals with a slight bullish bias due to the significant stake increase by Llc."
2025-06-24,2,"**Ownership Changes:**  
- **Bullish:** Advisers increased their position in IIIN by 8.7% in Q4.  
- **Bearish:** Oppenheimer reduced its stake by 1.5% in Q1.  
**Net Tilt:** Mixed signals suggest cautious stance."
2025-07-11,2,"**Ownership Increase:** Robert increased its stake in IIIN by 0.4% in Q4, indicating institutional bullishness (bullish).

**Stock Performance:** IIIN stock gained 1.9%, suggesting positive market sentiment (bullish).

NET TILT: Bullish."
2025-07-16,8,"**Revenue Growth:** Bullish; Insteel’s revenue is expected to grow 20.8% YoY to $176M, with Q2 sales reported at $160.7M.

**Ownership Changes:** Mixed; American Century increased stake by 1.1%, while Texas reduced by 22.8%.

**Stock Performance:** Bearish; Insteel stock gained 11.2% but also lost 2.2% recently.

**Earnings Guidance & Expectations:** Neutral; Q2 earnings announcement expected, with mixed signals on performance.

**Net Tilt:** Net neutral to slightly bullish due to strong revenue growth and positive earnings expectations, despite mixed ownership and recent stock performance."
2025-07-17,23,"**Bullish Signals:**
- **Revenue:** Q3 revenue of $179.9M beat FactSet est. of $176M.
- **Earnings:** Q3 EPS of $0.78 beat consensus of $0.69 by 42.11%, with pre-tax profit at $17.49M vs. $8.73M.
- **Margins:** Gross profit rose to $30.8M from $15.4M; EBITDA grew to $22.09M from $11.60M.
- **CapEx:** Q3 CapEx dropped to $1.60M from $3.24M; FY2025 forecasted at $11M vs. $17M.

**Bearish Signals:**
- **Restructuring Costs:** Incurred $843K in restructuring charges.

**Net Tilt:** Bullish due to strong earnings and revenue beats, improving margins, and reduced CapEx."
2025-07-18,1,"**Earnings:** IIIN reported Q3 EPS of $0.64, significantly beating estimates. **Bullish**, as strong earnings indicate robust financial health and operational efficiency.

**Analyst Actions:** No notable analyst actions reported. **Neutral**.

**Catalysts:** None reported. **Neutral**.

**Net Tilt:** **Bullish** due to earnings beat."
2025-07-19,8,"**Earnings & Revenue:** Bullish. IIIN beat EPS expectations by $0.09 and reported a 23.4% YoY revenue increase.

**Ownership & Stake Movements:** Bullish. Northern Trust Corp increased holdings by 11.5%, and Principal Financial Group acquired 2,244 shares.

**Stock Performance:** Mixed. IIIN stock is up 0.1% today but down 8.5% from a week ago.

**Analyst Predictions:** Neutral. Analysts predict EPS of 1.38 for the current fiscal year.

**Net Tilt:** Bullish, with mixed performance signals."
2025-07-20,3,"**Ownership Increases:** Bullish. Llc increased its stake by 0.5% in Q1, while Captrust Financial Advisors increased its stake by 0.3% in Q4. Additionally, Segall Bryant & Hamill LLC made a new investment. These actions indicate growing institutional interest and confidence in IIIN.

NET TILT: Bullish."
2025-07-22,7,"**Bullish Signals:**
- **Analyst Upgrade:** Zen upgraded IIIN to Strong-Buy.
- **EPS Estimate Raise:** Sidoti Csr raised Q1 2026 EPS forecast.
- **Earnings Beat:** Q1 EPS was $0.78, beating consensus of $0.68.
- **Stake Increase:** Wyoming increased stake by 76.4%.

**Neutral Signals:**
- **Opening Price:** Shares opened at $37.28.
- **Q2 EPS Estimate:** Issued at $0.70 EPS.

**Net Tilt:** Bullish."
2025-07-24,7,"**Ownership Changes:**  
- **Bullish:** Millennium Management LLC increased holdings by 53.9% in Q4, and Vanguard Group Inc. increased stake by 3.5% in Q4.  
- **Bearish:** Bank of New York Mellon Corp sold 12,682 shares and reduced position by 5.0% in Q1.  

**Stock Performance:**  
- **Bullish:** Insteel Industries stock up 1.8%.  

**Earnings Estimate:**  
- **Neutral:** Analysts expect EPS of 1.38 for FY.  

**Net Tilt:** Bullish due to significant institutional buying outweighing selling."
2025-07-30,4,"**Revenue Growth:** Bullish. IIIN reported QoQ revenue growth of 23.4%, indicating strong demand.

**Institutional Ownership:** Bullish. Wells Fargo increased its stake by 36.3%, signaling confidence.

**New Acquisition:** Bullish. LLC acquired 2,853 additional shares, suggesting continued interest from investors.

**Stock Price:** Neutral. Shares opened at $36.23, showing no immediate price movement.

**Net Tilt:** Bullish. Multiple positive signals outweigh the neutral stock price opening."
2025-08-11,5,"**Ownership Changes:** Captrust Financial Advisors increased stake by 0.3%, Llc by 3.8%, and Metlife Investment Management LLC by 8.5% (Bullish). Zurcher Kantonalbank Zurich Cantonalbank decreased position by 46.6% (Bearish). **Net Tilt:** Bullish due to significant increases outweighing the large decrease.

**Price Movement:** Insteel Industries trading up 1.2% (Bullish).

**Net Signal:** Bullish."
2025-08-13,2,"**Revenue Growth:** Bullish. Insteel Industries reported a 23.4% YoY increase in net sales, indicating strong demand.

**Stock Performance:** Bullish. Shares closed at $37.46, up 4.2%.

**Net Tilt:** Bullish. Both revenue growth and stock performance indicate positive market sentiment."
2025-08-15,2,"**Acquisition:** Insteel Industries acquired a plant and land for $7 million, a **bullish** signal indicating expansion and investment in capacity.

**Facility Sale:** Insteel Wire sold its closed Warren plant, a **bearish** signal suggesting asset divestiture and potential operational downsizing.

**Net Tilt:** Mixed signals with acquisition bullish and facility sale bearish."
2025-08-26,7,"**Ownership Changes:** Bullish. Invenomic Capital Management, Hsbc Holdings, Charles Schwab Investment Management, Vanguard Group, and Segall Bryant & Hamill all increased their stakes or initiated new positions in IIIN. American Century Companies reduced its holding by 12.0%. **Net Tilt:** Bullish due to multiple large increases outweighing the single reduction.

**Stock Price:** Neutral. Stock opened at $38.50 with no directional movement indicated."
2025-08-27,11,"**Revenue and Earnings:** Bullish. IIIN reported Q4 EPS of $0.34 vs. expected $0.61, missing estimates but still positive. Revenue grew 23.4%, a strong uptick.

**Ownership Increases:** Bullish. Multiple institutions increased holdings: Llc (+0.5%), Mirae ASSET (+5.7%), Northern Trust (+11.5%), Principal Financial (+2.4%), Millennium Management (+53.9%), Russell Investments (+85.3%), Wyoming (+76.4%).

**Analyst Forecast:** Neutral. Analysts predict FY EPS of 1.38, indicating cautious optimism.

**Net Tilt:** Bullish. Ownership increases outweigh the earnings miss."
2025-08-31,11,"**Revenue Growth:** Bullish; Q2 revenue up 23.4% YoY.

**Insider Activity:** Bearish; SVP James York sold 3,000 shares.

**Ownership Changes:** Mixed; Wells Fargo, Barclays, Marshall Wace, Metlife Investment Management, and Northern Trust increased holdings, while Invesco reduced its position by 4.3%.

**Market Performance:** Bearish; shares opened at $38.33, down from previous close.

**Dividend Announcement:** Neutral; quarterly dividend announced for Sep 26th.

**Net Tilt:** Neutral with slight bullish bias due to strong revenue growth and significant institutional buying outweighing insider sell and market dip."
2025-09-01,3,"**Earnings:** IIIN reported EPS of $0.34 vs. expected $0.61, missing by $0.27 (bearish).

**Ownership Increases:** Marshall Wace LLP and Nuveen LLC have recently taken new stakes in IIIN ($257k and unspecified amounts respectively, bullish).

**Net Tilt:** Mixed signals with earnings miss but positive ownership trends."
2025-09-05,7,"**Insider Activity:** Bullish; Svp James R. York sold 3,000 shares, but institutional investors like Invenomic Capital Management, Charles Schwab Investment Management, Vanguard Group, and Segall Bryant & Hamill increased their stakes. Hsbc Holdings decreased holdings slightly. **Net Tilt:** Neutral to Slightly Bullish.

**Stock Performance:** Bullish; Insteel Industries stock up 2.7%. 

**Net Tilt:** Neutral to Slightly Bullish."
2025-09-16,1,Insteel Industries announced their fourth quarter 2025 conference call. No specific financial details or analyst actions were provided. This event is neutral but may contain critical updates during the call. **Net Tilt: Neutral**.
2025-09-18,3,"**Analyst Ratings:** Zacks downgraded IIIN to Hold from Buy, reducing the price target to $0.58 (bearish).

**Earnings Performance:** IIIN beat EPS estimates with $0.78 vs. $0.68 consensus (bullish).

**Net Tilt:** Mixed signals; earnings beat is bullish but analyst downgrade is bearish."
2025-09-19,1,"**Insteel Industries (IIIN)**

- **Stock Performance:** Bullish. Stock up 2.6%.
  
- **Analyst Actions:** No relevant analyst actions reported.

- **Earnings & Guidance:** No new earnings or guidance updates provided.

- **Catalysts & Events:** No significant catalysts or events impacting stock performance noted.

**Net Tilt:** Bullish based on stock gain with no conflicting signals."
2025-10-10,3,"**Insider Sell:** SVP James R. York sold 3,000 shares (Bearish).

**Ownership Increase:** Llc increased stake by 0.5% in Q1 (Bullish).

**Stock Performance:** Insteel Industries stock down 1.7% (Bearish).

**Net Tilt:** Mixed signals with slight bias towards Bearish due to insider sell and recent stock decline."
2025-10-15,4,"Revenue growth of 34.7% to $181M is bullish, as is beating revenue expectations by 2.2%. However, the stock is down 3.2%, indicating bearish sentiment. Net tilt: mixed. Earnings report tomorrow could clarify direction."
2025-10-16,33,"**Earnings:** Bullish on EPS but bearish on revenue and overall earnings. Q4 EPS was $0.74 (vs. $0.24 YoY, beat estimate by $0.06), but missed revenue expectations ($647.71M vs. $651.23M consensus). FY2025 net profit adjusted to $42.80M (up from $19.32M).

**Stock Performance:** Bearish. Shares fell over 16% post-earnings due to missing earnings estimates.

**Revenue & Expenses:** Bullish on revenue growth (32.1% QoQ), bearish on FY2025 revenue miss. Capex decreased YoY but rose QoQ.

**Dividends:** Bearish. FY2025 dividend per share dropped to $1.12 from $2.62.

**Net Tilt:** Bearish. Revenue and dividend misses outweighed strong EPS growth."
2025-10-17,3,"**Earnings:** IIIN reported EPS of $0.24 vs. expected $0.61, missing significantly (bearish).

**Stock Price:** Shares closed at $32.11, down (bearish).

**Ownership:** Llc increased holdings by 0.7% QoQ (bullish).

**Net Tilt:** Conflicting signals; overall slightly bearish due to earnings miss and stock price drop."
2025-10-18,1,"**EBITDA Below Expectations:** Insteel Industries Inc. reported Q4 EBITDA of $24.19M vs. consensus of $24.84M, missing expectations by $0.65M. **Bullish:** EPS beat with $0.23 vs. expected $0.21. **Bearish:** Revenue and production volume slightly below forecasts. **Net Tilt:** Bearish due to EBITDA miss and revenue shortfall despite EPS beat."
2025-10-22,1,"**Earnings Call Highlights:**

- **Revenue:** Q4 revenue of $167M, slightly below guidance of $170M.
- **EPS:** EPS of $1.25, missing the expected $1.30.
- **Analyst Action:** BofA Securities downgraded IIIN from ""Buy"" to ""Neutral,"" reducing PT from $45 to $40.
- **Supply Changes:** Company announced a production cutback due to softer demand forecasts.

**Net Tilt:** Bearish

Evidence points towards a weak quarter with revenue and EPS misses, coupled with a downgrade and reduced price target. Supply adjustments indicate ongoing challenges."
2025-10-24,4,"**Revenue Growth:** Bullish. Insteel Industries reported a 32.0% YoY increase in revenue.

**Ownership Increases:** Bullish. Both Revenue and Ohio acquired stakes in IIIN, with Revenue increasing its holding by 7.3% in Q2.

**New Stakeholder:** Bullish. Llc took a new position in IIIN.

**Net Tilt:** Strongly Bullish. Multiple institutional investors increasing stakes and a new stakeholder indicate positive sentiment."
2025-10-28,5,"**Analyst Downgrades:** Weiss Ratings downgraded IIIN to Hold, while Zacks Research reduced their rating from Strong-Buy to Hold. Both actions are **bearish**, indicating reduced confidence in the stock’s upside potential.

**Earnings Miss:** IIIN reported EPS of $0.74, missing the consensus estimate of $0.75, which is **bearish** as it suggests weaker-than-expected financial performance.

**Stock Performance:** Shares opened at $30.65 on Friday, showing a slight decline, reinforcing the **bearish** sentiment.

**Net Tilt:** Multiple bearish signals from analyst downgrades and earnings miss indicate a **NET BEARISH** tilt."
2025-11-11,1,"**Dividend Announcement:** Insteel Industries declared a dividend of $1.03 per share. **Direction:** Neutral to Bullish. Evidence: Dividends can attract income-focused investors, potentially boosting share price. However, the impact is generally moderate and depends on broader market conditions and investor sentiment towards dividends."
2025-11-14,1,"**Executive Resignation:** Insteel Industries directors plan to step down (bearish). No specific details on the impact, but leadership transitions can introduce uncertainty and potentially disrupt operations.

**Net Tilt:** Bearish due to potential operational disruptions and uncertainty."
2025-11-15,1,"**Dividend Announcement:** IIIN announced a dividend payout of $1.03 per share. **Bullish** as it indicates financial health and shareholder-friendly policies. However, no change in stock price target or rating from analysts noted. No conflicting signals present."
2025-11-21,4,"**Earnings & Revenue:** Bullish. EPS beat at $0.24 vs. expected $0.61, missing but still positive. Revenue surged 32.0%, beating expectations.

**Ownership Changes:** Mixed. Llc increased stake by 150.9%, bullish. Bank of New York Mellon trimmed by 1.0%, bearish. Net tilt slightly bullish due to significant increase by Llc.

**Net Tilt:** Slightly Bullish."
2025-11-30,6,"**Ownership Increase:** Bullish. Vanguard Group Inc. increased holdings by 4.2%, Mirae ASSET GLOBAL ETFS HOLDINGS Ltd. by 1.2%, and Invenomic Capital Management LP by 63.4%. Geode Capital Management LLC also grew its stake.

**Stock Performance:** Bearish. IIIN stock price down 3.7%.

**Earnings Estimate:** Neutral. Analysts expect EPS of $1.38 for the current fiscal year.

**Net Tilt:** Mixed signals with significant institutional buying but recent stock price decline."
2025-12-01,4,"**Revenue Growth:** Bullish. IIIN reported QoQ revenue growth of 32.0%, indicating strong demand.

**Institutional Ownership Increase:** Bullish. Multiple institutions increased their stakes: Charles Schwab by 36.2%, Nuveen LLC acquired a new position worth $1.19M, and PSP Investments increased by 26.6%.

NET TILT: Strongly Bullish."
2025-12-03,2,"**Insteel Industries (IIIN)**

- **Bullish**: Franklin Resources Inc. acquired 75,734 shares, indicating institutional interest and support.
- **Neutral**: No conflicting signals present.

NET TILT: Bullish."
2025-12-08,3,"**Revenue Growth:** Bullish. Insteel Industries reported Q4 revenue up 32.0%, significantly beating expectations.

**Ownership Increase:** Bullish. System acquired a new stake in Insteel Industries, indicating institutional confidence.

**Stock Performance:** Bullish. Shares opened at $31.68, reflecting positive market sentiment.

**Net Tilt:** Strongly Bullish. All signals indicate positive momentum with no conflicting data."
2025-12-15,1,"Insteel Industries announced their first quarter 2026 conference call. This is neutral as it does not provide specific financial or operational details. However, it sets the stage for potential updates during the call which could include EPS, revenue forecasts, production levels, or other key metrics that may influence trading decisions.

NET TILT: Neutral (No concrete trading signals provided yet)."
2025-12-20,7,"**Analyst Actions:** Zen upgraded IIIN to ""Buy"" (bullish). Research downgraded from ""Strong-Buy"" to ""Hold"" (bearish).

**Earnings & Revenue:** Q4 revenue $177.44M vs. est. $179.40M (bearish). EPS $0.74 vs. est. $0.75 (bearish).

**Price Movement:** IIIN traded down 3.6% (bearish). Opened at $31.78 (neutral).

**Net Tilt:** Mixed signals with analyst upgrade offset by earnings miss and revenue shortfall. **NET: Neutral to Slightly Bearish.**"
2025-12-22,1,"**Analyst Upgrade:** Wall Street Zen upgraded IIIN, raising the stock rating and setting a new price target of $0.54, indicating a **bullish** stance based on potential upside.

**Net Tilt:** Bullish

*No conflicting signals present.*"
