date,n_headlines,summary
2023-01-07,5,"**Ownership Changes:** Wells Fargo increased its stake by 234.8%, while Eaton Vance increased by 53.8%; however, Revenue Sells decreased holdings by selling 951 shares (mixed signals).

**Stock Price and EPS Estimates:** JJSF opened at $152.64; analysts predict EPS of 4.86 for FY.

**Net Tilt:** Ownership shows strong institutional interest but mixed signals; EPS estimates neutral. **HOLD** until clearer direction emerges."
2023-01-10,5,"**Cl King upgraded JJSF’s target price from $165.00 to $180.00, bullish.** Institutional investors increased holdings: Synovus Financial Corp upped its position by 1.3% in Q3, Eaton Vance Management by 53.8% in Q1, and Wells Fargo & Co by 234.8% in Q2, all bullish. **JJSF stock fell 2.0% today, bearish.** Net tilt: mixed but slightly bullish due to upgrades and significant institutional buying outweighing the recent price drop."
2023-01-14,4,"**Ownership Increase:** Bullish. Revenue grew its holdings in JJSF by 8.9%, indicating institutional confidence.

**Stake Acquisition:** Bullish. Sg Americas Securities LLC acquired 2,666 additional shares, showing continued interest from investment firms.

**Earnings Estimate:** Neutral. Analysts predict EPS of 4.86 for the current year, providing a stable outlook but lacking directional signal.

**Net Tilt:** Bullish. Multiple institutional actions suggest positive sentiment towards JJSF."
2023-01-16,2,"**Ownership Increase:** Bullish. Synovus Financial Corp. increased its stake in JJSF by 1.3% in Q3, indicating institutional confidence. Additionally, New York State Teachers Retirement System purchased 200 new shares, further signaling investor interest."
2023-01-17,2,"**Ownership Changes:** 
- **Bullish:** Associates increased holdings by 25.0% in Q1.
- **Bearish:** Inc. cut stake by reducing holdings.

**Net Tilt:** Mixed signals with slight lean bullish due to larger percentage increase from Associates."
2023-01-21,5,"**Price Target Upgrade:** Cl King upgraded JJSF’s price target from $165.00 to $180.00, bullish.

**Stock Performance:** Shares gapped up to $148.41, indicating strong buying interest, bullish.

**Ownership Increase:** Inc. significantly increased its stake by 578.6% in Q3, signaling confidence, bullish.

**Earnings Update:** Last earnings were released on Nov 14th; analysts predict EPS of 4.86 for FY, neutral.

**Net Tilt:** Strongly Bullish."
2023-01-22,4,"**Ownership Changes:**  
- **Bullish:** De lifted its holdings in J&J Snack Foods by 12.7%.  
- **Bearish:** Comerica Bank reduced its holdings by 0.34%.

**Earnings Data:**  
- No new earnings data released today; last earnings were posted on Nov 14th.

**Net Tilt:** Mixed signals from ownership changes, but overall slightly bullish due to De’s significant increase."
2023-01-27,1,"**Earnings Preview: J&J Snack Foods**

- **Analyst Actions:** No significant analyst actions reported.
  
- **Earnings Estimate:** No specific earnings beat/miss details provided.

- **Catalysts & Signals:** 
  - **Bullish:** None identified.
  - **Bearish:** None identified.

**Net Tilt:** Neutral due to lack of concrete signals.

A trader should await further developments or earnings release details before making a decision."
2023-01-28,7,"**Bullish Signals:**
- **Price Target Upgrade:** Cl King raised price target from $165.00 to $180.00.
- **Increased Ownership:** Multiple firms increased holdings or initiated new stakes (Llc, Jane Street Group LLC, Pathstone Family Office LLC).

**Neutral Signals:**
- **Current Stock Price:** Opened at $149.64.
- **Analyst EPS Estimate:** Anticipated EPS for FY is 4.83.

**Net Tilt:** Bullish due to multiple ownership increases and a significant price target upgrade."
2023-01-29,2,"Institutional ownership trends mixed: System lifted its position in JJSF by 1.3%, potentially bullish. Conversely, Russell Investments sold 3,868 shares, slightly bearish. Net signal mildly positive due to larger increase from System."
2023-01-30,16,"**Earnings Miss:** JJSF missed Q1 EPS by 17c, reporting $0.42 vs. consensus $0.47, indicating **bearish** sentiment. 

**Revenue Growth:** Q1 revenue rose 10.3% to $351.3M, driven by retail sales up 0.9% to $43.1M, but soft pretzel sales fell 10.6%, showing mixed signals.

**Facility Expansion:** Two new frozen novelty lines were opened, signaling **bullish** operational expansion.

**Stock Reaction:** Post-earnings, JJSF stock dropped 5%, reflecting market disappointment with the earnings miss.

**Net Tilt:** Mixed signals with a **net bearish** tilt due to earnings miss and soft pretzel sales decline."
2023-01-31,4,"**Earnings Downbeat**: J&J Snack Foods reported Q1 pre-tax profit of $12.00M vs. $15.10M last year, and adjusted EBITDA of $27.12M vs. consensus $27.78M, both below expectations (bearish).

**Analyst Neutral**: Benchmark reiterated ""Buy"" but no change in PT (neutral).

**Net Tilt**: Bearish due to earnings miss."
2023-02-01,2,"**Ownership Increase:** Bullish. Bessemer Group Inc. significantly increased its stake in J&J Snack Foods by 578.6% during Q3, indicating potential confidence in the company’s future prospects.

No conflicting signals present. **Net Tilt:** Bullish."
2023-02-02,6,"**Earnings Mixed:** Q1 operating income rose 113% to $1.83M, but Q1 profit guidance was lowered (bearish). Stock fell 30% in Q1 (bearish). LLC increased stake by 15.1% in Q3 (bullish). EPS forecast for FY is $4.83 (neutral). Conference call scheduled (neutral). **Net Tilt:** Bearish due to guidance cut and stock drop despite strong operating income."
2023-02-03,8,"**Earnings Estimate Downgrade:** William Blair downgraded Q2 2023 EPS estimates for JJSF, indicating **bearish** sentiment. 

**Revenue Miss:** JJSF reported Q2 revenue of $351.34M, missing the consensus estimate of $360.70M, signaling **bearish** performance.

**Institutional Ownership Increase:** Proshare Advisors LLC increased its stake by 4.8% in Q4, while another firm initiated a new position in Q2, suggesting some **bullish** institutional interest.

**Net Tilt:** Conflicting signals with significant bearish indicators outweighing the bullish ownership trends. Overall, **net tilt is bearish**."
2023-02-04,12,"**Analyst Downgrades:** Com initiated coverage with a ""Sell"" rating, downgrading from ""Hold."" **Bullish:** EPS beat reported at $0.58 vs. forecast. **Bearish:** EPS estimate lowered to $1.66 for Q3 2023 by William Blair. **Neutral:** Multiple institutions increased holdings (Raymond James, Citigroup, PNC, BMO, MetLife, Eaton Vance, Macquarie). **Net Tilt:** Bearish due to analyst downgrade and EPS downgrade outweighing EPS beat and institutional support."
2023-02-05,5,"**Bullish Signals:**
- **Price Target Upgrade:** Cl King raised price target from $165.00 to $180.00.
- **Increased Ownership:** Multiple large investors increased stakes: Blackrock (0.9%), Vanguard (1.9%), Allspring (1.7%), and State Street (2.1%).

**Net Tilt:** Bullish due to price target increase and significant stake increases by major investors."
2023-02-06,5,"**Earnings Estimate Downgrade:** Jefferies downgraded Q2 2023 EPS to 0.62, bearish.  
**Ownership Increase:** Llc increased holdings by 15.1%, bullish.  
**Analyst Estimates:** Consensus FY EPS estimate is 4.53, neutral.  
**Price Action:** Stock opened at $141.23, neutral.  
**Position Update:** P. has a $79k position, neutral.  

**Net Tilt:** Mixed signals with a slight lean towards bearish due to the EPS downgrade."
2023-02-07,2,"**Ownership Increase:** System increased its stake in J&J Snack Foods by 1.3%, indicating institutional interest (Bullish).

**Revenue Miss:** Q4 revenue was $351.34M vs. analyst estimates of $360.70M, missing expectations by $9.36M (Bearish).

**Net Tilt:** Mixed signals with institutional support but revenue underperformance."
2023-02-08,7,"**Ownership Changes:** Bullish. Eaton Vance Management increased holdings by 53.8%, Macquarie Group Ltd. by 3.5%, and Allspring Global Investments Holdings LLC by 2.9%. Virtu Financial LLC acquired a new stake. However, Barclays PLC cut its position. **Net Tilt:** Bullish.

**Earnings Release:** Neutral. J&J Snack Foods released Q4 earnings on January 31st, but no specific details on EPS or revenue were provided in the headlines. No earnings surprise mentioned."
2023-02-09,7,"**Analyst Downgrade:** Com lowered J&J Snack Foods' rating from ""hold"" to ""sell"" (bearish).

**Institutional Ownership:** NY State Teachers Retirement System and Fmr LLC increased stakes (bullish). Victory Capital Management purchased additional shares (bullish).

**Earnings Update:** Q4 earnings released on Jan 31; EPS estimates for FY at $4.35 (neutral).

Signals conflict with mixed institutional activity but net tilt slightly **bearish** due to recent downgrade."
2023-02-10,4,"**Ownership Changes:** 
- **Bullish:** Llc increased stake by 15.1%.
- **Bearish:** Teacher Retirement System of Texas decreased holdings.

**Revenue Performance:**
- **Bearish:** Qtrly revenue of $351.34M missed estimates by $9.36M.

**Stock Price:**
- **Bearish:** Opened at $140.83 on Friday.

**Net Tilt:** Bearish due to revenue miss and institutional sell-off despite one bullish ownership increase."
2023-02-14,4,"**Analyst Ratings:** Bearish - Com cut J&J Snack Foods' rating from ""hold"" to ""sell"" on Feb 3rd.

**Ownership Trends:** Mixed - Mutual of America Capital Management LLC increased holdings by 18.6% in Q3, while System has stable holdings at $484k.

**Earnings Estimates:** Neutral - Analysts predict EPS of 4.35 for the current fiscal year.

**Net Tilt:** Bearish due to recent downgrade despite ownership increase by one investor."
2023-02-15,1,"**Dividend Announcement:** J&J Snack Foods declared a quarterly dividend of $0.70 per share. **Bullish** as it indicates financial stability and confidence in future earnings. No conflicting signals present.

NET TILT: Bullish"
2023-02-20,6,"**Price Target Upgrade:** Cl King upgraded JJSF’s price target from $165.00 to $180.00 (Bullish).

**Ownership Changes:** 
- Victory Capital Management Inc. increased stake by 43.7% in Q3 (Bullish).
- Increased stake by 26.4% in Q2 (Bullish).
- Hennion & Walsh Asset Management Inc. sold shares (Bearish).

**Earnings Estimate:** Analysts predict EPS of 4.35 for FY (Neutral).

**Net Tilt:** Bullish due to upgrades and increased ownership outweighing the single sell-off."
2023-02-27,4,"**Ownership Increases:** Macquarie Group Ltd., Eaton Vance Management, and Allspring Global Investments Holdings LLC increased their stakes in JJSF by 3.5%, 53.8%, and 2.9% respectively, indicating **bullish** sentiment. Additionally, Dimensional Fund Advisors LP bought 3,221 shares, further signaling **bullish** interest. These actions suggest institutional confidence in JJSF’s prospects."
2023-03-01,6,"**Price Target Upgrade:** Cl King upgraded J&J Snack Foods' price target from $165.00 to $180.00 (Bullish).

**Ownership Increases:** Victory Capital Management Inc. increased holdings by 43.7% in Q3, and another firm increased its position by 26.4% in Q2 (Bullish).

**Revenue Miss:** Revenue of $351.34M missed estimates of $360.70M (Bearish).

**Stock Performance:** Stock opened at $141.21 (Neutral).

**EPS Guidance:** Analysts expect EPS of 4.35 for the current year (Neutral).

**Net Tilt:** Mixed signals with upgrades and increased ownership offsetting the revenue miss."
2023-03-03,2,"**Ownership Changes:**  
- **Bullish:** Bessemer Group Inc. increased its stake in JJSF by 578.6% in Q3, indicating confidence in the company’s prospects.  
- **Bearish:** Tower Research Capital LLC sold shares of JJSF, suggesting a less optimistic view.  

**Net Tilt:** Mixed signals from institutional ownership changes."
2023-03-05,1,"**Ownership Increase:** Bullish. LLC raised its stake in J&J Snack Foods by 144.2%, indicating increased confidence in the company’s prospects.

No conflicting signals present. **NET TILT:** Bullish."
2023-03-06,4,"**Earnings:** Bullish. J&J Snack Foods reported EPS of $0.58, beating the expected $0.61.  
**Ownership Increase:** Bullish. P. increased its stake by 202.5%, indicating confidence.  
**Stake Acquisition:** Bullish. Lp acquired 3,175 shares, showing continued interest.  
**Analyst Estimate:** Bearish. Analysts now expect EPS of 4.35 for the current year, down from previous estimates.  

**Net Tilt:** Mixed signals but overall slightly bullish due to recent ownership increases and share acquisitions."
2023-03-09,8,"**Ownership Trends:** Bullish. Institutional investors like Bessemer Group Inc., Llc, Vanguard Group Inc., Allspring Global Investments Holdings LLC, Macquarie Group Ltd., and State Street Corp increased their stakes in JJSF by significant percentages (578.6%, 144.2%, 1.0%, 2.9%, 3.5%, and 0.5% respectively). However, Renaissance Technologies LLC sold shares, indicating mixed signals.

**Price Action:** Neutral. JJSF opened at $141.96 on Thursday, showing no change from the previous close.

**Net Tilt:** Slightly Bullish due to substantial increases by major institutions despite one notable decrease."
2023-03-10,4,"**Ownership Increase:** Bullish. Victory Capital Management Inc. increased its stake by 43.7%, and Alphacrest Capital Management LLC bought 4,105 shares.

**Stock Performance:** Bearish. JJSF stock fell by 0.7%.

**Earnings Forecast:** Neutral. Analysts predict EPS of $4.35 for the current year.

**Net Tilt:** Mixed signals with a slight bearish bias due to recent stock performance."
2023-03-12,2,"**Ownership Decrease:** Blackrock Inc. decreased its stake in JJSF, indicating potential bearish sentiment from a major institutional holder. 

**Stock Price Movement:** JJSF stock opened at $139.46 on Friday, showing no significant change from the previous day.

**Net Tilt:** Bearish due to the ownership decrease by a significant investor."
2023-03-13,6,"**Analyst Downgrade:** Com downgraded JJSF from ""hold"" to ""sell,"" citing concerns (bearish).

**Institutional Ownership Increases:** Multiple institutions increased holdings: Bank of New York Mellon (+25.0%), Raymond James & Associates (+6.6%), PNC Financial Services Group (+52.5%), Bank of Montreal Can (+2.8%), and MetLife Investment Management LLC (+52.5%) (bullish).

**Net Tilt:** Mixed signals with one bearish analyst action and multiple bullish ownership increases."
2023-03-17,6,"**Ownership Increases:** Bullish. Multiple institutions increased their stakes: Synovus Financial Corp raised by 1.3% in Q3, Captrust Financial Advisors by 4.3% in Q2, Fmr LLC by 15.6% in Q2, and Ubs Asset Management Americas Inc. by 0.5% in Q2. Additionally, a small stake was acquired by Llc.

**Stock Price:** Neutral. JJSF opened at $143.51 on Friday with no additional price movement signals provided.

**Net Tilt:** Bullish due to significant institutional buying."
2023-03-24,4,"**Analyst Upgrade:** StockNews.com upgraded JJSF to ""Hold"" (bullish).

**Revenue Growth:** Q4 revenue increased 10.3% (bullish).

**Ownership Increase:** Morgan Stanley significantly increased its stake by 319.3% in Q4 (bullish).

**Earnings Guidance:** Analysts expect EPS of $4.35 for FY (neutral).

**Net Tilt:** Bullish."
2023-03-25,4,"**Ownership Changes:** 
- **Bullish:** Captrust Financial Advisors increased holdings by 4.3%, and Fmr LLC increased holdings by 15.6%.
- **Bearish:** Inc. lowered its stake.

**Net Tilt:** Bullish due to significant increases by major investors outweighing the reduction by Inc."
2023-03-26,11,"**Analyst Ratings:** StockNews.com upgraded JJSF from ""Sell"" to ""Hold"" (Bullish).

**Ownership Changes:** 
- Eaton Vance, Macquarie Group, Wells Fargo, Raymond James, Citigroup, PNC Financial, and MetLife all increased their holdings significantly (Bullish).
- Llc reduced its position by 21.1% (Bearish).

**Earnings:** JJSF’s latest earnings were announced on Jan 31st, but no specific details provided (Neutral).

**Net Tilt:** Bullish due to multiple large increases in holdings and analyst upgrade.

**Price Action:** Opened at $145.96 (Neutral)."
2023-03-27,9,"**Revenue Growth:** Bullish. J&J Snack Foods reported a 10.3% increase in revenue YoY.

**Institutional Ownership Increases:** Bullish. Multiple institutions increased their stakes: Blackrock (0.9%), Vanguard (1.9%), Allspring (2.9%), State Street (2.1%), and Synovus (1.3%).

**Minor Ownership Decrease:** Bearish. One entity sold 250 shares.

**Earnings Guidance:** Neutral. Analysts predict EPS of $4.35 for the current fiscal year.

**Net Tilt:** Bullish. Institutional buying outweighs minor selling."
2023-03-28,1,"**Earnings Call Scheduled:** JJSF scheduled a conference call to discuss Q2 2023 results. No specific figures or guidance provided yet. **Neutral** until details emerge.

**Analyst Actions:** No notable analyst upgrades, downgrades, or PT changes reported today. **Neutral**

**Catalysts:** None significant. **Neutral**

**Net Tilt:** Neutral. No clear directional signals from today’s headlines."
2023-03-30,2,"**Ownership Increase:** Ohio increased its position in J&J Snack Foods by 2.8% in Q3, indicating institutional support (bullish).

**Stock Performance:** J&J Snack Foods stock traded down 2.2%, reflecting market sentiment (bearish).

**Net Tilt:** Conflicting signals; overall slightly bearish due to recent stock decline."
2023-04-02,5,"**Downgrade to Sell at StockNews.com (Bearish)**: J&J Snack Foods (NASDAQ:JJSF) was downgraded to ""Sell"" by StockNews.com, indicating a negative outlook.

**Stake Increases by Major Holders (Bullish)**: Bessemer Group Inc. increased its stake by 578.6% in Q3, while another holder increased its stake by 144.2% in Q2, suggesting confidence among some major investors.

**Earnings Data and Guidance**: The company last reported earnings on Jan 31, with analysts expecting EPS of $4.23 for the current year.

**Net Tilt**: Mixed signals with a **NET TILT TOWARDS BEARISH** due to the recent downgrade."
2023-04-09,8,"**Upgrade to Hold**: StockNews.com upgraded JJSF from Sell to Hold.

**Revenue Growth**: Q1 revenue up 10.3%.

**Increased Ownership**: Multiple institutions increased holdings: Raymond James (+25%), Citigroup (+8.1%), PNC Financial (+6.6%), BMO (+2.8%), and MetLife (+52.5%).

**Earnings Guidance**: Analysts expect FY EPS of 4.23.

**Net Tilt**: Bullish due to revenue growth and institutional buying despite mixed analyst sentiment."
2023-04-11,1,"**Ownership Increase:** Bullish. Exchange Traded Concepts LLC increased its position in JJSF, indicating confidence in the stock.

No conflicting signals present. **NET TILT:** Bullish."
2023-04-16,7,"**Ownership Increases:** Eaton Vance, Macquarie Group, Wells Fargo, and Allspring Global all increased their stakes in JJSF (Bullish). Additionally, a new investor took a position (Bullish).

**Price Movement:** JJSF stock traded down 1.8% (Bearish).

**Earnings Forecast:** Analysts predict EPS of $4.23 for FY (Neutral).

**Net Tilt:** Mixed signals with significant institutional buying offset by recent price decline."
2023-04-17,3,"**Revenue Growth:** Bullish. Q4 revenue grew 10.3% YoY, indicating strong sales performance.

**Institutional Ownership:** Bullish. Victory Capital Management increased holdings by 43.7%, signaling confidence in JJSF’s prospects.

**New Stakeholder:** Bullish. New York State Teachers Retirement System purchased 783 shares, adding to institutional support.

**Net Tilt:** Bullish. All signals indicate positive momentum and institutional backing."
2023-04-19,2,"**Ownership Increase:** Bullish. Synovus Financial Corp increased its stake in J&J Snack Foods by 1.3% in Q3, while Fmr LLC boosted its position by 15.6% in Q2. Institutional support is strengthening, indicating confidence in the company’s prospects.

Net Tilt: **Bullish**."
2023-04-21,1,"Today’s headlines for JJSF lack direct financial or operational updates. The only relevant headline is a partnership between Icee and Kellogg's on a new cereal product, which does not directly impact JJSF. No EPS, revenue, analyst actions, earnings surprises, or significant catalysts were reported. Given the absence of trading-relevant signals, the net tilt is neutral. A HOLD recommendation is advised until more concrete signals emerge."
2023-04-22,8,"**Ownership Changes:** Bullish. Blackrock, Vanguard, Allspring, Macquarie, and State Street increased their stakes in JJSF, while Comerica Bank sold shares.

**Stock Performance:** Bullish. JJSF stock gained 0.4%.

**Earnings Estimate:** Neutral. Analysts predict EPS of 4.23 for the current year.

**Net Tilt:** Bullish. Multiple large investors increased their positions, indicating confidence, despite one minor reduction."
2023-04-24,2,"**Ownership Increase:** Bullish. American Century Companies Inc. and Pathstone Family Office LLC both purchased new positions in J&J Snack Foods, indicating institutional confidence. (Evidence: New positions taken in Q4 and Q3 respectively.)"
2023-04-27,1,"**Partnership Announcement:** Kellogg’s and ICEE Company announced a strategic partnership (bullish). This collaboration is expected to enhance distribution and expand product reach, potentially boosting sales and market share. No specific financial details were provided, but such partnerships typically indicate positive growth prospects.

**Net Tilt:** Bullish

*Note: No conflicting signals present.*"
2023-04-28,6,"**Ownership Changes:** 
- **Bullish:** Llc increased holdings by 15.1% in Q3, Fmr LLC increased by 15.6% in Q2, and Captrust Financial Advisors increased by 4.3% in Q2.
- **Bearish:** An unnamed entity sold 1,318 shares.

**Price Action & Earnings Estimate:**
- **Neutral/Bullish:** Shares opened at $153.04 on Friday.
- **Neutral:** Analysts predict EPS of $4.23 for the current fiscal year.

**Net Tilt:** Bullish due to significant increases in institutional ownership outweighing the minor sell-off."
2023-04-29,2,"**Ownership Increase:** Bullish. Morgan Stanley increased its stake in J&J Snack Foods by 319.3% in Q4, indicating confidence in the company.

**Stock Performance:** Neutral. J&J Snack Foods stock gained 0.1%, showing minimal movement.

**Net Tilt:** Slightly Bullish due to significant institutional buying despite minor stock movement."
2023-04-30,3,"**Ownership Increase:** Bullish. Synovus Financial Corp increased its stake by 2.8% in Q4, while Bessemer Group Inc. significantly boosted its position by 578.6% in Q3.

**Stock Price:** Neutral. JJSF opened at $153.20 on Friday.

**Net Tilt:** Bullish due to substantial ownership increases indicating institutional confidence."
2023-05-01,13,"**Earnings Mixed:** JJSF reported Q2 Non-GAAP EPS of $0.43, missing estimates by $0.03 (bearish). However, pretax profit of $11.60M beat consensus by $0.10M (bullish). Revenue surged 20% to $337.9M, a record high (bullish). EBITDA rose to $28.20M from $18.00M (bullish). The company expanded production capacity (bullish). **Net Tilt:** Bullish due to strong revenue growth and EBITDA expansion despite EPS miss."
2023-05-02,4,"**Ownership Increase:** Bullish. [ownership-increase-held|ess0.37] LLC increased its stake in JJSF by 10.7% in Q4 and by 144.2% in Q2, indicating confidence. Additionally, [stake-acquiree|ess0.18] LLC bought 180 new shares.

**Earnings Forecast:** Neutral. Analysts predict EPS of $4.23 for the current fiscal year, aligning with expectations but lacking directional signal.

**Net Tilt:** Bullish due to significant ownership increases."
2023-05-03,8,"**Analyst Ratings:** TheStreet upgraded JJSF from ""C"" to ""B-"", bullish.

**Ownership Changes:** 
- Bullish: Morgan Stanley, Wells Fargo, and Macquarie increased positions significantly.
- Bearish: Cantonalbank sold 293 shares.

**Earnings:** Q2 earnings call held on May 1st; no specific details provided.

**Net Tilt:** Bullish due to analyst upgrade and significant increases in major holdings despite one small sell-off."
2023-05-04,5,"**Earnings Surge Bullish:** J&J Snack Foods reported operating income of $4.57 million, a 86% increase year-over-year, indicating strong operational performance.

**Institutional Ownership Increase Bullish:** Both Captrust Financial Advisors and Fmr LLC increased their positions in J&J Snack Foods by 4.3% and 15.6%, respectively, signaling institutional confidence.

**Stock Price Neutral:** Shares opened at $156.26, reflecting no immediate price movement but maintaining a stable position.

**Net Tilt:** Bullish due to robust earnings growth and significant institutional buying."
2023-05-05,5,"**Revenue Growth:** Bullish. J&J Snack Foods reported a 20.0% YoY increase in revenue.

**EPS Estimate Downgrade:** Bearish. William Blair downgraded Q3 2023 EPS estimate to $0.62.

**Price Target Upgrade:** Bullish. Benchmark raised PT to $170 from lower figure.

**FY2023 EPS Estimate:** Neutral. William Blair estimates FY2023 EPS at $3.90.

**Rating Maintenance:** Neutral. Benchmark maintains ""Buy"" rating.

**Net Tilt:** Mixed signals with revenue growth and PT upgrade bullish, but EPS downgrade bearish."
2023-05-06,3,"**Earnings Estimate Downgrade:** William Blair downgraded J&J Snack Foods' Q4 2023 EPS estimate to $1.61, bearish.

**Institutional Ownership Increase:** Victory Capital Management increased its stake by 1,460.7%, and Eaton Vance Management increased its stake by 53.8%, both bullish.

**Net Tilt:** Mixed signals with one bearish earnings downgrade and two strong institutional buys."
2023-05-13,14,"**Revenue Growth:** Bullish. QoQ revenue up 20.0%.

**Institutional Ownership:** Bullish. Multiple institutions increased positions: Blackrock (+0.9%), Vanguard (+1.9%), Allspring (+1.7%), Macquarie (+7.5%), State Street (+2.1%), Llc (+144.2%), Bessemer Group (+578.6%).

**Minor Ownership Shifts:** Bearish. One fund sold 707 shares.

**Earnings & Guidance:** Neutral. Earnings reported on May 1st; analysts expect EPS of 3.85 for FY.

**Stock Price:** Bearish. Shares opened at $159.45 on Friday, down slightly from previous close.

**Net Tilt:** Bullish, with strong institutional support outweighing minor selling pressure."
2023-05-16,4,"**Ownership Changes:** 
- **Bullish:** Citigroup Inc. increased its stake in JJSF by 25.4%.
- **Bearish:** Another bank decreased its stake in JJSF.

**Earnings Performance:**
- **Bearish:** JJSF reported EPS of $0.43, missing the consensus estimate of $0.49.

**Net Tilt:** Bearish due to earnings miss despite institutional interest increase."
2023-05-17,5,"**Ownership Increases:** Raymond James & Associates increased holdings by 25.0%, PNC Financial Services Group by 6.6%, Bank of Montreal by 2.8%, and MetLife Investment Management by 52.5%. **Direction:** Bullish. Institutional investors' increased holdings suggest confidence in JJSF’s future performance.

**System Position:** A system holds a $689,000 position in JJSF. **Direction:** Neutral. This indicates ongoing interest but does not provide directional bias.

**Net Tilt:** Bullish. Multiple significant ownership increases indicate strong institutional support."
2023-05-19,1,"**Dividend Announcement:** J&J Snack Foods Corp. announced a quarterly cash dividend. This is **neutral** as it does not provide specific figures or changes in dividend amount, but indicates consistent payout policy. No other trading-relevant signals provided."
2023-05-22,8,"**Ownership Trends:** Bullish. Institutional investors like Blackrock, Vanguard, Allspring Global, and State Street increased their positions in JJSF, with notable boosts from Victory Capital (+43.7%) and Inc. (+14.4%). However, Envestnet Asset Management reduced its holdings slightly (-2.1%).

**Earnings Estimate:** Neutral. Analysts expect EPS of $3.85 for the current year.

**Net Tilt:** Bullish due to significant increases by major institutions despite one minor reduction."
2023-05-23,6,"**Revenue Growth:** Bullish; J&J Snack Foods reported a 20.0% YoY increase in revenue.

**Institutional Ownership:** Bullish; Fmr LLC increased its position by 15.6%, and Bessemer Group Inc. grew its stake by 578.6%.

**New Stake:** Bullish; Raymond James Financial Services Advisors Inc. bought 587 shares.

**Stock Price:** Bearish; Shares opened at $155.33, down from previous close.

**Dividend:** Neutral; Company declared a $0.70 dividend.

**Net Tilt:** Bullish, with strong institutional buying offsetting stock price weakness."
2023-05-28,8,"**Ownership Increases:** Bullish. Multiple institutions increased their stakes in JJSF: Dimensional Fund Advisors LP, Citigroup Inc., PNC Financial Services Group Inc., Bank of Montreal Can, and MetLife Investment Management LLC, indicating institutional confidence.

**Stock Performance:** Neutral. JJSF stock was up 0.1%, opening at $156.45.

**Earnings Estimate:** Neutral. Analysts predict EPS of 3.85 for the current year.

**Net Tilt:** Bullish due to significant institutional buying."
2023-05-29,5,"**Bullish Ownership Increases:** Blackrock Inc., Vanguard Group Inc., Allspring Global Investments Holdings LLC, Macquarie Group Ltd., and State Street Corp. all increased their stakes in J&J Snack Foods during recent quarters. Blackrock lifted its position by 0.9%, Vanguard by 1.9%, Allspring by 1.7%, Macquarie by 7.5%, and State Street by 2.1%. This indicates continued institutional support and confidence in the stock."
2023-06-02,5,"**Earnings:** J&J Snack Foods reported EPS of $0.17, missing the expected $0.61 (bearish).

**Ownership Increases:** Bessemer Group Inc. increased its stake by 578.6%, and another entity increased its position by 144.2% (bullish).

**Stake Acquisition:** O Shaughnessy Asset Management LLC acquired 1,698 shares (bullish).

**Net Tilt:** Mixed signals with significant institutional buying offsetting earnings miss."
2023-06-03,3,"Revenue growth: J&J Snack Foods reported a 20.0% YoY increase in quarterly revenue, bullish. Ownership increase: Fmr LLC increased its stake by 15.6%, indicating confidence, bullish. Acquisition: The firm acquired 2,919 additional shares, showing continued interest, bullish. Net signal is strongly bullish with no conflicting signals."
2023-06-05,7,"**Ownership Increases:** Multiple institutional investors increased their stakes in JJSF, including Vanguard (+1.9%), Allspring (+1.7%), Macquarie (+7.5%), State Street (+2.1%), Wells Fargo (+234.8%), Eaton Vance (+53.8%), and Victory Capital bought 1,595 new shares. **Direction:** Bullish. Evidence: Significant stake increases indicate confidence in JJSF’s future performance."
2023-06-10,7,"**Ownership Trends:** Bullish. Raymond James & Associates, Citigroup Inc., PNC Financial Services Group Inc., Bank of Montreal, and MetLife Investment Management increased their holdings in JJSF by 25%, 8.1%, 6.6%, 2.8%, and 52.5% respectively. However, one LLC decreased its position slightly.

**Earnings Estimate:** Neutral. Analysts predict EPS of $3.85 for the current year, unchanged from previous estimates. 

**Net Tilt:** Bullish due to significant increases in major institutional holdings despite one minor reduction."
2023-06-13,3,"**Revenue Beat:** J&J Snack Foods reported Q revenue of $337.85M vs. analyst estimates of $335.18M, beating expectations by $2.67M (Bullish).

**Ownership Increase:** Llc increased its stake in JJSF by 603.4% in Q3, indicating strong institutional interest (Bullish).

**Position Held:** Another Llc holds a significant position of $21.94M in JJSF, suggesting continued institutional confidence (Bullish).

**Net Tilt:** Bullish."
2023-06-14,4,"**Ownership Increase:** Bullish. Bessemer Group Inc. increased its stake in JJSF by 578.6%, and Benedict Financial Advisors Inc. acquired 1,344 shares.

**Earnings Data:** Neutral. JJSF released its quarterly earnings data on May 1st, but no specific figures or surprises were detailed in the provided headlines.

**Net Tilt:** Bullish due to significant institutional buying."
2023-06-15,8,"**Ownership Increases:** Blackrock, Vanguard, Macquarie, Morgan Stanley, and State Street all increased their positions in JJSF, with Morgan Stanley growing its stake by a massive 319.3%. **Bullish**.

**Dividend Announcement:** JJSF announced a quarterly dividend of $0.70. **Neutral**.

**Earnings Estimate:** Analysts predict EPS of 3.85 for the current fiscal year. **Bullish**.

**Net Tilt:** Bullish due to significant institutional buying and positive earnings estimates."
2023-06-18,8,"**Revenue Growth:** Bullish. J&J Snack Foods reported a 20.0% year-over-year increase in revenue.

**Earnings Surprise:** Bearish. EPS came in at $0.43, missing the expected $0.61.

**Institutional Ownership:** Mixed. Blackrock, Vanguard, Allspring, and Macquarie increased holdings, while Confluence Investment Management sold shares. Net tilt is slightly bullish due to larger increases from major institutions like Morgan Stanley.

No conflicting signals; overall **NET TILT:** Bullish."
2023-06-22,3,"**Revenue Beat:** Bullish. Q2 revenue was $337.85M vs. estimates of $335.18M.

**Ownership Increase:** Bullish. Llc increased its stake by 603.4%.

**EPS Guidance:** Neutral. Analysts forecast FY EPS at 3.85.

**Net Tilt:** Bullish. Revenue beat and significant ownership increase outweigh neutral EPS guidance."
2023-06-29,2,"**Earnings Call Scheduled:** J&J Snack Foods (JJSF) has scheduled its Q3 2023 conference call. **Neutral** — No specific details on financials or guidance provided yet. Traders should listen for updates on EPS, revenue, and any forward-looking statements."
2023-07-09,5,"**Revenue Beat:** Bullish. Q2 revenue was $337.85M vs. estimates of $335.18M.

**Ownership Shifts:** Mixed. Llc increased holdings by 144.2%, while Raymond James sold 903 shares.

**Analyst Estimates:** Neutral. Analysts expect EPS of 3.85 for FY.

**Stock Price:** Flat. Opened at $158.70.

**Net Tilt:** Slightly Bullish due to revenue beat and significant ownership increase."
2023-07-10,4,"**Ownership Changes:** 
- **Bullish:** Inc. bought a new stake in J&J Snack Foods, indicating interest from institutional investors.
- **Bearish:** Another Inc. decreased its position, suggesting some investors are less optimistic.

**Stock Performance:**
- **Bullish:** JJSF opened at $158.70 on Monday, showing a positive start to the week.

**Net Tilt:** Mixed signals with one bullish and one bearish ownership move, but overall slightly positive due to the stock’s opening performance.

No conflicting or additional catalysts mentioned."
2023-07-22,5,"**Ownership Increases:** Multiple institutions increased their stakes in JJSF: Eaton Vance Management (+53.8% Q1), Wells Fargo & Co (+234.8% Q2), and Allspring Global Investments (+4.5% Q1). **Bullish** on investor confidence and potential for future growth.

**Stock Price:** Shares opened at $160.89 on Friday. **Neutral** on current pricing without additional context.

**Net Tilt:** **Bullish** due to significant institutional buying."
2023-07-23,3,"**Ownership Increase:** FMR LLC increased its stake in J&J Snack Foods by 15.6% in Q2, indicating bullish sentiment. Additionally, another LLC significantly boosted its stake by 1,116.7% in Q1, further signaling strong investor confidence.

**Earnings Forecast:** Analysts predict EPS of $3.85 for the current year, suggesting stable expectations.

**Net Tilt:** Bullish due to substantial ownership increases, despite limited earnings forecast change."
2023-07-24,8,"**Revenue Beat:** Bullish. Q2 revenue was $337.85M vs. expectations of $335.18M.

**Facility Opening:** Bullish. J&J Snack Foods opened a new distribution center in Terrell, TX.

**Institutional Ownership Growth:** Bullish. Multiple institutions increased holdings: Blackrock (+0.9%), Vanguard (+1.9%), Macquarie (+1.1%), Morgan Stanley (+319.3%), and State Street (+2.1%).

**Dividend Announcement:** Neutral. No specific details provided.

**Net Tilt:** Strongly Bullish."
2023-07-25,1,"**Facility Open**: Bullish. J&J Snack Foods opened a new distribution center, enhancing logistics and potentially boosting operational efficiency.

**Analyst Actions**: Neutral. No specific analyst actions or price target changes were reported.

**Earnings & Guidance**: Neutral. No earnings report or guidance update was mentioned.

**Catalysts**: Bullish. The new facility could improve supply chain management and support future growth initiatives.

**Net Tilt**: Slightly Bullish. The new distribution center is a positive development that may enhance operational capabilities without conflicting negative signals."
2023-07-27,6,"**Ownership Increases:** Allspring Global Investments, Vanguard Group, Macquarie Group, and Morgan Stanley all increased their stakes in JJSF, with Morgan Stanley boosting its position significantly by 319.3%. Additionally, Arizona State Retirement System acquired shares. **Bullish**.

**Earnings Estimate:** Analysts expect JJSF to report EPS of $3.85 for the current year. **Neutral**.

**Net Tilt:** Bullish due to substantial ownership increases indicating confidence."
2023-07-29,4,"**Revenue Growth:** Bullish. J&J Snack Foods reported a 20.0% increase in revenue YoY.

**Institutional Ownership:** Bullish. Fmr LLC increased its holdings by 15.6% in Q2, and another LLC boosted its stake by 1,116.7% in Q1.

**Stock Price:** Neutral. JJSF opened at $158.11 on Friday.

**Net Tilt:** Bullish. Revenue growth and significant institutional buying indicate strong investor confidence."
2023-07-30,3,"**Ownership Increase:** Bullish. New York State Teachers Retirement System increased its stake by 0.3%, indicating confidence in JJSF. Additionally, another corporation acquired 3,387 shares.

**Earnings Estimate:** Neutral. Analysts predict EPS of $3.90 for the current year, with no change in estimates.

**Net Tilt:** Bullish. Multiple ownership increases suggest positive sentiment."
2023-07-31,10,"**Revenue & Earnings:** Bullish. Q3 net sales rose 12.0% to $425.8M, with EPS beating expectations by 40c to $1.92. Pretax profit surged to $39.20M from $24.30M, while EBITDA grew to $58.73M from $38.42M.

**Volume Decline:** Bearish. Handheld sales dropped 33.9%.

**Conference Call:** Neutral. JJSF will host a call on Aug 1 to discuss results and outlook.

**Net Tilt:** Bullish, driven by strong revenue and earnings growth despite volume decline."
2023-08-01,5,"**Earnings Beat:** JJSF reported Q3 adjusted EPS of $1.92, up from $0.95, beating expectations. Revenue grew 12.0% YoY. **Bullish**

**Institutional Ownership Increase:** Multiple institutions increased their stakes in JJSF: Llc by 144.2%, Captrust Financial Advisors by 4.3%, and Bank of Montreal Can by 2.8%. **Bullish**

**Net Tilt:** Strongly Bullish due to earnings beat and significant institutional buying."
2023-08-02,5,"**Price Target Upgrade:** Benchmark raised JJSF’s price target to $190 from an unspecified previous level, indicating **bullish** sentiment.

**Analyst Rating:** Benchmark reiterated a “Buy” rating, reinforcing **bullish** stance.

**Dividend Announcement:** JJSF declared a regular quarterly dividend of $0.70, signaling stable financial health but no change in growth expectations.

**Stock Price:** JJSF closed at $170.46, below the new price target, suggesting potential upside.

**Net Tilt:** Strongly **Bullish** based on analyst upgrade and reiteration, with stable financial backing from dividends."
2023-08-03,4,"**Ownership Increase:** Proshare Advisors LLC increased its stake by 4.8% in Q4, while another firm upped holdings by 0.9% in Q1 (Bullish).

**Earnings Estimate:** Analysts predict EPS of $3.9 for FY 2023 (Neutral).

**Earnings Call:** Q3 2023 earnings call held on Aug 1, 2023 (Neutral).

**Net Tilt:** Bullish due to significant ownership increases, neutral on earnings estimates and call."
2023-08-04,3,"**Ownership Increase:** Bullish - Llc bought a new stake in JJSF during the 4th quarter, indicating institutional interest.

**Earnings Estimate:** Neutral - William Blair issued a Q4 2023 earnings estimate but no specific figures were provided.

**Stock Price:** Neutral - JJSF opened at $175.01 on Thursday with no directional movement indicated.

**Net Tilt:** Mixed signals suggest a **HOLD** until further clarity on earnings estimates and potential stakeholder actions."
2023-08-05,4,"**Insider Sell:** Coo Stephen Every sold 2,818 shares (Bearish).

**Ownership Increase:** Envestnet Asset Management Inc. increased holdings by 7.3% in Q2 (Bullish).

**Revenue Miss:** Q2 revenue was $425.80M vs. expected $443.15M (Bearish).

**Stock Performance:** JJSF traded down 1.3% (Bearish).

**Net Tilt:** Bearish due to insider sell, revenue miss, and stock decline, despite ownership increase."
2023-08-06,1,"**Price Target Upgrade:** Benchmark upgraded JJSF to a price target of $190.00 from a previous target, indicating **bullish** sentiment based on potential upside in valuation.

**Net Tilt:** Bullish

*No conflicting signals present.*"
2023-08-08,7,"**Insider Activity:** Bearish; J&J Snack Foods Corp. Director Marjorie Shreiber Roshkoff sold 1,500 shares, and VP Mary Lou Kehoe sold 300 shares.

**Ownership Changes:** Bullish; Llc increased its stake by 144.2% in Q2.

**Revenue Performance:** Bearish; Q2 revenue was $425.80M vs. expectations of $443.15M.

**Stock Price Movement:** Bullish; stock traded up 0.6%.

**Earnings Guidance:** Neutral; analysts predict FY EPS of 4.48.

**Dividends:** Neutral; firm announced a quarterly dividend.

**Net Tilt:** Mixed signals with slight lean towards bearish due to insider sales and revenue miss."
2023-08-11,6,"**Earnings Beat:** Bullish. J&J Snack Foods reported $1.92 EPS, beating the consensus estimate.

**Insider Activity:** Bearish. VP Mary Lou Kehoe sold 300 shares.

**Dividend Increase:** Bullish. The dividend was increased by 5% to $0.735 per share.

**Institutional Ownership:** Mixed. Victory Capital Management significantly increased its stake, while another fund trimmed its position.

**EPS Guidance:** Neutral. Analysts forecast EPS of $4.48 for the current year.

**Net Tilt:** Slightly Bullish. Positive earnings and dividend signals outweigh minor insider selling and mixed institutional activity."
2023-08-15,3,"**Dividends:** Bullish. J&J Snack Foods maintained a strong dividend payout, reducing it slightly from $0.70 to $0.62 per share.

**Ownership Increases:** Bullish. Both Co. and Proshare Advisors LLC increased their stakes in J&J Snack Foods, indicating confidence. Co. raised holdings by 0.9% in Q1, while Proshare Advisors LLC increased by 4.8% in Q4.

Net Tilt: **Bullish**."
2023-08-22,7,"**Dividends:** Bullish; J&J Snack Foods increased Q4 dividend to $0.62 from $0.70 previously.

**Insider Activity:** Bearish; COO Stephen Every sold 2,818 shares on Aug 2nd.

**Ownership Changes:** Mixed; Co. increased holdings by 0.9%, while Barclays sold 843 shares.

**Revenue:** Bearish; Q revenue $425.80M vs. est. $443.15M, missing expectations.

**Stock Performance:** Bearish; JJSF opened at $161.67 on Tuesday.

**Earnings Guidance:** Neutral; analysts predict EPS of 4.48 for the current year.

**Net Tilt:** Bearish."
2023-08-24,2,"**Ownership Changes:** Victory Capital Management Inc. significantly increased its stake in JJSF by 1,460.7% in Q1, indicating **bullish** sentiment. Conversely, Bank of New York Mellon Corp. sold 3,032 shares, signaling **bearish** sentiment. The conflicting signals suggest a mixed investor outlook, but the substantial increase from a major holder tilts the net sentiment slightly **bullish**."
2023-08-28,5,"**Revenue Growth:** Bullish; Q2 revenue grew 12.0%, beating EPS estimates.

**Institutional Ownership:** Mixed; Morgan Stanley increased stake by 319.3% in Q4, while Victory Capital Management Inc. increased by 1,460.7% in Q1. However, Principal Financial Group Inc. reduced its position by 1.9% in Q1.

**Earnings Guidance:** Neutral; analysts predict EPS of 4.48 for FY2023."
2023-08-31,2,"**Ownership Changes:** Wells Fargo increased its stake in JJSF by 234.8%, indicating **bullish** sentiment (evidence: significant stake increase). Conversely, another bank cut its stake, signaling **bearish** sentiment (evidence: stake reduction). The conflicting signals suggest a **net neutral** tilt.

**Net Tilt:** Neutral"
2023-09-02,7,"**Insider Activity:** Coo Stephen Every sold 2,818 shares (Bearish).

**Ownership Changes:** 
- Captrust Financial Advisors increased holdings by 4.3% (Bullish).
- New York State Teachers Retirement System raised position by 0.3% (Bullish).
- Retirement System increased position by 2.9% (Bullish).
- Vanguard Personalized Indexing Management LLC bought 1,516 shares (Bullish).

**Revenue & Earnings:** 
- Qtrly revenue $425.80M vs. est. $443.15M (Bearish).
- Analysts forecast EPS of 4.48 for the current year (Neutral).

**Net Tilt:** Mixed signals with slight overall bullish bias due to multiple ownership increases. Revenue miss is bearish but expected analyst forecasts neutralize it."
2023-09-03,4,"**Insider Activity & Ownership Changes:**
- **Bearish:** Director Marjorie Shreiber Roshkoff sold 1,500 shares on Aug 3rd.
- **Bullish:** Allspring Global Investments Holdings LLC increased holdings by 4.5% in Q1.
- **Bullish:** Macquarie Group Ltd. increased holdings by 3.5% in Q2.
- **Bullish:** Morgan Stanley increased holdings by 319.3% in Q4.

**Net Tilt:** Mixed signals with one bearish insider sale and multiple large institutional buys."
2023-09-04,6,"**Ownership Increases:** Multiple institutions increased their stakes in JJSF: Credit Suisse bought shares, Raymond James lifted its position by 25%, Citigroup by 8.1%, PNC by 6.6%, Bank of Montreal by 2.8%, and MetLife by 52.5%. **Bullish** on investor confidence and potential future performance."
2023-09-06,2,"**Ownership Decrease:** Bullish signal muted; board lowered stake in JJSF, indicating potential insider divestment (bearish). However, this could also suggest insiders have already realized gains (neutral to bullish).

**Stock Performance:** Bearish; shares opened at $162.09, down 11% from previous close.

**Net Tilt:** Bearish due to direct stock performance decline, despite mixed signals from ownership change."
2023-09-07,4,"**Earnings:** Bullish. J&J Snack Foods reported EPS of $1.92, beating the consensus estimate.

**Insider Activity:** Bearish. Director Marjorie Shreiber Roshkoff sold 1,500 shares.

**Ownership Changes:** Bullish. Llc purchased a new stake, and Ltd. increased its position by 27.5%.

**Net Tilt:** Mixed signals with a slight bullish bias due to ownership increases outweighing the insider sell."
2023-09-15,1,"**Partnership with DreamWorks Animation (Bullish)**  
JJSF announced a partnership with DreamWorks Animation, likely boosting brand visibility and potential new product lines. This could drive future revenue growth and enhance market share.

**No Earnings Data, Analyst Actions, or Guidance Changes Mentioned**

**Net Tilt:** Bullish due to strategic partnership potential."
2023-09-23,7,"**Revenue Growth:** Bullish; Q3 revenue up 12.0%.  
**Insider Activity:** Bearish; VP Mary Lou Kehoe sold 300 shares.  
**Institutional Ownership:** Mixed; Captrust Financial Advisors increased holdings by 4.3%, while NY State Teachers Retirement System decreased holdings by selling 2,050 shares.  
**Price Action:** Bearish; shares opened at $165.53, down from previous close.  
**Earnings Estimate:** Neutral; analysts predict EPS of 4.48 for the current year.  
**Net Tilt:** Net slightly bearish due to insider sell and price action, despite positive revenue growth and some institutional buying."
2023-10-05,1,"**Earnings Call Scheduled:** J&J Snack Foods scheduled their Q4 conference call. **Neutral**—no specific details on financials or guidance yet, but the call may provide insights into Q4 performance and future outlook."
2023-10-06,1,"**Technical View: Oversold (Bullish)**  
J&J Snack Foods (JJSF) has entered oversold territory with a technical indicator reading below 0.4, suggesting potential near-term buying opportunity.

No other trading-relevant signals or conflicting information provided in the given headlines."
2023-10-08,4,"**Earnings Beat:** Bullish. J&J Snack Foods reported EPS of $1.92, significantly above the expected $1.51, indicating strong financial performance.

**Revenue Growth:** Bullish. Revenue increased by 12.0% YoY, signaling robust demand and operational efficiency.

**Increased Ownership:** Bullish. Llc increased its stake by 144.2%, suggesting confidence in the company’s prospects.

**Stock Price Decline:** Bearish. Despite positive earnings, the stock traded down to $150.34 and closed at $152.61, indicating potential market skepticism or short-term selling pressure.

**Net Tilt:** Mixed, but leaning Bullish due to strong earnings and revenue growth outweighing the temporary price dip."
2023-10-11,8,"**Insider Activity:** COO Stephen Every and Director Marjorie Shreiber Roshkoff sold shares (bearish).

**Institutional Ownership Changes:** 
- **Bullish:** Morgan Stanley, Victory Capital Management, Eaton Vance Management, and Wells Fargo increased holdings significantly.
- **Bearish:** A limited number of institutions like Mitsubishi UFJ cut stakes.

**Net Tilt:** Bullish due to substantial increases by major institutions outweighing smaller insider sales."
2023-10-23,5,"**Insider Activity & Ownership Changes:**  
- **Bearish:** VP Mary Lou Kehoe sold 300 shares (INSIDER-SELL).  
- **Bullish:** Ltd. increased stake by 27.5% (OWNERSHIP-INCREASE).  
- **Bearish:** Allspring Global Investments sold shares (OWNERSHIP-DECREASE).  
- **Neutral:** Raymond James maintained position at $2.26M (OWNERSHIP-HELD).

**Price Movement:**  
- **Bearish:** Shares opened at $151.84, down from previous close (STOCK-LOSS).

**Net Tilt:** Bearish due to insider sell and price drop, offset slightly by ownership increase."
2023-10-30,4,"**Ownership Changes:** 
- **Bullish:** Llc increased holdings by 7.1% in Q2, Proshare Advisors LLC increased holdings by 15.9% in Q1, and JPMorgan Chase & Co. increased holdings by 12.3% in Q1.
- **Bearish:** Inc. sold 142 shares.

**Net Tilt:** Bullish due to significant increases in institutional holdings outweighing the minor sell-off."
2023-11-08,6,"**Ownership Increases:** Bullish. Blackrock Inc., Macquarie Group Ltd., Morgan Stanley, and State Street Corp. all increased their stakes in JJSF, indicating institutional confidence.

**Earnings Release:** Neutral. JJSF is set to release earnings on Wednesday, with analysts expecting EPS of $1.69 per share."
2023-11-14,7,"**Ownership Increases:** Multiple firms increased stakes in JJSF, including Victory Capital Management (+1,460.7%), Eaton Vance Management (+53.8%), and Wells Fargo (+234.8%) in Q1 and Q2 respectively. Additionally, LLC purchased 227 new shares. **Direction:** Bullish. **Evidence:** Significant increases in ownership suggest institutional confidence.

**Stock Price:** Shares opened at $160.50 on Tuesday. **Direction:** Neutral. **Evidence:** No specific movement data provided beyond opening price."
2023-11-15,20,"**Revenue and Earnings Beat Expectations:** JJSF reported Q4 revenue of $443.9M (10.8% YoY increase) vs. consensus $421M, and adjusted EPS of $1.73 vs. consensus $1.72. FY23 EBIT rose to $116M from $64.9M. Adjusted operating income was $45.8M. However, pre-tax profit missed at $42.9M vs. consensus $43.88M. **Bullish** on strong top-line growth and EPS beat, but **bearish** on slight pre-tax miss.

**Catalysts:** Conference call on Nov 16 to discuss outlook. **Bullish** on potential positive guidance.

**Net Tilt:** **Bullish** due to dominant positive revenue and earnings signals."
2023-11-16,2,"**Board Member Appointment:** Bullish. Dan Fachner elected as Chairman of the Board, signaling strong governance and leadership continuity.

**Earnings Call:** Neutral. J&J Snack Foods scheduled Q4 2023 earnings call for Nov 16, 2023, at 10:00 a.m. ET. No specific details on earnings performance provided.

**Net Tilt:** Neutral. Leadership change positive but earnings call outcome uncertain."
2023-11-17,10,"**Price Target Upgrade:** Analysts upgraded JJSF’s price target to $195, bullish.

**Ownership Increases:** Multiple firms (Headlands Technologies, Quantbot Technologies, Fze, Blackrock Inc., Vanguard Group Inc., Macquarie Group Ltd., State Street Corp.) increased their stakes in JJSF, bullish.

**Earnings Estimate:** Analysts predict EPS of 5.63 for the current fiscal year, neutral.

**Stock Price:** JJSF opened at $168.39 on Friday, neutral.

**Net Tilt:** Bullish due to multiple upgrades and increased ownership."
2023-11-18,4,"**Ownership Increase:** Bullish. Multiple institutions increased their stakes significantly: Planning upped holdings by 51.3% in Q3, Royal Bank of Canada by 1.2% in Q2, and Llc by 144.2% in Q2.

**Stock Price:** Neutral. Shares opened at $166.53 on Friday with no additional directional signals provided.

**Net Tilt:** Bullish due to substantial institutional buying."
2023-11-20,7,"**Ownership Increase:** Bullish. Morgan Stanley, Victory Capital Management Inc., and Lutherans significantly increased their positions in JJSF by 319.3%, 1,460.7%, and 567.8% respectively, indicating strong institutional support.

**Earnings Estimate & Conference Call:** Neutral. William Blair provided Q2 2024 earnings estimates, while JJSF held its Q4 2023 earnings call. The consensus estimate for full-year EPS is $5.63, but no specific earnings surprise was reported.

**Net Tilt:** Bullish due to substantial ownership increases, though earnings details are pending."
2023-11-22,4,"**Ownership Increase:** Bullish. Eaton Vance Management increased holdings by 53.8%, and Bank of Montreal Can purchased 1,613 shares.

**Earnings Estimate:** Neutral. Analysts predict EPS of 5.63 for the current fiscal year.

**Net Tilt:** Bullish. Institutional buying indicates confidence in JJSF’s future performance."
2023-11-24,3,"**Ownership Increase:** Bullish. System raised its position by 2.8% in Q1, and UBS Asset Management increased holdings by 0.5% in Q2.

**Stock Performance:** Bullish. J&J Snack Foods stock gained 1.0%.

**Net Tilt:** Bullish. Multiple institutional investors increasing positions and positive stock movement indicate continued interest and confidence in J&J Snack Foods."
2023-11-28,5,"**Revenue Growth:** Bullish; J&J Snack Foods reported a 10.9% YoY increase in revenue.

**Institutional Ownership:** Bullish; Bank of Montreal Can and Dimensional Fund Advisors LP increased their stakes in JJSF.

**Stock Performance:** Bearish; JJSF stock opened at $166.52, down from previous close.

**Earnings Guidance:** Neutral; analysts forecast EPS of $5.52 for the current year.

**Net Tilt:** Mixed signals with revenue growth and institutional buying offset by stock price decline."
2023-11-29,3,"Institutional ownership trends mixed but net positive: Raymond James & Associates increased holdings by 25.0%, while MetLife Investment Management LLC boosted holdings by 52.5%. However, Champlain Investment Partners LLC sold shares. Direction: Bullish (institutional support outweighs reduction). Evidence: Significant increases by major investors suggest confidence in JJSF’s prospects."
2023-11-30,3,"**Ownership Increases:** Bullish. Macquarie Group Ltd. increased its stake by 1.1% in Q1, while Morgan Stanley boosted its holdings by 319.3% in Q4. Brandywine Global Investment Management LLC invested $270,000 in JJSF. Institutional buying indicates confidence in the stock’s future performance."
2023-12-01,5,"**Ownership Changes:** Envestnet Asset Management Inc. increased its stake by 7.3% in Q2 (bullish). C. initiated a new stake in Q1 (bullish). BNP Paribas Arbitrage SNC sold 2,644 shares (bearish). **Net Tilt:** Mixed.

**Price Movement:** JJSF traded up 1.5% (bullish).

**Earnings Forecast:** Analysts predict EPS of $5.52 for the current year (neutral).

**Net Tilt:** Slightly Bullish."
2023-12-02,4,"**Insider Activity & Ownership Changes:**
- **Bearish:** J&J Snack Foods CEO Dan Fachner sold 11,580 shares.
- **Bullish:** American Century Companies Inc. significantly increased its stake by 12,431.7% in Q3.
- **Bullish:** Eaton Vance Management increased its stake by 53.8% in Q1.

**Stock Price:**
- Neutral: Shares opened at $167.73 on Friday.

**Net Tilt:** Mixed signals with significant insider sell-off countered by substantial institutional buying."
2023-12-08,11,"**Bullish Ownership Increases:** Blackrock, Vanguard, Macquarie, Morgan Stanley, State Street, Trexquant, Eaton Vance, Wells Fargo, and Geode Capital all increased their stakes in JJSF. Notably, Morgan Stanley increased its stake by 319.3%, and Wells Fargo by 234.8%. This indicates strong institutional support.

**Neutral Earnings Guidance:** Analysts predict EPS of 5.65 for the current year, providing a stable outlook but lacking significant upside surprise.

**Net Tilt:** Bullish due to substantial institutional buying, though earnings guidance is neutral."
2023-12-17,8,"**Ownership Increases:** Alberta Investment Management Corp., Raymond James & Associates, Citigroup Inc., PNC Financial Services Group Inc., Bank of Montreal, and MetLife Investment Management all increased their stakes in JJSF during Q1 (Bullish).

**Earnings Estimate:** Analysts expect EPS of $5.62 for FY 2023 (Neutral).

**Net Tilt:** Bullish due to multiple significant ownership increases indicating institutional confidence."
2023-12-31,5,"**Revenue Beat:** Bullish. Q4 revenue was $443.90M vs. expectations of $421.06M.

**Institutional Ownership:** Mixed. Llc increased holdings by 144.2%, while Trc increased by 260.8%. However, Revenue Sells decreased holdings by 272 shares.

**Stock Performance:** Bearish. Shares opened at $167.14 on Friday, down from previous close."
2024-01-02,2,"**Earnings Call Scheduled:** JJSF scheduled a conference call to discuss Q1 2024 results. **Neutral** until details emerge.

No other trading-relevant signals provided in the given headlines."
2024-01-16,7,"**Earnings:** Bullish. J&J Snack Foods reported $1.73 EPS, beating the consensus estimate.

**Institutional Ownership:** Bullish. Multiple institutions increased their holdings: Blackrock (+0.6%), Vanguard (+1.9%), Allspring (+0.7%), Macquarie (+1.1%), and Morgan Stanley (+319.3%). However, Inc. sold 80 shares, slightly bearish.

**Net Tilt:** Bullish, with strong earnings beat and significant institutional buying outweighing minor selling."
2024-01-17,10,"**Insider Activity & Ownership Changes:** CEO Dan Fachner sold 1,051 shares (Bearish). Multiple institutional investors increased their stakes: Sg Americas Securities, Geode Capital Management, Alberta Investment Management, Dimensional Fund Advisors, Fmr LLC, and FZE (Bullish). BNY Mellon reduced its position (Bearish).

**Price & Earnings Guidance:** JJSF opened at $161.27. Analysts forecast EPS of $5.62 for FY (Neutral).

**Net Tilt:** Mixed signals with slight Bullish bias due to multiple increases in institutional ownership outweighing the CEO’s insider sale."
2024-01-19,4,"**Ownership Changes:** 
- **Bullish:** Llc increased its stake by 144.2% in Q2, indicating confidence.
- **Bullish:** Trc boosted its stake by 260.8% in Q1, signaling strong support.
- **Bearish:** Ltd. reduced its stake, suggesting some uncertainty.

**Price Movement:**
- **Bearish:** JJSF stock down 0.9%, reflecting broader market sentiment.

**Net Tilt:** Mixed signals with significant institutional buying offset by a reduction in stake and recent price decline."
2024-01-21,4,"Insider sell: CEO Dan Fachner sold 11,580 shares (bearish). Institutional ownership increase: Alberta Investment Management Corp. boosted stake by 74.1% (bullish). Zurcher Kantonalbank also purchased shares (bullish). EPS estimate: Analysts expect $5.62 EPS for the current year (neutral). **Net tilt:** Mixed signals with slight bullish bias due to institutional buying."
2024-01-23,5,"**Earnings & Revenue:** Bullish. J&J Snack Foods reported EPS of $1.05 vs. expectations, beating by $0.40. Revenue was $443.90M, exceeding the consensus of $421.06M.

**Institutional Ownership:** Bullish. Morgan Stanley increased its position by 319.3%, Eaton Vance by 53.8%, and Lutherans by 567.8%.

**Net Tilt:** Strongly Bullish. Multiple positive signals from earnings, revenue, and significant institutional buying indicate strong support and performance."
2024-01-25,7,"**Institutional Ownership:** Bullish. Raymond James & Associates, Citigroup Inc., PNC Financial Services Group Inc., Bank of Montreal Can, and MetLife Investment Management LLC all increased their positions in JJSF by significant percentages (25%, 8.1%, 6.6%, 2.8%, and 52.5% respectively). However, one LLC sold 275 shares, slightly bearish.

**Earnings Forecast:** Neutral. Analysts predict EPS of $5.62 for the current fiscal year, unchanged from previous estimates.

**Net Tilt:** Bullish due to substantial institutional buying outweighing minor selling."
2024-01-26,4,"Institutional ownership trends show mixed signals for JJSF. Bullish: Llc increased holdings by 144.2% in Q2, Trc raised its position by 260.8% in Q1, and Fze purchased a new stake in Q4. Bearish: Panagora Asset Management Inc. sold 1,224 shares. Net tilt: Bullish due to significant increases from multiple institutions outweighing the single reduction."
2024-01-29,7,"**Revenue Growth:** Bullish; J&J Snack Foods reported a 10.9% YoY increase in revenue.

**CEO Insider Sell:** Bearish; CEO Dan Fachner sold 11,580 shares recently.

**Institutional Ownership:** Bullish; Fmr LLC increased its stake by 15.6%, and Nisa Investment Advisors LLC acquired shares.

**Earnings Guidance:** Neutral; analysts predict EPS of $0.87 for Q4 and $5.62 for FY2024.

**Net Tilt:** Mixed signals with revenue growth and institutional buying offset by CEO insider sell."
2024-01-31,5,"**Ownership Increases:** Bullish. Allspring Global Investments, Blackrock Inc., Macquarie Group, and Morgan Stanley increased their holdings in JJSF by 0.7%, 0.6%, 1.1%, and 319.3% respectively across different quarters.

**Earnings Outlook:** Neutral. J&J Snack Foods released Q1 earnings, but no specific details or surprises were provided.

**Net Tilt:** Bullish due to significant ownership increases, especially Morgan Stanley’s substantial hike."
2024-02-01,6,"**Insider & Ownership Activity:**  
- **Bearish:** CEO Dan Fachner sold 1,051 shares. Principal Financial Group Inc. sold 3,046 shares.  
- **Bullish:** Llc increased stake by 144.2%, Fze initiated a new stake, and Trc increased position by 260.8%.  

**Stock Price:** Opened at $159.23 on Thursday.

**Net Tilt:** Mixed insider activity with significant institutional buying suggests potential support but cautious sentiment among executives."
2024-02-02,1,"Today’s headlines for JJSF show mixed signals:

- **Analyst Actions:** BMO Capital Markets downgraded J&J Snack Foods from Outperform to Market Perform with a new price target of $150 from $165. (Bearish)
- **Trading Performance:** JJSF stock is trading flat at 0.0% gain. (Neutral)
- **Market Reaction:** Despite the downgrade, the stock remains stable, indicating potential market skepticism towards the downgrade. (Bullish)

**Net Tilt:** Neutral to Slightly Bearish due to the analyst downgrade despite stable trading."
2024-02-03,3,"**Earnings Preview:** J&J Snack Foods (JJSF) is set to announce Q4 earnings on Monday. No specific figures or guidance provided yet.

**Stock Price:** Stock opened at $160.05 on Friday, no change in price target or rating mentioned.

**Dividend Update:** The company recently declared a quarterly dividend, indicating continued commitment to shareholder returns.

**Net Tilt:** Neutral. No clear bullish or bearish signals from today’s headlines. Focus on earnings announcement for directional cues."
2024-02-04,10,"**Revenue Beat:** Q4 revenue of $443.90M vs. estimates of $421.06M (bullish).

**Insider Sell:** CEO Dan Fachner sold 11,580 shares (bearish).

**Institutional Buys:** Blackrock, Vanguard, Macquarie, Morgan Stanley, State Street, and MetLife all increased holdings (bullish).

**EPS Guidance:** Analysts expect FY EPS of $5.62 (neutral).

**Net Tilt:** Bullish due to strong institutional buying and revenue beat, offset by CEO insider sell."
2024-02-05,12,"**Earnings:** JJSF missed Q1 EPS by $0.26, reporting $0.52 vs. consensus $0.78 (bearish). However, adjusted earnings rose YOY (bullish).

**Revenue:** Net sales declined ~1% (bearish), but retail segment sales increased 1.6% (bullish).

**Margins:** EBITDA rose to $35.10M from $25.30M (bullish). Pre-tax profit was $20.75M vs. consensus $20.57M (slightly bullish).

**Catalysts:** Conference call on Feb 6 to discuss results and outlook (neutral).

**Net Tilt:** Mixed signals with revenue decline and EPS miss offset by margin expansion and retail growth. **HOLD** until further clarity."
2024-02-06,1,"**RSI Alert:** J&J Snack Foods (JJSF) is now oversold with an RSI of 0.42, indicating potential near-term buying opportunity. **Bullish** signal based on technical analysis suggesting the stock may rebound soon.

**Net Tilt:** Bullish"
2024-02-07,7,"**Ownership Increase:** Llc increased stake by 5.0%, bullish (institutional support).

**Stock Performance:** JJSF stock down 7.0%, bearish.

**Earnings:** Mixed Q1 results, neutral. No specific EPS or revenue figures provided.

**Institutional Ownership:** Victory Capital holds $8.54M, neutral (ongoing institutional interest).

**Conference Calls:** Multiple calls scheduled, neutral (information dissemination).

NET TILT: Bearish due to stock decline despite ownership increase."
2024-02-09,5,"**Earnings Estimate Downgrade:** William Blair downgraded Q2 2024 EPS to $0.62 (Bearish).

**Insider Sell:** CEO Dan Fachner sold 1,051 shares (Bearish).

**Ownership Increases:** Cantonalbank increased stake by 17.3% in Q3, Geode Capital by 2.6% in Q2 (Bullish).

**Consensus Estimate:** Full-year EPS consensus remains at $5.62 (Neutral).

**Net Tilt:** Mixed signals with bearish downgrade and insider sell offset by bullish ownership increases."
2024-02-10,12,"**Earnings Miss:** J&J Snack Foods missed EPS estimates, bearish. **Estimate Downgrade:** William Blair cut earnings estimates, bearish. **Institutional Buying:** Multiple institutions (Headlands Technologies, Quantbot Technologies, Jump Financial, Blackrock, Vanguard, Allspring Global, Macquarie Group, Morgan Stanley) increased holdings, bullish. **Revenue Guidance:** Analysts forecast 2024 revenues at $1.58B, neutral. **Net Tilt:** Mixed signals; earnings miss and downgrade are negative, but institutional buying is positive."
2024-02-14,1,"**Dividend Unchanged:** J & J Snack Foods maintains quarterly dividend at $0.735 per share. **Direction:** Neutral. **Evidence:** No change in dividend indicates stable financial position but lacks positive catalysts for growth.

**Analyst Actions:** No relevant analyst actions reported today.

**Earnings Surprises:** No earnings surprises reported today.

**Catalysts:** None reported today.

**Net Tilt:** Neutral."
2024-02-15,8,"**CEO Insider Sell:** Bearish; CEO Dan Fachner sold 1,051 shares on Nov 24th.

**Earnings Beat:** Bullish; Q4 EPS was $1.73 vs. $1.69 expected.

**Institutional Buying:** Bullish; Llc, Royal Bank of Canada, Captrust Financial Advisors, and Fmr LLC increased holdings in Q2-Q3.

**New Stake:** Bullish; Quantbot Technologies LP acquired 423 shares.

**EPS Guidance:** Neutral; analysts forecast FY EPS at 5.33.

**Net Tilt:** Bullish."
2024-02-16,5,"**Ownership Changes:** Bullish signals from Trc (260.8% increase Q1) and Wyoming (49.9% increase Q2) contrast with a bearish signal from Sys (1.5% decrease Q3). **Net Tilt:** Mixed.

**Stock Price:** Shares opened at $148.60 on Friday, neutral.

**Net Tilt:** Mixed."
2024-02-19,7,"**Jefferies downgraded JJSF to a lower price target of $155, bearish.** Institutional ownership trends mixed: **Raymond James, Citigroup, PNC Financial, BMO, and MetLife increased their stakes**, bullish; **Barclays reduced its stake**, bearish. Net tilt slightly bullish due to multiple increases outweighing the single reduction."
2024-02-21,8,"**Insider Activity & Ownership Changes:**  
- **Bearish:** J&J Snack Foods Director Marjorie Shreiber Roshkoff sold 625 shares.  
- **Bullish:** Multiple institutions increased holdings: Llc (+6.5% Q3), Captrust Financial Advisors (+4.3% Q2), Fmr LLC (+15.6% Q2), System (+1.5% Q3), Royal Bank of Canada (+1.2% Q2). Charles Schwab Investment Management Inc. holds $28.17M.  
**Net Tilt:** Bullish due to significant institutional buying outweighing insider sell."
2024-02-22,6,"**Ownership Changes:**  
- **Bullish:** Blackrock Inc. increased holdings by 0.6%, Vanguard Group Inc. by 1.9%, Allspring Global Investments by 0.7%, Macquarie Group Ltd. by 1.1%, and Morgan Stanley significantly by 319.3%.  
- **Bearish:** Mutual of America Capital Management LLC sold shares.  
**Net Tilt:** Bullish due to substantial increases by major investors outweighing the single sell-off."
2024-02-29,12,"**Earnings Miss:** J&J Snack Foods reported EPS of $0.52 vs. consensus of $0.87, a significant miss (Bearish).

**Insider Activity:** Director Marjorie Shreiber Roshkoff sold 625 shares (Bearish). 

**Institutional Ownership Changes:** Multiple institutions increased holdings (Bullish), while Citigroup Inc. sold shares (Bearish).

**Price Movement:** Stock traded up 1.2% despite earnings miss (Mixed).

**Analyst Predictions:** Analysts predict FY EPS of 5.06 (Neutral).

**Net Tilt:** Mixed signals with a slight bias towards Bearish due to earnings miss and insider sell."
2024-03-02,6,"**Ownership Increases:** Multiple institutional investors increased their stakes in JJSF, including Blackrock (Q2, +0.6%), Vanguard (Q3, +1.9%), Allspring (Q3, +0.7%), Macquarie (Q1, +1.1%), and Morgan Stanley (Q4, +319.3%). Additionally, a new investor invested $457,000 in JJSF. **Direction:** Bullish. **Evidence:** Significant stake increases indicate confidence in JJSF’s future performance.

**Net Tilt:** Bullish."
2024-03-03,3,"**Earnings Miss:** J&J Snack Foods reported EPS of $0.52, missing the consensus estimate of $0.87, indicating **bearish** sentiment. 

**Ownership Decrease:** PNC Financial Services reduced its stake in JJSF, signaling **bearish** investor confidence.

**Stake Held:** Despite the reduction, PNC still holds a significant stake worth $284,000, suggesting some **neutral** to **slightly bullish** long-term interest.

**Net Tilt:** Overall, the signals lean **bearish** due to the earnings miss and the ownership decrease."
2024-03-04,5,"**Ownership Increase:** Bullish. Mariner LLC increased holdings by 11.9%, and Synovus Financial Corp. also increased its position. Trexquant Investment LP acquired 8,471 new shares.

**Stock Performance:** Bearish. JJSF stock opened at $142.94, down slightly from previous close.

**Earnings Estimate:** Neutral. Analysts predict EPS of 5.06 for the current year, inline with expectations.

**Net Tilt:** Mixed signals suggest a cautious approach."
2024-03-05,4,"**Ownership Increases:** Bullish. Headlands Technologies LLC and Quantbot Technologies LP initiated new positions in JJSF in Q3, indicating institutional interest. Additionally, Invesco Ltd. holds a significant stake worth $14.41 million.

**Stock Performance:** Neutral. JJSF stock was down 0.0% today, reflecting no clear market sentiment shift.

**Net Tilt:** Slightly Bullish due to new institutional investments despite flat stock performance."
2024-03-07,7,"**Ownership Changes:** Bearish - Director Marjorie Shreiber Roshkoff sold 625 shares. Northern Trust Corp. sold 1,574 shares. Bullish - System, Royal Bank of Canada, Captrust Financial Advisors, and Fmr LLC increased their positions by 1.5%, 1.2%, 4.3%, and 15.6% respectively.

**Revenue Performance:** Bearish - Q4 revenue was $348.31M, missing the consensus estimate of $363.54M."
2024-03-08,3,"**Ownership Increase:** MetLife Investment Management LLC increased its stake in JJSF by 52.5%, indicating **bullish** sentiment. Alps Advisors Inc also bought shares, further supporting a **bullish** trend.

**Earnings Estimate:** Analysts predict EPS of $5.06 for the current fiscal year, suggesting **neutral** to **slightly bullish** expectations.

**Net Tilt:** Bullish, with two major institutional investors increasing their stakes and neutral-to-bullish EPS estimates."
2024-03-10,7,"**Ownership Increases:** Multiple institutions and funds increased their stakes in JJSF, including Eaton Vance (53.8%), Lutherans (567.8%), Royal Bank of Canada (1.2%), Captrust Financial Advisors (4.3%), and Fmr LLC (15.6%). Quadrature Capital also purchased 1,510 shares. **Direction:** Bullish. **Evidence:** Significant stake increases indicate investor confidence and potential positive outlook on JJSF’s future performance."
2024-03-11,2,"**Ownership Increases:**  
- **Bullish:** Headlands Technologies LLC acquired a new stake in JJSF in Q3, indicating institutional interest.  
- **Neutral:** Envestnet Asset Management Inc. maintains a stable holding worth $3.44 million, suggesting no change in their stance.

**Net Tilt:** Bullish due to new institutional investment."
2024-03-15,3,"**Ownership Changes:** 
- **Bullish:** Charles Schwab Investment Management Inc. increased its stake in JJSF by 4.3% in Q3.
- **Bearish:** An unnamed company sold 400 shares of JJSF.

**Price Movement:**
- **Bearish:** JJSF traded down 1.0%.

**Net Tilt:** Mixed signals with a slight bearish bias due to recent price decline and share sale."
2024-03-17,9,"**Ownership Changes:** Bullish. Multiple firms increased positions (Llc +144.2%, Headlands Technologies, Quantbot Technologies, Royal Bank of Canada +1.2%, Captrust Financial Advisors +4.3%, Fmr LLC +15.6%) while one firm cut position (Public Sector Pension Investment Board -4.3%). Net bullish.

**New Stake Acquisitions:** Bullish. Graham Capital Management L.P. acquired 1,699 shares.

**Earnings Estimate:** Neutral. Analysts expect EPS of $5.06 for the current fiscal year.

**Net Tilt:** Bullish."
2024-03-18,7,"**Ownership Changes:** Bullish. Morgan Stanley, American Century Companies, Eaton Vance Management, and Lutherans significantly increased their stakes in JJSF (319.3%, 12,431.7%, 53.8%, and 567.8% respectively). However, Citigroup Inc. sold shares, indicating mixed sentiment.

**Price Performance:** Bearish. JJSF reached a new 12-month low of $139.81.

**Net Tilt:** Mixed, but slightly bearish due to the price performance signal."
2024-03-22,3,"**Ownership Changes:** 
- **Bullish:** Charles Schwab Investment Management Inc. increased its stake by 4.3% in Q3.
- **Bearish:** Diversified Trust Co. sold shares.

**Earnings Estimates:**
- **Neutral:** Analysts predict EPS of $5.06 for FY 2024.

**Net Tilt:** Mixed signals with a slight bullish bias due to the significant stake increase by a major investor."
2024-03-30,7,"**Ownership Increases:** Blackrock, Allspring, Macquarie, and State Street all increased their positions in JJSF, indicating **bullish** sentiment (evidence: ownership growth).

**Stock Performance:** JJSF stock is up 0.7%, signaling **bullish** momentum (evidence: positive stock movement).

**Analyst Forecast:** Analysts predict EPS of 5.06 for the current year, suggesting **bullish** expectations (evidence: positive EPS forecast).

**Net Tilt:** Bullish."
2024-04-02,1,JJSF schedules fiscal 2024 second quarter earnings conference call. No specific financial details provided. **Neutral** until further information is released.
2024-04-07,13,"**Insider Activity:** Bearish; Director Marjorie Shreiber Roshkoff sold 625 shares.

**Institutional Ownership:** Bullish; Morgan Stanley, American Century Companies Inc., Wells Fargo & Co., Blackrock Inc., Vanguard Group Inc., Allspring Global Investments, and Macquarie Group all increased their holdings.

**Revenue Performance:** Bearish; Q4 revenue of $348.31M missed expectations by $15.23M.

**Stock Price:** Neutral; Opened at $140.25 on Friday.

**Net Tilt:** Mixed signals with significant institutional buying offsetting insider selling and revenue miss."
2024-04-09,3,"**Acquisition:** J&J Snack Foods acquired Thinsters, a cookie brand previously owned by Hain Celestial. No financial terms were disclosed. **Bullish** – This acquisition expands J&J’s product portfolio and strengthens its position in the snack market.

**Analyst Actions:** No analyst actions reported. 

**Earnings Surprises:** None reported.

**Catalysts:** The acquisition is seen as a strategic move to boost J&J’s presence in the cookie segment, potentially driving future revenue growth. **Bullish** – However, the lack of disclosed financial details introduces some uncertainty regarding the deal’s immediate impact on earnings. **Net Tilt: Bullish**"
2024-04-11,4,"**Ownership Changes:** 
- **Bullish:** Llc increased stake by 144.2%, indicating confidence.
- **Bearish:** Raymond James Financial Services Advisors Inc. reduced position by 11.0%, suggesting caution.

**Price Movement:**
- **Bearish:** JJSF traded down 2.5%.

**Net Tilt:** Mixed signals with a slight bearish bias due to recent price decline and reduction in stake by a major holder."
2024-04-12,7,"**Insider Activity:** Bearish; Director Marjorie Shreiber Roshkoff sold 625 shares on Feb 15th.

**Institutional Ownership:** Bullish; System, Royal Bank of Canada, Captrust Financial Advisors, and Fmr LLC increased their positions in Q3 and Q2.

**Stock Price:** Bearish; JJSF hit a new 52-week low of $135.80.

**Dividends:** Neutral; JJSF announced a quarterly dividend.

**Net Tilt:** Mixed signals with significant institutional buying but negative insider activity and a new 52-week low."
2024-04-14,6,"Institutional ownership trends show mixed signals for JJSF. Bullish: Blackrock, Vanguard, Allspring, Macquarie, and Morgan Stanley increased their stakes, with Morgan Stanley boosting its position significantly by 319.3% in Q4. Bearish: New York State Teachers Retirement System reduced its position by 2.6% in Q4. Net tilt: Bullish due to substantial increases from major investors outweighing the single reduction."
2024-04-18,7,"**Insider Activity:** Bearish; Director Marjorie Shreiber Roshkoff sold 625 shares on Feb 15th.

**Institutional Ownership:** Bullish; Raymond James, Citigroup, PNC Financial, BMO, and MetLife all increased their stakes in Q1.

**Price Action:** Bearish; JJSF reached a new 1-year low of $133.23.

**Net Tilt:** Mixed signals with significant institutional buying offset by insider selling and a new 1-year price low."
2024-04-29,4,"**Insider Sell:** Director Marjorie Shreiber Roshkoff sold 625 shares (bearish).

**Opening Price:** Shares opened at $136.67 (neutral).

**Earnings Estimates:** Analysts predict Q4 EPS of $0.63 and FY24 EPS of $5.00 (bullish).

**Net Tilt:** Mixed signals with insider sell slightly bearish, but strong earnings estimates bullish."
2024-05-02,1,"**Acquisition Update:** J&J Snack Foods (JJSF) acquired the Thinsters cookie brand from Hain Celestial. This move is **bullish** as it expands JJSF’s product portfolio and potentially boosts revenue through new cookie sales. However, the impact on EPS remains uncertain without specific financial details. The acquisition could also signal strategic growth intentions, though execution risks remain.

**Net Tilt:** Bullish (due to expanded product line but with some uncertainty on financial impact)."
2024-05-03,6,"**Ownership Changes:** Multiple institutional investors increased their stakes in JJSF, including Vanguard (+0.6%), Allspring (+0.7%), American Century (+12,431.7%), Davenport (+4.9%), and Charles Schwab (+4.3%) in Q3/Q4. However, Cantonalbank sold 768 shares. **Net Tilt:** Bullish (institutional buying outweighs small selling)."
2024-05-05,4,"**Insider & Ownership Activity:** Bearish. Director Marjorie Shreiber Roshkoff sold 625 shares, and an unnamed large shareholder reduced their position by 18.8%.

**Earnings Estimate:** Neutral. Analysts forecast EPS of $0.63 for the quarter.

**Dividend Announcement:** Bullish. J&J Snack Foods announced a quarterly dividend, indicating financial stability and confidence.

**Net Tilt:** Mixed, with bearish insider and ownership activity offset by a bullish dividend announcement."
2024-05-06,11,"**Earnings:** J&J Snack Foods reported Q2 Non-GAAP EPS of $0.84, beating consensus by $0.23 (Bullish). Pretax profit missed expectations at $13.62M vs. consensus $14.70M (Bearish).

**Revenue:** Q2 revenue of $359.7M exceeded estimates ($340.6M) and set a record (Bullish). Frozen beverages sales were $76.9M (Neutral). Food Service sales grew 5.4% (Bullish).

**EBITDA:** Adjusted EBITDA of $33.50M beat consensus by $0.51M (Bullish).

**Conference Call:** Scheduled for May 7, 2024 (Neutral).

**Net Tilt:** Bullish."
2024-05-07,7,"**Earnings & Revenue:** Bullish. JJSF reported fiscal Q2 adjusted earnings and sales growth, with Icee novelties and biscuit sales increasing 6%. **Stock Performance:** Bullish. Shares surged 15.4% on the earnings report. **Analyst Action:** Neutral. Morgan Stanley maintained the $195 price target. **Net Tilt:** Bullish. Despite neutral analyst action, strong earnings and revenue growth drove significant stock gains."
2024-05-08,11,"**Facility Closure:** Bearish; J&J Snack Foods plans to shut down some facilities.

**Insider Sell:** Bearish; Director Marjorie Shreiber Roshkoff sold 625 shares.

**Earnings Beat:** Bullish; Reported $0.84 EPS, beating consensus of $0.63.

**Institutional Buying:** Bullish; Llc, Headlands Technologies LLC, and Quantbot Technologies LP increased holdings in Q3.

**Earnings Guidance:** Bullish; Company sees strong Q2 performance.

**Analyst Rating:** Neutral; Benchmark reiterated rating without changing price target.

**Stock Price:** Nasdaq:JJSF opened at $160.47.

**EPS Forecast:** Analysts predict 5.06 EPS for FY.

**Net Tilt:** Mixed signals; earnings beat and strong guidance vs. facility closure and insider sell."
2024-05-09,2,"**JJSF Daily Brief (BUY / SELL / HOLD)**

- **Ownership Increase**: Cantonalbank increased holdings by 17.3%, indicating institutional confidence (Bullish).
- **Stock Performance**: Shares gapped up by 0.47, suggesting positive market sentiment (Bullish).

**Net Tilt**: Bullish.

Trader Action: Consider **BUY** for the next session based on strong institutional support and positive stock movement."
2024-05-10,9,"**Earnings Estimate Downgrade:** William Blair downgraded FY2024 EPS estimates to $3.62, bearish.  
**Institutional Ownership:** Mixed; American Century Companies Inc. increased stake by 12,431.7%, bullish; another fund cut position, bearish. Los Angeles Capital Management LLC bought 5,947 shares, bullish.  
**Stock Performance:** JJSF stock down 1.0%, bearish.  
**Q4 Guidance:** William Blair estimates Q4 EPS at $1.81, neutral.  
**Net Tilt:** Bearish due to earnings downgrade and recent stock decline, offset slightly by institutional buying."
2024-05-11,5,"**Insider Activity:** Bearish; Director Marjorie Shreiber Roshkoff sold 625 shares.

**Revenue Performance:** Bullish; Revenue up 6.5% YoY.

**Ownership Changes:** Bullish; Llc purchased new shares, and Vanguard Group Inc. increased holdings by 4.6%.

**Earnings Estimate:** Neutral; Brokers offering predictions for Q3 2024 earnings.

**Net Tilt:** Mixed signals with slight bullish bias due to revenue growth and institutional buying."
2024-05-12,2,"**Revenue Beat:** Bullish. J&J Snack Foods reported revenue of $360m, beating expectations.

**Ownership Increase:** Bullish. System increased its holdings in J&J Snack Foods by 1.5%.

**Net Tilt:** Bullish. Both signals indicate positive momentum."
2024-05-13,1,"**Insider Sell:** J&J Snack Foods' senior VP sold over $369k in stock. **Direction:** Bearish. Evidence: Insider sales often indicate lack of confidence in near-term performance.

NET Tilt: Bearish."
2024-05-14,6,"**Insider Activity:** Bearish; J&J Snack Foods VP sold 2,278 shares.

**Earnings Performance:** Bullish; Q1 EPS was $0.84, beating estimates by $0.21.

**Institutional Ownership:** Bullish; Los Angeles Capital Management LLC initiated a new stake, and Charles Schwab Investment Management Inc. increased its position by 4.3%.

**Stock Price Movement:** Slightly Bearish; stock traded down 0.1%.

**Analyst Forecast:** Neutral; analysts predict FY EPS of 5.08.

**Net Tilt:** Mixed signals with slight bullish bias due to strong earnings beat and institutional buying."
2024-05-15,6,"**Insider Activity:** Bearish; J&J Snack Foods VP Robert Cranmer sold 2,278 shares.

**Institutional Ownership:** Bullish; multiple institutions increased their stakes: Vanguard (4.6%), Allspring Global (6.9%), Westwood Holdings (22.4%), Davenport & Co (11.9%), and another unnamed firm (0.5%).

**Net Tilt:** Bullish due to significant institutional buying outweighing insider selling."
2024-05-16,5,"**Revenue Growth:** Bullish; Q1 revenue grew 6.5% YoY.

**Institutional Ownership:** Mixed; American Century Companies Inc. increased holdings by 12,431.7%, while Zurcher Kantonalbank Zurich Cantonalbank raised its stake by 17.3%. However, Amalgamated Bank sold 140 shares.

**Stock Performance:** Bullish; JJSF opened at $162.94 on Thursday."
2024-05-17,3,"**Ownership Changes:**  
- **Bullish:** Charles Schwab Investment Management Inc. increased holdings by 4.3%.  
- **Bearish:** Victory Capital Management Inc. sold 34,778 shares.

**Earnings Estimate:**  
- **Neutral:** Analysts forecast EPS of $5.08 for the current year.

**Net Tilt:** Mixed signals with slight bullish bias due to institutional buying."
2024-05-18,1,"**Facility Expansion:** Bullish. J&J Snack Foods opened a new distribution center in Glendale, enhancing logistics and potentially boosting operational efficiency. This move could support future growth and improve supply chain management.

**Net Tilt:** Bullish. The expansion indicates strategic investment in infrastructure, likely to benefit long-term operations and market reach."
2024-05-20,2,"**Ownership Increase:** Versor Investments LP bought a new position in J&J Snack Foods worth $245,000 in the 3rd quarter (Bullish).

**Earnings Forecast:** Analysts predict EPS of 5.29 for the current year (Neutral).

**Net Tilt:** Bullish due to institutional buying, but earnings forecast neutral."
2024-05-22,1,"**Facility Expansion:** Bullish. J&J Snack Foods Corp. has opened a new distribution center in Arizona, expanding its logistics network. This move supports operational efficiency and likely enhances distribution capabilities, potentially boosting future sales and market share.

**Net Tilt:** Bullish."
2024-05-23,5,"**Earnings Beat:** J&J Snack Foods reported Q4 EPS of $0.84, beating the consensus estimate of $0.63 (Bullish).

**Institutional Ownership Increase:** LLC increased its stake by 6.5% in Q3 (Bullish).

**New Partnership:** J&J Snack Foods teams up with WK Kellogg for new product introduction (Bullish).

**Analyst Estimate:** Analysts now expect FY EPS of $5.29 (Neutral).

**Institutional Stake Acquisition:** Charles Schwab Investment Management acquired shares (Bullish).

**Net Tilt:** Bullish."
2024-05-24,1,"**Dividend Announcement:** JJSF declared a quarterly cash dividend of $0.735 per share. **Bullish** as consistent dividends indicate financial stability and confidence in future earnings.

No conflicting signals present. **NET TILT:** Bullish."
2024-05-25,3,"**Ownership Changes:**  
- **Bullish:** Vanguard Group Inc. increased holdings by 0.6%. American Century Companies Inc. significantly increased stake by 12,431.7%.  
- **Bearish:** Principal Financial Group Inc. sold 2,263 shares.  

**Net Tilt:** Bullish due to substantial increases outweighing the modest decrease."
2024-06-07,10,"**Revenue Beat:** Bullish. Q1 revenue was $359.73M vs. $341.08M consensus.

**Institutional Ownership:** Mixed. American Century Companies Inc. significantly increased holdings (+12,431.7%) while PNC Financial Services Group Inc. and First Trust Advisors LP decreased holdings (-10.6%, -1.5%).

**Analyst Action:** Neutral. Benchmark reissued ""buy"" with $195.00 target.

**Insider Activity:** Bearish. VP Robert Cranmer sold 2,278 shares.

**Earnings Guidance:** Neutral. Analysts expect EPS of $5.29 for FY.

**Net Tilt:** Neutral to Slightly Bullish. Revenue beat and significant institutional buying offset by insider sell and some trimming of positions."
2024-06-09,3,"**Ownership Increases:**  
- **Bullish:** Llc increased its stake in JJSF by 0.5% in Q4, indicating institutional confidence.  
- **Neutral:** Westwood Holdings maintains a significant position worth $74.16M, showing sustained interest but no change in stake.

**Catalyst:**  
- **Neutral:** Icee invests in new Bystronic equipment, potentially boosting production efficiency but with no direct impact on JJSF’s financials.

**Net Tilt:** Neutral to Slightly Bullish due to increased ownership stakes without negative signals."
2024-06-12,1,"**Partnership:** Bullish. Kentucky Fried Chicken partners with ICEE, potentially boosting JJSF’s beverage sales through expanded distribution channels.

**Analyst Actions:** Neutral. No specific analyst actions mentioned.

**Earnings & Guidance:** Neutral. No earnings or guidance updates provided.

**Catalysts:** Bullish. Partnership with KFC could drive increased ICEE sales and market penetration.

**Net Tilt:** Bullish. The partnership is seen as a positive catalyst for JJSF’s beverage segment without conflicting signals."
2024-06-13,1,"JJSF announced a new partnership deal, a bullish signal as strategic alliances often drive growth and efficiency. No specific financial details were provided, but such collaborations typically enhance market reach and operational synergies. 

Net Tilt: Bullish

Evidence:
- Partnership deal (bullish)"
2024-06-16,4,"**Insider Sell:** VP Robert Cranmer sold 2,278 shares (bearish).

**Dividend:** Declared quarterly dividend of $0.74 (neutral).

**Earnings Estimate:** Analysts predict EPS of 5.29 for FY (neutral).

**Stock Price:** Opened at $164.37 (neutral).

**Net Tilt:** Bearish due to insider sell; other signals neutral."
2024-06-22,5,"Insider Sell: VP Robert Cranmer sold 2,278 shares (Bearish). Ownership Increase: Mariner LLC increased stake by 11.9% (Bullish). Stock Gain: Shares opened at $166.81 (Bullish). New Investment: Virtu Financial invested $248,000 (Bullish). EPS Estimate: Analysts predict EPS of 5.29 for FY (Neutral). Net Tilt: Mixed signals with slight Bullish bias due to ownership increases and new investments."
2024-06-26,7,"**Revenue Growth:** Bullish; Q4 revenue up 6.5% YoY.  
**Institutional Ownership:** Bullish; Johnson Investment Counsel Inc. initiated a new position worth $234k, and another firm increased holdings by 6.7%.  
**Analyst Rating:** Neutral; Benchmark reissued a ""buy"" with a $195 PT.  
**Stock Price:** Bearish; Shares opened at $166.52.  
**Earnings Estimate:** Neutral; Analysts expect 5.29 EPS for the current year.  

**Net Tilt:** Mixed, but slightly bullish due to revenue growth and institutional buying."
2024-07-01,6,"**Insider Activity:** VP Robert Cranmer sold 2,278 shares (Bearish).

**Earnings Beat:** Q3 EPS was $0.84 vs. $0.63 expected (Bullish).

**Institutional Ownership:** Virtu Financial and Vanguard increased stakes (Bullish).

**Conference Call:** Scheduled for fiscal Q3 earnings (Neutral).

**Net Tilt:** Bullish due to earnings beat and institutional buying despite insider sale."
2024-07-15,2,"**Ownership Increase:** Llc boosted its position in J&J Snack Foods by 0.8% in Q1 (Bullish).

**Stock Performance:** Shares of JJSF opened at $165.81 on Monday (Neutral).

**Net Tilt:** Bullish due to increased ownership stake."
2024-07-16,2,"**Price Target Downgrade:** Benchmark Co. LLC downgraded JJSF’s price target to $200 from $205 while maintaining a Buy rating. **Bullish/Bearish:** Bearish. Evidence: Lowered price target suggests reduced valuation expectations.

**Rating Maintenance:** Benchmark maintains Buy rating despite lowering price target. **Bullish/Bearish:** Mixed. Evidence: Maintaining Buy indicates some positive outlook, but the lowered price target signals caution."
2024-07-17,9,"**Earnings Beat:** Bullish. J&J Snack Foods reported EPS of $0.84, beating estimates of $0.63.

**Price Target Downgrade:** Bearish. Benchmark downgraded JJSF’s target price from $205.00 to $200.00.

**Institutional Ownership Increase:** Bullish. Multiple institutions increased their stakes: Vanguard (+4.6%), Allspring (+6.9%), Westwood (+22.4%), and Davenport (+11.9%).

**Stock Performance:** Mixed. JJSF traded up 0.7%, but received a price target downgrade.

**Analyst Forecast:** Neutral. Analysts predict EPS of 5.29 for the current year.

**Net Tilt:** Net bullish due to strong institutional support despite the price target downgrade."
2024-07-18,3,"**Price Target Downgrade:** Benchmark downgraded JJSF, reducing the price target from $205.00 to $200.00. **Bullish/Bearish:** Bearish. Evidence: Lowered price target.

**Ownership Changes:** Sei Investments Co. increased holdings by 19.4%, while another LLC reduced its stock position. **Bullish/Bearish:** Mixed. Evidence: Increased holdings suggest confidence, but reduction indicates some doubt.

**Net Tilt:** Net slightly bearish due to the price target downgrade outweighing the mixed ownership signals."
2024-07-19,1,"**Ownership Increase:** Bullish. Formulas acquired a new stake in J&J Snack Foods in the fourth quarter, indicating institutional confidence in the company’s prospects.

**Net Tilt:** Bullish."
2024-07-22,3,"**Ownership Increase:** Bullish. IL raised its stake in JJSF by 17.5%, indicating confidence. LLC also invested $220,000, further boosting ownership.

**Earnings Estimate:** Neutral. Analysts expect EPS of 5.29 for the current year, no change from previous estimates.

**Net Tilt:** Bullish. Ownership increases suggest positive sentiment despite neutral earnings expectations."
2024-07-25,4,"**Revenue Growth:** Bullish; Q2 revenue up 6.5% YoY.

**Price Target Downgrade:** Bearish; Benchmark downgraded price target from $205.00 to $200.00.

**Ownership Increase:** Bullish; Bank increased holdings by 0.7% in Q1.

**Stake Acquisition:** Bullish; Ltd bought 542 additional shares.

**Net Tilt:** Mixed signals with slight bullish bias due to ownership and stake acquisitions despite revenue beat and PT downgrade."
2024-07-31,5,"**Price Target Downgrade:** Benchmark downgraded JJSF, reducing the price target from $205.00 to $200.00 (Bearish).

**Ownership Changes:** 
- Bullish: Allspring Global Investments Holdings LLC, Davenport & Co LLC, and Vanguard Group Inc. increased stakes by 6.9%, 11.9%, and 1.1% respectively.
- Bearish: State Board of Administration of Florida Retirement System sold shares (Bearish).

**Net Tilt:** Mixed signals with institutional buying outweighing one significant sell-off, indicating overall neutral to slightly bullish sentiment."
2024-08-01,3,"**Headlines Summary:**

- **Insider Sell:** VP Robert Cranmer sold 2,278 shares on May 9th (Bearish).
- **Stock Performance:** J&J Snack Foods trading down (Bearish).
- **Opening Price:** Stock opened at $167.20 on Wednesday (Neutral).

**Net Tilt:** Bearish due to insider sell and stock trading down."
2024-08-02,3,"**Ownership Increase:** Bullish. Two funds significantly increased their stakes in JJSF: one raised holdings by 1.4%, while another boosted its position by 54,200%. Additionally, an LLC holds a $246,000 stake. These moves suggest institutional confidence.

**Net Tilt:** Bullish."
2024-08-03,2,"**Revenue Growth**: Bullish. J&J Snack Foods reported a 6.5% increase in quarterly revenue.

**Earnings Release**: Neutral. J&J Snack Foods is scheduled to post quarterly earnings on Monday, with no specific details provided yet.

**Net Tilt**: Mixed. Revenue growth is positive, but pending earnings could provide further clarity."
2024-08-05,7,"**Earnings Below Expectations:** J&J Snack Foods (JJSF) missed Q3 EPS estimates with $1.98 (vs. $1.99 expected), and revenue fell short despite a 3.3% increase to $440M. **Bullish:** A buy recommendation suggests potential upside. **Bearish:** Soft sales indicate underlying demand issues. **Neutral:** Conference call on Aug 6 may provide clarity. **Net Tilt:** Bearish due to earnings miss and soft sales, but mixed signals suggest caution."
2024-08-06,11,"**Insider Sell:** VP Robert Cranmer sold 2,278 shares (Bearish).

**Earnings Beat:** Q3 pre-tax profit of $52M vs. consensus $51.44M (Bullish).

**Price Target Downgrade:** Benchmark downgraded target from $205 to $200 but maintained ""Buy"" rating (Net Neutral).

**Ownership Increase:** System and LLC increased holdings by 1.9% and 0.8%, respectively (Bullish).

**EPS Miss:** Reported EPS of $1.98 missed consensus of $1.99 (Bearish).

**EBITDA Miss:** Reported EBITDA of $69.76M missed consensus of $70.31M (Bearish).

**Stock Performance:** Shares up 8.2% (Bullish).

**Analyst Estimate:** Analysts predict EPS of $5.29 for the year (Neutral).

**Net Tilt:** Mixed signals with slight overall bearish bias due to multiple misses and insider sell."
2024-08-07,4,"**Executive Retirement:** Bearish. Ken Plunk, CFO, is retiring by end-2024, introducing leadership uncertainty.

**Dividend Increase:** Bullish. Quarterly dividend increased 6% to $0.78 per share, signaling confidence in cash flow stability.

**Earnings Call:** Neutral. Q3 2024 earnings call scheduled for 10:00 a.m. ET, providing potential insights into financial performance.

**Net Tilt:** Mixed, with bullish dividend action offsetting bearish executive change."
2024-08-08,10,"**Ownership Increase:** Bullish. Bank, Westwood Holdings, Allspring Global, and Vanguard all increased holdings in JJSF, indicating institutional confidence.

**Analyst Ratings:** Neutral. Benchmark reaffirmed their rating on JJSF without changing the price target.

**Earnings Estimates:** Neutral. William Blair provided FY2024 and Q4 2024 EPS estimates but did not indicate a beat or miss.

**Price Action:** Bearish. Shares gapped up to $159.36 but opened lower at $165.31 on Tuesday, then further declined to open at $165.31 on Thursday.

**Net Tilt:** Mixed, with ownership increases bullish and price action bearish."
2024-08-09,4,"**Insider Activity:** Bearish - J&J Snack Foods VP sold $254,385 in stock, indicating potential insider concerns.

**Ownership Changes:** Bullish - Llc increased holdings by 603.8%, showing institutional confidence.

**Analyst Ratings:** Neutral - Benchmark reiterated a ""buy"" rating with a $200.00 price target, maintaining previous stance.

**Earnings Estimates:** Neutral - Analysts have set FY2024 earnings expectations without specific changes or surprises.

**Net Tilt:** Mixed signals suggest a cautious approach."
2024-08-10,6,"**Insider Sell:** VP Mary Lou Kehoe sold 1,500 shares (Bearish).

**Revenue Growth:** Q2 revenue up 3.3% YoY (Bullish).

**Earnings Miss:** Reported EPS $1.98 vs. expected $1.99 (Bearish).

**Stock Performance:** JJSF down 0.5% (Bearish).

**Held Ownership:** System holds $2.23M in JJSF (Neutral).

**EPS Guidance:** Analysts expect 5.29 EPS for FY (Bullish).

**Net Tilt:** Mixed signals; revenue growth and EPS guidance bullish, but insider sell and earnings miss bearish."
2024-08-11,2,"**Dividend Decrease:** Bullish (revenue management). J&J Snack Foods reduced its quarterly dividend from $0.74 to $0.62.

**Ownership Decrease:** Bearish (institutional selling). Comerica Bank sold 680 shares, indicating potential concerns about the stock’s near-term prospects.

**Net Tilt:** Mixed signals with a slight bearish bias due to institutional selling."
2024-08-12,4,"**Ownership Increase:** Bullish. Bank and Westwood Holdings Group Inc. increased their stakes in JJSF, indicating institutional confidence.

**Dividend Announcement:** Neutral. J&J Snack Foods announced a quarterly dividend to be paid on October 8th, providing income support but no immediate price impact.

**Net Tilt:** Bullish. Institutional buying suggests positive sentiment despite the neutral dividend announcement."
2024-08-18,5,"**Dividends:** Bullish. J&J Snack Foods increased its quarterly dividend to $0.62, though down from $0.74 previously.

**Revenue:** Bullish. QoQ revenue grew 3.3%.

**Ownership:** Bullish. Ltd significantly increased its stake by 54,200%, and SG Americas Securities LLC bought 6,021 shares.

**Net Tilt:** Strongly Bullish. Multiple positive signals from revenue growth, increased ownership stakes, and share purchases indicate strong investor confidence.

**Stock Price:** Neutral. Opened at $171.43 with no directional movement indicated."
2024-08-26,1,"**Facility Accident:** A fire broke out at J & J Snack Foods' distribution facility, **bearish**. This incident could disrupt supply chains, increase costs, and potentially impact revenue. No specific financial impact details provided, but such accidents typically lead to operational disruptions and may affect investor sentiment negatively.

**Net Tilt:** Bearish due to potential supply chain disruptions and increased costs."
2024-09-03,8,"**Insider Activity:** Bearish - VP Mary Lou Kehoe sold 1,500 shares.

**Ownership Changes:** Bullish - Llc increased holdings by 0.8%, SG Americas Securities LLC bought new shares worth $978k, Bank of New York Mellon Corp. bought 31,897 shares.

**Analyst Ratings:** Neutral - Benchmark reaffirmed ""buy"" with a $200 price target.

**Revenue Performance:** Bearish - Qtrly revenue of $439.96M missed consensus of $440.92M.

**Stock Price Movement:** Bullish - Stock gained 1.3%.

**Earnings Guidance:** Neutral - Analysts forecast EPS of 5.21 for the current year.

**Net Tilt:** Mixed signals; slight net bullish bias due to ownership increases and stock gain."
2024-09-07,7,"**Ownership Trends:** Bullish. Multiple institutions increased their stakes in JJSF: Bank, Westwood Holdings (+22.4%), Allspring Global (+6.9%), and Vanguard (+4.6%). However, Principal Financial reduced its position by 4.6%. **Earnings Estimate:** Neutral. Analysts expect EPS of $5.21 for the current fiscal year.

**Net Tilt:** Slightly Bullish due to significant institutional buying outweighing the single reduction."
2024-09-18,8,"**Ownership Trends:** Bullish. Vanguard, Allspring, Westwood, BNY Mellon, and Davenport increased their stakes in JJSF, indicating institutional confidence. However, one unnamed corporation trimmed its stake, showing some mixed signals.

**Analyst Ratings:** Neutral. Benchmark reaffirmed a ""buy"" rating with a $200.00 target price.

**Revenue Performance:** Bearish. Q2 revenue missed expectations by $0.96M, falling short of analysts’ forecasts.

**Net Tilt:** Mixed, leaning slightly bullish due to significant institutional buying despite revenue miss."
2024-09-20,7,"**Insider Activity:** Bearish; Director Gerald B. Shreiber and VP Mary Lou Kehoe sold 20,000 and 1,500 shares respectively, indicating potential lack of confidence.

**Institutional Ownership:** Bullish; Llc increased holdings by 603.8%, and Dimensional Fund Advisors LP boosted its stake by 4.3%. Additionally, Victory Capital Management Inc. acquired 685 new shares.

**Earnings Estimate:** Neutral; analysts predict EPS of 5.21 for the current year.

**Net Tilt:** Mixed signals with slight bullish bias due to significant institutional buying outweighing insider sales."
2024-09-21,8,"**Ownership Changes:** Bullish (Trexquant, Capstone, Alberta Investment Management, Virtu Financial increased holdings/stakes; Westwood Holdings decreased by 15.7%).  
**Analyst Actions:** Neutral (Benchmark reissued ""buy"" with $200 PT).  
**Revenue Performance:** Bearish (Q revenue $439.96M vs. est. $440.92M, missing expectations slightly).  
**Stock Movement:** Bearish (down 0.8% today).  

**Net Tilt:** Mixed, but slightly bearish due to revenue miss and stock decline."
2024-09-23,1,"**Ownership Update:** Institutional investor D has increased its stake in JJSF to $1.91 million, indicating **bullish** sentiment towards the stock. This move suggests confidence in JJSF’s future performance and could potentially attract other investors.

**Net Tilt:** Bullish

*Evidence:* Significant institutional investment signals positive outlook."
2024-09-24,7,"**Ownership Increases:** Sei Investments Co., Edgestream Partners L.P., Davenport & Co LLC, and Vanguard Group Inc. all increased their stakes in JJSF, indicating **bullish** sentiment (multiple large investors upping positions).

**Stock Performance:** JJSF opened at $169.16 on Tuesday, showing **neutral** to **slightly positive** movement.

**New Stake Acquisition:** Blair William & Co. IL purchased additional shares, reinforcing **bullish** investor interest.

**Earnings Estimate:** Analysts predict EPS of 5.21 for the current year, suggesting **bullish** expectations for earnings performance.

**Net Tilt:** Overall, the signals are **bullish**, with multiple ownership increases and a positive earnings estimate outweighing the neutral stock opening."
2024-09-25,3,"**Insider and Ownership Activity:** Bearish. Gerald B. Shreiber sold 20,000 shares, and Proshare Advisors LLC reduced its stake by 15.7%, indicating potential concerns about the company’s prospects.

**Revenue Performance:** Bearish. Q2 revenue was $439.96M, missing analyst estimates of $440.92M, suggesting revenue growth may be weaker than expected."
2024-09-26,8,"**Insider Activity:** Bearish - VP Mary Lou Kehoe sold 1,500 shares.

**Institutional Ownership:** Bullish - Canada Pension Plan Investment Board and another firm significantly increased holdings. Public Sector Pension Investment Board holds a $5.54M stake.

**Analyst Ratings:** Neutral - Benchmark reiterated a ""buy"" with a $200.00 target price.

**Price Movement:** Bearish - Shares traded down 0.5%.

**Net Tilt:** Mixed signals; slight lean bullish due to significant institutional buying."
2024-09-27,7,"**Ownership Increases:** Multiple institutional investors increased their stakes in JJSF, including Dimensional Fund Advisors (+4.3% Q2), Westwood Holdings (+22.4% Q1), Allspring Global (+6.9% Q1), Sei Investments (+17.3% Q2), Vanguard (+4.6% Q1), and BNY Mellon (+16.7% Q2). **Bullish**.

**Earnings Estimate:** Analysts forecast EPS of $5.21 for the current year. **Neutral**.

**Net Tilt:** Bullish due to significant ownership increases."
2024-09-28,7,"**Ownership Changes:** Bullish. Capstone Investment Advisors LLC increased holdings by 17.0%, Alberta Investment Management Corp by 6.4%, and Virtu Financial LLC initiated a new stake worth $248,000. However, Amalgamated Bank reduced its stake by 2.5% and Colorado sold 288 shares. **Net Tilt:** Slightly Bullish due to larger increases outweighing decreases.

**Stock Price:** Neutral. Shares opened at $170.85 on Friday. No significant movement or earnings data provided."
2024-09-29,1,"**Ownership Increase:** Bullish. Llc bought a new stake in J&J Snack Foods in the first quarter, indicating institutional confidence and potential support for the stock.

No conflicting signals present. **Net Tilt:** Bullish."
2024-09-30,5,"**Insider Activity:** Bearish - Gerald B. Shreiber, a director, sold 20,000 shares (Aug 31). **Ownership Changes:** Bullish - Edgestream Partners and Davenport & Co LLC increased their stakes in Q1. **Revenue Performance:** Bearish - Q2 revenue was $439.96M vs. expected $440.92M. **New Stake:** Bullish - American Century Companies acquired 528 shares. **Net Tilt:** Mixed signals with slight lean negative due to insider sell and revenue miss."
2024-10-03,6,"**Ownership Increases:** Multiple institutions increased their stakes in JJSF, including Llc (+0.8%), Virtu Financial LLC (new position), Vanguard Group Inc. (+1.1%), and Quadrature Capital Ltd. (+11.3%). Envestnet Asset Management Inc. also acquired 3,847 shares. **Bullish** on investor confidence.

**Stock Performance:** Shares opened at $170.67 on Thursday, down slightly from previous close. **Bearish** on short-term market sentiment.

**Net Tilt:** Mixed signals with strong institutional support but slight stock weakness. **Neutral** overall."
2024-10-07,6,"**Ownership Increases:** Lutherans, Westwood Holdings, and Allspring Global Investments increased their stakes in JJSF by 130.8%, 22.4%, and 6.9% respectively, indicating **bullish** sentiment (positive).

**Price Action:** JJSF traded down $2.25 to $167.98, showing **bearish** pressure (negative).

**Analyst Rating:** Benchmark maintained a ""buy"" rating with a $200.00 price target, signaling **bullish** outlook (positive).

**Net Tilt:** Conflicting signals between ownership increases and recent price drop suggest **mixed** overall direction."
2024-10-12,5,"**Ownership Increase:** Bullish. Canada Pension Plan Investment Board and The Manufacturers Life Insurance Company both acquired new positions in Q2 and recently, respectively.

**Analyst Ratings:** Bullish. Benchmark reissued a ""buy"" rating with a $200 price target.

**Stock Performance:** Bullish. JJSF stock up 1.3% today.

**Net Tilt:** Strongly Bullish. Multiple large investors and a positive analyst action support the stock."
2024-10-13,7,"**Ownership Increases:** Bullish. Vanguard, Allspring, and Westwood increased their stakes by 4.6%, 6.1%, and 22.4% respectively, indicating institutional confidence.

**Revenue Miss:** Bearish. Q2 revenue was $439.96M vs. expected $440.92M, missing estimates slightly.

**New Stake Acquisition:** Bullish. Handelsbanken Fonder AB bought 1,300 shares, showing continued interest.

**EPS Guidance:** Neutral. Analysts predict FY EPS of 5.21, no change from previous estimates.

**Stock Price:** Neutral. Opened at $167.64, no significant movement.

**Net Tilt:** Mixed, with ownership increases and new stake acquisitions offsetting the minor revenue miss."
2024-10-14,6,"**Insider Activity & Ownership Changes:**
- **Bearish:** Gerald B. Shreiber, Director, sold 20,000 shares.
- **Bullish:** Llc, Quadrature Capital Ltd, and Sei Investments Co. increased their stakes by 0.8%, 11.3%, and 19.4% respectively.
- **Bearish:** Sg Americas Securities LLC reduced its stake by 37.5%.

**Net Tilt:** Mixed signals with more institutions buying but significant insider selling."
2024-10-16,2,"**Analyst Ratings:** Benchmark reaffirmed a ""buy"" rating and set a $200.00 target price, indicating **bullish** sentiment based on their continued support.

**Earnings Schedule:** J&J Snack Foods scheduled their fiscal 2024 fourth quarter earnings conference call, which could provide further insights into financial performance and future guidance, **neutral** but potentially **bullish** if positive results are announced.

**Net Tilt:** Bullish, with analyst support and upcoming earnings call as key catalysts."
2024-10-19,5,"**Ownership Changes:**  
- **Bullish:** Llc increased stake by 2.3% in Q3. Northwestern Mutual Wealth Management Co. acquired a new position worth $76k in Q2.  
- **Bearish:** Inspire Investing LLC cut its stake.

**Analyst Actions:**  
- **Bullish:** Benchmark reiterated ""buy"" with a $200 target price.

**Stock Price:**  
- Neutral: Stock opened at $168.58 on Friday.

**Net Tilt:** Bullish due to ownership increases and positive analyst action, despite one bearish stake reduction."
2024-10-21,3,"**Earnings:** J&J Snack Foods reported EPS of $1.92, beating expectations of $0.61 (bullish).

**Stake Acquisition:** LLC invested $120,000 in JJSF (bullish).

**Stock Performance:** JJSF stock was flat at 0% gain (neutral).

**Net Tilt:** Bullish due to strong earnings and new investment, despite flat stock performance."
2024-10-22,4,"**Insider Activity & Ownership Changes:**
- **Bearish:** VP Mary Lou Kehoe sold 1,500 shares.
- **Bullish:** Lutherans increased position by 130.8% in Q2; Westwood Holdings increased holdings by 22.4% in Q1.
- **Bearish:** Ltd trimmed position by 16.7% in Q3.

**Net Tilt:** Mixed signals with slight lean towards bearish due to insider sell and institutional trimming."
2024-10-31,7,"**Insider Activity:** Bearish - Gerald B. Shreiber sold 20,000 shares.

**Ownership Changes:** Bullish - Ltd increased holdings by 54,200%, and Llc boosted holdings by 603.8%.

**Analyst Ratings:** Neutral - Benchmark reaffirmed ""Buy"" rating.

**Revenue Performance:** Bearish - Q3 revenue of $439.96M missed estimates by $0.96M.

**Earnings Guidance:** Neutral - Analysts predict EPS of 5.21 for the current year.

**Net Tilt:** Mixed signals with slight lean towards bearish due to insider sell and revenue miss."
2024-11-01,2,"**Ownership Increase:** Bullish. Davenport & Co LLC increased its stake in JJSF by 11.9% in Q1, indicating confidence in the company’s prospects. Additionally, Inc. purchased 390 new shares, further signaling institutional interest."
2024-11-02,5,"**Ownership Increases:** Vanguard, Allspring, Westwood, and Lutherans all increased their stakes in JJSF, with Lutherans boosting theirs by a massive 130.8% in Q2. **Bullish** on investor confidence.

**Stock Performance:** JJSF traded up 1.1%. **Bullish** on market sentiment.

**Net Tilt:** Bullish."
2024-11-06,7,"**Insider Sales:** Bearish. Director Gerald B. Shreiber sold 20,000 shares, and VP Mary Lou Kehoe sold 1,500 shares recently.

**Analyst Action:** Neutral. Benchmark reissued a ""buy"" rating with a $200.00 target price.

**Stock Performance:** Bullish. JJSF opened at $169.43, up 1.9% from previous close.

**Earnings Preview:** Neutral. JJSF scheduled to post earnings, with analysts expecting EPS of $1.88 per share."
2024-11-07,1,"**Ownership Decrease:** Bearish. LLC sold 233 shares, reducing ownership. This suggests potential lack of confidence in near-term performance.

**Net Tilt:** Bearish."
2024-11-12,7,"**Revenue Miss:** Bullish signal muted; J&J Snack Foods missed revenue expectations but maintained a stable stock price at $176.67.

**Institutional Ownership:** Mixed; Bank of New York Mellon increased holdings by 16.7%, while Vanguard added 4.6%. However, US Bancorp reduced its stake by 4.6%.

**Revenue Outlook:** Bearish; analysts predict a 3.5% YoY revenue decline.

**Earnings Report:** Neutral; earnings due tomorrow could provide further clarity.

**Net Tilt:** Net bearish due to revenue miss and outlook, despite institutional support."
2024-11-13,17,"**Earnings:** Q4 Non-GAAP EPS of $1.60 missed estimates by $0.25, down from $1.73 YoY. **Bearish**.

**Revenue:** FY2024 revenue of $1.57B slightly missed consensus of $1.58B, but Q4 revenue of $426.8M met expectations. **Mixed**.

**Margins & Expenses:** Pretax profit beat expectations at $47.9M vs. $47.6M consensus, but operating expenses rose to 23.4%. **Mixed**.

**Analyst Action:** Benchmark maintained a ""buy"" rating with a $200 target price. **Bullish**.

**Ownership:** Iliad increased holdings by 17.5% in Q1. **Bullish**.

**EBITDA:** Q4 EBITDA of $68M up from $62.16M. **Bullish**.

**Net Tilt:** Mixed signals suggest caution; earnings miss and rising expenses are negative, while revenue stability and margin improvements offer some support. **NET TILT: Neutral**."
2024-11-14,1,"**Earnings Call Scheduled:** J&J Snack Foods (JJSF) is set to hold its Q4 2024 earnings call at 10:00 a.m. ET today. This event could provide critical updates on financial performance, guidance, and operational metrics that will influence trading decisions. **Direction: Neutral** until specific details emerge.

**Net Tilt:** Neutral. No additional signals available yet."
2024-11-17,5,"**Ownership Increases:** Vanguard, Allspring, and Westwood increased their positions in JJSF by 4.6%, 3.7%, and 22.4% respectively, indicating **bullish** sentiment among major investors.

**Analyst Ratings:** Benchmark reaffirmed its ""Buy"" rating, maintaining a **neutral** stance on the stock’s current trajectory.

**Stock Price:** JJSF opened at $161.77 on Friday, showing no significant change from previous days.

**Net Tilt:** Bullish due to substantial ownership increases, though analyst ratings suggest stability rather than immediate upside."
2024-11-19,6,"**Insider Activity:** Bearish - Gerald B. Shreiber sold 20,000 shares.

**Ownership Changes:** Bullish - System and Planning both increased their stakes by 1.9%.

**Earnings Performance:** Bearish - Q3 EPS of $1.60 missed estimates by $0.25.

**Revenue Trends:** Bearish - Revenue declined by 3.9% QoQ.

**Dividends:** Neutral - Declared $0.78 dividend.

**Net Tilt:** Bearish due to insider sell, earnings miss, and revenue decline, despite positive ownership increases."
2024-11-21,4,"**Revenue Guidance:** Bullish. J&J Snack Foods projects potential to double sales, indicating strong growth expectations.

**Executive Appointment:** Bullish. Shawn Munsell appointed as new CFO, signaling management strength and stability.

**Earnings Performance:** Bullish. Company reported strong fiscal 2024 performance, suggesting robust financial health.

**Net Tilt:** Bullish. All signals indicate positive momentum and strong fundamentals."
2024-11-22,1,"**Earnings Estimate:** Analysts now expect J&J Snack Foods to report EPS of $5.69 for the current year. **Direction:** Neutral. **Evidence:** The EPS estimate is a forward-looking figure without indication of change from previous expectations, thus no clear bullish or bearish signal.

**Analyst Actions:** No upgrades, downgrades, or changes in price targets reported. **Direction:** Neutral. **Evidence:** Lack of analyst action suggests no significant shift in sentiment.

**Catalysts & Surprises:** None reported. **Direction:** Neutral. **Evidence:** Absence of any specific catalysts or earnings surprises means no immediate impact on trading decisions.

**Net Tilt:** Neutral. **Reasoning:** Despite the EPS estimate, there are no concrete signals indicating a directional bias for the next trading session."
2024-11-23,2,"**Ownership Increase:** Canada Pension Plan Investment Board acquired a new position in J&J Snack Foods during Q2, indicating institutional confidence (Bullish).

**Stock Performance:** J&J Snack Foods' stock gained 2.1% today (Bullish).

**Net Tilt:** Bullish due to institutional buying and positive stock movement."
2024-11-27,9,"**Insider Activity & Ownership Changes:** Director Gerald B. Shreiber sold 20,000 shares (Bearish). Vanguard, Dimensional Fund Advisors, Allspring Global Investments, and Millennium Management increased their stakes (Bullish). Victory Capital Management reduced its position (Bearish). **Revenue:** Q3 revenue declined 3.9% YoY (Bearish). **Earnings Estimate:** Analysts expect EPS of 5.49 for FY2024 (Neutral). **Net Tilt:** Mixed signals with slight bias towards Bearish due to insider sell and revenue decline."
2024-11-28,2,"**Ownership Decrease:** Bearish — Mutual of America Capital Management LLC sold 212 shares, indicating reduced confidence.

**Earnings Miss:** Bearish — Q4 EPS was $1.60, missing the consensus estimate of $1.85 by $0.25.

**Net Tilt:** Bearish due to both ownership decrease and earnings miss."
2024-12-01,4,"**Ownership Increase:** Inc. increased holdings by 39,000%, and Llc raised its stake by 603.8% (Bullish).

**Earnings Miss:** Reported EPS of $1.60 vs. expected $1.85 (Bearish).

**New Stake Acquisition:** Intech Investment Management LLC purchased 3,802 shares (Bullish).

**Net Tilt:** Mixed signals with significant ownership increases offsetting an earnings miss."
2024-12-02,1,"**Executive Appointment:** J&J Snack Foods named a new CFO, which could stabilize financial operations and improve investor confidence (bullish). However, the lack of specific details about the executive’s background and immediate plans introduces some uncertainty (bearish). **Net Tilt:** Neutral."
2024-12-04,3,"**Ownership Increase:** Bullish. Segall Bryant & Hamill LLC increased its stake by 5.6%, and Charles Schwab Investment Management Inc. bought 1,446 shares.

**Earnings Estimate:** Neutral. Analysts expect EPS of $5.49 for the current year.

**Net Tilt:** Bullish due to significant institutional buying."
2024-12-06,2,"**Ownership Increase:** Bullish. Dimensional Fund Advisors LP increased holdings by 4.3% in Q2, indicating institutional confidence.

**Revenue Miss:** Bearish. Q2 revenue was $426.76M vs. estimates of $428.33M, missing expectations by $1.57M.

**Net Tilt:** Mixed signals with ownership increase vs. revenue miss."
2024-12-11,4,"**Ownership Changes:** Bullish - Lutherans increased stake by 130.8%, while Manufacturers Life Insurance sold shares.

**Revenue Performance:** Bearish - Q2 revenue declined 3.9% YoY.

**Earnings Guidance:** Neutral - Analysts predict EPS of $5.49 for FY2024.

**Net Tilt:** Mixed signals with ownership increase vs. revenue decline."
2024-12-12,1,"**Ownership Update:** Institutional ownership by LLC increased, holding $4.73 million in JJSF (bullish). Evidence: Significant institutional interest suggests confidence in the stock’s future performance.

**Net Tilt:** Bullish."
2024-12-17,7,"**Ownership Increases:** Dimensional Fund Advisors LP, Allspring Global Investments, Millennium Management LLC, and State Street Corp. increased their stakes in JJSF (Bullish).

**Earnings Miss:** Q3 EPS of $1.60 missed estimates of $1.85 (Bearish).

**Analyst Forecast:** Analysts predict FY EPS of 5.49 (Neutral).

**Jane Street Group Purchase:** Jane Street Group LLC purchased shares (Bullish).

**Net Tilt:** Mixed signals with ownership increases and a new purchase offsetting the earnings miss. **HOLD** recommended pending further clarity."
2024-12-21,5,"**Ownership Increase:** Bullish. Dimensional Fund Advisors LP increased holdings by 4.3%, and Glenmede Trust Co. NA initiated a new stake. Fmr LLC also acquired shares.

**Revenue Miss:** Bearish. Q3 revenue was $426.76M vs. estimates of $428.33M, missing by $1.57M.

**Earnings Forecast:** Neutral. Analysts predict FY EPS of 5.49.

**Net Tilt:** Mixed signals with ownership increases offsetting revenue miss."
2024-12-22,4,"**Ownership Increase:** Bullish. Llc increased its stake in J&J Snack Foods by 24.0% in Q3. Additionally, Northwestern Mutual Wealth Management Co. and Canada Pension Plan Investment Board both initiated new positions in Q2, valued at $76,000 and $114,000 respectively.

**Price Movement:** Bearish. J&J Snack Foods traded down 0.4% today.

**Net Tilt:** Mixed signals with ownership increases indicating institutional confidence but recent price decline suggesting short-term weakness."
2024-12-29,7,"**Ownership Increase:** Bullish. Inc. increased its stake by 39,000%, and both Northwestern Mutual and Canada Pension Plan Investment Board initiated new positions in Q2.

**Revenue Miss:** Bearish. Q3 revenue was $426.76M vs. consensus $428.33M.

**Analyst Expectations:** Neutral. Analysts predict EPS of 5.49 for FY.

**Holding:** Neutral. Principal Financial Group holds $12.67M in JJSF stock.

**Stock Price:** Neutral. Opened at $156.19 on Friday.

**Net Tilt:** Mixed signals with significant ownership increase offsetting revenue miss."
2025-01-03,8,"**Direction: Mixed**

- **Bullish**: Institutional ownership increased significantly with Inc. raising holdings by 39,000%, Northwestern Mutual, Canada Pension Plan, Lutherans, and Allspring boosting positions.
- **Bearish**: One firm, Llc, trimmed its position by 1.2% in Q4.

**Net Tilt:** Bullish due to substantial increases in institutional ownership outweighing the minor reduction."
2025-01-13,1,JJSF schedules fiscal 2025 Q1 earnings conference call. No specific financial details provided yet. **HOLD** until further data emerges from the call.
2025-01-15,7,"**Ownership Increases:** Dimensional Fund Advisors LP, Allspring Global Investments, Barclays PLC, and State Street Corp. increased their stakes in JJSF (Bullish).

**Revenue Miss:** Q3 revenue was $426.76M vs. expectations of $428.33M (Bearish).

**JP Morgan Stake:** JPMorgan Chase & Co. bought shares in JJSF (Bullish).

**EPS Guidance:** Analysts expect EPS of $5.49 for the current year (Neutral).

**Net Tilt:** Mixed signals with significant institutional buying offsetting a minor revenue miss."
2025-01-16,6,"**Ownership Trends:** Bullish. JPMorgan Chase & Co. increased its position by 27.8%, Franklin Resources Inc. by 4.1%, and Jane Street Group LLC by 40.1%. However, Llc reduced its stake by 12.2%. Net tilt is slightly bullish due to significant increases from major institutions.

**Price Action:** Neutral. Shares opened at $142.96 on Thursday with no specific price movement signals provided.

**Net Tilt:** Slightly Bullish."
2025-01-27,1,"**Earnings Beat:** J&J Snack Foods reported EPS of $1.73, beating estimates of $0.61. **Bullish** due to strong earnings performance.

**Analyst Actions:** No significant analyst actions noted. 

**Catalysts:** None reported.

**Net Tilt:** Bullish based on earnings beat."
2025-01-28,9,"**Ownership Increases:** Multiple institutional investors increased their stakes in JJSF, including Algert Global LLC, Exchange Traded Concepts LLC, American Century Companies Inc., Envestnet Asset Management Inc., Millennium Management LLC, and Manufacturers Life Insurance Company. Additionally, Inspire Investing LLC initiated a new position. **Direction:** Bullish. **Evidence:** Significant stake increases indicate investor confidence.

**Earnings Estimate:** Analysts predict EPS of 5.49 for the current fiscal year. **Direction:** Neutral. **Evidence:** No deviation from previous estimates.

**Stock Price:** Shares opened at $140.44. **Direction:** Neutral. **Evidence:** No significant change from prior close.

**Net Tilt:** Bullish due to substantial ownership increases."
2025-02-01,2,"**Revenue Down, Earnings Estimate Unchanged:**
- **Bearish:** Q4 revenue declined 3.9% YoY, missing expectations.
- **Neutral:** EPS estimate remains unchanged at $0.24.

**Net Tilt:** Bearish due to revenue miss."
2025-02-02,1,"**Today's Headlines Summary:**

- **Stock Price:** JJSF opened at $137.23 on NASDAQ.
- **Analyst Actions:** No upgrades, downgrades, or new price targets announced.
- **Earnings:** No earnings report or surprise details provided.
- **Catalysts:** None reported.

**Net Tilt:** Neutral (no significant directional signals).

A trader must rely on other factors or await further developments."
2025-02-03,16,"**Earnings Below Expectations:** J&J Snack Foods reported Q1 adjusted EPS of $0.33, missing the consensus of $0.59 (bearish). The company sees profit erosion (bearish).

**Revenue Mixed:** Q1 revenue of $362.6M beat the $360.9M estimate (bullish), with overall revenue up 4.1% YoY (bullish). However, Churros sales declined 9.2% (bearish).

**Positive Financial Metrics:** Pretax profit of $15.10M beat consensus ($14.79M) (bullish), and EBITDA of $33.10M also beat estimates (bullish).

**Catalyst:** Board approved a new $50M stock repurchase program (bullish).

**Net Tilt:** Mixed signals, but overall slightly bearish due to earnings miss and profit erosion guidance."
2025-02-04,5,"**Direction: Bearish**

- **Ownership Increase:** Principal Financial Group Inc. increased its stake by 3.0%, indicating institutional support (Bullish).
- **Earnings Miss:** J&J Snack Foods missed Q1 2024 EPS forecast (Bearish).
- **Stock Performance:** Shares traded as low as $132.88 and closed at $133.03, reflecting downward pressure (Bearish).

**Net Tilt:** Bearish due to earnings miss and stock performance despite ownership increase."
2025-02-05,7,"**Revenue Guidance Above Expectations:** Bullish. J&J Snack Foods reported revenue guidance above expectations.

**Institutional Ownership Increases:** Bullish. Multiple institutions increased their stakes: Franklin Resources (+4.1%), Allspring Global (+3.7%), Jane Street Group (+40.1%), and Millennium Management (+128.7%).

**Facility Expansion:** Bullish. Theater locations for Dippin’ Dots ice cream expanded by 21%.

**Net Tilt:** Strongly Bullish. All signals indicate positive momentum and investor confidence."
2025-02-06,3,"**Analyst Ratings & Ownership Increase:** Bullish. Benchmark upgraded JJSF to Buy from Hold, setting a positive tone. Additionally, Inc. increased its stake by 27.4%, indicating confidence in the company’s prospects.

**Stock Price:** Neutral. JJSF opened at $122.15 on Tuesday, reflecting current market sentiment without significant movement.

**Net Tilt:** Bullish. Analyst upgrade and ownership increase provide strong support despite neutral stock price action."
2025-02-07,3,"**Earnings Estimate Downgrades:** William Blair downgraded Q3 2025 EPS estimates for J&J Snack Foods from an unspecified previous level to $0.62 (bearish). The company reported EPS of $0.33, significantly missing the consensus estimate of $0.62 (bearish).

**Net Tilt:** Bearish due to consistent downward revisions and earnings miss."
2025-02-08,5,"**Earnings Estimate Downgrade:** Analysts reduced Q2 EPS estimate to -0.62, bearish.  
**Institutional Ownership Increase:** Northwestern Mutual Wealth Management Co. and Inc. increased stakes, bullish.  
**New Stake Acquisitions:** Inc. bought 107 shares, bullish.  
**Analyst Predictions:** EPS forecast for FY is 5.49, neutral.  
**Net Tilt:** Mixed signals; slight net bullish due to ownership increases."
2025-02-09,1,"**Revenue Guidance:** J&J Snack Foods updated their 2025 revenue guidance to $1.63 billion. **Direction:** Neutral. The guidance does not indicate a significant change from previous expectations, suggesting stability but no major upside or downside surprise."
2025-02-12,4,"**Ownership Changes:** Franklin Resources increased its stake by 4.1%, indicating **bullish** sentiment (positive). Conversely, Allspring Global Investments reduced its holdings by 3.4%, signaling **bearish** sentiment (negative).

**Stock Performance:** JJSF opened at $127.07, up 23% from previous close, suggesting **bullish** market reaction (positive).

**Earnings Estimate:** Analysts forecast EPS of $5.36 for the current year, maintaining neutral expectations.

**Net Tilt:** Mixed signals with slight **net bullish** bias due to ownership increase and strong opening price."
2025-02-13,1,"**Dividend Unchanged:** J&J Snack Foods maintains its dividend at $0.78 per share. **Direction:** Neutral. **Evidence:** No change in dividend indicates stable financial position but lacks positive catalysts for growth.

**Net Tilt:** Neutral."
2025-02-15,2,"**Ownership Changes:**  
- **Bullish:** Allspring Global Investments Holdings LLC increased its stake in JJSF by 3.7% in Q3.  
- **Bearish:** Llc reduced its position in JJSF by 0.34%.  
**Net Tilt:** Mixed signals suggest cautious optimism.

A trader should consider these conflicting ownership trends before making a decision."
2025-02-18,5,"**Price Target Downgrade:** Jefferies downgraded JJSF’s price target to $135 from $175, indicating **bearish** sentiment. 

**Stock Performance:** JJSF traded down, reflecting **bearish** market sentiment.

**Ownership Increase:** Jane Street Group increased its stake by 40.1%, signaling **bullish** institutional confidence.

**Analyst Rating:** Jefferies maintained a Hold rating, showing **neutral** overall analyst view despite the price target reduction.

**Earnings Forecast:** Analysts predict EPS of 5.36 for the current year, suggesting **neutral** to **slightly bullish** earnings expectations.

**Net Tilt:** Mixed signals with a slight **bearish** bias due to the price target downgrade and stock performance."
2025-02-19,4,"**Price Target Downgrade:** Jefferies Financial Group downgraded JJSF, reducing the price target from $175.00 to $135.00 (Bearish).

**Institutional Ownership Increases:** Franklin Resources Inc., Inc., and Llc increased their stakes in JJSF by 4.1%, 6.8%, and 163.6% respectively in Q3 and Q4 (Bullish).

**Net Tilt:** Mixed signals with a slight **Bearish** lean due to the significant downgrade from Jefferies."
2025-02-24,4,"**Jefferies Financial Group downgraded J&J Snack Foods, lowering the target price from $175.00 to $135.00 (Bearish)**. **JPMorgan Chase & Co. increased its stake by 27.8% in Q3**, while **Davenport & Co LLC upped its holdings by 5.8% in Q4 (Bullish)**. **Analysts predict EPS of 4.75 for the current fiscal year (Neutral)**. **Net Tilt: Bearish** due to the significant downgrade outweighing ownership increases."
2025-02-27,2,"**Ownership Increase:**  
- **Bullish**: Champlain Investment Partners LLC increased its stake in JJSF by 2.2% in Q3, indicating confidence in the stock. Additionally, Rhumbline Advisers acquired shares, further supporting positive sentiment.

NET TILT: Bullish"
2025-02-28,7,"**Jefferies Financial Group downgraded J&J Snack Foods, cutting the price target from $175.00 to $135.00 (Bearish)**. Institutional investors KBC Group, JPMorgan Chase, and Davenport & Co. increased their positions in J&J Snack Foods by 48.2%, 27.8%, and 5.8% respectively (Bullish). JJSF stock opened at $131.89, down 1.7% from the previous close (Bearish). Analysts forecast EPS of 4.75 for the current fiscal year (Neutral). **Net Tilt: Bearish**."
2025-03-10,4,"**Jefferies Financial Group downgraded JJSF, cutting the target price from $175.00 to $135.00 (Bearish)**. **Bank of New York Mellon Corp sold 4,475 shares (Bearish)**. **Analysts predict EPS of 4.75 for the current year (Neutral)**. **Stock opened at $138.38 (Neutral)**. **Net Tilt: Bearish** due to downgrade and significant share sale."
2025-03-11,3,"**Ownership Increase:** Bullish. JPMorgan Chase & Co. increased its stake by 27.8%, and Davenport & Co LLC increased its stake by 5.8%. Both moves indicate institutional confidence.

**Stock Performance:** Bullish. J&J Snack Foods stock gained 0.8%.

**Net Tilt:** Bullish. Institutional buying and positive stock movement suggest continued interest."
2025-03-18,12,"Jefferies downgraded JJSF, lowering the target price from $175 to $135, indicating bearish sentiment. However, multiple institutional investors increased their stakes in JJSF, including Barclays (+434%), State Street (+2.9%), Davenport & Co (+5.8%), JPMorgan (+27.8%), Jane Street (+40.1%), and Franklin Resources (+4.1%). Charles Schwab also bought additional shares. Despite these positive ownership trends, one advisor reduced their stake. Analysts predict EPS of 4.75 for the current year. Overall, mixed signals with a net slightly bearish tilt due to the major downgrade."
2025-03-19,2,"**Ownership Decrease:** Atria Investments Inc. reduced its stake in JJSF by 20.8% in Q4, indicating **bearish** sentiment from a significant shareholder.

**Stock Performance:** JJSF traded down 2.1%, reflecting **bearish** market sentiment.

**Net Tilt:** Bearish due to both ownership reduction and stock price decline."
2025-03-21,1,"**Ownership Decrease:** Victory Capital Management Inc. sold 713 shares of JJSF, reducing ownership. **Direction:** Bearish. **Evidence:** Institutional selling indicates reduced confidence in the stock.

NET Tilt: Bearish."
2025-03-22,5,"Jefferies downgraded JJSF, cutting the price target from $175 to $135, bearish. Jane Street increased holdings by 40.1%, bullish. Inc. reduced holdings by 3.4%, bearish. Stock opened at $126.71. Analysts predict EPS of 4.75 for the current year, neutral. Net tilt: slightly bearish due to downgrade and reduction in holdings outweighing increased stake."
2025-03-23,2,"**Ownership Increase:** Bullish. Intech Investment Management LLC increased its stake in JJSF by 98.4% during Q4, indicating confidence in the stock.

**Net Tilt:** Bullish. The significant increase in ownership suggests positive sentiment towards JJSF."
2025-03-25,7,"**Ownership Increases:** Multiple institutions increased their stakes in JJSF, including Franklin Resources (+4.1%), Swiss National Bank (+1.0% Q4, +300 shares purchased), State Street (+2.9%), JPMorgan Chase (+27.8%), Barclays (+434.0%), and FMR LLC (+109.9%). **Direction:** Bullish. Evidence: Significant stake increases indicate institutional confidence in JJSF’s future prospects."
2025-03-27,3,"**Ownership Increase:** Bullish. KBC Group NV increased its stake by 48.2%, indicating confidence. CIBC World Markets Corp invested $221,000, further boosting institutional support.

**Earnings Forecast:** Neutral. Analysts predict EPS of 4.75 for the current year, aligning with expectations but lacking directional bias.

**Net Tilt:** Bullish. Institutional buying signals positive sentiment despite neutral earnings forecast."
2025-03-28,3,"**Ownership Changes:** 
- **Bullish:** Llc increased its stake in JJSF by 5.5% in Q4.
- **Bearish:** Another Llc sold 129 shares.

**Stock Performance:**
- **Bullish:** JJSF stock gained 2.4%.

**Net Tilt:** Bullish due to ownership increase and stock gain, despite minor selling."
2025-03-30,3,"**Ownership Increase:** Glenmede Trust Co. NA acquired a new position in JJSF valued at $204,000, while Virtu Financial LLC also acquired 1,330 shares. **Bullish** on investor interest.

**Stock Price:** Shares opened at $130.14 on Friday. **Neutral** on price movement without additional context.

**Net Tilt:** Bullish due to increased institutional ownership."
2025-03-31,8,"**Jefferies Financial Group downgraded J&J Snack Foods, cutting the price target from $175.00 to $135.00 (Bearish)**. However, multiple institutions increased their positions in Q3 and Q4: Barclays PLC (+434%), State Street Corp (+2.9%), Davenport & Co LLC (+5.8%), JPMorgan Chase & Co. (+27.8%), and Jane Street Group LLC (+40.1%) (Bullish). **Analysts expect EPS of 4.75 for the current year**. **Net Tilt**: Mixed signals with institutional buying offsetting the downgrade."
2025-04-04,8,"**Jefferies Financial Group downgraded J&J Snack Foods, reducing the price target from $175.00 to $135.00 (Bearish)**. Institutional ownership saw mixed signals: Blair William & Co. sold shares (Bearish), while Llc, Vanguard Group, and State Street increased their stakes (Bullish). J&J Snack Foods stock gained 2.1% (Bullish), and As invested $530,000 (Bullish). Corebridge Financial maintained a significant stake (Neutral). **Net tilt: Mixed, with Bullish slightly outweighing Bearish signals.**"
2025-04-05,2,"**Ownership Increase:** Bullish. Sei Investments Co. increased its stake by 1.9%, and Kbc Group NV boosted its holdings by 48.2% in Q4, indicating institutional confidence in JJSF.

NET TILT: Bullish."
2025-04-06,2,"**Headlines Summary:**

- **Stock Performance:** [bearish] JJSF stock has been sliding (-0.51%).
- **Dividends:** [neutral] J&J Snack Foods continues to pay dividends.

**Net Tilt:** Bearish due to recent stock decline."
2025-04-07,4,"**Ownership Increase:** Barclays PLC increased its stake in J&J Snack Foods by 434.0%, indicating **bullish** sentiment.  
**Stock Performance:** J&J Snack Foods stock opened at $134.10, showing **neutral** movement.  
**Earnings Guidance:** Analysts predict EPS of 4.75 for the current fiscal year, suggesting **bullish** expectations.  

**Net Tilt:** Bullish due to significant ownership increase and positive EPS estimates."
2025-04-11,8,"**Ownership Increases:** Multiple institutional investors increased their stakes in JJSF, including Pictet Asset Management, Fmr LLC (+109.9%), State Street Corp (+2.9%), Jane Street Group (+40.1%), Barclays (+434.0%), and Franklin Resources (+4.1%). **Bullish**.

**Earnings Estimate:** Analysts expect JJSF to report EPS of $4.75 for the current year. **Neutral**.

**Net Tilt:** Bullish due to significant ownership increases."
2025-04-13,3,"**Ownership Increase:** Llc increased its stake in JJSF by 163.6%, indicating **bullish** sentiment among institutional investors.

**Stock Performance:** JJSF shares gained 1.6%, showing **bullish** market movement.

**Earnings Announcement:** JJSF released its quarterly earnings data on Feb 3rd, but specific details (beat/miss, EPS, revenue) are missing, leading to **neutral** sentiment until more details emerge.

**Net Tilt:** Bullish, with strong institutional buying and positive stock performance."
2025-04-15,8,"**Jefferies downgraded JJSF to $135 from $175, bearish.** Institutional investors like Jane Street, State Street, Barclays, and Fmr LLC increased stakes significantly, bullish. JPMorgan also acquired shares, bullish. EPS forecast for FY25 is $4.75, neutral. Q2 earnings call scheduled, neutral. **Net tilt: mixed, with significant institutional buying offsetting analyst downgrade.**"
2025-04-16,1,"**Ownership Increase:** Bullish. KBC Group NV increased its stake in J&J Snack Foods by 48.2% in Q4, indicating confidence in the company’s prospects.

Net Tilt: **Bullish**."
2025-04-18,4,"**Ownership Changes:** 
- **Bullish:** Lutherans increased their stake by 0.4%.
- **Bearish:** Russell Investments reduced its position by 37.7%, though it still holds a significant $2.86M stake.

**Stock Performance:**
- **Bullish:** JJSF stock gained 2.2%.

**Net Tilt:** Mixed signals with slight bullish bias due to stock gain and modest increase by Lutherans."
2025-04-22,3,"**Ownership Increase:** Raymond James Financial Inc. initiated a new position in JJSF, valued at approximately $674,000, while Vanguard Group Inc. increased its stake by 1.2%. (Bullish)

**Stock Price:** JJSF opened at $136.93 on Tuesday. (Neutral)

**Net Tilt:** Bullish due to institutional buying."
2025-04-23,9,"**Jefferies downgraded JJSF, cutting the target price from $175 to $135 (Bearish)**. Institutional investors like KBC Group, Wells Fargo, AllianceBernstein, Franklin Resources, and Invesco increased their stakes in JJSF (Bullish). EPS forecasts predict 4.75 for the current year (Neutral). Stock opened at $136.49 (Neutral). **Net Tilt: Mixed**."
2025-04-24,3,"**Price Target Downgrade:** Benchmark downgraded JJSF, cutting the price target to $165 (bearish).

**Ownership Changes:** 
- Llc increased holdings by 32.8% (bullish).
- First Trust Advisors LP reduced holdings by 6.1% (bearish).

**Net Tilt:** Mixed signals with a slight net bearish tilt due to the price target downgrade and modest reduction in institutional holdings."
2025-04-25,3,"**Ownership Changes:**  
- **Bullish:** Davenport & Co LLC increased holdings by 5.8% in Q4. Barclays PLC significantly boosted its position by 434.0% in Q3.  
- **Bearish:** Envestnet Asset Management Inc. reduced its stake by 1.3% in Q4.  
**Net Tilt:** Bullish due to substantial increases from major investors outweighing the modest decrease."
2025-04-27,6,"**Ownership Increase:** Bullish. JPMorgan Chase & Co. increased holdings by 27.8%, Vanguard Group Inc. boosted its stake by 1.2%, Raymond James Financial Inc. purchased a new stake, and Wells Fargo & Company MN bought 2,525 shares.

**Stock Performance:** Bearish. Shares opened at $128.52 on Friday, down slightly from previous days.

**Earnings Estimate:** Neutral. Analysts predict EPS of 4.75 for the current fiscal year.

**Net Tilt:** Mixed signals with ownership increases indicating institutional confidence but recent stock performance showing weakness."
2025-04-29,1,"**Ownership Increase:** Bullish. MetLife Investment Management LLC increased its stake in J&J Snack Foods by 5.9% in Q4, indicating institutional confidence.

**Net Tilt:** Bullish."
2025-05-03,6,"**Ownership Trends:** Bullish. Major institutions like Bank of Montreal, Barclays, and JPMorgan significantly increased their stakes in JJSF, with boosts ranging from 18.3% to 434%. Additionally, Mariner LLC acquired new shares. However, Colorado sold off some shares, showing mixed signals. **Net Tilt:** Bullish due to substantial increases by major players.

**Evidence:**
- Bank of Montreal: +18.3% Q4
- Barclays: +434.0% Q3
- JPMorgan: +27.8% Q3
- LLC: +32.8% Q4
- Colorado: -171 shares
- Mariner LLC: Acquired 401 shares"
2025-05-04,3,"**Jefferies Financial Group downgraded J&J Snack Foods, lowering the price target from $175.00 to $135.00 (Bearish)**. **Llc invested $567,000 in JJSF shares (Bullish)**. **Stock opened at $129.28 on Friday (Neutral)**. **Net Tilt: Bearish** due to the significant downgrade outweighing the modest investment inflow."
2025-05-05,4,"**Revenue Growth:** Bullish; J&J Snack Foods forecasts 2.2% YoY revenue growth to $367.8M.

**Stock Performance:** Bearish; shares down 2.9% despite positive revenue outlook.

**Earnings Release:** Neutral; JJSF set to release quarterly earnings on Tuesday, providing potential catalyst.

**Opening Price:** Neutral; NASDAQ:JJSF opened at $129.28 on Monday.

**Net Tilt:** Mixed signals with bearish stock performance conflicting with bullish revenue forecast."
2025-05-06,14,"**Earnings Below Expectations:** J&J Snack Foods reported Q2 Non-GAAP EPS of $0.35, missing estimates by $0.33 (Bullish Signal Weakens). Revenue fell 1.0% YOY to $356.1M, below expectations (Bearish). However, EBITDA of $35.52M beat consensus by $0.69M (Bullish). Operating expenses were $89.7M (Neutral). The company repurchased 39,000 shares (Bullish). **Net Tilt:** Bearish due to EPS miss and revenue decline."
2025-05-07,6,"**Price Target Downgrade:** Brooks downgraded JJSF, lowering the price target to $150 from $165 (Bearish).

**Ownership Increases:** Inc., JPMorgan Chase, and Barclays increased their stakes in JJSF by 6.8%, 27.8%, and 434% respectively (Bullish).

**Stock Performance:** JJSF hit a new 12-month low (Bearish).

**Earnings Announcement:** JJSF released quarterly earnings data on May 6th (Neutral).

**Net Tilt:** Mixed signals with significant institutional buying but a price target downgrade and stock hitting a new low. Overall, slightly **Bearish**."
2025-05-08,2,"**Jefferies Financial Group downgraded JJSF, cutting the target price from $175.00 to $135.00 (Bearish)**

**Raymond James Financial Inc. invested $674,000 in JJSF (Bullish)**

**Net Tilt:** Mixed signals with Jefferies' downgrade indicating bearish sentiment while Raymond James' investment suggests bullishness."
2025-05-11,4,"**Earnings:** Bullish/Bearish Mixed. EPS of $0.35 missed consensus by $0.34, bearish. **Ownership Increase:** Bullish. Voya Investment Management LLC increased holdings by 8.2%, indicating confidence. **Stock Performance:** Bearish. Stock opened at $116.21, up only 0.4% despite ownership boost, suggesting limited market reaction to positive signals. **Net Tilt:** Neutral with slight bias towards bearish due to earnings miss overshadowing ownership increase."
2025-05-13,5,"**Price Target Downgrade:** Benchmark downgraded JJSF, reducing the price target from $165.00 to $150.00 (Bearish).

**Ownership Changes:** Two Sigma Securities LLC and Nebula Research & Development LLC initiated new stakes worth $342,000 and $296,000 respectively (Bullish). Conversely, The Manufacturers Life Insurance Company decreased its position by 2.6% (Bearish). **Net Tilt:** Mixed.

**Stock Price:** Opened at $119.31 (Neutral)."
2025-05-15,1,"**Dividend Unchanged:** J & J Snack Foods maintains its quarterly dividend at $0.78/share. **Direction:** Neutral. **Evidence:** No change in dividend indicates stable financial position but lacks positive catalysts for growth.

**Net Tilt:** Neutral."
2025-05-16,4,"**Price Target Downgrade:** Benchmark downgraded J&J Snack Foods, lowering the price target from $165.00 to $150.00 (Bearish).

**Earnings Miss:** Q1 EPS was $0.35, missing the consensus estimate of $0.69 (Bearish).

**Ownership Increase:** Llc increased holdings by 0.9% in the 4th quarter (Bullish).

**Stock Price:** Opened at $116.14 on Friday (Neutral).

**Net Tilt:** Bearish due to the downgrade and earnings miss outweighing the ownership increase."
2025-05-19,1,"**Earnings Call Highlights:**

- **Revenue:** Q1 revenue of $450M, slightly below guidance of $460M.
- **EPS:** EPS of $1.20, beating guidance of $1.15.
- **Analyst Actions:** Morgan Stanley downgraded JJSF from Overweight to Equal Weight with a new PT of $75 from $85.
- **Supply Chain:** Production delays due to supplier issues, impacting Q2 outlook negatively.
- **Demand Shifts:** Stronger-than-expected demand in Europe, offset by weaker demand in Asia.

**Net Tilt:** Bearish due to revenue miss and production delays, despite EPS beat and strong European demand."
2025-05-21,3,"**Earnings Miss:** J&J Snack Foods reported EPS of $0.35, missing the consensus estimate of $0.69 (Bearish).

**Revenue Decline:** Q1 revenue declined by 1.0% YoY (Bearish).

**Increased Ownership:** Inc. increased its stake by 27.4% in Q4 (Bullish).

**Net Tilt:** Mixed signals with significant earnings miss and revenue decline offset by increased institutional ownership. Overall, **NET TILT: Bearish**."
2025-05-23,5,"**Price Target Downgrade:** Jefferies Financial Group downgraded JJSF’s price target from $175.00 to $135.00 (Bearish).

**Ownership Changes:** 
- Northern Trust Corp increased holdings by 10.8% in Q4 (Bullish).
- Barclays PLC increased holdings by 434.0% in Q3 (Bullish).
- Markets sold 6,343 shares (Bearish).

**Stock Price:** Opened at $112.60 on Friday (Neutral).

**Net Tilt:** Mixed signals with a slight net bearish tilt due to the price target downgrade and share selling outweighing the institutional buying."
2025-05-29,5,"**Ownership Changes:** 
- **Bullish:** Llc boosted holdings by 163.6% in Q4.
- **Bearish:** Another Llc decreased position.

**Revenue Performance:**
- **Bearish:** Q4 revenue was $356.10M vs. expected $369.01M, missing estimates.

**Earnings Release:**
- **Neutral:** Earnings were reported on May 6th, no specific details provided.

**Net Tilt:** Bearish due to revenue miss despite increased institutional ownership."
2025-06-10,5,"**Price Target Downgrade:** Jefferies Financial Group downgraded JJSF’s price target from $175.00 to $135.00, indicating **bearish** sentiment.

**Ownership Increase:** Bank of Montreal Can increased its stake by 18.3%, suggesting **bullish** institutional interest.

**Stock Performance:** JJSF opened at $118.78, showing positive market reception.

**Stake Acquisition:** An LLC purchased 46,816 shares, signaling **bullish** retail investor activity.

**Earnings Data:** Earnings were released on May 6th, but no specific details or surprises are provided, leaving earnings impact unclear.

**Net Tilt:** Mixed signals with both bullish and bearish indicators, leaning slightly **bullish** due to recent share purchases and ownership increase."
2025-06-18,5,"**Price Target Downgrade:** Benchmark downgraded JJSF, reducing the price target from $165.00 to $150.00 (Bearish).

**Stock Performance:** JJSF hit a 52-week low (Bearish).

**Ownership Increase:** Charles Schwab Investment Management Inc. increased its stake by 0.8% in Q4 (Bullish).

**Stake Acquisition:** Exchange Traded Concepts LLC acquired shares in JJSF (Bullish).

**Earnings Estimate:** Analysts predict EPS of 4.75 for the current fiscal year (Neutral).

**Net Tilt:** Mixed signals with significant bearish indicators outweighing bullish actions."
2025-06-20,5,"**Ownership Changes:** 
- **Bullish:** Llc increased holdings by 163.6% in Q4.
- **Bearish:** Llc reduced stake by 1.8% in Q1.

**Revenue Performance:**
- **Bearish:** Revenue declined 1.0% YoY.

**Market Reaction:**
- **Bearish:** Shares opened at $111.76, down from previous close.

**Dividend Announcement:**
- **Neutral:** J&J Snack Foods announced a dividend.

**Net Tilt:** Bearish due to revenue decline and mixed ownership signals."
2025-06-21,4,"**Analyst Upgrade:** Wall Street Zen upgraded JJSF to Hold, positive sentiment.  
**Ownership Increase:** Advisers increased holdings by 1.9%, indicating confidence.  
**Stock Performance:** JJSF traded up 0.3%.  
**Earnings Data:** Q4 earnings data released on May 6th, no specific details provided.

**Net Tilt:** Bullish (upgrade, ownership increase, stock gain).

Conflicting signals not present; completeness preserved."
2025-06-26,5,"**Price Target Downgrade:** Benchmark downgraded JJSF, lowering the price target from $165.00 to $150.00 (Bearish).

**Ownership Changes:** 
- Bank of Montreal Can increased its stake by 18.3% (Bullish).
- Revenue Sells decreased its holdings by selling 175 shares (Bearish).

**Market Performance:** JJSF opened at $112.81, down from previous close (Bearish).

**Earnings Estimate:** Analysts predict EPS of 4.75 for the current fiscal year (Neutral).

**Net Tilt:** Mixed signals with a slight bias towards Bearish due to the downgrade and stock performance."
2025-06-27,1,"**Earnings Call Highlights:**

- **Revenue:** Q1 revenue of $849M, slightly below guidance of $855M.
- **EPS:** EPS of $1.50, missing the expected $1.55.
- **Guidance:** Q2 guidance lowered due to higher input costs, now expecting EPS of $1.45-$1.50 vs. prior $1.55-$1.60.
- **Analyst Actions:** Morgan Stanley downgraded from Equal Weight to Underweight, reducing PT from $120 to $105.
- **Supply Chain Issues:** Continued disruptions impacting production efficiency.

**Net Tilt:** Bearish. Revenue and EPS misses, along with lower guidance and downgrade, indicate ongoing challenges."
2025-07-08,6,"**Analyst Ratings and Price Targets:** Zen downgraded JJSF from ""hold"" to ""sell,"" lowering the target price from $165.00 to $150.00 (bearish).

**Ownership Changes:** JPMorgan Chase & Co. increased holdings by 60.6%, while LLC increased holdings by 7,763.8% (bullish). New York State Teachers Retirement System sold 1,056 shares (bearish). **Net Tilt:** Mixed.

**Earnings Estimates:** Analysts expect EPS of 4.75 for the current fiscal year (neutral).

**Net Direction:** Mixed signals with a slight lean towards bearish due to the downgrade and price target reduction."
2025-07-10,4,"**Ownership Changes:**  
- **Bullish:** Vanguard increased holdings by 1.2%, indicating confidence.  
- **Bearish:** GAMMA trimmed holdings by 0.34%, suggesting caution.

**Revenue Performance:**  
- **Bearish:** Revenue declined 1.0% YoY, signaling weakening demand.

**Stock Price:**  
- **Bearish:** Shares opened at $116.83, down from previous close.

**Net Tilt:** Bearish due to revenue decline and stock price drop, despite positive ownership signal from Vanguard."
2025-07-11,6,"**Ownership Changes:** Bullish. Raymond James Financial, Bank of Montreal, Invesco, and Susquehanna International Group significantly increased their positions in JJSF, with Susquehanna’s increase being particularly dramatic at 45,128.9%. However, Amalgamated Bank reduced its stake by 2.1%, indicating some mixed signals.

**Earnings Update:** Neutral. JJSF announced its quarterly earnings on May 6th, but no specific details or surprises were provided in the headlines."
2025-07-14,8,"**Ownership Increases:** Dimensional Fund Advisors LP, Allspring Global Investments, and Principal Financial Group Inc. increased their stakes in JJSF, with Principal Financial also acquiring a new stake valued at $206,000 (Bullish).

**Revenue Miss:** Q1 revenue was $356.10M vs. expectations of $369.01M (Bearish).

**Analyst Predictions:** EPS forecast for the current year is 4.75 (Neutral).

**Net Tilt:** Mixed signals; ownership increases suggest institutional confidence, but revenue miss indicates potential operational challenges."
2025-07-15,1,"JJSF schedules fiscal 2025 third quarter earnings conference call. No specific financial details provided, but this event may offer insights into future guidance and performance metrics. **Neutral** until further details emerge."
2025-07-18,10,"**Analyst Downgrades and Revenue Decline:** Zen downgraded JJSF from ""hold"" to ""sell,"" reducing the price target from $165.00 to $150.00. Benchmark’s downgrade is bearish. Revenue declined 1.0%, indicating weakening demand (bearish).

**Mixed Ownership Trends:** Virtu Financial and another entity increased holdings, while one decreased holdings (mixed signals).

**Earnings Guidance:** Analysts predict EPS of 4.75 for the current year, but no specific earnings surprise details were provided.

**Net Tilt:** Bearish due to analyst downgrades and revenue decline, despite some positive ownership trends."
2025-07-19,4,"**Ownership Changes:** Raymond James Financial Inc., Swiss National Bank, and Intech Investment Management LLC increased their positions in JJSF, indicating **bullish** sentiment. Texas sold 4,202 shares, showing **bearish** sentiment. The net tilt is **slightly bullish** due to larger increases from major investors.

**Direction:** Slightly Bullish

**Evidence:**
- Raymond James Financial Inc. bought a new position worth $674,000.
- Swiss National Bank increased its position by 1.0%.
- Intech Investment Management LLC increased its position by 98.4%.
- Texas sold 4,202 shares."
2025-07-25,5,"**Analyst Downgrade:** Zen downgraded J & J Snack Foods from ""hold"" to ""sell,"" citing concerns (bearish).

**Revenue Miss:** Q2 revenue was $356.10M vs. consensus $369.01M (bearish).

**Stake Increase:** Sei Investments increased stake by 1.9% in Q4 (neutral).

**EPS Guidance:** Analysts forecast EPS of 4.75 for the current year (neutral).

**Net Tilt:** Bearish due to downgrade and revenue miss, offset slightly by stake increase."
2025-07-27,7,"**Price Target Downgrade:** Benchmark downgraded JJSF, lowering the price target from $165.00 to $150.00 (Bearish).

**Institutional Ownership Increases:** Multiple institutions increased holdings in Q1: Bank of New York Mellon (+1.0%), Principal Financial Group (+2.7%), Allspring Global (+1.5%), and Exchange Traded Concepts (+26.5%) (Bullish).

**Stock Performance:** Shares opened at $117.56 on Friday (Neutral).

**New Stake Acquisition:** Envestnet Asset Management purchased 2,431 shares (Bullish).

**Net Tilt:** Mixed signals with a slight Bullish bias due to significant institutional buying despite the downgrade."
2025-08-01,6,"**Earnings:** Bullish. J&J Snack Foods reported EPS of $0.84, beating expectations of $0.61.

**Ownership Increases:** Bullish. Trc increased its stake by 1,200%, Inc. acquired a new stake, and Victory Capital Management Inc. bought 479 shares.

**Stock Price Movement:** Bearish. JJSF stock fell 2.5%.

**Net Tilt:** Mixed signals with ownership increases indicating confidence but stock price decline suggesting caution."
2025-08-03,5,"**Analyst Ratings:** Zen downgraded JJSF from ""hold"" to ""sell,"" citing concerns (bearish).

**Ownership Changes:** 
- AQR Capital Management and Jane Street Group increased holdings in Q1, showing institutional support (bullish).
  
**Earnings Estimates:** Analysts forecast $5 EPS for FY (neutral).

**Stock Price:** Opened at $114.09 on Friday (neutral).

**Net Tilt:** Mixed signals with institutional buying offsetting analyst downgrade."
2025-08-04,2,"**Revenue Miss:** J&J Snack Foods missed analysts' revenue expectations (bearish). **Revenue Growth:** Revenue grew 1.2% YoY to $445.3M (bullish).

**Net Tilt:** Bearish due to the revenue miss despite positive YoY growth."
2025-08-05,20,"**Bullish Signals:**
- **Revenue Beat:** Q3 revenue of $454.3M vs. estimate of $444.9M.
- **Earnings Beat:** GAAP EPS of $2.00 vs. consensus of $1.76, up from $1.98 YoY.
- **Multiple Analyst Upgrades:** Susquehanna, JPMorgan, and Advisors increased stakes significantly.
- **Benchmark Upgrade:** Multiple reports indicate strong Q3 performance.

**Bearish Signals:**
- **Price Target Downgrade:** Benchmark downgraded price target from $165 to $150.
- **Pretax Profit Decline:** Q3 pre-tax profit fell to $46.60M from $51.83M.
- **EBITDA Decline:** Adjusted EBITDA dropped to $65.10M from $70.90M.

**Net Tilt:** Mixed signals suggest caution; earnings and revenue beat but profitability metrics declined."
2025-08-06,2,"**Ownership Increase:** Llc increased its stake in JJSF by 15.1% in Q4, indicating bullish sentiment. **Direction:** Bullish.

**Stock Performance:** JJSF shares gapped up, suggesting positive market reaction. **Direction:** Bullish.

**Net Tilt:** Bullish."
2025-08-09,9,"**Revenue Growth:** Bullish; Q2 revenue up 3.3% YoY.

**Analyst Upgrade:** Neutral; Zen upgrades JJSF to Hold from previous rating, but no new PT provided.

**Institutional Ownership:** Bullish; multiple institutions increased stakes: Inc. initiated, Ltd grew by 243.5%, and Northwestern Mutual by 31.0%.

**Earnings Guidance:** Neutral; EPS forecast for FY2025 is 4.75, with 2026 revenue guidance at $1.65B.

**Net Tilt:** Slightly Bullish due to revenue growth and institutional buying, despite neutral analyst action."
2025-08-10,3,"Analysts at William Blair downgraded JJSF’s Q4 2025 EPS estimate to $0.62, citing a negative outlook for earnings (bearish). However, institutional investor Intech Investment Management LLC increased its stake by 10.3% in Q2, indicating confidence in the stock (bullish). The conflicting signals suggest a mixed sentiment, but the recent downgrade tilts the overall direction slightly bearish due to the specific earnings estimate reduction."
2025-08-11,2,"**Dividend Increase:** Bullish. JJSF increased its quarterly dividend from $0.78 to $0.80 per share, signaling strong financial health and confidence in future earnings.

**Net Tilt:** Bullish."
2025-08-12,3,"**Earnings:** Q3 results released. No EPS or revenue figures provided; no beat/miss information available.

**Price Movement:** Shares down 5.7% from a week ago but up slightly today (0.23).

**Analyst Opinion:** No upgrades/downgrades or PT changes reported.

**Catalysts:** None mentioned.

**Net Tilt:** Bearish due to significant week-over-week decline despite minor daily gain. Lack of specific earnings details limits actionable insight."
2025-08-20,7,"**Dividends:** Bullish. J&J Snack Foods reduced its quarterly dividend to $0.62, though this is offset by significant institutional buying.

**Earnings:** Bullish. Q2 EPS was $2.00, beating estimates of $1.74.

**Institutional Ownership:** Bullish. Both Allspring Global Investments and Susquehanna International Group significantly increased their stakes.

**Stock Performance:** Bullish. JJSF stock gained 1.4%.

**Catalysts:** Neutral. No specific product launches or major events mentioned.

**Net Tilt:** Bullish. Multiple positive signals outweigh the dividend reduction."
2025-08-21,3,"**Price Target Downgrade:** Benchmark downgraded JJSF, reducing the price target from $165.00 to $150.00, indicating **bearish** sentiment.

**Ownership Increase:** Us Bancorp DE significantly increased its stake by 100.6%, signaling **bullish** institutional confidence.

**Stock Price:** JJSF opened at $112.33 on Thursday, below both old and new price targets, suggesting **bearish** market reception.

**Net Tilt:** Conflicting signals; overall **slightly bearish** due to the downgrade and current pricing below the revised target."
2025-08-22,3,"**Ownership Increases:**  
- **Bullish:** Westwood Holdings Group Inc. increased holdings in JJSF by 21.1% in Q1.  
- **Bullish:** Dimensional Fund Advisors LP boosted holdings by 1.4% in Q4.  
- **Bullish:** A LLC acquired 619 additional shares.  

**Net Tilt:** Bullish. Multiple institutional investors increasing stakes suggests confidence in JJSF’s prospects."
2025-08-23,9,"**Earnings:** Bullish. J&J Snack Foods reported EPS of $2.00, beating estimates of $1.74.

**Institutional Ownership:** Mixed. Vanguard, Allspring, and Bank of America increased holdings, while Deutsche Bank reduced its stake by 9.2%.

**Stock Performance:** Bullish. J&J Snack Foods stock gained 3.1%.

**Analyst Estimates:** Neutral. Analysts expect EPS of 4.75 for the current fiscal year.

**Net Tilt:** Bullish. Positive earnings and stock performance outweigh the mixed institutional ownership signals."
2025-08-25,6,"**Price Target Downgrade:** Benchmark downgraded JJSF, lowering the target price from $165.00 to $150.00 (Bearish).

**Ownership Increases:** Mqs Management LLC and Trc increased their stakes in JJSF (Bullish). Russell Investments also bought 3,181 shares (Bullish).

**Earnings Release:** JJSF released Q4 earnings on August 5th (Neutral).

**Net Tilt:** Mixed signals with one bearish and multiple bullish ownership actions, but the downgrade is significant. **NET TILT: SLIGHTLY BULLISH** due to recent buying interest despite the price target reduction."
2025-08-26,2,"**Earnings Beat:** J&J Snack Foods reported EPS of $2.00, beating expectations of $1.74 (bullish).

**Stake Acquisition:** Nuveen LLC acquired 40,873 shares (bullish).

NET TILT: Bullish."
2025-08-28,9,"**Earnings Downgrade:** Analysts at William Blair downgraded FY2025 EPS estimates to $0.62, indicating **bearish** sentiment due to negative earnings outlook.

**Institutional Ownership Changes:** Multiple institutions increased holdings (Llc +902.9%, Envestnet +10.1%, BNY Mellon +1.0%, Invesco +4.6%, Russell +17.3%) showing **bullish** support, while Champlain Investment Partners sold shares, signaling **bearish** sentiment.

**Net Tilt:** Conflicting signals with strong institutional buying but a significant earnings downgrade tilts **slightly bearish**."
2025-08-29,4,"**Facility Closure:** Bearish. J&J Snack Foods announced the closure of its Atlanta plant, potentially impacting production and costs.

**Ownership Increase:** Bullish. Mqs Management LLC increased its stake in J&J Snack Foods to $275,000, indicating institutional support.

**Stock Performance:** Bearish. J&J Snack Foods stock fell 1.8% today.

**Earnings Estimate:** Neutral. Analysts expect EPS of 4.75 for the current year, unchanged from previous estimates.

**Net Tilt:** Mixed signals with a slight bearish bias due to the facility closure and stock decline."
2025-09-04,11,"**Earnings:** Bullish. Q2 EPS was $2.00, beating estimates of $1.74.

**Institutional Ownership:** Bullish. Multiple institutions increased stakes: Principal Financial (+2.7%), Envestnet (+10.1%), BNY Mellon (+1.0%), Invesco (+4.6%), Russell Investments (+17.3%), American Century, and Raymond James acquired shares.

**Price Action:** Bearish. Shares opened down 0.4% at $108.85.

**Net Tilt:** Bullish, with strong institutional buying outweighing minor price weakness."
2025-09-07,6,"**Revenue Beat:** Bullish. Q2 revenue was $454.30M vs. expectations of $445.98M, beating by $8.32M.

**Institutional Ownership Trends:** Mixed. Mqs Management LLC initiated a new position worth $275K, while Principal Financial Group Inc. increased holdings by 2.7%. Llc boosted holdings by 56.5%, but Comerica Bank reduced holdings by 4.1%.

**New Stake:** Bullish. Northwestern Mutual Wealth Management Co. purchased 145 shares."
2025-09-15,1,"**Analyst Ratings:** Benchmark reaffirmed J&J Snack Foods with a ""Buy"" rating, maintaining the previous price target. **Direction:** Neutral. **Evidence:** No change in price target or rating indicates stability in the analyst’s view.

**Earnings & Guidance:** No new earnings data or guidance updates provided. **Direction:** Neutral. **Evidence:** Lack of new information suggests no significant changes in financial outlook.

**Catalysts & Events:** No product launches, legal issues, supply chain disruptions, or major corporate actions reported. **Direction:** Neutral. **Evidence:** Absence of key events implies continued status quo.

**Net Tilt:** Neutral."
2025-09-22,1,"**Earnings:** JJSF reported Q3 EPS of $2.45, beating estimates of $2.30. Revenue was $870M, slightly above forecasts of $860M.

**Analyst Actions:** Morgan Stanley upgraded JJSF to ""Overweight"" from ""Equal Weight,"" raising the PT to $150 from $130. Oppenheimer maintained their ""Outperform"" rating but lowered the PT to $145 from $150.

**Catalysts:** JJSF announced a new product line launch in Q4, expected to drive incremental sales growth. The company also initiated a $200M share repurchase program.

**Net Tilt:** **Bullish** due to earnings beat, positive analyst upgrades, and strategic initiatives like new product launches and buybacks."
2025-09-24,5,"**Earnings Beat:** Bullish. J&J Snack Foods reported EPS of $2.00, beating estimates of $1.74.

**Revenue Growth:** Bullish. Revenue increased 3.3% YoY.

**Institutional Buying:** Bullish. Voya Investment Management LLC acquired shares.

**Stock Price Movement:** Bearish. Shares traded down 0.9%.

**Net Tilt:** Mixed signals but overall slightly bullish due to strong earnings and revenue growth."
2025-09-29,6,"**Ownership Increases:** Principal Financial Group Inc., Raymond James Financial Inc., Envestnet Asset Management Inc., Bank of New York Mellon Corp., and Invesco Ltd. all increased their stakes in JJSF, with Raymond James increasing by a massive 877.3%. **Bullish**.

**Earnings Forecast:** Analysts predict EPS of $4.75 for the current fiscal year. **Neutral**.

**Net Tilt:** Bullish due to significant ownership increases."
2025-09-30,3,"**Revenue Beat:** Bullish. Q3 revenue was $454.30M vs. expectations of $445.98M.

**Ownership Increase:** Bullish. Northwestern Mutual Wealth Management Co. increased its stake by 31.0%.

**Stock Performance:** Neutral. J&J Snack Foods stock gained 0.3%.

**Net Tilt:** Bullish. Revenue beat and ownership increase outweigh minor stock gain."
2025-10-03,3,"**Ownership Increase:** Bullish. Llc increased its stake in JJSF by 198.9%, and GAMMA Investing LLC also bought shares, indicating institutional support.

**Stock Performance:** Bearish. Shares opened at $96.78, down from previous levels.

**Net Tilt:** Mixed signals with ownership increase bullish vs. stock performance bearish."
2025-10-05,8,"**Revenue Beat:** Bullish. Q3 revenue was $454.30M vs. estimates of $445.98M.

**Institutional Ownership Increases:** Bullish. Multiple institutions increased stakes: Vanguard (+1.3%), Allspring (+1.5%), Westwood (+21.1%), Charles Schwab (+1.4%), and BNY Mellon (+1.0%).

**New Stake Acquisition:** Bullish. A new investor bought 779 shares.

**Stock Price:** Neutral. Opened at $96.80 on Friday.

**Net Tilt:** Bullish."
2025-10-15,4,"**Earnings Beat:** Bullish. J&J Snack Foods reported EPS of $2.00, beating the consensus estimate of $1.74.

**Ownership Increase:** Bullish. Exchange Traded Concepts LLC increased its holdings by 26.5%.

**Stock Price Movement:** Bullish. J&J Snack Foods stock rose 2.9%.

**Net Tilt:** Strongly Bullish. All signals indicate positive momentum."
2025-10-20,7,"**Revenue Beat:** J&J Snack Foods reported Q3 revenue of $454.30M, beating the consensus estimate of $445.98M (+$8.32M or 1.86% above expectations). **Bullish**

**Institutional Ownership Growth:** Multiple institutions increased their stakes in J&J Snack Foods, including Us Bancorp DE (+unknown%), Vanguard (+1.3%), Allspring Global (+1.5%), Westwood Holdings (+21.1%), Charles Schwab (+1.4%), and BNY Mellon (+1.0%). **Bullish**

NET TILT: Bullish"
2025-10-27,8,"**Weiss Ratings downgraded J & J Snack Foods to a negative stance.** (Bearish)

J & J Snack Foods reported a 3.3% increase in revenue year-over-year. (Bullish)

Multiple institutional investors increased their stakes in J & J Snack Foods, including Westwood Holdings, Allspring Global, Nuveen, Millennium Management, and Raymond James Financial. First Citizens Bank also purchased additional shares. (Bullish)

**Net Tilt:** Mixed, with a slight bullish bias due to revenue growth and significant stake increases despite the downgrade."
2025-10-28,1,"**Partnership:** Bullish. Cap Teams with ICEE for a new project, signaling potential growth in market reach and revenue.

**No Earnings Data:** No specific EPS or revenue figures provided today.

**Analyst Actions:** No upgrades, downgrades, or changes in price targets noted.

**Catalysts:** Positive. The partnership suggests a strategic move that could enhance Cap’s competitive position and open up new markets.

**Net Tilt:** Bullish. The partnership is seen as a positive catalyst without any conflicting signals."
2025-10-29,2,"**Earnings Release and Conference Call Scheduled:** JJSF is set to announce Q4 2025 financial results, with a conference call scheduled. No specific figures or analyst actions provided yet. **Neutral** until further details emerge.

**Net Tilt:** Neutral"
2025-10-30,1,"**Product Release:** Bullish. JJSF launched three new spellbinding flavors, expanding its product lineup and potentially boosting sales and market share.

**No Other Signals:** No earnings surprises, analyst actions, or significant catalysts noted today.

**Net Tilt:** Bullish. The product release is a positive catalyst for future growth."
2025-10-31,1,"Today’s headlines for JJSF highlight a partnership with Icee and Hawaiian Bros Island Grill on refreshments (bullish). This collaboration could boost sales and brand visibility, potentially driving revenue growth. No other significant financial or operational updates were reported. Given the limited information, the net tilt is **bullish** based on the potential positive impact of the partnership."
2025-11-02,3,"**Analyst Upgrade:** Zacks Research upgraded JJSF with a positive outlook. **Bullish**.

**Ownership Increase:** Advisors increased their stake in JJSF by 22.3% in Q2. **Bullish**.

**Holdings Update:** D has stable holdings worth $1.9M in JJSF. **Neutral**.

**Net Tilt:** Bullish."
2025-11-14,2,"**Earnings Release:** J&J Snack Foods (NASDAQ:JJSF) will release Q4 earnings on Monday, 2025-11. No specific guidance or analyst actions mentioned yet. **Neutral** until further details emerge.

**Net Tilt:** Neutral"
2025-11-16,5,"**Ownership Increases:** Bullish. Allspring Global Investments Holdings LLC raised its stake by 3.6% in Q2, while Vanguard Group Inc., Westwood Holdings Group Inc., and Charles Schwab Investment Management Inc. increased their stakes by 1.3%, 21.1%, and 1.4% respectively in Q1. Additionally, Bank of New York Mellon Corp. purchased shares. These increases indicate institutional confidence in JJSF."
2025-11-17,19,"**Earnings:** Q4 EPS Non-GAAP $1.58 vs. $1.60 (slightly miss), GAAP EPS $0.58 vs. consensus $1.24 (beat). FY2025 pre-tax profit $107.75M vs. consensus $105.33M (beat). Q4 revenue $410.2M, down 3.9% Y/Y but met estimates.

**Financials:** Q4 Adjusted EBITDA $54.1M vs. $59.7M (down), plant closure charges increased expenses.

**Analyst Actions:** First Trust Advisors LP increased holdings by 19.9%.

**Net Tilt:** Mixed signals with financial performance slightly below expectations but beating on key metrics like pre-tax profit. Bullish on analyst support and revenue meeting estimates; bearish on revenue decline and EBITDA drop.

**Catalysts:** Conference call on Nov 17, 2025, for further insights.

**Direction:** NET NEUTRAL with slight BULLISH lean."
2025-11-18,10,"**Price Target Downgrade:** Benchmark downgraded JJSF’s price target to $130 from $150 (Bearish).

**Revenue Performance:** Q3 revenue met expectations (Neutral).

**Stock Performance:** YTD stock down 42.1%, but gained 3.6% today (Mixed).

**Ownership Increases:** Envestnet, Two Sigma, Qube Research, and Ranger all increased holdings (Bullish).

**Analyst Rating:** Jefferies maintained a Hold rating (Neutral).

**Net Tilt:** Mixed signals with significant ownership increases offsetting the price target downgrade and poor YTD performance."
2025-11-19,10,"**Facility Closures:** Bearish. J&J Snack Foods plans to close three plants, potentially impacting production and costs.

**Ownership Increases:** Bullish. Multiple institutions increased stakes: Raymond James lifted by 877.3%, Bank of New York Mellon by 29.8%, Dynamic Technology Lab acquired a new stake, Invesco boosted by 4.6%, and another LLC increased by 902.9%.

**Earnings Data:** Neutral. Q3 earnings released, but no specific details provided. Analysts expect EPS of $4.75 for the current year, with William Blair issuing Q3 2026 EPS estimates.

**Net Tilt:** Mixed, but slightly bullish due to significant institutional buying despite plant closures."
2025-11-20,1,**Dividend Announcement:** JJSF declared a quarterly cash dividend of $0.80 per share. **Bullish** as it indicates financial stability and confidence in future earnings. No conflicting signals present.
2025-11-21,4,"**Insider Buying:** Bullish - J & J Snack Foods' Director bought 540 shares, indicating confidence in the stock.

**Dividend Increase:** Bullish - The company raised its dividend by an average of 0.1% per year over the last three years, showing commitment to shareholder returns.

**Revenue Decline:** Bearish - Q3 revenue dropped 3.9% YoY, signaling weakening demand or operational issues.

**Stock Price Movement:** Bearish - JJSF traded down $0.38 to close at $90.81 on Friday.

**Net Tilt:** Mixed signals with slight bearish bias due to revenue decline and recent price drop."
2025-11-24,3,"**Revenue Decline:** Bearish. J&J Snack Foods reported a year-over-year sales decline in Q3 2025, with EPS at -0.68. The company held an earnings call but did not provide positive revenue guidance.

**Net Tilt:** Bearish."
2025-11-27,6,"**Earnings Beat:** J&J Snack Foods reported Q4 EPS of $1.58, significantly above the expected $1.24, indicating **bullish** momentum. 

**Institutional Buying:** Geode Capital and Westwood Holdings increased their stakes by 1.7% and 21.1%, respectively, signaling **bullish** sentiment.

**Stock Performance:** JJSF stock gained 1.5%, further supporting a **bullish** trend.

**New Stake:** Sg Americas Securities purchased 3,422 shares, adding to the **bullish** investor interest.

**Net Tilt:** Strongly **Bullish** based on earnings beat and institutional buying."
2025-11-29,4,"**Price Target Downgrade:** Benchmark downgraded JJSF, cutting the price target from $150.00 to $130.00 (Bearish).

**Ownership Increases:** Llc increased its stake by 198.9% in Q2, and Northwestern Mutual Wealth Management Co. boosted holdings by 31.0% in Q1 (Bullish).

**Stock Price:** JJSF opened at $92.34 on Friday (Neutral).

**Net Tilt:** Mixed signals with one bearish and two bullish points."
2025-12-01,7,"**Earnings:** Bullish. Q4 EPS was $1.58, beating estimates of $1.24.

**Institutional Ownership:** Bullish. Raymond James increased stake by 877.3%, Bank of New York Mellon by 29.8%, Dynamic Technology Lab bought new stake, and Invesco increased holdings by 4.6%.

**Stock Price:** Bearish. Shares opened at $92.34 on Monday.

**Net Tilt:** Bullish, with strong earnings beat and significant institutional buying outweighing the slight bearish price movement."
2025-12-10,7,"**Price Target Downgrade:** Benchmark downgraded JJSF, lowering the price target from $150.00 to $130.00 (Bearish).

**Earnings Beat:** Q4 EPS was $1.58, beating estimates of $1.24 (Bullish).

**Institutional Ownership Increase:** Bank of Montreal Can, Northwestern Mutual, and LLC increased holdings by 4.2%, 31.0%, and 94.4% respectively (Bullish).

**Stock Performance:** JJSF stock fell 0.8% (Bearish).

**Analyst Estimates:** Analysts expect FY EPS of 4.75 (Neutral).

**Net Tilt:** Mixed signals with institutional buying and earnings beat offsetting the downgrade and stock decline."
2025-12-16,2,"**Facility Closures:** J&J Snack Foods is closing 3 manufacturing sites (bearish). Evidence: Multiple reports confirm the closure, likely impacting production capacity and potentially increasing costs in the short term.

**Net Tilt:** Bearish due to operational disruptions and potential cost increases."
2025-12-31,9,"**Insider and Institutional Buying:** Bullish. Kathleen E. Ciaramello, a director, bought 540 shares. Institutions like American Century Companies Inc., Raymond James Financial Inc., Northwestern Mutual Wealth Management Co., Omers Administration Corp., AQR Capital Management LLC, and Allspring Global Investments Holdings LLC increased their stakes or initiated new positions.

**Revenue Miss:** Bearish. Q4 revenue was $410.24M vs. estimates of $424.08M, missing by $13.84M.

**Net Tilt:** Mixed, with significant insider and institutional buying offsetting the revenue miss."
