date,n_headlines,summary
2023-01-01,17,"**Product Launches:**
- **Bullish:** New iPhone 15 expected in 2023 (multiple sources).
- **Bullish:** MacBook Air relaunched in 2022, with potential Spring 2023 update.
- **Bullish:** MacBook production boost anticipated.
- **Neutral:** iPad Mini last updated in 2021.
- **Bullish:** Potential Mac mini launch in late 2023.
- **Bearish:** Apple Pencil delayed until 2024.

**Ownership Changes:**
- **Bullish:** Corporate and management increased stakes in Apple (5.9% and 1.7%, respectively).
- **Bearish:** Services reduced stake and sold shares.

**Net Tilt:** Bullish due to multiple product launches and stake increases, offset slightly by ownership reduction and delayed product."
2023-01-02,33,"**Price Target Downgrade:** Da Davidson downgraded Apple to a lower target price of $167.00 (Bearish).

**Product Launch:** Apple launched a new device (Bullish).

**Stock Performance:** Apple stock hit an 18-month low (Bearish); opened at $129.93 (Bullish).

**Ownership Changes:** Multiple firms increased stakes in Apple (Bullish); some decreased positions (Bearish).

**Battery Pricing:** Conflicting reports of price raise and significant cost reduction (Net Tilt: Neutral).

**Promotions:** Discounts offered on iPhone 14 and iPad Pro (Bullish).

**Earnings Guidance:** Analysts predict EPS of 6.18 for FY2023 (Neutral).

**Manufacturing:** Apple plans to manufacture MacBooks and iPads in India (Bullish).

**Conflicting Signals:** Price target downgrade vs. promotions and manufacturing expansion. Net tilt slightly Bearish due to stock performance and downgrade."
2023-01-03,61,"**Earnings & Revenue:** Bullish; Apple’s Q4 earnings and revenue beat expectations.

**Demand Guidance:** Bearish; AirPods demand forecasted to decline.

**Analyst Actions:** Bearish; Exane BNP Paribas downgraded Apple to Neutral from Outperform.

**Product Releases:** Mixed; iPhone 13 launched, AirPods updates expected, Apple Watch Ultra in 2024, cheaper AirPods rumored.

**Supply Changes:** Bearish; MacBook production cut, but iPhone 14 Pro production increased.

**Stock Performance:** Bearish; Apple stock fell amid mixed signals.

**Executives & Partnerships:** Bullish; Disney exec hired, Nvidia partners with Foxconn.

**Price Adjustments:** Bearish; MacBook production cut, iPhone price hike.

**Ownership Trends:** Bullish; multiple firms increased Apple holdings.

**Net Tilt:** Mixed, leaning slightly bearish due to analyst downgrade and supply cuts."
2023-01-04,62,"**Revenue Trends:** Bullish (Iphone revenue up to $42.6B, Airtags sales jump); Bearish (Ipad revenue dropped).

**Analyst Actions & Price Targets:** Bearish (Wedbush downgraded price target to $175 from $200, BNP Paribas cut to Neutral).

**Product Releases:** Bullish (cheaper AirPods launch); Mixed (multiple product rumors, no clear impact).

**Financial Guidance & Earnings:** Bearish (FY2023 EPS estimates lowered, no Q1 2023 guidance provided).

**Legal & Regulatory:** Bearish (EUR 8M fine from French privacy watchdog, antitrust investigation ongoing).

**Market Performance:** Bearish (share price drop, stock tumbles with Tesla).

**Supply/Demand:** Bearish (Apple Watch component orders reduced due to low demand)."
2023-01-05,29,"**Bearish:**
- **Price Target Downgrades:** Wedbush reduced price target from $200.00 to $175.00.
- **Earnings Estimate Downgrades:** Jefferies lowered Q1 2023 EPS estimates.
- **Fines:** Apple fined €8M, $8.5M, ₹70 crore, and $1M across multiple jurisdictions.
- **Supply Issues:** Production cuts reported.
- **Ownership Decreases:** Multiple firms trimmed stakes or sold shares.

**Neutral/Bullish:**
- **Product Launches:** New audiobook service, AirPods relaunch.
- **Regulatory Approval:** ITU approved Apple Watch.
- **Deal Signing:** Apple to sign deal with Luxshare for iPhone production.
- **Analyst Ratings:** Rosenblatt Securities reaffirmed buy rating at $189.00; Goldman Sachs maintained neutral at $139.00.
- **Facility Open:** Apple’s headquarters opened in 2017.
- **Price Adjustments:** iPhone 11 price cut, iPhone price increase noted.

**Net Tilt:** Bearish due to multiple downgrades and fines outweighing positive product launches and regulatory approvals."
2023-01-06,25,"**Regulatory & Sanctions:** Bullish; ECG app approved in Malaysia. Bearish; fined €8M by CNIL.

**Market Share:** Bearish; lost market share in China. Bullish; iPhones gained market share.

**Product News:** Bullish; new AI-narrated audiobooks, Apple Arcade games, and potential March Mac launches. Bearish; VR release delayed, iPhone 12 price cut.

**Investment & Ownership:** Mixed; Raymore, UBS, and LLC increased holdings, while Norway, Regent, and Inc. decreased holdings. 

**Stock Price:** Bearish; opened at $125.02 on Friday."
2023-01-07,23,"**Daily AAPL Brief (2023-01-07):**

**Bullish:** Jefferies upgraded Q2 2023 EPS estimates; Apple Watch Ultra positive review; new products expected; management and institutional investors increasing stakes.

**Bearish:** iPhone 14 Pro camera issue; potential discontinuation of iPhone SE; some institutions reducing positions.

**Catalysts:** New product launches, fitness app updates, hiring in India.

**NET Tilt:** Bullish

**Conflicts:** Mixed ownership signals from institutions.

**Signal:** HOLD"
2023-01-08,21,"**Product Launches:** Bullish. Apple plans to launch an MR headset, new MacBook Pros, and a new Apple TV in 2023.

**Ownership Changes:** Mixed. Multiple firms increased holdings (Bullish), while some reduced stakes (Bearish).

**Facility Expansion:** Bullish. Apple will open its first flagship stores in India.

**Earnings Estimate:** Neutral. Analysts expect EPS of 6.19 for the current fiscal year.

**Conflicting Signals:** Ownership changes show both increases and decreases, indicating mixed investor sentiment."
2023-01-09,81,"**Bearish Signals:**
- **Price Target Downgrades:** Bernstein lowered target from $170 to $125; Wedbush from $200 to $175.
- **Downgrades & Neutral Rating:** BNP Paribas downgraded from ""Outperform"" to ""Neutral.""
- **Resignations & Reorganization:** Multiple reports indicate VP of Services Peter Stern’s departure, leading to a restructuring of the Services division.
- **Fines:** France fined Apple $8.5M.
- **Product Delays:** VR headset delay.

**Bullish Signals:**
- **Product Launches:** Expected launches of new MacBooks, 15-inch MacBook Air, VR headset, and potential iPad mini/iPad Air updates.

**Net Tilt:** Bearish due to multiple downgrades, resignations, and delays outweighing product launch optimism."
2023-01-10,45,"**Product Reviews & Launches:** Bullish; positive M1 Max review, Apple Watch microLED planned for Fall 2025 (spring 2025 initial report).

**Analyst Actions & Price Targets:** Bearish; Davidson downgraded price target to $167 from higher.

**Legal & Regulatory Issues:** Bearish; fined EUR8M by French privacy watchdog, ongoing legal disputes with Qualcomm.

**Executive Changes & Layoffs:** Bearish; Peter Stern leaving, Apple News Network layoffs.

**Product Promotions & Sales:** Mixed; various discounts on iPhones, AirPods, and other products.

**Ownership Changes:** Mixed; Ifm Investors increased stake, others trimmed positions.

**Stock Performance:** Neutral; slight gains noted, but no specific figures provided.

**Net Tilt:** Bearish due to regulatory fines, analyst downgrade, executive departures, and layoffs outweighing positive product reviews and launches."
2023-01-11,52,"**Bearish Signals:**
- **Price Target Downgrades:** Sanford C. Bernstein downgraded Apple’s price target from $170 to $125; Barclays lowered it from $144 to $133.
- **Revenue Decline:** App Store sales declined.
- **Legal Issues:** Apple found guilty of unspecified action and sued over medical patent infringement.
- **Demand Weakness:** Weakening demand across products noted.
- **Stock Performance:** Shares fell off, though ended up modestly by 1.5%.

**Bullish Signals:**
- **Mac Sales Growth:** Mac sales grew.
- **Product Launches:** Multiple product launches announced including new iPads, MacBook with OLED, macOS updates, and business tools.
- **Ownership Increases:** Several investors increased stakes in Apple.

**Net Tilt:** Mixed, leaning slightly bearish due to multiple downgrades and legal issues overshadowing positive product news."
2023-01-12,62,"**Analyst Actions:** UBS upgrades to Buy; Wedbush and Barclays downgrade price targets to $175.00 and $133.00 respectively (NET: Bearish).

**Revenue Guidance:** iPad sales may decrease (Bearish).

**Product Releases/Catalysts:** Tool launch, iOS 17, MacBook Pro models in H1 2023, potential touchscreen MacBook Pro in 2025, new AirPods Max and Pro models, $99 AirPods, MacBook Air (Bullish).

**Embargoes/Fines:** Apple Watch facing ban in US (Bearish).

**Other:** Tim Cook’s pay cut over 40%, HomePod reportedly discontinued, iPhone 14 price cut in India (NET: Bearish)."
2023-01-13,65,"**Revenue & Guidance:** Bullish; Apple increases revenue, works on lowering costs. Bearish; demand for AirPods expected to drop, analysts downgrade ratings and targets (Sanford C. Bernstein to $125, Da Davidson to $167, Rosenblatt to $165).

**Stock Performance:** Mixed; shares increased 198.99% overall, but fell 27% recently, edging down to $132.38.

**Product Releases:** Bullish; plans for new AirPods, OLED iPad in 2024, MacBook launch, and affordable AirPods.

**Executives:** Bearish; layoffs announced, CEO Tim Cook’s potential cut discussed, and executive pay cuts mentioned.

**Net Tilt:** Bearish due to multiple downgrades and negative guidance outweighing positive product news."
2023-01-14,23,"**Price Target Downgrade:** Rosenblatt Securities downgraded Apple’s price target from $189.00 to $165.00 (Bearish).

**Product Launches & Reviews:**
- Launched music, TV, devices apps on Windows (Bullish).
- Launched iPhone 14 series in Sep 2022 (Bullish).
- Launched iOS 16 (Bullish).
- Positive iPhone 13 review (Bullish).
- Display issues with iPhone 14 Pro (Bearish).

**Ownership Changes:**
- Vanguard and Ifm Investors increased holdings (Bullish).
- Vigilare Wealth Management, Baker Tilly, and Boston Common Asset Management reduced positions (Bearish).

**Revenue & Earnings:**
- iPhone revenue declined 1.2% annually (Bearish).
- Analysts predict FY EPS of 6.19 (Neutral).
- Guidance suggests Q1 earnings below consensus (Bearish).

**Stock Performance:**
- Stock rose 1,212% vs benchmark (Bullish).
- Recent drop (Bearish).

**Net Tilt:** Mixed signals; slight net bearish due to revenue decline, earnings miss, and multiple sell-offs."
2023-01-15,16,"**Price Target Downgrades:** Wedbush downgraded Apple’s price target from $200 to $175; Barclays reduced it from $144 to $133 (Bearish).

**Product Reviews & Faults:** Positive iPad Pro review; confirmed issues with iPhone 14 Pro (Mixed).

**Patents & Product Updates:** Won 57 patents; plans to bring MicroLED displays to Mac; Apple Music and Apple TV apps now available; major Apple Maps update (Bullish).

**Security Incident:** Apple Store theft in Alabama (Bearish).

**Ownership Changes:** Multiple firms increased stakes (Legal & General, UBS, LLC); some decreased (S.A. Mason, Inc.) (Mixed). 

**Net Tilt:** Mixed, leaning slightly Bearish due to multiple downgrades and product faults."
2023-01-16,70,"**Price Target Downgrade:** Bearish — Sanford C. Bernstein downgraded Apple’s price target from $170.00 to $125.00.

**Revenue Trends:** Mixed — Apple Korea’s 2022 sales rose 3.3%, while operating profit dropped 23%. 

**Product Releases:** Bullish — Apple is set to launch new Macs and TV apps for Windows 11. A touchscreen MacBook Pro is expected in 2025.

**Regulatory Approval:** Neutral — Garmin’s ECG app cleared for US, no direct impact on Apple.

**Ownership Changes:** Mixed — Multiple firms increased stakes (Ramsey Quantitative Systems, Llp), while others decreased (Sumitomo Mitsui Trust Holdings, Adv).

**Other:** Bearish — Apple Card contributed to a $1.2 billion loss for a bank over nine months."
2023-01-17,102,"**Product Releases (Bullish):** Apple rolled out faster MacBook Pros and Mac Minis, and is expected to unveil new MacBook Pro models today.

**Price Target Downgrades (Bearish):** Rosenblatt Securities downgraded Apple’s target price from $189.00 to $165.00; DA Davidson reduced their price objective to $167.00.

**Sanctions (Bearish):** Russian antitrust agency fined Apple $17.4 million.

**Net Tilt:** Bearish due to multiple downgrades and sanctions, offset by positive product releases."
2023-01-18,93,"**Price Target Downgrades:** Bearish; Canaccord lowered price target to $170 from $200, and Wedbush reduced it to $175 from $200.

**Revenue Outlook:** Bearish; Mac sales expected to drop year-over-year in the December quarter.

**Product Launches:** Bullish; Apple unveiled faster MacBook Pros and a new Mac mini, aiming to release a cheaper mixed-reality headset in 2023.

**Financial Performance:** Mixed; Apple reported flat Q4 net profit, but strong demand and efforts to reduce costs.

**Regulatory & Legal Issues:** Bearish; Apple fined $8.5 million by Russian Federal Antimonopoly Service and faces antitrust probe in Brazil.

**Market Share:** Bullish; Apple achieved 25% smartphone market share.

**Supply Changes:** Bullish; Apple boosting production.

**Patents & Approvals:** Bullish; Apple gained an AR patent and received FDA approval for its ECG app.

**Net Tilt:** Neutral to Slightly Bearish due to conflicting signals."
2023-01-19,75,"**Price Target Downgrades:** Sanford C. Bernstein, Canaccord Genuity Group, Wedbush, and Barclays all downgraded Apple’s price targets, reducing them from $170.00, $200.00, $200.00, and $144.00 to $125.00, $170.00, $175.00, and $133.00 respectively (bearish).

**Revenue Increase:** iPhone revenue surged 47.5% (bullish).

**Product Launches:** Apple launched multiple products including the 2nd-gen HomePod in India, a smart display, MacBook Pro and Mac mini updates, and the Apple Watch Ultra and Series 8 (bullish).

**Fines and Investigations:** FAS fined Apple $17.4 million, and Brazil’s watchdog is investigating the App Store (bearish).

**Stock Performance:** Apple stock declined by 25% (bearish).

**Conflicting Signals:** Bullish signals from product launches and revenue growth contrast with bearish signals from price target downgrades, fines, and stock performance. **NET TILT:** Bearish."
2023-01-20,32,"**Analyst Ratings:** Bearish - Com cut Apple from Buy to Hold.

**Product Issues:** Bearish - Apple TV App outage.

**Product Releases:** Bullish - OLED iPads in 2024, new iPad Pro and MacBook Pro models, HomePod Mini in India (though price hiked).

**Layoffs:** Bearish - Apple initiates job cuts.

**Price Adjustments:** Mixed - HomePod Mini price hike in India, but AirPods Pro 2 on sale.

**Stock Movements:** Neutral - Stock opened at $135.27, increased slightly.

**Ownership Changes:** Mixed - New stake purchase by one firm, shares sold by another.

**Net Tilt:** Bearish due to analyst downgrade, product outages, and layoffs outweighing positive product launches."
2023-01-21,22,"**Price Target Downgrades:** Rosenblatt Securities downgraded Apple’s target price from $189.00 to $165.00; National Bank Financial also lowered their price target (Bullish Signal Weakens).

**Product Releases & Enhancements:** Apple announced new games for Apple Arcade, a new Apple TV 4K, and a new iPhone/iPad app; WhatsApp launched new features and updates (Bullish).

**Layoffs:** Apple initiated layoffs (Bearish).

**Ownership Changes:** Multiple firms increased holdings in Apple (Bullish); some reduced positions (Bearish). Net ownership tilt slightly Bullish due to larger increases compared to reductions."
2023-01-22,23,"**Product Launches:** Bullish. Apple unveiled new MacBook Pro with more powerful chips, revamped Mac mini, and updated HomePod speaker.

**Ownership Changes:** Mixed. Barclays, Legal & General, UBS, and others increased stakes, while BKA Wealth Consulting and others reduced positions.

**Analyst Ratings:** Neutral. Credit Suisse reaffirmed a ""buy"" rating with a $184.00 price target.

**Price Movements:** Neutral. Various products like Magic Keyboard, AirPods Pro, and iPhone 14 Pro saw price adjustments in India.

**Earnings Estimate:** Neutral. Analysts predict EPS of 6.19 for the current fiscal year."
2023-01-23,56,"**Price Target Downgrades:** Canaccord Genuity downgraded Apple’s target price to $170 from $200; Deutsche Bank lowered it to $160 from $170. **Bullish Revenue Trends:** iPad sales surged in 2020, and overall iPad revenue grew since 2019. **Mixed Earnings Signals:** Operating profit increased by 50%, but EPS estimates were trimmed. **Product Reviews Positive:** MacBook Pro and Mac Mini received positive reviews. **Supply Guidance Increase:** Apple aims to scale up production. **Patent Awarded:** Scratch-resistant foldable display patent granted. **Insider Sell:** Executives sold stock. **Net Tilt:** Mixed, with significant downgrades offsetting positive product and revenue signals."
2023-01-24,67,"**Earnings & Analyst Actions:** Bullish; Apple’s earnings beat expectations. Bearish; Wedbush downgraded price target from $200 to $175, Barclays from $144 to $133, and Deutsche Bank from $170 to $160. BNP Paribas downgraded from Outperform to Neutral.

**Product Reviews & Launches:** Bullish; positive reviews for Mac mini, Apple Watch Ultra, and 12.9-inch iPad Pro. Multiple product launches including new HomePod, iPadOS 16.3, WatchOS 9, and MacBook Pro models.

**Supply Guidance & Patents:** Bullish; Apple plans to increase production and secured multiple patents.

**Net Tilt:** Mixed, but slightly bullish due to strong earnings and positive product reception outweighing analyst downgrades."
2023-01-25,41,"**Product Releases & Enhancements (Bullish):** Apple released multiple software updates for various devices including iOS, tvOS, and macOS, and plans to manufacture displays for iPhones. It also aims to launch a mixed-reality headset in 2023.

**Partnerships & Joint Ventures (Bullish):** Apple has partnerships with Apple TV, Disney, and Google, and seeks government approval to form joint ventures in India.

**Analyst Actions (Bearish):** National Bank Financial downgraded Apple, reducing the price target.

**Ownership Changes (Mixed):** Multiple firms increased holdings (Barclays, First Merchants Corp, Llp, Charles Schwab), while others decreased (Ziegler Capital Management LLC, Ma, Oh, De).

**Stock Performance (Bearish):** AAPL shares traded lower by 1.10%.

**Net Tilt:** Mixed, with significant bullish signals from product launches and partnerships offset by bearish analyst actions and stock performance."
2023-01-26,38,"**Price Target Downgrades:** Sanford C. Bernstein downgraded Apple’s price target from $170.00 to $125.00; Rosenblatt Securities lowered theirs from $189.00 to $165.00. **Bullish Revenue Growth:** Apple reported revenue growth. **Product Releases:** Multiple product launches including M1 iMac, Studio Display, and iPad Pro. **Project Abandonments:** Apple halted development of in-house Wi-Fi chips. **Revenue Guidance:** Q1 sales expected to decline by -2.2%. **Ownership Changes:** Mixed ownership trends with some firms increasing stakes while others decreased. **Earnings Day:** Apple’s fiscal Q1 earnings day. **Net Tilt:** Bearish due to multiple downgrades and project abandonments, offset by revenue growth and product launches."
2023-01-27,33,"**Price Target Downgrades:** Bearish; Wedbush lowered price target from $200 to $175, Barclays from $144 to $133, Deutsche Bank from $170 to $160, BofA Securities from $154 to $153.

**Earnings:** Bearish; Apple earnings disappointed.

**Product Releases:** Bullish; new tablets launched, iPhone 13 models available in Europe, Mac Mini release noted.

**Price Adjustments:** Mixed; UK App Store prices hiked, iPhone SE 2020 price dropped.

**Executive Pay Cut:** Bearish; Tim Cook’s pay cut announced.

**Ownership Changes:** Mixed; management and several funds increased holdings, while one fund reduced position.

**Analyst Ratings:** Neutral; Needham and Credit Suisse maintained buy ratings with respective targets.

**Stock Performance:** Bullish; Apple stock climbed off lows, surged over 7% in late October."
2023-01-28,22,"**Product Pricing & Promotions:** Bullish signals include price cuts and promotions on iPhone 14 Plus and M2 Max MacBook Pro 16"", while bearish signals come from potential price hikes in the App Store and discontinuation of iPhone 8 series.

**Analyst Actions:** Bearish with Canaccord Genuity downgrading Apple’s target price from $200 to $170 and Bank of America maintaining a lower target at $153.

**Ownership Changes:** Mixed signals with significant increases in ownership by Llp, Co, and Ifm Investors, offset by Wade Financial Advisory Inc selling shares.

**Net Tilt:** Overall, the signals are slightly **bearish**, driven by analyst downgrades and product pricing concerns."
2023-01-29,16,"**Product Reviews and Demand:** Positive reviews for iPhone 10, iPhone SE, and MacBook boost sentiment (bullish). Apple Watch demand is rising (bullish).

**Price Target Downgrade:** National Bank Financial downgraded AAPL with a lower price target (bearish).

**Ownership Changes:** Multiple firms increased stakes (bullish); some decreased stakes (bearish). Net tilt slightly bullish due to multiple increases.

**Product Release:** Series 4 smartwatch introduced in Sep 2018 (neutral).

**Other:** WhatsApp developing new iOS features (neutral); Series 4 priced at $349 (neutral)."
2023-01-30,76,"**Revenue and Earnings Guidance:** Bearish. Apple expects its first revenue decline since 2019 and has trimmed its outlook, indicating a challenging financial period ahead.

**Legal Issues:** Bearish. Masimo won a patent trial against Apple, and a class-action lawsuit was filed, adding legal pressures.

**Product Releases:** Bullish. Apple plans multiple product launches including a refreshed iPad mini, foldable devices, and new iPad Pro models, which could boost demand.

**Stock Movements:** Mixed. While Apple shares have rallied, there’s a risk they could dive after the February 2nd event due to guidance concerns.

**Supply Chain:** Bearish. Manufacturing delays in China suggest potential production issues."
2023-01-31,32,"**Revenue Guidance & Price Targets:** Bearish. Wedbush downgraded Apple’s price target from $200 to $175, while Deutsche Bank lowered theirs from $170 to $160. Apple also expects revenue growth to decelerate.

**Legal Issues:** Bearish. Apple was found guilty of violating unspecified laws and faces multiple complaints.

**Product Reviews & Launches:** Mixed. Positive reviews for HomePod 2, but concerns over demand and production cuts for new iPads.

**Market Share & Patents:** Bullish. Apple gained market share to 25% and won 54 patents.

**Earnings & Analyst Actions:** Bearish. Poor Q4 results and negative analyst opinions suggest weak performance.

**Net Tilt:** Bearish."
2023-02-01,46,"**Revenue Guidance Up**: Bullish; Apple predicts greater sales growth.  
**Price Target Downgrades**: Bearish; Canaccord Genuity downgraded from $200 to $170, Bank of America from $154 to $153.  
**Market Share Gain**: Bullish; Apple gains two percentage points in market share.  
**Legal Issues**: Bearish; Apple sued again.  
**Product Releases**: Neutral-Bullish; Apple Watch Ultra 2024, MLS streaming service, iOS updates.  
**Ownership Changes**: Mixed; MD and Legal & General increase holdings, while others sell shares.  
**Earnings**: Neutral; consensus EPS $1.93, Q1 revenue est. $121.2B.  
**Product Price Cuts**: Bearish; Apple Watch prices slashed.  
**Stock Performance**: Bullish; Aapl up 11%, 1.1% gain."
2023-02-02,152,"**Bearish Signals:**
- **Revenue Guidance:** Apple lowered revenue guidance for 2023, with Rosenblatt Securities and Barclays downgrading targets to $165 and $133 respectively.
- **Earnings Miss:** Apple missed Q1 EPS by 6 cents, with overall earnings and revenue falling short of expectations.
- **Sales Decline:** iPhone, Mac, and Apple Watch sales declined, marking the first revenue drop in four years.

**Bullish Signals:**
- **iPad and Mac Sales Growth:** iPad sales rose, and Mac sales bounced back slightly.

**Net Tilt:** Bearish due to multiple revenue declines and earnings misses outweighing minor product growth."
2023-02-03,145,"**Revenue & Earnings:** Bearish. Apple missed revenue and earnings expectations, with revenue declining and guidance predicting further drops. Analysts at Raymond James downgraded the stock, lowering the price target to $170 from $185.

**Analyst Ratings:** Bullish. Deutsche Bank and Needham maintained a ""Buy"" rating on Apple.

**Dividends:** Bullish. Apple increased its quarterly dividend to a level higher than the previous $0.17.

**Conflicting Signals:** The net tilt is bearish due to consistent negative revenue and earnings signals outweighing the positive analyst ratings and dividend increase."
2023-02-04,33,"**Price Target Adjustments:** Bearish – Canaccord Genuity, Raymond James, and JPMorgan Chase downgraded targets to $170, $170, and $175 respectively. Bullish – Da Davidson upgraded to $173, Bank of America to $158, and Wedbush to $180.

**Analyst Ratings:** Neutral – Needham reissued “buy” with $170 target, Piper Sandler reissued “overweight” with $195 target.

**Revenue and Earnings:** Revenue down 5.5% YoY; earnings report released.

**Product Changes:** Bearish – iPhone 11 price cut by up to Rs. 18,050, buttons removed from iPhone, fake Apple Watch demand increase. Bullish – Huge discount on iPhone, Apple Watch Ultra priced at Rs. 89,900.

**Ownership Trends:** Mixed – MD, Inc., and Ltd increased stakes; EFG Asset Management, Advisors, Llc, Community Bank N.A., Lp, and P. decreased holdings.

**Net Tilt:** Bearish due to multiple downgrades and product price cuts outweighing upgrades and discounts."
2023-02-05,32,"**Bullish Signals:**
- Barclays upgraded AAPL’s target price from $133.00 to $145.00.
- Rosenblatt Securities raised target price from $165.00 to $173.00.
- Bank of America increased target price from $153.00 to $158.00.
- Apple boosted services revenue.
- South Korean regulators approved Apple’s payment service.

**Bearish Signals:**
- Cowen downgraded target price from $200.00 to $195.00.
- iPhone 14 price cut from Rs. 79,900 to Rs. 72,400.

**Neutral Signals:**
- Various ownership increases and decreases reported.
- Apple shares up 5.9% from a week ago.
- Earnings estimate for Q2 2023 at $1.43 EPS.

**Net Tilt:** Bullish due to multiple upgrades outweighing single downgrade."
2023-02-06,60,"**Revenue and Earnings:** Bullish (Foxconn’s January revenue surges, Apple doubles earnings); Bearish (Oppenheimer downgrades Q2 EPS estimate, no revenue guidance provided).

**Analyst Actions:** Bearish (Com downgrades to hold, National Bank Financial and JPMorgan lower price targets); Bullish (KeyCorp upgrades Q4 EPS estimate).

**Product Releases:** Bullish (New iPad, Mac Studio, Apple TV/HomePod software updates, potential iPhone Ultra in 2024); Mixed (Potential delays or discontinuations noted).

**Price Adjustments:** Bearish (iPhone price cuts in China, some product support discontinued).

**Ownership Changes:** Neutral (Various firms increase holdings).

**Net Tilt:** Mixed, with some positive signals from revenue growth and product releases offset by analyst downgrades and earnings guidance suspension."
2023-02-07,48,"**Revenue and Earnings:** Bearish. Apple reported a revenue decline and poor quarterly earnings, with EPS estimates reduced by Oppenheimer.

**Price Target Adjustments:** Mixed. Raymond James downgraded from $185 to $170, JPMorgan from $180 to $175, while Da Davidson upgraded from $167 to $173 and Bank of America from $153 to $158. Wedbush maintained a positive stance by upgrading from $175 to $180.

**Product Pricing:** Bearish. Prices were slashed for iPhone 14 in China by $125 and AirPods Pro, while a $125 increase was noted for the iPhone 14 series.

**Product Launches:** Bullish. Apple Pay launches in Korea and March, and new software updates for Apple TV are scheduled.

**Ownership Changes:** Mixed. Several firms increased stakes (MD, Harbor Capital, Counsel, UBS, Blackrock), while others decreased (Dupont, Farmers & Merchants, Vantage Financial, Stoneridge).

**Analyst Ratings:** Neutral to Negative. BNP Paribas downgraded to neutral, while Needham and KeyCorp maintained buy ratings."
2023-02-08,34,"**Earnings & Revenue:** Bearish. Apple missed EPS expectations and saw revenue decline.

**Analyst Actions & Price Targets:** Bearish. Cowen downgraded Apple to $195 from $200; Piper Sandler maintained an overweight rating with a $195 target.

**Product News:** Mixed. Positive reviews for HomePod 2; iPhone 12 Mini relaunched at a lower price, but Apple Watch Ultra delayed until 2025.

**Patents & Exec Appointments:** Bullish. Apple received multiple patents and appointed a new Chief People Officer.

**Ownership Changes:** Net Neutral. Increased holdings by Leuthold Group offset by decreases from other firms.

**Other:** Neutral. Various updates on partnerships, website redesigns, and workforce changes."
2023-02-09,29,"**Product Releases & Upgrades:** Bullish. Apple announced a new helpful gadget, Apple Pay, and confirmed the Apple Watch 'Series X' for 2024 (multiple sources). Analysts at Barclays and Rosenblatt upgraded targets to $145 and $173 respectively.

**Revenue & Guidance:** Mixed. Q1 revenues declined 5% YoY, but App Store revenue grew to $2.7B. BofA sees slower growth for App Store revenue.

**Analyst Actions & Ownership Changes:** Net Bullish. Barclays and Rosenblatt upgraded price targets. Multiple firms increased holdings, while some sold shares.

**Other:** Apple reported EPS estimates of $6.08 for the current year and initiated a quarterly dividend payment."
2023-02-10,26,"**Earnings:** Bullish/Bearish Mixed. Apple’s earnings missed expectations (bearish).

**Product Reviews/Launches:** Bullish. Positive iPhone 14 review; new device launched in 2023 (bullish).

**Executives/Appointments:** Bullish. Apple hired Medtronic’s CHRO (bullish).

**Ownership Changes:** Bullish/Bearish Mixed. Multiple firms increased stakes in AAPL, while others decreased (mixed tilt slightly bullish).

**Price Adjustments:** Bearish. iPhone SE 2 price cut, other product price reductions (bearish).

**Stock Price:** Bearish. Shares opened at $150.87 (bearish)."
2023-02-11,15,"**Price Target Downgrades:** Canaccord Genuity, Raymond James, and JPMorgan Chase downgraded Apple’s price targets to $170.00, $170.00, and $175.00 respectively, indicating **bearish** sentiment (-0.82, -0.72, -0.44).

**Market Share Gain:** Apple gained market share, signaling **bullish** momentum (+0.55).

**Product Launches/Cuts:** Apple plans new iPhone releases, while the iPhone SE 2 saw a price cut, mixed signals (-0.44, +0.52).

**Promotions:** AirPods Pro 2 is on sale, potentially boosting sales (+0.41).

**Ownership Changes:** Significant stake increases and decreases by different entities show varied investor confidence (-0.34, +0.37).

**Net Tilt:** Mixed signals with a slight **bearish** bias due to multiple downgrades and price cuts."
2023-02-12,24,"**Revenue Growth:** Bullish; Mac revenue up 62%, annual revenue rose 48% to $394 billion.

**Product Updates:** Mixed; potential iPhone 'Ultra' in 2024, hardware subscription delayed, HomePod revamp announced.

**Analyst Actions:** Net Bullish; Da Davidson upgraded to $173.00, Wedbush to $180.00, Cowen downgraded to $195.00.

**Stock Price & Ownership:** Bearish; shares fell 27%, but multiple firms increased holdings.

**Catalysts:** Neutral; earnings call held, no significant new financial data disclosed."
2023-02-13,58,"**Product Reviews & Launches:** Bullish. Positive Mac mini review; iMac launch expected late 2023; iPhone 15 lineup planned Q3 2023; M3 iMac confirmed for end-year; MacBook Air rumored April launch.

**Analyst Actions:** Bullish. Rosenblatt Securities upgraded price target from $165 to $173; Bank of America raised target from $153 to $158.

**Cyber Attacks & Sanctions:** Bearish. Hackers targeting iPhones; potential huge fine facing Apple.

**Price Adjustments:** Bearish. iPhone 14 Plus price drops noted in multiple markets.

**Patents & Enhancements:** Mixed. Apple secures patents for Apple Watch and camera tech; ongoing software updates across devices."
2023-02-14,58,"**Product Releases & Enhancements:** Bullish. Apple introduced refreshed MacBook Pro, new iPads, iOS 16.3.1, macOS 13, and HomePod mini. Updated software for iPhones, iPads, Macs, and Safari. Small updates for iPhone and iPad.

**Analyst Actions:** Mixed. Barclays upgraded price target to $145.00; Raymond James downgraded to $170.00; JPMorgan downgraded to $175.00. Net tilt slightly bearish.

**Supply & Market Entry:** Bearish. Apple faces production difficulties in India; analysts suggest expanding there.

**Patents & Acquisitions:** Bullish. Received smartwatch patent; interested in acquiring NBA streaming rights.

**Ownership Changes:** Bullish. Multiple firms increased holdings in AAPL."
2023-02-15,47,"**Revenue & Sales:** Bullish; January iPhone sales up 6%, Chinese iPhone sales expected to rise 6%. Bearish; iPhone 13 Mini and 14 Plus prices cut.

**Analyst Actions:** Bearish; Com downgrades Apple to Hold from Buy. Neutral; Citigroup reiterates Buy with $175 PT.

**Regulatory & Legal:** Bearish; DOJ accelerates antitrust investigation, potential fines looming.

**Product Updates:** Bullish; 15-inch MacBook Air, new iPad, AR/VR headset (June), and iOS updates planned. Bearish; AR/VR headset launch delayed twice.

**Ownership Changes:** Bullish; TSMC, Victory Capital, and Stephens Inc. increase stakes. Bearish; Berkshire Hathaway and others sell shares.

**Net Tilt:** Mixed signals suggest cautious stance."
2023-02-16,30,"**Product Releases & Enhancements:** Bullish. Apple released new firmware, updated iOS/iPadOS, and introduced MacBook Pro models (2021), indicating ongoing product support and innovation.

**Analyst Actions:** Mixed. Da Davidson upgraded price target to $173.00, Bank of America to $158.00, and Wedbush to $180.00. Cowen downgraded from $200.00 to $195.00. Net tilt slightly bullish.

**Ownership Changes:** Bullish. Ellevest Inc., Pllc, and Llc increased positions, while PDS Planning Inc. sold shares.

**Regulatory & Layoffs:** Bearish. Layoffs initiated, and regulatory investigation reported.

**Stock Performance:** Bullish. Shares up 20% YTD."
2023-02-17,24,"**Patents & Layoffs:** Apple awarded a new patent (bullish). Contract worker layoffs occurred (bearish).

**Partnerships & Product Updates:** Microsoft partners with Parallels for Windows 11 ARM on Apple M1 (neutral). WhatsApp updates iPhone version (neutral).

**Price Adjustments & Analyst Actions:** iPhone 12 price cut (bearish). JP Morgan downgrades price target from $180 to $175 (bearish). Needham reiterates buy rating with $170 target (bullish).

**Ownership Changes:** Multiple firms increase Apple holdings (bullish). One firm decreases stake (bearish).

**Product Development & Earnings Estimates:** New iPhone development ongoing (neutral). Analysts predict FY EPS of 6.05 (neutral).

**Net Tilt:** Mixed signals; slight net bearish tilt due to price cuts and downgrades."
2023-02-18,6,"**Price Target Upgrade:** Rosenblatt Securities upgraded Apple’s price target from $165.00 to $173.00 (bullish).

**Product Release:** iOS 16 was first released in September 2022 (neutral).

**Ownership Trends:** 
- Increased holdings by Inc. by 1.8% in Q3 (bullish).
- Decreased holdings by KFA Private Wealth Group LLC, Trust Investment Advisors, and Inc. (bearish).

**Net Tilt:** Mixed signals with one bullish analyst action and multiple ownership decreases, leaning slightly bearish."
2023-02-19,18,"**Barclays upgraded Apple’s price target to $145 from $133, bullish.** Apple Watch faces a potential import ban, bearish. The company launched a new HomePod, bullish, while the iPhone 11 saw price cuts and promotions, mixed (bearish on pricing, bullish on sales). Multiple firms increased holdings in AAPL, including Barclays, bullish. Conversely, some firms decreased positions, bearish. Evercore ISI maintained an outperform rating with a $190 target, bullish. Lockheed Martin and others also bought shares, bullish. Overall, **net tilt slightly bullish** due to upgrades and increased holdings outweighing the import ban risk and price cuts."
2023-02-20,26,"**Product Updates:** Bullish - New developer beta iOS 16 and iPhone 14 extended support announced. Bearish - AirPods Pro discounted, iPhone 11 discontinued.

**Analyst Actions:** Bullish - Bank of America upgraded price target to $158.00, Wedbush to $180.00.

**Ownership Changes:** Mixed - Legal & General, Vestmark, and Markel increased holdings; Deseret Mutual Benefit Administrators, Renasant, Motco, and LP sold shares.

**Other:** Bearish - Layoffs reported, share price lower."
2023-02-21,22,"**Revenue and Product Launches:** Tumblr iOS revenue up 125% (bullish); Apple launches new Car Key feature and expands Apple Pay in Korea (bullish).

**Legal and Bans:** Apple Watch faces potential ban (bearish).

**Analyst Actions and Price Adjustments:** JPMorgan downgrades AAPL to $175 from $180 (bearish); AirPods 2 price cut to $99 (mixed impact).

**Ownership Changes:** IFM Investors, Llp, and MD increase holdings (bullish); Smith Shellnut Wilson LLC, Sustainable Insight, and Gamble Jones sell shares (bearish).

**Net Tilt:** Mixed signals with slight net bearish tilt due to legal risks and price adjustments outweighing product launches and revenue growth."
2023-02-22,31,"**Product Releases & Promotions:** Bullish. Apple launched a high-end iPhone and resumed AirPods stock, with multiple product availability announcements (Mac mini, MacBook Pros). Discounts and sales on iPhones, AirPods Pro 2, and MacBooks/iPads are noted.

**Analyst Actions:** Bullish. Barclays upgraded target from $133 to $145; Da Davidson raised from $167 to $173. Evercore ISI reaffirmed ""outperform"" with $190 price target.

**Ownership Changes:** Mixed. Multiple firms increased holdings (Barclays, First Republic, etc.), while some decreased (Univest, Howard Capital, LifePro).

**Stock Performance:** Bearish. Apple fell 2.67%-2.7% today.

**Net Tilt:** Bullish, with strong analyst upgrades and product activity outweighing minor ownership decreases and slight stock decline."
2023-02-23,37,"**Product Enhancements/Cuts:** Bullish (security updates, iOS update, Apple Watch wellbeing feature); Bearish (multiple price cuts and promotions on iPhone 14 Plus, iPhone 11 Pro Max, MacBook Air, and iPad).

**Analyst Actions:** Bullish (Rosenblatt Securities upgraded PT to $173, Bank of America to $158, Wedbush to $180).

**Ownership Changes:** Bullish (multiple firms increasing stakes); Bearish (some firms decreasing stakes).

**Other:** Neutral (Mac crypto-jacking malware, services outage); Bullish (HomePod release, patent awards, contract with Luxshare).

**Net Tilt:** **Bullish**."
2023-02-24,27,"**Product Releases/Catalysts:** Bullish. New iPad Pro with LiDAR Scanner and expected April MacBook Air launch (ESS 0.52). Bearish. Potential delay in AR headset (ESS -0.48).

**Executive Appointments:** Bullish. Apple hires ad executives for Apple TV+ (ESS 0.53).

**Ownership Changes:** Mixed. Increased holdings by one firm (ESS 0.37); multiple firms trimming stakes (ESS -0.34).

**Analyst Ratings:** Neutral. Needham reaffirms ""buy"" with $170 price target (ESS 0.34).

**Cost Actions:** Bullish. Cost-cutting measures announced (ESS 0.48).

**Conflicting Signals:** Net tilt slightly positive due to product launches and executive appointments outweighing ownership reductions and potential delays."
2023-02-25,17,"**Product Release:** Bullish; Apple to introduce its first mixed reality headset and a new iPhone 15.

**Analyst Action:** Bearish; Raymond James downgraded Apple, reducing target price from $185.00 to $170.00.

**Ownership Changes:** Mixed; Markel Corp, Ifm Investors, and others increased stakes, while several firms like Consolidated Planning Corp and Proshare Advisors cut positions.

**Price Movement:** Bearish; Apple stock traded down 1.8%.

**Legal Issues:** Bearish; firm sues Apple. 

**Net Tilt:** Bearish due to analyst downgrade, legal issues, and price decline, despite product launches and some positive ownership changes."
2023-02-26,5,"**Product Promotion:** Bullish; Huge discount on MacBook Air 2020 suggests potential boost in sales.

**Ownership Changes:** Mixed; Dalton, Personal Capital Advisors, and Mitchell Mcleod Pugh & Williams increased holdings, while Arizona State Retirement System reduced stake. Net tilt slightly bullish due to three increases versus one reduction."
2023-02-27,33,"**Product Launches/Catalysts:** Bullish. Apple unveiled new AR technology and a ""Buy now, pay later"" program, with potential early 2023 launch of Apple TV+. Analysts also hint at a redesigned iPhone SE release.

**Supply Issues:** Bearish. Massive fire at a supplier factory and halted production at Foxlink in India indicate supply chain disruptions.

**Legal Fines:** Bearish. Apple paid a $12.1 million fine related to antitrust issues.

**Ownership Changes:** Mixed. Multiple firms increased stakes in Apple, while others sold shares. Net tilt slightly bullish due to larger increases compared to decreases.

**Price Movements:** Bearish. AAPL stock opened at $146.71, down from previous close."
2023-02-28,37,"**Analyst Actions:** JPMorgan downgraded Apple to $175 from $180 (bearish). Piper Sandler maintained an overweight rating with a $195 price target (neutral).

**Revenue/Growth:** Arete forecasts 5-year revenue growth (bullish); Apple reported Q4 revenue of $117.2B (bullish).

**Product Reviews/Launches:** Positive Watch Series 5 review (bullish); negative Series 5 review (bearish); HomePod launches in multiple countries (bullish); expected Apple Pay launch in South Korea (bullish); iPhone 16 planned release (bullish).

**Legal/Regulatory:** EU narrows probe into curbs (neutral); Spotify files complaint against Apple (bearish); EU updates antitrust inquiry (bearish).

**Ownership Changes:** Barclays and others increased holdings (bullish); some firms trimmed positions (bearish).

**Net Tilt:** Mixed signals; slight net bullish bias due to positive product launches and revenue outlook."
2023-03-01,25,"**Price Target Adjustments:** Raymond James downgraded Apple’s price target to $170.00 from $185.00 (bearish); Rosenblatt Securities upgraded from $165.00 to $173.00 (bullish); Da Davidson also upgraded from $167.00 to $173.00 (bullish).

**Product News:** Apple TV Plus new content in March (neutral); potential tech introduction in this year’s iPhone (bullish); iPhone 12 price cuts reported (bearish).

**Legal & Partnership:** Antitrust regulators dropped case against Apple (bullish); collaboration with Docomo and JCOM (neutral).

**Supply Chain Issues:** Fire at Foxlink’s factory (bearish); Apple India factory burn (bearish).

**Ownership Changes:** Multiple firms increased holdings (bullish); some sold shares (bearish).

**Net Tilt:** Mixed signals, slightly bearish due to supply chain issues and price cuts."
2023-03-02,49,"**Product Launches/Catalysts:**
- Bullish: Apple to debut flagship store in India by March, indicating market expansion (signal strength: strong).
- Bullish: Apple to release its own 5G chip in 2024 and launch iPhone 15, enhancing product lineup (signal strength: strong).

**Facility Closures:**
- Bearish: Apple closes Northlake Mall store in Charlotte, North Carolina, due to security concerns (signal strength: moderate).

**Investments:**
- Bullish: Apple to invest EUR1 billion in European silicon design center in Munich, boosting R&D (signal strength: strong).

**Price Changes:**
- Mixed: Price increases for MacBook Pro batteries and potential general price hikes (signal strength: moderate).
- Bearish: Discounts on iPhone 13 Pro Max and price cuts for AirPods (signal strength: moderate).

**Ownership Changes:**
- Mixed: Increased holdings by several institutions like Spc, Ubs Asset Management, Cambridge Trust, Kbc Group, and Inc., vs. decreased holdings by others like Llc, Roberts Glore & Co., Pine Haven Investment Counsel (signal strength: moderate).

**Analyst Ratings:**
- Neutral: Evercore ISI maintains ""outperform"" rating with $190 price target (signal strength: weak)."
2023-03-03,42,"**Demand and Guidance:** Bullish. High demand for iPhone 14 and 15 Pro models; Morgan Stanley upgrades price target to $180 citing strong demand and a 'catalyst-rich' period.

**Executives:** Bearish. Multiple high-level executives including the Cloud Chief are leaving Apple.

**Product Releases:** Mixed. Positive: Revamped Maps launch, iPhone 14 in yellow. Negative: Apple Pencil 2 price cut.

**Partnerships:** Bullish. Apple partners with Foxconn for a $700M plant in India and an NGO for clean water management.

**Stock Performance:** Bullish. Apple shares gain, up 2.6% by 11 AM ET, and Barclays increases holdings by 53%.

**Supply Changes:** Bullish. Foxconn earmarks $700M for new Indian plant to boost iPhone production.

**Ownership Changes:** Mixed. Barclays increases position while C reduces stake.

**Net Tilt:** Bullish."
2023-03-04,28,"**Price Target Upgrades:** Barclays upgraded Apple’s price target from $133 to $145; Bank of America raised theirs from $153 to $158 (Bullish).

**Executive Resignation:** Apple’s VP of Cloud Engineering Michael Abbott is leaving (Bearish).

**Awards & Product Releases:** iPhone 14 Pro won Best Smartphone award; Apple won multiple awards at MWC GLOMO (Bullish).

**Product Price Cuts & Promotions:** Flipkart reduced iPhone 14 price and offered discounts on AirPods; iPad Air is discounted (Bearish).

**Ownership Changes:** Multiple institutions increased stakes (Legal & General, North Carolina, LLCs); some decreased (Hennessy Advisors) (Mixed).

**Analyst Ratings:** Jefferies and Piper Sandler maintained positive ratings (Bullish).

**Stock Performance:** Apple stock gained 3.5% (Bullish).

**Net Tilt:** Bullish."
2023-03-05,33,"**Price Target Adjustments:** Bearish — Canaccord Genuity downgraded price target from $200 to $170; Bullish — Rosenblatt Securities upgraded from $165 to $173, Morgan Stanley from $175 to $180.

**Product Releases:** Bullish — Multiple reports confirm upcoming releases of iPhone 14, new MacBook Air, and iMac.

**Ownership Changes:** Mixed — Increased by MD, Inc., Lp, and Tfo Tdc LLC; Decreased by Kidder Stephen W, Curtis Advisory Group LLC, J, Dempze Nancy E, Birinyi Associates Inc., System, Levin Capital Strategies L.P., and Zevin Asset Management LLC.

**Expense Guidance:** Bearish — Higher expenses expected.

**Product Discontinuation:** Bearish — Business-focused Mac notebook discontinued."
2023-03-06,61,"**Analyst Actions & Price Targets:** Goldman Sachs initiated Apple with a Buy rating, while Hall downgraded the stock. Morgan Stanley upgraded its price target to $180 from $175.

**Revenue & Market Share:** Apple reported record services revenue of $20.77 billion. The company’s market share is higher.

**Product Releases:** Apple plans multiple product launches including new iMacs, MacBook Air models, and possibly a mixed reality device in 2023. The company also launched the Mac Studio and updated tvOS.

**Stock Performance:** Apple stock has rallied over 300% since an unspecified date, with analysts predicting further gains.

**Net Tilt:** Bullish due to positive analyst ratings, strong revenue, and upcoming product launches outweighing the price target downgrade."
2023-03-07,46,"**Product Releases & Enhancements (Bullish):**
- Apple to launch M3 MacBook Air, new iMac models, and iPhone 15.
- Introduced new yellow iPhone 14 and 14 Plus globally.
- Released over 20 new Apple Watch bands and 19 new Apple Watches.

**Investment & Partnerships (Bullish):**
- Apple to invest €1 billion in Germany.
- Collaboration with French fashion brand and partnership with Sonos.

**Ownership Changes (Mixed):**
- UBS, Zions Bancorporation, and others increased stakes.
- Uss Investment Management, Catalyst Capital, and Todd Asset Management reduced stakes.

**Price Cut (Bearish):**
- MacBook Pro 2021 sold at a discount."
2023-03-08,26,"**Revenue and Earnings:** Bullish. Apple reported Q1 iPhone revenue of $65.78 billion, making up 56.1% of total revenue.

**Analyst Actions:** Bullish. Wedbush upgraded Apple’s price target to $190 from $180.

**Market Share and Demand:** Bullish. Apple is gaining market share in China, and iPhone demand is rebounding.

**Product Releases:** Bullish. Apple is launching new products including MagSafe accessories, AirTag accessories, and rolling out iOS 16 updates.

**Stock Performance:** Bullish. Apple’s stock gained in pre-market and has climbed 6.3% over the past three months.

**Ownership Changes:** Mixed. Legal & General Group increased its stake, while CCM Investment Advisers and Black Diamond Financial trimmed or sold shares.

**Supply and Pricing:** Neutral. iPhone supply was steady in January, but Amazon slashed MacBook Air prices to $799."
2023-03-09,55,"**Revenue & Earnings:** Bullish; Apple reported record revenue from iPhone.

**Analyst Actions:** Mixed; Wedbush upgraded price target from $180.00 to $190.00, Rosenblatt Securities from $165.00 to $173.00, Morgan Stanley from $175.00 to $180.00, Jefferies reaffirmed ""buy"" at $195.00.

**Product Launches:** Bullish; Apple launched iPhone 14 series, Safari, and announced multiple new apps including Apple Music Classical.

**Executive Changes:** Bearish; VP of subscription services and a manufacturing VP resigned.

**Stock Performance:** Bearish; Apple’s stock fell by 60%.

**Supply/Demand:** Mixed; iPhone demand growth countered by iPad Pro price hike rumor and iPhone screen delay to 2025.

**Reorganization:** Neutral; Bloomberg reports potential reshuffling of international business operations."
2023-03-10,39,"**Analyst Actions:** Bearish; LightShed Partners downgraded Apple to Sell from Neutral, citing a more conservative outlook for iPhone sales. Raymond James lowered their price target from $185 to $170. However, Wedbush upgraded their price target to $190 from $180.

**Revenue & Pricing:** Bearish; iPhone revenue is declining, and there’s a report of a significant price reduction for the iPhone 11. Conversely, a potential big price increase for another product is mentioned.

**Product Releases:** Mixed; Apple announced several new apps and product enhancements, including a Music Classical App and a redesigned HomePod, which could boost demand. However, plans to discontinue a device and overhaul the App Store pricing system suggest challenges.

**Executive Compensation & Ownership Changes:** Bearish; Tim Cook’s pay dropped 40%. While some funds increased holdings, others sold shares.

**Net Tilt:** **Bearish** due to analyst downgrades and revenue concerns outweighing positive product releases."
2023-03-11,13,"**Product Releases & Enhancements:** Bullish. Apple introduced a new bright yellow iPhone 14 and expanded its home audio offerings.

**Ownership Changes:** Mixed. Pictet Asset Management and Prudential PLC increased their positions in Apple, while Ing Groep NV, Israel, and Metropolitan Life Insurance Co NY decreased theirs. Net tilt is slightly bearish due to larger decreases in stakes.

**Other:** Neutral. Schools are teaming up with Apple, but there’s a reported iCloud storage issue."
2023-03-12,15,"**Revenue and Product Release:** Bullish. Apple reported gains in smartphone revenue and introduced a new yellow iPhone model. Additionally, the company is set to launch a mixed reality headset despite unspecified challenges.

**Analyst Upgrades:** Bullish. Da Davidson, Bank of America, and Morgan Stanley upgraded their price targets on Apple to $173.00, $158.00, and $180.00 respectively.

**Ownership Changes:** Mixed. While several firms increased their stakes in Apple, significant reductions were noted by Raab & Moskowitz Asset Management LLC, Aviva PLC, Healthcare of Ontario Pension Plan Trust Fund, and Canada Pension Plan Investment Board. However, Roof Eidam & Maycock ADV bought shares, and Tlwm maintained a stable stake.

**Net Tilt:** Bullish, with strong revenue growth and product launches offsetting some ownership reductions."
2023-03-13,22,"**Price Target Upgrade:** Wedbush upgraded Apple’s price target from $180.00 to $190.00 (Bullish).

**Product Launches/Catalysts:**
- AR headset launch expected this year (Bullish).
- Potential HomePod smart display launch in 2024 (Bullish).
- iOS 15.4 released last year (Neutral).

**Partnerships:**
- Timme partners with Beats by Dre (Bullish).

**Price Cuts/Promotions:**
- Flipkart slashed iPhone 12 prices (Bearish).
- MacBook Air M2 promotion (Bullish).

**Ownership Changes:**
- Multiple firms increased stakes (Bullish).
- Several firms decreased holdings (Bearish).

**Analyst Ratings:**
- Jefferies reissued “buy” rating with $195.00 target (Bullish).

**Stock Performance:**
- Stock climbed on Monday (Bullish).
- Opened at $148.50 on Monday (Neutral).

**Earnings Estimate:**
- Analysts expect 6.04 EPS for FY (Neutral).

**Net Tilt:** Mixed signals, but slightly Bullish due to upgrades and product launches outweighing price cuts and reduced holdings."
2023-03-14,38,"**Product Releases & Upgrades (Bullish):**
- New iPhone color options and advertising blitz for Apple Pay in Korea.
- Video call iPhone purchasing debut.

**Legal (Bullish):**
- Apple wins class suit.

**Cost Management (Bullish):**
- Cost-cutting measures announced.

**Price Cuts (Bearish):**
- Multiple product price reductions including iPhone 12, 14, iPad, and accessories.

**Investor Activity (Mixed):**
- Institutional investors increase holdings (Barclays, Great West Life Assurance).
- Some sell off (Cantor Fitzgerald, Cigna Investments).

**Stock Performance (Bullish):**
- Shares rise over 1.5%.

**Regulatory (Bearish):**
- DOJ antitrust investigation ongoing."
2023-03-15,25,"**Product Releases & Promotions (Bullish):**
- New iPhone purchase methods, ""Hello Yellow"" iPhone 14 models, iOS/iPadOS updates.
- Analyst upgrade: Morgan Stanley raised target from $175 to $180.
- Institutional investors increased holdings.

**Price Adjustments (Mixed):**
- Potential iPhone price hike.
- Existing models on sale.

**Stock Performance (Bearish):**
- Shares slipped nearly 1% in premarket.
- Opinion piece suggests 20% stock decline.

**Conflicting Signals:** Bullish product activity and institutional support contrast with bearish price action and negative sentiment."
2023-03-16,24,"**Product Enhancements and Releases:** Bullish. Apple launched new iPadOS 16, a video chat feature, and introduced a redesigned TV app for Mac. The iPhone 14 Plus (yellow) received positive reviews.

**Price Adjustments:** Mixed. Apple plans to hike base and Pro model iPhone prices, while the iPhone 14 Pro saw a price cut to Rs. 122,999. 

**Ownership Changes:** Net Neutral. Multiple institutions increased holdings (Foxconn, unnamed service), while others reduced stakes (Kansas, Cape Cod Five Cents Savings Bank, Advisors, River & Mercantile Asset Management LLP).

**Analyst Ratings:** Bullish. Jefferies and Needham reaffirmed ""buy"" ratings with price targets of $195.00 and $170.00 respectively.

**Promotions:** Bullish. Heavy discounts on iPads were announced."
2023-03-17,24,"**Product Releases and Enhancements:**
- Bullish: Apple releasing new AirPods and a short film titled 'Luck', indicating continued product momentum (ess0.52, ess0.76).
- Neutral: Twitter rolling out a new feature for Apple iOS (ess0.44).

**Analyst Actions and Ownership Changes:**
- Bullish: Keybanc remains Overweight on Apple, with no change in rating (ess0.5, ess0.34).
- Mixed: Various entities show mixed ownership actions—some increasing stakes (Llc, Great West Life Assurance Co.), others decreasing (Neville Rodie & Shaw Inc., Adv Sells) (ess0.37, ess-0.34).

**Retail Expansion:**
- Bullish: Reports of Apple opening a flagship store in Mumbai and its first retail store in India (ess0.41).

**Net Tilt:** Bullish due to product releases and analyst support outweighing mixed ownership signals."
2023-03-18,18,"**Price Target Upgrade:** Wedbush raised Apple’s target price from $180.00 to $190.00 (Bullish).

**Stock Performance:** Apple is climbing (Bullish).

**Product Price Cut:** iPhone 13 price reduced to Rs. 30999 (Bearish).

**Ownership Increases:** Multiple firms increased stakes in Apple, including Ep Wealth Advisors, Vanguard Group, Charles Schwab Investment Management, and others (Bullish).

**Ownership Decreases:** Some firms decreased stakes, such as Fulton Bank N.A., Rempart Asset Management Inc., and Bartlett & Co. LLC (Bearish).

**Net Tilt:** Mixed signals with multiple bullish ownership increases and a price target upgrade offsetting bearish price cut and ownership decreases."
2023-03-19,11,"**Product Release:** Bullish. Apple Pay's imminent launch in Korea signals expansion into a major market.

**Supplier Relationship:** Bullish. Samsung Electronics adopting Apple’s chip suggests strengthened supplier ties.

**Insider Activity:** Bearish. Management sells 194 shares, while Tompkins Financial Corp. sells 5,445 shares.

**Analyst Actions:** Mixed. Morgan Stanley upgrades price target from $175.00 to $180.00; Jefferies reissues “buy” with $195.00 target. Net tilt is bullish due to higher targets.

**Ownership Changes:** Mixed. Multiple firms increase holdings, while others decrease positions. Net tilt is slightly bullish due to overall increases."
2023-03-20,29,"**Legal & Product:** Bullish. Apple won a lawsuit and secured a patent for a folding phone (0.53, 0.53). However, it faces a new lawsuit and is delaying product releases (-0.52, -0.48).

**Demand & Supply:** Mixed. Demand for Apple products is growing (0.51), but the iPhone 14 price was slashed (0.47, -0.44). Apple is expanding retail presence in India and opening stores in India and Mumbai (0.41, 0.41, 0.41).

**Ownership & Stock:** Mixed. Ownership increased slightly with LP and LLC raising stakes (0.37, 0.37), while Cambridge Trust Co. sold shares (-0.34). Stock opened lower at $155.00 (-0.11).

**Net Tilt:** Neutral to Slightly Bullish."
2023-03-21,38,"**Demand & Revenue:** Bearish; iPhone display orders down 39% YOY, revenue outlook weak.

**Product Launches & Enhancements:** Bullish; new Apple Music Classical app, iOS 16.4, watchOS 9, tvOS 16, Siri update, HomePod delay, retail store launch in India.

**Analyst Actions & Ownership Changes:** Mixed; Needham reaffirms buy at $170, multiple firms increase holdings, others reduce positions.

**Regulatory & Legal:** Bearish; Nigerian concerns over FaceTime.

**Patents & Acquisitions:** Bullish; Apple granted patents, makes acquisitions.

**Supply & Production:** Bullish; production increase announced."
2023-03-22,32,"**Price Target Upgrade:** Wedbush raised Apple’s price target from $180.00 to $190.00 (Bullish).

**Product Releases & Enhancements:**
- Apple launched Apple Pay in South Korea (Bullish).
- Announced OLED MacBook models before end of 2024 (Bullish).
- Rolled out iPadOS 16 and iOS 16 (Bullish).
- Launched iPhone 14 and iPhone 14 Pro (Bullish).
- Expanded AirPods lineup (Bullish).

**Price Cuts & Promotions:**
- iPhone 12 retail price cut to Rs. 59,900 (Bearish).
- AirPods slashed to $89.99 (Bearish).
- AirPods Pro and AirPods Max on sale (Neutral).
- AirTag on sale (Neutral).

**Ownership Changes:**
- Multiple firms increased stakes in Apple (Bullish).
- Some firms decreased stakes (Bearish).
- Net tilt: Bullish.

**Analyst Ratings:**
- Piper Sandler reaffirmed “overweight” with $195.00 target (Bullish)."
2023-03-23,17,"**Revenue Guidance:** Bullish; Apple plans to increase revenue.

**Product Reviews & Pricing:** Mixed; Positive review for iPhone SE 2022, but Apple TV+ faces branding issues and price hike. AirPods Pro offered at a heavy discount.

**Strategic Moves:** Bullish; Apple interested in acquiring Premier League streaming rights and signed a 10-year deal with Major League Soccer.

**Ownership Changes:** Net Neutral; Increased stake by Llp offset by reductions from Aurora Investment Managers LLC and Cullinan Associates Inc.

**Analyst Actions:** Neutral; Evercore ISI reaffirmed ""outperform"" with a $190 price target.

**Stock Performance:** Bullish; Shares rallied Thursday morning."
2023-03-24,36,"**Market Share:** Bearish (Iphone and Apple TV+ losing market share); Bullish (Apple TV+ gaining market share).

**Product Updates:** Bullish (new iPhone 15, updated AirPods Pro with USB).

**Stock Performance:** Mixed (Morgan Stanley upgrades price target to $180.00; stock fell 15% since Oct. 31, 2022, down 13%, and 26.8% last year).

**Ownership Changes:** Net Bullish (multiple firms increasing stakes; some decreasing).

**Price Adjustments:** Bearish (iPhone 12 Mini price cut); Neutral (AirPods Pro 2 update, MacBook Pro discount).

**Facility Expansion:** Bullish (Pegatron in talks to open second India factory)."
2023-03-25,19,"**Product Launches and Enhancements:** Bullish. Apple launched AirPods Pro in Sep 2022 and plans to launch iPhone 15. Added camera to upcoming Apple Watch models.

**Price Adjustments:** Bearish. iPhone 14 price cut to Rs. 41,999.

**Insider Activity:** Bearish. COO Jeffrey E. Williams sold $30M in common stock.

**Holding Changes:** Mixed. Addenda Capital Inc. decreased holdings; Legal & General Group Plc increased holdings; Shira Ridge Wealth Management bought 33,352 shares.

**Stock Performance:** Bullish. Apple stock traded up 0.8%."
2023-03-26,16,"**Product Launches:** Bullish. Apple is set to unveil AirPods Pro 2, a new Apple Watch Ultra, and a first-gen Reality headset.

**Price Adjustments:** Bearish. iPhone 14 prices have dropped, with the iPhone 11 also experiencing a price cut.

**Ownership Changes:** Mixed. Multiple firms increased holdings (Wedbush upgraded price target to $190.00), while one firm (Miami) sold shares. Crescent Grove Advisors invested $500,000 in AAPL.

NET TILT: Neutral to Slightly Bullish."
2023-03-27,35,"**Revenue & Guidance:** Bullish; Apple aims to boost sales.

**Acquisitions:** Bullish; Apple acquires WaveOne to enhance AI tech.

**Product Releases:** Bullish; Apple releases iPadOS 16, iOS 16.4, macOS 13, tvOS 16.4, HomePod updates, and previews watchOS 10 and iOS 17.

**Partnerships:** Mixed; Apple strengthens ties with China but cuts off Pegatron.

**Ownership Changes:** Mixed; multiple firms increase stakes while Harbour Capital Advisors sells shares.

**Stock Performance:** Bullish; Apple shares up 22%."
2023-03-28,74,"**Revenue and Earnings:** Bearish. Apple missed earnings expectations and projects revenue decline, indicating weakening sales, particularly in iPhones (ess-0.75, ess-0.74, ess-0.68).

**Product Releases:** Bullish. Multiple product launches including Apple Music, HomePod Mini, and software updates (tvOS, macOS, watchOS) suggest ongoing innovation (ess0.52, ess0.53, ess0.62).

**Antitrust and Cybersecurity:** Bearish. Facing antitrust scrutiny globally and MacOS malware targeting iCloud (ess-0.55, ess-0.58).

**Insider Activity:** Bearish. COO Jeffrey E. Williams sold shares (ess-0.49).

**Net Tilt:** Bearish. Revenue/Earnings miss and insider sell outweigh positive product launches."
2023-03-29,36,"**Product Launches & Enhancements (Bullish):**
- Apple launches various services including Apple Pay, small loans, and iOS updates in multiple markets.
- New software releases: iOS 16, macOS, tvOS 16.4, and watchOS 9.

**Price Cuts & Promotions (Bearish):**
- Price cuts on iPhone 12 and iPhone 13 via Flipkart deal.
- Promotion of Tetris on Apple TV+.

**Facility Openings (Bullish):**
- Opening of new Apple Stores in Seoul, South Korea.

**Analyst Actions (Mixed):**
- Needham reiterates “buy” with $170 price target.
- Mixed ownership changes: Blueshift increases stake while other firms decrease holdings.

**Net Tilt:** Bullish due to extensive product launches and facility openings outweighing price cuts and mixed analyst actions."
2023-03-30,37,"**Product Releases/Catalysts:**
- Bullish: Apple to release iOS 17 on June 5, new MacBook Pros, and Apple Watch SE 2. (Evidence: Multiple headlines confirm these releases.)
- Bearish: AR headset debut at WWDC in doubt due to delay. (Evidence: Product-delayed headline.)

**Legal:**
- Bullish: Apple wins U.S. appeal and VirnetX patent dispute. (Evidence: Two legal-verdict-favored headlines.)

**Ownership Changes:**
- Mixed: Ownership increased by Legal & General, Ifm Investors, and Pa, but decreased by Partners and Dash Acquisitions. (Evidence: Multiple ownership headlines showing both increases and decreases.)

**Price Movements:**
- Bullish: Apple shares rose 0.40% to $161.42 after jumping 25%. (Evidence: Stock-gain headlines.)

**Net Tilt:** Bullish due to product releases, legal victories, and share price gains outweighing ownership decreases and delays."
2023-03-31,29,"**Product Launches/Catalysts:** Bullish. Apple launched iPhone 14, released Apple TV app, and may launch OLED MacBook Air. (Evidence: [product-release|ess0.52], [product-release|ess0.52], [product-release-opinion|ess0.52])

**Legal Developments:** Mixed. Apple won US Appeals Court ruling but faces UK antitrust suit. (Evidence: [legal-verdict-favored|ess0.53], [antitrust-suit-opinion-defendant|ess-0.58])

**Ownership Changes:** Net Neutral. Multiple firms increased stakes while others decreased positions. (Evidence: [ownership-increase-held|ess0.37], [ownership-decrease-held|ess-0.34])

**Price Target Upgrade:** Bullish. Wedbush raised target price to $190.00. (Evidence: [price-target-upgrade|ess0.6])"
2023-04-01,16,"**Cybersecurity Threat:** Bullish (moderate); bearish (low). Spyware targeting iOS could damage reputation but may prompt stronger security measures.

**Product Launches & Promotions:** Bullish (high). Apple Watch launch and MacBook Air M2 sale promotions boost near-term demand.

**Institutional Ownership Changes:** Mixed (net bullish). Great West Life Assurance Co., UBS Asset Management, L.P., and Inc. increased holdings, while Beech Hill Advisors, Maryland State Retirement & Pension System, Sumitomo Life Insurance, and Stockton decreased holdings.

**Analyst Ratings:** Neutral (low). Needham & Company reiterated a Buy rating without changing price target or outlook.

**Earnings Estimate:** Neutral (low). Analysts predict EPS of $6.04 for the current year, consistent with expectations."
2023-04-02,17,"**Market Share and Product Updates:**
- Bullish: Apple gaining market share, expected to launch affordable iPhone SE and update watchOS 10.
- Bearish: GM discontinuing Apple CarPlay, iPhone 14 and 13 receiving significant price cuts.

**Ownership Changes:**
- Bullish: Barclays, Legal & General, and Obsidian increasing stakes; Argus buys shares.
- Bearish: Multiple firms reducing positions including Congress Asset Management and another unnamed firm.

**Net Tilt:** Mixed, with some bullish signals from product updates and stake increases offset by bearish signals from price cuts and stake reductions."
2023-04-03,53,"**Earnings & Guidance:** Bearish. Apple’s EPS guidance dropped, indicating weaker financial performance ahead.

**Revenue Trends:** Mixed. Mac revenue and unit sales decreased significantly, while iPhone user base grew by 100M over 15 months.

**Product Updates:** Bullish. New Macs and iOS/macOS updates were released, with potential future launches like a headset in June.

**Supply Chain:** Bearish. Production halts for M2 chips and scaling back of certain chip production suggest supply constraints.

**Legal Issues:** Bearish. Class actions and legal proceedings in Australia add regulatory risks.

**Analyst Actions:** Neutral-Bullish. Wedbush upgraded Apple’s price target to $205, while other firms maintained ratings with varied targets.

**Price Adjustments:** Mixed. Price cuts on iPhones and displays offset by positive reviews of Apple Card.

**Ownership Changes:** Neutral. Increased and decreased ownership stakes indicate mixed investor sentiment."
2023-04-04,50,"**Revenue & Earnings:** Bullish (Ipad revenue grew); Bearish (Mac sales down 22%, no detailed Q2 guidance).

**Product Releases & Enhancements:** Bullish (new MacBook Air with M2 chip, refreshed MacBook Pros, potential iOS 16 release, new EarPods).

**Legal & Patent Issues:** Bearish (facing patent trial with Masimo, previously sued Masimo).

**Supply & Production:** Bearish (halting production of fastest chips, iPad outage, App Store downtime).

**Corporate Actions:** Bearish (layoffs, insider sells, cost reductions); Bullish (expansion in Korea, new retail stores).

**Ownership Changes:** Mixed (multiple increases in holdings, one insider sell).

**Net Tilt:** Bearish due to multiple negative signals outweighing positive ones."
2023-04-05,61,"**Revenue & Guidance:** Bearish signals from potential iPhone sales slowdown and services revenue deceleration (ess-0.75, ess-0.68); Bullish signals from overall revenue increase and services revenue growth (ess0.65, ess0.65).

**Analyst Actions:** Bullish with BofA raising price target to $168.00 (ess0.64).

**Legal & Regulatory:** Bearish due to losing legal battle over Apple Music and antitrust scrutiny (ess-0.62, ess-0.47).

**Executive Movements & Insider Sales:** Bearish with key executive departures and insider selling by top executives (ess-0.57, ess-0.49).

**Product & Supply:** Mixed signals—iOS 17 launch and increased iPhone production offset by halted M2 production and product discontinuations (ess0.52, ess0.55, ess-0.51, ess-0.45).

**Stock Performance:** Bearish with stock down on Wednesday (ess-0.51).

**Net Tilt:** Bearish."
2023-04-06,24,"**Product Reviews and Launches:** Bullish. Positive review of iPad Mini; expected VR headset launch.

**Analyst Actions:** Bullish. Bank of America upgraded price target from $158.00 to $168.00.

**Outages and Price Cuts:** Bearish. Weather app outage; iPhone 11 and M1 iPad Air price cuts.

**Ownership Changes:** Bullish. Revenue, Ifm Investors, Blueshift Asset Management, and Inc. increased holdings.

**Stock Performance:** Bullish. Stock surged.

**Other:** Neutral. Needham reaffirmed ""buy"" with $170.00 target; burglary at Apple Store; Sweet Financial Partners bought shares.

**Net Tilt:** Bullish."
2023-04-07,23,"**Product Releases & Enhancements (Bullish):**
- Apple rolled out enhanced Maps in multiple regions.
- Released iOS 16 and macOS updates.
- Apple Maps now available in Austria.

**Ownership Changes (Mixed):**
- Bullish: Sage Capital Advisors, Barclays PLC, and Charles Schwab increased holdings.
- Bearish: Buffington Mohr McNeal sold shares.

**Price Adjustments (Bearish):**
- iPhone 14 price cut to 5149 yuan.

**Stock Performance (Bullish):**
- Apple stock climbed 26.7% through April 6.

**Catalysts & Rumors (Neutral-Bullish):**
- Merging with Disney rumor.
- Google may launch similar product to Apple AirTag.
- Thieves raided an Apple store (negative event).

**Earnings & Guidance (Neutral):**
- Q223 earnings report scheduled for May 4th."
2023-04-08,14,"**Product Releases:** Bullish. Apple rolled out a new Maps experience in 6 European countries and plans to unveil iOS 17.

**Legal Issues:** Bearish. Baidu sued Apple over unspecified issues.

**Price Adjustments:** Bearish. iPhone 14 Pro received a price cut, and Apple’s stock hit a 30-day low.

**Ownership Changes:** Mixed. Legal & General, LLC, and others increased stakes, while another LLC and Mi reduced holdings. Net tilt slightly bearish due to insider sell and multiple decreases outweighing increases."
2023-04-09,15,"**Price Target Upgrade:** Bullish; Bank of America raised price target from $158.00 to $168.00.

**Legal Issues:** Bearish; Baidu filed lawsuits against Apple.

**Insider Sales:** Bearish; COO Jeffrey E. Williams and SVP Deirdre O'Brien sold shares.

**Business Contract Termination:** Bearish; GM dropped Apple.

**Facility Openings:** Bullish; Apple opened its first retail store in India in 2021 and issued new warnings to stores.

**Ownership Changes:** Mixed; UBS and management increased holdings, while Tanager Wealth Management, Hartford Investment Management, and LLC reduced positions.

**Product Price Drop:** Neutral; iPhone 11 price in India decreased to Rs. 13,999."
2023-04-10,41,"**Revenue and Sales Decline:** Bullish signals include new Mac releases and updates (Big Sur, macOS); bearish signals dominate with Mac revenue down 29%, MacBook sales declining, iPhone sales falling, and Mac sales dropping 40.5%. Net tilt: **Bearish**.

**Legal Issues:** Apple sued over fake Ernie Chatbot apps. **Bullish/Bearish**: Neutral impact.

**Stock Performance:** Apple stock fell 1.4% to $162.41, with some analysts noting a slide due to lower PC sales. **Bearish**.

**Product Enhancements and Price Cuts:** Updates for iPhones, iPads, and security patches; price cuts for iPhone 14 Plus and 12. **Neutral**.

**Ownership Changes:** Various institutions increased holdings, while one sold shares. **Mixed**.

**Facility and Market Expansion:** New Seoul store and expansion in India. **Bullish**. 

**Net Tilt:** **Bearish**."
2023-04-11,74,"**Revenue & Guidance:** Bearish. Mac sales tanked (-0.75), revenue guidance down (-0.68), demand decreased (-0.51), PC sales plummeted (-0.46).

**Supply & Production:** Bullish. Increasing iPhone production (+0.55), ramping up MacBook Air production (+0.46).

**Product Updates & Launches:** Mixed. Multiple product releases including macOS, watchOS, AirPods firmware, and new MacBook Air (all +0.52); GM discontinuing Apple CarPlay (-0.45).

**Market & Legal:** Bearish. Market share loss (-0.56), antitrust investigation from France (-0.55), services outage (-0.54), CFO insider sell (-0.49).

**Stock Performance:** Mixed. Stock down (-0.51), shares rose (+0.47).

**Facility Openings:** Bullish. Opening retail stores in India (+0.41)."
2023-04-12,25,"**Revenue Guidance:** Bullish (boosting retail sales); Bearish (computer sales plummet).  
**Analyst Actions:** Bullish (Bank of America upgraded price target to $168.00).  
**Product Releases:** Bullish (multiple product releases including Apple Arcade games, Watch badges, tvOS 16, HomePod).  
**Supply Changes:** Bearish (M2 chip production suspended); Bullish (Macbook Air mass production ramps up).  
**Ownership Changes:** Mixed (Barclays, Lp, Great West Life, Md, Inc. increased holdings; Davenport & Co, Hennessy Advisors, Everett Harris, Newman Dignan reduced stakes).  
**Stock Performance:** Bearish (shares closed 0.8% lower).  
**Net Tilt:** Neutral to Slightly Bearish."
2023-04-13,50,"**Earnings Guidance:** Bullish. Apple is expected to beat Q1 and FQ2 earnings views with EPS of $1.45 and guide Q3 revenue upwards.

**Price Target Upgrades:** Bullish. Canaccord raised PT to $180 from $170; Credit Suisse raised PT to $188 from both $170 and $184.

**Product Launches:** Neutral-Bullish. Augmented Reality glasses planned for 2026; Apple Card preparation noted.

**Supply Changes:** Mixed. Production increases in India, but output cuts elsewhere.

**Legal and Regulatory Issues:** Bearish. Complaints and regulatory scrutiny against Apple.

**Insider Sales:** Bearish. COO Jeffrey E. Williams and SVP Deirdre O'Brien sold shares.

**Ownership Changes:** Mixed. Multiple firms increased holdings, while others decreased or sold shares.

**Net Tilt:** Bullish. Positive earnings and revenue guidance, multiple price target upgrades, and product launches outweigh legal/regulatory concerns and insider sales."
2023-04-14,29,"**Product & Partnerships:** Bullish. Apple launched its first French TV and expanded partnerships with Domino’s, Mtn, a French premium TV channel, and Albertsons. Additionally, it released updates for tvOS and iPad, and plans to open new retail stores in India.

**Supply & Market Entry:** Bullish. Apple increased confidence in India’s production capabilities and is expanding operations there, including opening new retail stores.

**Earnings & Analyst Actions:** Bearish. KeyCorp downgraded Q2 EPS estimates, while Credit Suisse upgraded the price target from $184.00 to $188.00.

**Price Adjustments:** Mixed. Amazon reduced the price of iPhone 14 Pro, and Beats Studio Buds were discounted to $100, while iPad Pro pricing remained unchanged.

**Insider & Ownership Activity:** Mixed. CFO Luca Maestri sold shares, while Deutsche Bank increased holdings and Allspring Global Investments trimmed positions.

**Stock Performance:** Bearish. Shares opened at $165.56 and traded lower by 0.43%."
2023-04-15,14,"**Product Release:** Bullish; Apple launched customizable transit cards in Apple Wallet.

**Partnerships:** Bullish; Mtn Nigeria partnered with Apple.

**Price Cuts:** Bearish; iPhone 12 prices dropped by up to Rs 12,000, and iPhone 14 price noted at Rs 79,900.

**Ownership Changes:** Mixed; multiple firms decreased stakes in AAPL (bearish), while Mendel Capital Management and Two Point Capital Management increased their stakes (bullish).

**Earnings Estimate:** Neutral; analysts expect EPS of $6.03 for the current year.

**Stock Price:** Neutral; AAPL opened at $165.21."
2023-04-16,15,"**Revenue and Volume Decline:** Bullish signals include expected launches of iPhone 15 series with four models, MacBook updates, and new hardware (ESS 0.52). Bearish signals involve significant revenue drops (40%) and PC sales plunges (ESS -0.68). Conflicting signals suggest a mixed outlook.

**Product Lifecycle Changes:** Bearish signals indicate potential discontinuation of older models like iPhone 12 and 14 Pro (ESS -0.45). Price cuts on iPhone 12 further pressure margins (ESS -0.44).

**Ownership Movements:** Mixed signals with major investors increasing positions (Raymore, Cardinal Capital, Jennison Associates) while others decrease holdings (Saxon Interests) (ESS 0.37, ESS -0.34).

**Net Tilt:** Overall, conflicting signals create a neutral-to-slightly-bullish bias due to anticipated product launches outweighing current revenue declines and product lifecycle pressures."
2023-04-17,78,"**Analyst Actions & Price Targets:** Bullish; Credit Suisse upgraded AAPL to outperform, Bank of America raised target price to $168.00.

**Earnings & Revenue:** Mixed; Q4 profits missed expectations, revenue expected to fall, but India sales grew to $6Bn and YTD sales increased.

**Product Releases & Partnerships:** Bullish; Apple previewed its first retail store in India, launched new MacBook models, and partnered with Goldman Sachs.

**Supply & Demand:** Bullish; Production significantly increased in India, but there was a noted decrease in overall demand.

**Legal & Insider Activity:** Bearish; Apple faced a patent lawsuit, insiders including CEO Cook and CFO Maestri sold shares.

**Net Tilt:** Neutral to Slightly Bullish."
2023-04-18,70,"**Revenue Growth & Market Share:** Bullish. Apple’s revenue in India grew, iPhone sales ticked up, and the company gained market share in India.

**Analyst Upgrade:** Bullish. Canaccord Genuity raised its price target from $170 to $180.

**Product Releases & Enhancements:** Bullish. Apple launched new financial products, updated watchOS9, and introduced the latest Mac mini.

**Supply Increase:** Bullish. Apple tripled iPhone production in India.

**Facility Openings:** Bullish. Apple opened multiple stores in India, including its first two flagship locations in Mumbai and Delhi.

**Insider Sell:** Bearish. CFO Luca Maestri sold $11.6M in common stock.

**Price Cuts:** Bearish. AirPods Pro and Beats Studio Buds prices were reduced.

**Net Tilt:** Bullish. Positive signals outweigh negative ones."
2023-04-19,32,"**Price Target Upgrades:** CFRA raised price target to $190 from $165; JPMorgan raised to $190 from both $175 and $165 (Bullish).

**Product Releases & Enhancements:** Apple launched savings account, new iOS 16, iPhone 14 models, and Apple Pay; new iPhone 15 details leaked (Bullish).

**Cyber Attacks:** Spyware targeted iOS 15 (Bearish).

**Ownership Changes:** Barclays increased holdings by 53%, management increased position by 0.6%; VA and Corp decreased stakes (Mixed).

**Revenue & Market Entry:** Apple’s exports hit $5 billion in FY23; opened first retail store in India (Bullish).

**Net Tilt:** Bullish."
2023-04-20,26,"**Price Target Upgrades:** JPMorgan raised price target from $175 to $190; Credit Suisse raised from $184 to $188 (Bullish).

**Product Launches:** MacBook Air launching in June, iPhone in India, Tap to Pay on iPhone in Taiwan (Bullish).

**Supply Issues:** Apple halted M2 chip production (Bearish).

**Market Share and Investment:** Apple to regain market share, nearly triple investments and exports in India (Bullish).

**Ownership Changes:** Multiple firms increased holdings in AAPL, while some decreased (Mixed, Net Bullish).

**Other:** Theft at Apple store (Bearish); new Delhi store opening (Bullish)."
2023-04-21,30,"**Product Enhancements & Releases:** Bullish. Apple released an iPhone journaling app and expanded its running track mode to France. It also launched the Apple Card Savings Account and Apple Pay last month.

**Acquisition & Partnerships:** Bullish. Apple acquired Primephonic in 2021 and maintains strong relationships with Goldman Sachs and American Express.

**Price Cuts & Promotions:** Bearish. The MacBook Air saw significant price drops, and the iPhone 13 Mini was discounted on Flipkart.

**Insider Activity:** Mixed. CFO Luca Maestri sold shares, while multiple institutions increased their positions in Apple.

**Earnings & Stock Performance:** Neutral. Analysts expect EPS of 6.03 for the current fiscal year, but shares slid recently.

**Facility Expansion:** Bullish. Apple is expanding its retail network in China and building a new office complex in Cupertino."
2023-04-22,14,"**Revenue and Sales:** Bearish. Mac sales are down, indicating weaker demand for desktop computers (ess-0.68).

**Product Releases and Promotions:** Bullish. Apple launched the iPhone 14 and plans an iPhone Fold in 2023, with the iPhone 14 receiving a significant discount (ess0.52, ess0.52, ess0.41).

**Insider Activity:** Mixed. COO Jeffrey E. Williams sold shares, while management and Barclays increased their stakes (ess-0.49, ess0.37, ess0.37).

**Analyst Ratings:** Neutral. Wedbush maintained an ""outperform"" rating with a $205 price target (ess0.34).

**Ownership Changes:** Mixed. Multiple entities decreased holdings, while others increased (ess-0.34, ess0.34, ess0.22).

**Net Tilt:** Net slightly bullish due to product launches and promotions outweighing insider selling and ownership decreases."
2023-04-23,7,"**Product Launches:** Bullish; Apple plans to launch several new Macs.

**Insider Sell:** Bearish; SVP Deirdre O'Brien sold 43,622 shares.

**Price Cut:** Bearish; iPhone 14 now available for Rs. 65,999.

**Ownership Increases:** Bullish; Great West Life Assurance Co., Inc., and Sumitomo Mitsui DS Asset Management increased their stakes.

**Stable Ownership:** Neutral; Tokio Marine Asset Management maintained a $53.13 million position.

**Net Tilt:** Mixed signals with slight bullish bias due to multiple ownership increases outweighing single insider sell."
2023-04-24,38,"**Analyst Actions:** Bullish - Goldman Sachs upgraded to Buy, Canaccord raised target to $180, Goldman Sachs also raised target to $200.

**Legal Battles:** Bullish - Apple won appeals against Epic Games and other antitrust cases.

**Product Releases:** Bullish - iPhone SE 3 5G available, new Mac Pro launching, CarPlay now available, Apple Pay debuting in Taiwan, Apple Music artist reveal, expected journaling app release.

**Revenue & Sales:** Bullish - iPhone sales grew 16%.

**Ownership Changes:** Mixed - Multiple firms increased holdings (e.g., Charles Schwab, SevenBridge Financial), while others decreased (e.g., Boston Common Asset Management).

**Insider Trading:** Bearish - CEO Timothy D. Cook sold shares.

**Price Adjustments:** Bearish - Amazon lowered MacBook Pro price, Apple removing Fortnite from App Store.

**Net Tilt:** Bullish."
2023-04-25,37,"**Bullish Signals:**
- **Price Target Upgrades:** JPMorgan raised target from $175 to $190; Bank of America from $158 to $168; Credit Suisse from $184 to $188.
- **Product Launches & Enhancements:** Expected to unveil headset, iOS, and watchOS updates; Apple Pay expansion; new Apple Music features.
- **Legal Victory:** Won antitrust suit against Epic Games.
- **Market Expansion:** Opening first physical store in India; expanding into India market.

**Bearish Signals:**
- **Cyber Attacks:** Hackers targeting iPhones and Macs.
- **Regulatory Issues:** California charges Apple.
- **Insider Sell:** CFO Luca Maestri sold shares.
- **Discontinuations:** Dropping support for older iPad models; removing Fortnite from App Store.

**Net Tilt:** Mixed, with significant bullish signals outweighing bearish ones."
2023-04-26,29,"**Price Target Upgrades:** Deutsche Bank raised Apple’s price target to $170 from $160, while Barclays increased it to $149 from $145. **Analyst Ratings:** Deutsche Bank maintained a “Buy” rating, Barclays maintained “Equal-Weight.” **Revenue Trends:** Apple’s sales represent nearly half of a significant market segment, indicating strong revenue growth. **Product Launches:** Apple plans to unveil watchOS 10, iPadOS 17, and iMessage integration with Windows 11. **Supply Changes:** iPhone 15 production costs are set to increase. **Ownership Shifts:** Multiple firms increased holdings in Apple, while some reduced positions. **Earnings:** Expected to meet street estimates for Q2. **Facility Expansion:** Opening a second Apple Store in Shenzhen, China.

**Net Tilt:** Bullish due to multiple price target upgrades, product launches, and increased institutional ownership despite some cost concerns."
2023-04-27,29,"**Legal & Product Release:**
- **Bearish:** Apple employee sentenced to prison (legal issue).
- **Bullish:** iPhone 14 Plus promotion with flat discount, new Beats Studio Buds Plus features revealed, and M1 iMac expansion.

**Analyst Actions & Price Targets:**
- **Bullish:** Barclays upgraded price target from $145 to $149; Deutsche Bank from $166 to $170.
- **Neutral:** Wedbush maintained ""outperform"" with $205 target; Bernstein maintained ""market perform.""

**Ownership Changes:**
- **Bullish:** Multiple firms increased holdings (e.g., Proficio Capital Partners LLC by 12,174.2%).
- **Bearish:** Some firms decreased holdings (e.g., Montrusco Bolton Investments Inc.).

**Stock Performance:**
- **Bullish:** Shares gained 2.84% to $168.41.
- **Bearish:** Trading down noted.

**Net Tilt:** Bullish due to multiple upgrades and increased holdings outweighing legal and ownership decreases."
2023-04-28,22,"**Price Target Upgrades:** Canaccord Genuity raised PT from $170 to $180; Credit Suisse raised PT from $184 to $188 (Bullish).

**Legal & Cyber Issues:** Former Apple buyer sentenced to three years; macOS targeted by malware (Bearish).

**Product Releases & Approvals:** iPhone 15 series release in fall; Apple TV+ premieres; FDA approves Medtronic’s new iPhone & Apple Watch integration (Bullish).

**Insider Activity:** COO Jeffrey E. Williams sold shares (Bearish); mixed ownership trends with increases and decreases (Net Neutral).

**Revenue & Growth:** Q1 share growth; expected revenue of $93B; App Store has 101M users (Bullish).

**Price Adjustments:** iPhone 14 Pro price cut (Bearish).

**Net Tilt:** Mixed signals, but upgrades and product releases lean Bullish."
2023-04-29,31,"**Price Target Upgrade:** JPMorgan Chase upgraded Apple’s target price from $175.00 to $190.00 (Bullish).

**Legal Issues:** Former employee Dhidrenda Prasad sentenced to three years (Bearish); Apple drops lawsuit against former exec (Neutral).

**Executive Changes:** Apple Silicon exec leaves (Bearish); attorneys hired as counsel (Bullish).

**Product Updates:** New iPhone 15 leak (Bullish); iPhone SE 2022 price cut (Bearish); iOS updates (Bullish); Apple Watch SE discount (Bullish); iPhone discounts (Bullish).

**Ownership Trends:** Multiple firms increase stakes (Bullish); some reduce positions (Bearish). Net tilt slightly Bullish.

**Conflicting Signals:** Legal issues vs. product promotions and executive appointments. Overall, mixed signals with slight Bullish tilt."
2023-04-30,15,"**Product Launches/Catalysts:** Bullish. Apple plans to launch an Apple Watch Ultra with MicroLED display and new widgets system (D1). Expected iOS 17 debut (D1). First Shenzhen store opened in 2012 (D0.41). **Product Delays:** Bearish. Apple TV+ series delayed (D-0.48). **Analyst Actions:** Bullish. Deutsche Bank upgraded price target from $166.00 to $170.00 (D0.4). Wedbush maintained ""outperform"" with $205.00 target (D0.34). **Ownership Changes:** Mixed. Several firms increased holdings (D0.37), while others decreased (D-0.34). Net tilt slightly positive."
2023-05-01,29,"**Product & Release:** Bullish. Apple released iOS 16 updates and Series 5G launching in China (May 10); Apple Watch redesign announced (D1).

**Revenue & Earnings:** Mixed. Revenue guidance positive, EPS expected at $1.43; iPhone revenues may suffer due to low demand (D2).

**Stock Performance & Guidance:** Mixed. Stock down 0.5% premarket; multiple upgrades to price targets ($149-$173) (B1).

**Market Share & Cybersecurity:** Bearish. Market share dropped to 21%; Macs less targeted by malware (C1).

**Insider & Ownership Activity:** Bearish. CFO Luca Maestri sold shares; multiple firms reduced holdings (C2).

**Analyst Ratings:** Neutral. Analysts maintain 'Outperform' ratings (N1)."
2023-05-02,70,"**Product Launches & Upgrades:** Bullish. Apple unveiled new Rapid Security Response tool, 15-inch MacBook Air, and updated iOS, watchOS 9.5, and tvOS 16. Baird and Canaccord Genuity upgraded price targets to $180 and $180 respectively, while Bank of America raised target to $173.

**Legal Issues:** Bearish. Apple faces a $2 billion UK lawsuit and multiple class action lawsuits over various issues.

**Revenue & Analyst Actions:** Bullish. Revenue from iTunes store rose 37.5%, and Baird raised earnings estimates.

**Partnerships & Layoffs:** Mixed. Apple partnered with Google on several initiatives but also announced layoffs of 56 drivers.

**Net Tilt:** Bullish. Positive product launches and analyst upgrades outweigh legal challenges and minor layoffs."
2023-05-03,66,"**Earnings & Revenue:** Bearish. Apple reported earnings below expectations and missed revenue forecasts across iPhone and iPad sales, indicating a downturn in key segments.

**Analyst Actions:** Mixed. JPMorgan upgraded price target to $190 from $175, while Robert W. Baird raised theirs to $180 from $170, suggesting some optimism despite earnings miss.

**Legal Issues:** Bearish. Facing multiple lawsuits including a £1.6 billion claim in the UK, adding legal risks.

**Product Releases & Enhancements:** Neutral-Bullish. New MacBook Air series and other updates planned, alongside partnerships with Google and Nike, signaling continued innovation.

**Buybacks & Ownership:** Bullish. Announced a significant stock buyback, and several institutional investors increased holdings, indicating confidence among major shareholders.

**Net Tilt:** Netly bearish due to earnings miss and revenue declines, though analyst upgrades and buybacks offer some support."
2023-05-04,159,"**Revenue & Earnings:**
- **Bullish:** Apple beat Q2 revenue and EPS estimates, with EPS at $1.52 vs. $1.43 expected. iPhone sales exceeded forecasts.
- **Bearish:** Missed EPS expectations, with Q3 revenue guidance below estimates.

**Product Performance:**
- **Bullish:** iPhone sales hit record highs.
- **Bearish:** Mac and overall product revenue declined.

**Net Tilt:** Mixed signals suggest caution; revenue and iPhone sales beat expectations, but EPS miss and weak guidance indicate potential near-term headwinds."
2023-05-05,133,"**Analyst Actions & Price Targets:** Bullish; Jefferies, Raymond James, Needham, Atlantic Equities, Da Davidson, and Oppenheimer upgraded AAPL to Buy/Outperform, raising targets to $175-$200. Piper Sandler downgraded to $180 from $195. **Earnings & Revenue:** Bullish; Q2 FY23 EPS beat expectations, revenue exceeded forecasts driven by strong iPhone sales despite iPad and Mac declines. **Guidance:** Bearish; no Q3 revenue guidance provided. **Buybacks:** Bullish; board approved new buyback program. **Historical Performance:** Bullish; shares climbed 282% in the last five years. **Net Tilt:** Bullish."
2023-05-06,44,"**Earnings and Analyst Actions:**
- **Bullish:** Apple’s earnings beat expectations, with Services segment revenue growing 5.5%. Multiple firms upgraded price targets: Atlantic Securities to $200, Needham to $195, Rosenblatt to $198, Robert W. Baird to $180, Canaccord Genuity to $185, and Credit Suisse to $188. Management and several institutional investors increased holdings.
- **Bearish:** Piper Sandler downgraded the price target to $180.

**Product and Partnership News:**
- **Bullish:** New iPhone 15 revealed, iOS 16.5 and iPadOS 16 released, and Apple-Google partnership on trackers announced.
- **Bearish:** U.S. Appeals Court blocked Apple Music.

**Stock Activity:**
- **Bullish:** Stock surged 4.7%, board approved $90B share repurchase plan.
- **Bearish:** Some institutions sold shares.

**Net Tilt:** Bullish, due to earnings beat, multiple upgrades, product launches, and buyback approval outweighing the single downgrade and some selling activity."
2023-05-07,9,"**Earnings & Revenue:** Bullish. Apple reported better-than-expected earnings and revenue growth.

**Dividends:** Bullish. Apple increased its dividend.

**Share Price:** Bullish. Apple shares soared post-earnings.

**Ownership Trends:** Mixed. Financial advisors and LLCs increased their stakes, while Canal Capital and AIA Group reduced theirs. Net tilt slightly bullish due to larger increases in stake by major investors.

**New Investment:** Bullish. Source Financial Advisors LLC acquired additional shares."
2023-05-08,39,"**Earnings & Revenue:** Bullish; Apple beat earnings expectations with $1.52 EPS but revenue contracted, leading to revenue guidance and EPS estimate downgrades. **Product Updates:** Mixed; new features and product launches (HomePod mini) are positive, while delays (Mac) and discontinuations (HomePod) are negative. **Analyst Actions:** Net Negative; Rosenblatt upgraded price target to $198.00, while PhillipCapital downgraded to Accumulate. **Ownership:** Net Positive; multiple firms increased holdings, offset by some reductions. **Price Movements:** Bullish; stock climbed 33.6% through May 5. **Catalysts:** Net Neutral; mixed signals on product pricing and promotions. **Net Tilt:** Net Neutral to Slightly Bearish due to conflicting signals on earnings/revenue vs. product updates and ownership trends."
2023-05-09,38,"**Bullish Signals:**
- **Earnings:** Net profit jumped 73% in 2022.
- **Analyst Upgrades:** Multiple firms upgraded price targets (Needham to $195, Atlantic Securities to $200, Rosenblatt Securities to $198, Deutsche Bank to $180, Bank of America to $176, Canaccord Genuity to $185).
- **Buybacks:** Board authorized a $90 billion repurchase program.
- **Product Launches:** Announced iOS 17, iPad updates, and MacBook Air.
- **Patent Awarded:** Received a patent.

**Bearish Signals:**
- **Revenue Decline:** Mac revenue declined.
- **Legal Setbacks:** Lost copyright cases against startups.
- **Writer’s Strike:** Ongoing strike at Apple.
- **Ownership Changes:** Mixed ownership trends with significant increases and decreases in holdings.

**Net Tilt:** Bullish, due to strong earnings, multiple upgrades, and product launches outweighing legal setbacks and revenue declines."
2023-05-10,35,"**Product Releases:** Bullish. Apple launched a new Pride band, watch, and Beats Studio headphones, with plans for iOS 16.5 and a refreshed HomePod.

**Analyst Actions:** Mixed. Robert W. Baird upgraded price target to $180.00; Piper Sandler downgraded from $195.00 to $180.00.

**Market Share:** Bullish. Apple’s iPhone market share increased in Q1, and overall market share rose to 53%.

**Revenue:** Bearish. Revenue declined by 2.5% YoY.

**Ownership Changes:** Mixed. Multiple firms increased stakes, while some decreased. Management increased stake by 0.6%.

**Legal Issues:** Bearish. Apple sued by Irish firm.

**Stock Performance:** Bullish. Stock up to 53%."
2023-05-11,41,"**Bullish Signals:**
- **Revenue Growth:** App Store revenue increased, and Apple reported strong profits of $24 billion.
- **Buybacks Approved:** Board authorized a new stock buyback program.
- **Analyst Upgrade:** Morgan Stanley raised price target to $185.00.
- **Product Launch:** Apple plans to launch iPhones with microLED displays.

**Bearish Signals:**
- **Price Target Downgrade:** Piper Sandler lowered price target to $180.00.
- **Legal Setbacks:** Found guilty in a legal verdict.
- **Antitrust Scrutiny:** Facing investigations from EU, US DOJ, and Italy’s antitrust agency.
- **Product Changes:** Apple Watch app discontinuation and iPhone price cuts.
- **Insider Sell:** Chris Kondo sold shares.
- **Ownership Decrease:** Multiple entities reduced their stakes in AAPL.

**Net Tilt:** Mixed, with significant bearish signals outweighing bullish ones."
2023-05-12,34,"**Analyst Actions:** Bullish; multiple firms upgraded price targets (Da Davidson to $193, Atlantic Securities to $200, JPMorgan to $190, Monness Crespi & Hardt to $188, Canaccord Genuity to $185).

**Revenue & Sales:** Bearish; MacBook sales slumped.

**Product Updates:** Mixed; positive reviews for Apple Watch Series 8, launches in India and Vietnam, mixed-reality headset unveiling soon, OLED iPad Pro delay, new iPad Pro models, security update, potential upgrades. Negative: Meta discontinuing support for Apple Watch.

**Regulatory:** Bearish; Italian antitrust investigation initiated.

**Ownership Changes:** Mixed; PPLC increased holdings by 21.7%, while others reduced stakes.

**Net Tilt:** Neutral to Slightly Bullish due to strong analyst upgrades offsetting revenue concerns and regulatory risks."
2023-05-13,24,"**Bullish Signals:**
- **Price Target Upgrades:** Rosenblatt Securities upgraded from $173.00 to $198.00; Needham & Co. from $170.00 to $195.00; Credit Suisse from $184.00 to $188.00; KeyCorp from $177.00 to $180.00.
- **Revenue Growth:** Smaller developers' revenue grew 71%.
- **Buyback Program:** Approved $90 billion share repurchase.
- **Market Share Gains:** iPhone market share grew in Latin America.
- **Investor Sentiment:** Multiple firms increased stakes (Barclays, Inc., Llp, IFM Investors, LLC).

**Bearish Signals:**
- **Ownership Decreases:** Several firms sold shares (Welch & Forbes, Profund Advisors, Davidson Investment Advisors, Associates).

**Net Tilt:** Bullish due to multiple upgrades and revenue growth outweighing ownership decreases."
2023-05-14,14,"**Price Target Upgrades:** Deutsche Bank and Robert W. Baird both upgraded Apple’s price target to $180.00 (bullish).

**Product Launches/Catalysts:** New iPhones and Macs expected soon, including groundbreaking features (bullish). iPad Air price cut to $500 (bearish).

**Ownership Changes:** Multiple institutions increased holdings (Deutsche Bank, Factory Mutual, Australiansuper) while Bailard Inc. sold shares (mixed, net slightly bullish).

**Financing Activity:** Apple issued a $5.25 billion bond offering (neutral).

**Net Tilt:** Bullish."
2023-05-15,43,"**Product Releases & Enhancements (Bullish):**
- Apple launches iPhone 14 satellite connectivity features in Australia, NZ.
- Apple releases SOS over satellite in Australia, NZ.
- Apple to launch foldable device, VR headset.
- Updated iOS 16 released.

**Investment & Market Moves (Mixed):**
- Bullish: Foxconn to invest $500M in India’s Telangana.
- Bearish: Apple partner partially exits China.

**Regulatory (Bearish):**
- French prosecutor opens probe into Apple.

**Price Target Upgrades (Bullish):**
- Barclays upgrades price target to $149.00.
- Bank of America upgrades price target to $176.00.

**Product Price Cuts (Bearish):**
- Airtag drops to $25.
- Apple Watch Ultra drops to $702.
- Amazon slashes prices on M2 MacBook Air, Apple Watches, iPads.

**Ownership Changes (Bullish):**
- Blueshift Asset Management buys stake in Apple.
- Tiger Global increases stake in AAPL."
2023-05-16,46,"**Price Target Upgrades:** Atlantic Securities, JPMorgan Chase, Monness Crespi & Hardt, Canaccord Genuity, Morgan Stanley upgraded price targets to $200, $190, $188, $185, and $185 respectively (bullish).

**Downgrade:** Piper Sandler lowered price target to $180 (bearish).

**Product Reviews & Enhancements:** Positive reviews for AirPods Pro 2; new iOS 17, accessibility tools, and concert discovery features announced (bullish).

**Outages & Legal Issues:** App Store and Apple Music faced a global outage; Apple engineer charged by DOJ (bearish).

**Regulatory:** Facing probe from French authorities (bearish).

**Ownership Changes:** Multiple firms increased holdings while others decreased (mixed).

**Net Tilt:** Bullish."
2023-05-17,49,"**Price Target Upgrades:** Bullish. Needham, Da Davidson, Deutsche Bank, and Robert W. Baird all upgraded AAPL’s price targets to $195, $193, $180, and $180 respectively.

**Product Releases:** Bullish. Multiple product launches including new Beats Studio Buds, iPhone 15 series, iOS 17, and various features in Australia and other markets.

**Layoffs:** Bearish. Apple terminated 428,000 developer accounts in 2022.

**Insider Sell:** Bearish. Chris Kondo sold 4,092 shares.

**Ownership Changes:** Mixed. Various firms increased holdings, while Ocean Capital sold shares.

**Net Tilt:** Bullish."
2023-05-18,47,"**Revenue Guidance:** Bearish. Apple slashed sales estimates, indicating lower revenue expectations.

**Product Releases:** Bullish. Apple launched the Apple Store online in Vietnam, Beats Studio Buds+, and iOS 16.5/iPadOS 16, with additional updates to watchOS, tvOS, and HomePod software.

**Business Contracts & Supplier Changes:** Neutral. Porsche will adopt Apple Maps, while no significant supply chain disruptions were reported.

**Legal Issues:** Bearish. An Apple engineer was charged over alleged data theft.

**Price Adjustments:** Bearish. iCloud+ storage prices increased.

**Ownership Changes:** Mixed. Multiple firms increased holdings (Jennison Associates, D.A. Davidson & CO., Ellevest Inc.), while others reduced stakes (Co, Ma).

**Analyst Actions:** Bullish. Bank of America upgraded Apple’s price target from $173.00 to $176.00."
2023-05-19,31,"**Product Releases & Enhancements (Bullish):**
- iOS 16.5 rolled out.
- Potential MacBook Air update.
- iOS 17 announced with new features.
- MacOS 13.4 introduced new functionality.

**Price Target Upgrades (Bullish):**
- Rosenblatt Securities raised target from $173 to $198.
- Canaccord Genuity Group increased from $180 to $185.
- Barclays lifted from $145 to $149.

**Outages (Bearish):**
- App Store and Weather App experienced brief outages.

**Price Cuts (Bearish):**
- iPhone 12 and 14 received price cuts.
- AirPods Pro 2 dropped to $199.

**Ownership Changes (Mixed):**
- Multiple firms increased holdings (Aveo Capital, Pinnacle Financial, Charles Schwab, Blueshift).
- Hancock Whitney Corp reduced holdings.

**Facility & Partnership News (Neutral):**
- Redesigned Apple store reopened.
- Beats by Dre partnership announced.

NET TILT: Bullish"
2023-05-20,13,"**Price Target Adjustments:** Bullish (Atlantic Securities raised PT to $200, Monness Crespi & Hardt to $188); Bearish (Piper Sandler lowered PT to $180); Neutral (Morgan Stanley to $185, unchanged at $183.86).

**Strategic Actions:** Bullish (Apple approved $90B repurchase program).

**Product Updates:** Bullish (first App Store release); Bearish (1,474 apps removed).

**Ownership Changes:** Mixed (Great West Life Assurance Co. Can increased stake; multiple firms decreased stakes).

**Net Tilt:** Slightly Bullish due to multiple upgrades and strategic actions outweighing downgrades and ownership decreases."
2023-05-21,31,"**Bullish Signals:**
- **Price Target Upgrades:** Needham & Company LLC raised PT from $170 to $195; Robert W. Baird raised PT from $170 to $180.
- **Market Share Gain:** Apple doubled iPhone market share.
- **Product Release:** MacBook models and iOS 16.6/iPadOS 16 to be unveiled.
- **Supply Increase:** Production increase ahead of 15-inch MacBook Air.
- **Ownership Increases:** Multiple firms increased holdings in AAPL.

**Bearish Signals:**
- **Insider Sell:** Chris Kondo sold 4,092 shares.
- **Product Outage:** EarPods service disruption.
- **Product Price Cut:** Apple Watch Series 8 dropped to $329.
- **Ownership Decreases:** Several firms reduced holdings in AAPL.

**Neutral Signals:**
- **Regulatory Approval:** China approved iMessage.
- **Product Discontinuation:** No update on iOS 16 and macOS 13.
- **Product Enhancements:** iPhone and Microsoft iPhone support upgrades.
- **Promotions:** AirPods and MacBook Pro sales promotions.
- **Awards:** Apple won multiple awards at an ad show.
- **Stake Acquisitions:** New investment in AAPL by one firm.

**Net Tilt:** Mixed, but slightly bullish due to major price target upgrades and market share gains outweighing product price"
2023-05-22,55,"**Revenue and Analyst Ratings:** Apple missed revenue expectations and was downgraded to Hold from Buy by Loop Capital, citing revenue concerns. However, Da Davidson and Rosenblatt Securities upgraded their price targets to $193.00 and $198.00 respectively. **Net Tilt:** Bearish.

**Product Releases and Updates:** Apple unveiled a Pride Celebration Lock Screen, launched iOS 16.6, and plans to release a mixed reality headset and MacBook Air updates. **Net Tilt:** Bullish.

**Ownership Changes:** Multiple institutions increased stakes in Apple, while some reduced holdings. **Net Tilt:** Neutral.

**Stock Performance:** Apple shares fell pre-market and dropped about 1%, but opened at $175.16 on Monday. **Net Tilt:** Bearish."
2023-05-23,44,"**Earnings & Revenue:** Bullish; Apple reported better-than-expected Q2 results, but Mac revenue declined (-0.68).

**Analyst Actions:** Mixed; Deutsche Bank upgraded price target to $180 (0.62), while Loop Capital downgraded to hold (-0.58).

**Product & Technology:** Bullish; iPad reviews positive (0.68), 5G tech introduced (0.52), partnership with Broadcom for 5G components (0.49).

**Stock Performance:** Bearish; stock dipped 0.8% (0.51, -0.11).

**Strategic Moves:** Bullish; board approved $90B buyback (0.59); acquired Intel’s modem business (0.55); extended Broadcom deal (0.39).

**Supply Chain & Operations:** Mixed; Wistron discontinues iPhone production in India (-0.45, -0.44); Apple expands US chip manufacturing (0.44).

**Ownership Changes:** Bearish; multiple institutions reduced stakes (-0.34).

**Net Tilt:** Neutral-Bullish."
2023-05-24,25,"**Price Target Upgrades:** Needham raised target from $170 to $195; Robert W. Baird from $170 to $180; Barclays from $145 to $149 (Bullish).

**Product Releases/Catalysts:** Smart displays, new MacBook Air, Pride Edition Apple Watch band, mixed-reality headset launch, health data privacy campaign (Bullish).

**Analyst Downgrade:** One analyst downgraded Apple from ""buy"" to ""hold"" (Bearish).

**Partnerships/Contracts:** Apple-Broadcom partnership for 5G radio development and US-made chips (Bullish).

**Stock Performance:** AAPL stock performance noted as low (Bearish).

**Net Tilt:** Mixed signals, but product launches and upgrades outweigh the downgrade. **NET TILT: Bullish**."
2023-05-25,24,"**Market Share & Product Releases:** Apple’s market share fell from 32% to 26%, bearish. New products include a smart display for iPhones, ChatGPT integration, and an Apple Watch charger, bullish.

**Price Actions & Analyst Views:** Canaccord Genuity upgraded Apple’s price target from $180 to $185, bullish. Rumors suggest potential iPhone price hikes, bearish.

**Ownership Changes:** Multiple firms increased stakes in Apple, bullish (Australiansuper, Jennison Associates, Llc, Factory Mutual, Blueshift, Inc., Great West Life Assurance). Some reduced positions, bearish (Bank, Beach, Front Barnett).

**Facility & Supply Chain:** Apple expanded supplier bases in China and Southeast Asia, neutral to slightly bullish.

**Net Tilt:** Mixed signals with slight net bullish bias due to product launches and ownership increases outweighing market share loss and potential price hikes."
2023-05-26,25,"**Price Target Adjustments:** Piper Sandler downgraded Apple’s price target to $180.00 from $195.00 (Bearish). Deutsche Bank upgraded their price target to $180.00 from $170.00 (Bullish).

**Earnings:** Q223 EPS of $2.34 beat expectations (Bullish).

**Product Releases:** iPhone availability in India, iOS app launches in Canada and India (Bullish).

**Settlement:** Agreed to a $35 million settlement (Neutral).

**Product Enhancements:** iOS 17 rollout, OpenAI integration with iOS, new features launched (Bullish).

**Ownership Changes:** Multiple firms increased holdings (Bullish); some reduced positions (Bearish). Net tilt slightly Bullish.

**Campaign Ad Release:** New ad campaign launched (Neutral).

**Stock Performance:** Stock opened at $172.99 (Neutral)."
2023-05-27,16,"**Analyst Upgrades:** Bullish; Atlantic Securities upgraded price target from $180.00 to $200.00, Monness Crespi & Hardt from $174.00 to $188.00, Robert W. Baird from $170.00 to $180.00.

**Settlement:** Neutral; US court approved Apple’s $50M settlement for 'butterfly' keyboard issues.

**Product Discontinuation Speculation:** Bearish; speculation about potential discontinuation of iPhone 12.

**Ownership Changes:** Mixed; Mitsubishi UFJ Kokusai Asset Management increased stake by 11.8%, while multiple firms like LMCG Investments, Leuthold Group, Td Asset Management, Oppenheimer Asset Management, Armstrong Shaw Associates, and Ninety One SA reduced holdings.

**Earnings Estimate:** Neutral; analysts predict EPS of 5.99 for the current year."
2023-05-28,12,"**Price Target Upgrade:** Needham & Co. upgraded Apple’s price target from $170.00 to $195.00 (Bullish).

**Buybacks Approved:** Apple authorized a $90 billion stock repurchase plan (Bullish).

**Product Launch:** New MacBook Pro launched (Bullish).

**Legal Issues:** Actor sues Apple over 2018 claims; ongoing litigation (Bearish).

**Settlement Negotiations:** Apple and Fintiv negotiating potential settlement of patent infringement claims (Neutral).

**Business Contract:** Apple signed a multibillion-dollar deal with Broadcom (Bullish).

**Ownership Changes:** Barclays increased holdings by 53%, while Council, Zweig DiMenna, and Handelsbanken had mixed actions (Net Neutral).

**Stake Acquisitions:** Handelsbanken Fonder AB bought additional shares (Bullish).

**Net Tilt:** Bullish."
2023-05-29,13,"**Product Price Cuts & Release:** Bullish (Iphone 12 price cut by 9%, MacBook models released 2015-2019).

**Business Contracts:** Bullish (Apple inks deal with Broadcom).

**Ownership Changes:** Mixed (Llc increases position by 1.2%, Australiansuper buys new position; Regatta Capital, Ma decrease positions, Llc decreases position, but Llc purchases 8,036 shares).

**Holdings:** Neutral (Vaughan David Investments holds $5.18M, Ma holds $8.49M).

NET TILT: **Bullish**."
2023-05-30,25,"**Product Outages:** Bullish signals muted by outages affecting Apple TV app, Apple TV+, iTunes, and servers.  
**Product Launches:** Bullish with Apple set to introduce a 15-inch MacBook Air on June 5 and potentially other new Macs.  
**Legal Issues:** Bearish as Sexton sues Apple.  
**Investment:** Bullish with Apple planning investment in India.  
**Price Adjustments:** Bearish due to Amazon reducing iPhone 14 price to Rs. 70999 and offering discounts.  
**Analyst Actions:** Bullish as Morgan Stanley upgraded Apple’s price target to $185.00.  
**Ownership Changes:** Mixed with some investors increasing holdings while others sell, netting slightly bearish.  
**Earnings Estimates:** Neutral with analysts expecting EPS of 5.99 for the current fiscal year."
2023-05-31,33,"**Bullish Signals:**
- **Price Target Upgrades:** Atlantic Securities raised target from $180 to $200; Robert W. Baird from $170 to $180; Canaccord Genuity from $180 to $185; Bank of America from $173 to $176.
- **Product Launches & Developments:** Multiple new software, Macs, iOS updates, and acquisitions like Primephonic.
- **Ownership Increases:** Barclays, Ifm Investors, Jennison Associates, and others increased stakes.

**Bearish Signals:**
- **Legal Issues:** Sexton files lawsuit against Apple.
- **Ownership Decreases:** Mmbg Investment Advisors, Canandaigua National Corp., and Accredited Investors Inc. trimmed stakes.

**Net Tilt:** Bullish, due to multiple upgrades and product developments outweighing legal and ownership concerns."
2023-06-01,44,"**Product Releases & Upgrades (Bullish):**
- Apple unveiled new Mac models and iOS updates.
- New iPhone models and price cuts announced.

**Cyber Attacks (Bearish):**
- Malware hit iPhones; broad hacking of iOS reported.

**Financial & Ownership Changes (Mixed):**
- Apple stock hit a new 12-month high at $178.99, up 27%.
- Multiple firms increased holdings in AAPL; others decreased.
- YouTube upgraded Apple, no specific PT or rating change noted.

**Legal & Sanctions (Bearish):**
- Apple fined 200,000 yuan in Beijing.
- UK court to hear Apple’s appeal.

**Facility Openings (Neutral-Bullish):**
- Apple opened stores in India and discussed future openings.

**Net Tilt:** Mixed, with significant product release news offsetting cybersecurity concerns and mixed ownership signals."
2023-06-02,51,"**Revenue & Profit Growth:** Bullish; Apple reported strong revenue and profit growth over the last two years.

**Price Target Upgrades:** Bullish; Jefferies raised price target to $210 from $195, Morgan Stanley to $190 from $185.

**Market Share Gain:** Bullish; Apple gained market share in China during Q2.

**Product Launches & Enhancements:** Bullish; WWDC 2023 product debut, AR headset unveiling, watchOS updates, and new features on Apple Watch.

**Retail Expansion:** Bullish; plans to open new stores in India, US, and Asia-Pacific.

**Ownership Changes:** Mixed; Lincoln National and Morgan Stanley increased holdings, while Trillium Asset Management and Blue Capital LLC decreased holdings.

**Cyber Attacks & Legal Issues:** Bearish; hackers targeted iPhones, and Apple faces a lawsuit.

**Product Price Cuts:** Bearish; iPhone 14, AirPods, and other products saw price reductions."
2023-06-03,17,"**Product Updates & Market Expansion (Bullish):**
- Apple unveiled iOS 16.6 beta 2 and is set to release watchOS.
- The company opened its first offline store in India and plans to open 15 new outlets in the Asia-Pacific region, five in the Middle East.

**Analyst Actions & Ownership Changes (Mixed):**
- Morgan Stanley upgraded AAPL’s price target from $185.00 to $190.00.
- Llp increased its position in AAPL by 200%, while other firms like Gamble Jones Investment Counsel and Paragon Capital Management decreased their stakes.

**Earnings Estimate (Neutral):**
- Analysts expect AAPL to post EPS of 5.99 for the current fiscal year."
2023-06-04,30,"**Analyst Actions:** Bullish (Da Davidson, Atlantic Securities, Jefferies, Robert W. Baird, Morgan Stanley); Bearish (Piper Sandler).  
**Dividends & Buybacks:** Bullish (dividend hike, $90B repurchase plan approved).  
**Product Releases:** Bullish (iOS/iPadOS updates, new Mac Studio expected, headset unveiling).  
**Price Adjustments:** Bearish (Magic Keyboard price cut).  
**Ownership Changes:** Bullish (multiple firms increasing stakes).  

NET TILT: BULLISH"
2023-06-05,190,"**Price Target Upgrades:** Bullish; Evercore ISI raised price target to $210 from $190, while Bank of America increased it to $190 from $176.

**Product Launches:** Bullish; Apple introduced refreshed Mac models, a new 15-inch MacBook Air, Mac Studio, Mac Pro, and AR/VR headset. Additionally, iOS 17, iPadOS 17, and macOS 14 were unveiled.

**Downgrade & Stock Performance:** Bearish; DA Davidson downgraded Apple to Neutral from Buy, and the stock fell short of expectations.

**Legal Issues:** Bearish; Apple faces a WGA strike and was sued by AliveCor for patent infringement."
2023-06-06,108,"**Price Target Upgrades:** Wells Fargo raised price target to $210 (from $185); Bank of America to $190 (from $176); Jefferies to $210 (from $195); Credit Suisse to $200 (from $188). **Product Launches:** Apple unveiled powerful Macs, new iPhones, MacBook Air, iPadOS, AR headset, and other tech innovations. **Downgrades:** Loop Capital and Da Davidson downgraded Apple to Hold/Neutral. **Legal Issues:** SEC sued Binance and Apple. **Net Tilt:** Bullish due to multiple upgrades and product launches outweighing downgrades."
2023-06-07,31,"**Analyst Actions:** Bullish (Evercore ISI, Wells Fargo, Wedbush, Robert W. Baird, Barclays, Morgan Stanley all upgraded price targets); Bearish (DA Davidson downgraded to Neutral).

**Revenue/Earnings:** Bearish (iPhone sales collapse); Bullish (Vision Pro and MacBook launches, AR headset acquisitions).

**Product Updates:** Bullish (multiple product launches including Vision Pro, MacBook, and Mac Pro updates).

**Price Adjustments:** Bearish (iPhone 12 Mini price drop, MacBook Air sale); Bullish (Apple Watch SE price cut).

**Ownership Changes:** Mixed (various firms increasing or decreasing stakes).

**Net Tilt:** Bullish due to multiple upgrades and product launches outweighing revenue concerns."
2023-06-08,34,"**Revenue Guidance Down**: Bearish; Apple slashed sales targets.

**Price Target Upgrades**: Bullish; Evercore ISI raised target from $190 to $210, Credit Suisse from $188 to $200, Deutsche Bank from $170 to $180.

**Product Launches**: Bullish; multiple product launches including new iPhone features, Apple Music updates, and iOS 17.

**Ownership Changes**: Mixed; significant increases by Jennison Associates, V, and others, offset by decreases from Schwarz Dygos Wheeler Investment Advisors, Rosenbaum Jay D, and Wolff Wiese Magana LLC.

**Stock Price**: Neutral; opened at $177.82 on Thursday.

NET TILT: **Bullish**."
2023-06-09,24,"**Price Target Upgrades:** Bullish; Bank of America raised PT from $176 to $190, Jefferies from $195 to $210.

**Product Launches & Enhancements:** Bullish; new Mac Pro, VR headset, Safari Profiles, 15-inch MacBook Air, CarPlay upgrades.

**Price Cuts & Promotions:** Bearish; iPhone 13 price cut by 15%, massive drop in India, Beats Studio Buds price slash, MacBook Pro discounts.

**Legal Issues:** Bearish; Apple faces lawsuit with Amazon.

**Ownership Changes:** Mixed; multiple decreases (Counsel, Lp, Perennial Investment Advisors, UNIVEST) vs. Tamar Securities buying shares.

**Net Tilt:** Neutral to Slightly Bearish due to conflicting signals."
2023-06-10,19,"**Product Launches & Enhancements:** Bullish. Apple unveiled the Vision Pro and iOS 17, with new features enhancing user experience.

**Price Adjustments:** Bearish. Apple announced price increases for the iPhone 15, potentially impacting affordability and demand.

**Ownership Changes:** Mixed. Multiple firms increased holdings (Blueshift, Barclays, Llc, BBVA), while others reduced positions (Korea Investment, Bryn Mawr Trust).

**Net Tilt:** Neutral to Slightly Bullish. Positive product developments and increased institutional holdings offset concerns over price hikes."
2023-06-11,17,"**Product/Catalysts:**
- **Bullish:** Apple unveiled macOS Sonoma, iPadOS 17, and watchOS 10 (release catalysts).
- **Bearish:** Price cuts on iPhone 14 Pro and iPhone SE 3; Morgan Stanley upgraded price target to $190 from $185; multiple ownership decreases noted.

**Analyst Actions:**
- **Bearish:** Da Davidson downgraded Apple from ""buy"" to ""neutral"".

**Ownership Changes:**
- **Mixed:** Fayez Sarofim & Co., Estabrook Capital Management, and another entity sold shares; LLC increased holdings by 98.3%.

**Net Tilt:** Mixed, with product releases positive but price cuts and downgrades negative."
2023-06-12,51,"**Earnings and Analyst Upgrades:** Apple’s recent earnings beat expectations. Multiple analysts upgraded targets: Evercore ISI to $210.00, Bank of America to $190.00, Jefferies to $210.00, Credit Suisse to $200.00, and Robert W. Baird to $180.00. **Bullish**

**Product Releases and Enhancements:** Apple plans to launch a cheaper Vision Pro variant, new Mac Studio, and MacBook Air. **Bullish**

**Price Adjustments:** iPhone 11 price cut by 11%, iPhone 12 and iPhone 14 Plus prices dropped. **Bearish**

**Ownership Changes:** Mixed ownership trends with Sys, Factory Mutual, and A S increasing stakes, while Atria Wealth Solutions, Fuller & Thaler, and Cigna Investments reduced holdings. **Net Neutral**

**Other:** UBS downgraded Apple to Neutral from Buy. **Bearish**"
2023-06-13,55,"**Analyst Actions:** Monness Crespi & Hardt upgraded AAPL to $188.00 (bullish); UBS downgraded AAPL to Neutral (bearish).

**Supply & Production:** Apple to increase iPhone production in India (bullish).

**Product Releases:** Vision Pro, 15-inch MacBook Air, and Mac Studio unveiled (bullish); iOS/macOS iWork updates, WatchOS 10 release scheduled (bullish).

**Price Adjustments:** Price cuts on iPhone 12 Mini, 13 Mini, and 14 (bearish); potential massive price increase for iPhones (bullish).

**Promotions:** Discounts on iPhone 14, iPad Air 5 (bearish).

**Ownership Changes:** Multiple firms increased holdings in AAPL (bullish); some decreased holdings (bearish).

**Net Tilt:** Mixed signals, slightly bullish due to product launches and upgrades."
2023-06-14,21,"**Price Target Adjustments:** Wells Fargo upgraded Apple’s price target from $185.00 to $210.00 (Bullish); Morgan Stanley raised target from $185.00 to $190.00 (Bullish).

**Analyst Ratings:** UBS downgraded Apple from “Buy” to “Neutral” (Bearish); Wells Fargo maintained positive outlook (Bullish).

**Product Releases:** Apple unveiled upgraded Mac Studio and released TVos 17 (Bullish).

**Legal Setback:** Apple lost appeal over a legal case (Bearish).

**Investor Activity:** Intact Investment Management sold shares while LLC increased holdings (Mixed).

**Net Tilt:** Bullish due to multiple upgrades and product launches outweighing the legal setback and mixed investor activity."
2023-06-15,81,"**Price Target Upgrade:** Credit Suisse raised Apple’s target price from $188.00 to $200.00, bullish.

**Earnings Estimate Upgrade:** Zacks analysts raised earnings estimates, bullish.

**Product Releases:** iOS 16.6, iPadOS 16.6, macOS Ventura, and watchOS 10 released, neutral.

**Investment Activity:** Wealth Inc. and other investors increased positions, while some reduced stakes, mixed.

**Facility Openings:** New Apple stores opened in London and Europe, neutral.

**Product Enhancements & Promotions:** Various software updates and promotions, neutral.

**Contract Termination:** Apple discontinuing Apple Card, bearish.

**Net Tilt:** Bullish, due to upgrades and positive product releases outweighing the negative contract termination."
2023-06-16,28,"**Price Target Upgrades:** Bullish; Bank of America upgraded target from $176.00 to $190.00, while Robert W. Baird raised theirs from $170.00 to $180.00.

**Product Launches:** Bullish; Vision Pro headset launched at $3,499, and Beats Studio Buds+ also released.

**Patents & Enhancements:** Bullish; Apple granted 'Spatial Composites' patent, WhatsApp launches screen-sharing, Safari gains upgrades.

**Price Cuts & Promotions:** Bearish; iPhone 14 and AirPods 3 prices cut, deep discounts on iMacs.

**Ownership Changes:** Mixed; Factory Mutual, Dak, and Llp increased holdings, while Llc reduced stake.

**Stock Performance:** Neutral; AAPL opened at $186.01 on Friday.

NET TILT: **Bullish**, due to multiple positive analyst actions and product launches outweighing price cuts and ownership reductions."
2023-06-17,16,"**Analyst Actions:** Bullish (Wells Fargo upgrades target from $185 to $210, Atlantic Securities from $180 to $200, Jefferies from $195 to $210); Neutral (UBS downgrades from ""buy"" to ""neutral""). **Buybacks:** Bullish ($90B buyback approved). **Patents:** Bullish (Apple secures new patents). **Product Release:** Bullish (macOS Ventura rollout). **Ownership Changes:** Mixed (Texas buys new stake, LLC increases stake; Kentucky, Macquarie, and others sell shares). **Stock Price:** Bearish (set new 12-month high at $185.10). **Net Tilt:** Bullish."
2023-06-18,13,"**Price Target Upgrade:** Evercore ISI raised Apple’s price target from $190.00 to $210.00 (Bullish).

**Product Reviews & Enhancements:** Positive review of the 13 Pro model; iPhone 15 expected to get a major upgrade (Bullish). 

**Price Cut & Ownership Changes:** Apple Watch Ultra price dropped to $729.99 (Bearish); mixed ownership activity with increases by Regal Investment Advisors LLC and Cascade Investment Group Inc., offset by significant sales by Trust Investment Advisors, Voya Investment Management LLC, and Whitener Capital Management Inc. (Net Tilt Bearish).

**Holdings:** Various firms maintain holdings, with specific details on holdings amounts provided (Neutral)."
2023-06-19,41,"**Bullish Signals:**
- **Price Target Upgrades:** Bank of America ($190.00 from $176.00), Credit Suisse ($200.00 from $188.00), Robert W. Baird ($180.00 from $170.00).
- **Product Reviews:** Positive reviews for Vision Pro and Logitech’s Mac product.
- **Exports Surge:** Apple iPhone exports surged to INR10,000 crore in May.
- **Investment in China:** Apple has invested significantly in China.
- **Ownership Increases:** Multiple firms and individuals increased stakes in Apple.

**Bearish Signals:**
- **AirPods Health Concerns:** Reports suggest AirPods may cause hearing loss.
- **Share Sales:** P. sold 339,824 shares of Apple.
- **Price Cuts:** IPhone 11 price slashed.

**Neutral Signals:**
- **Patent Awarded:** Apple received a new patent.
- **Product Availability:** AirPods Pro now available on Flipkart.
- **Manufacturing Update:** Apple started manufacturing iPhone 15 series in China.

**Net Tilt:** Bullish, with significant analyst upgrades and positive product reviews outweighing health concerns and share sales."
2023-06-20,37,"**Price Target Upgrades:** Needham raised PT to $195, Wells Fargo to $210, Jefferies to $210 (Bullish).

**Buybacks Approved:** Apple authorized a $90B repurchase program (Bullish).

**Product Launches:** MacBook Air launch in Vietnam mid-July, new 'Shot on iPhone' release (Bullish).

**Exports and Production:** iPhone exports from India hit record high (Bullish); Flipkart cuts iPhone 12 mini prices (Bearish).

**Ownership Changes:** Multiple firms increased holdings (e.g., Factory Mutual, Blueshift Asset Management) while others decreased (e.g., Park National Corp, Modus Advisors) (Mixed).

**Stock Performance:** Shares inched up 0.05% to $185.01 (Neutral).

NET TILT: Bullish."
2023-06-21,25,"**Product Price Cuts:** Bearish. iPhone 12 price slashed by 9%, Amazon cuts all Apple AirPods prices.

**Product Launches:** Bullish. VisionOS SDK released, Vision Pro debut announced for early next year at $3500.

**Stock Performance:** Mixed. Stock fell recently but rose 42% since January 1st.

**Ownership Changes:** Mixed. Geode Capital and others increased positions, while Renaissance Investment Group decreased stake.

**Product Discontinuations:** Bearish. Apple discontinues Apple Card, removes malicious Trezor app from App Store."
2023-06-22,30,"**Revenue & Sales:**
- Bullish: iPhone Pro Max sales spiked, indicating strong demand.

**Analyst Actions:**
- Bullish: Robert W. Baird upgraded Apple’s price target from $170.00 to $180.00.

**Product Launches/Delays:**
- Bullish: Vision Pro and VisionOS SDK released; iOS 17 launched.
- Bearish: iPhone SE 4 launch delayed until early 2024.

**Other Signals:**
- Neutral: Various product updates and enhancements.
- Bearish: Cyber-attack on Russian iPhones reported."
2023-06-23,47,"**Bullish Signals:**
- **Price Target Upgrades:** Wells Fargo raised PT to $210, Bank of America to $190, Credit Suisse to $200, and Tigress Financial to $225.
- **Revenue Growth:** Revenue in India reached Rs 50,000 crore.
- **Product Launches:** MacBook Air 15, Apple Pay, and Apple Card planned for India.
- **Buybacks Approved:** Board approved $90B repurchase program.
- **Stock Performance:** Stock surged 44%, with potential to rise further.

**Bearish Signals:**
- **Price Cuts:** iPhone 13 Mini received a significant price reduction.
- **Facility Changes:** Replacing a closed North Carolina store.
- **Ownership Decrease:** Some institutions reduced positions.

**Net Tilt:** Bullish, due to multiple upgrades and strong product pipeline."
2023-06-24,13,"**Bullish Signals:**
- **Price Target Upgrades:** Evercore ISI raised PT from $190.00 to $210.00; Jefferies from $195.00 to $210.00; Tigress Financial from $210.00 to $225.00.
- **Product Launches & Enhancements:** iOS rollout, Apple Pay launch, new iOS 17 features.
- **Market Expansion:** Entry into Indian digital payments via collaboration with NPCI.
- **Increased Ownership:** Inc., Llc, and Blueshift Asset Management increased holdings.

**Bearish Signals:**
- **Earnings Estimate:** Analysts predict EPS of 5.99 for the current year (neutral).

**Net Tilt:** Bullish due to multiple upgrades and product launches outweighing neutral earnings estimate."
2023-06-25,14,"**Revenue Guidance:** Bullish; Apple anticipates high sales.

**Analyst Actions & Price Targets:** Bullish; Tigress Financial upgraded Apple’s price target from $210.00 to $225.00.

**Product Releases & Developments:** Bullish; Apple released M2 Max Mac Studio, announced OLED iPad Pro for next year, and launched visionOS SDK. 

**Price Cuts & Promotions:** Bearish; iPhone 14 Pro and iPhone 12 received massive price cuts, while Flipkart offered discounts on iPhone 13.

**Ownership Changes:** Mixed; Geode Capital increased holdings by 1.1%, while Ma sold 7,010 shares. 

**Net Tilt:** Net bullish due to positive revenue guidance, analyst upgrades, and product developments outweighing price cuts and ownership decreases."
2023-06-26,32,"**Product Releases:** Bullish. Multiple reports indicate upcoming product launches including iPhone 15, MacBook Pro 13, iPad Pro, and various Apple Watches (Ultra 2, Series).

**Analyst Action:** Bullish. Robert W. Baird upgraded Apple’s price target from $170.00 to $180.00.

**Legal Issues:** Bearish. Apple lost an appeal against Broadcom, though the impact is unclear.

**Ownership Changes:** Mixed. Factory Mutual increased holdings while Addenda Capital sold shares.

**Earnings Estimate:** Neutral. Analysts predict EPS of 5.99 for the current fiscal year."
2023-06-27,41,"**Analyst Upgrades:** Wells Fargo upgraded AAPL’s target price to $210 from $185; Bank of America raised it to $190 from $176; Credit Suisse lifted it to $200 from $188 (Bullish).

**Product Launches:** Apple set to launch four new iPhones, new iPad Air models, new iMacs, and iOS 16.6 (Bullish).

**Buybacks:** Apple approved a $90B repurchase program (Bullish).

**Price Increases:** Apple raised iCloud storage prices in multiple regions (Bullish).

**Ownership Changes:** Multiple firms increased holdings while others reduced positions (Mixed).

**Net Tilt:** Bullish."
2023-06-28,28,"**Bullish Signals:**
- **Price Target Upgrades:** Evercore ISI raised target from $190.00 to $210.00; Jefferies from $195.00 to $210.00; Morgan Stanley from $185.00 to $190.00.
- **Stock Performance:** Apple’s stock climbed to an intra-day record high, up 46% YTD.
- **Product Launches & Enhancements:** New watchOS 96, iCloud, and iOS integration with Bing announced.
- **Ownership Increases:** Blueshift Asset Management LLC, Llc, and Group increased holdings.

**Bearish Signals:**
- **Ownership Decreases:** Sage Capital Advisors, Canton Hathaway LLC, and 01012016 trimmed stakes.
- **Price Hikes:** iCloud Plus prices increased in India and Poland, while reduced in Iceland.

**Neutral Signals:**
- **Revenue Guidance:** Apple targets $100 billion annual services revenue FY2024.
- **Beta Releases:** watchOS 9.6 and macOS Ventura 13.5 betas launched.

**Net Tilt:** Bullish, due to multiple upgrades and strong stock performance outweighing ownership decreases and price hikes."
2023-06-29,19,"**Revenue:** Bearish; Apple reported a fall in revenue.

**Analyst Actions & Price Targets:** Bullish; Citi initiated coverage with a Buy rating, and Tigress Financial upgraded its price target from $210.00 to $225.00.

**Product Launches & Enhancements:** Bullish; Apple may launch new headphones and a rumored Beats Studio Pro, and the iPhone 15 series could see a major boost.

**Ownership Changes:** Mixed; Australiansuper Pty Ltd and Na increased stakes, while multiple institutions sold or trimmed positions.

**Stock Performance:** Bullish; Apple stock has gained over 46% in 2023.

**Net Tilt:** Bullish."
2023-06-30,34,"**Analyst Actions:** Bullish. Citigroup initiates coverage with a Buy rating; Wells Fargo raises PT to $210; CFRA raises PT to $220.

**Product Launches:** Bullish. Expected launches include new Beats Studio Pro headphones (July 19) and second-gen Apple Watch Ultra in fall; Apple Car by 2026.

**Buybacks:** Bullish. Apple’s board approved a $90B buyback plan.

**Stock Performance:** Bullish. Shares up >50%; hit new 12-month high at $188.63.

**Ownership Changes:** Mixed. Multiple firms increase holdings (GFN, PA); others reduce (WJ Wealth, Koshinski Asset Management, Old Port Advisors).

**Net Tilt:** Strongly Bullish."
2023-07-01,29,"**Price Target Upgrades:** Jefferies upgraded Apple’s price target from $195.00 to $210.00; Credit Suisse raised it from $188.00 to $200.00 (Bullish).

**Legal Issues:** Nokia initiated legal proceedings and counter-sued Apple for copyright infringement (Bearish).

**Partnerships:** Apple partnered with Goldman Sachs for the Apple Card; Goldman Sachs considers ending partnership (Mixed).

**Ownership Changes:** Multiple firms increased stakes in Apple; Chapin Davis Inc. sold shares (Mixed).

**Stock Performance:** Apple shares rose 1.3% to $191.99 and traded up 2.3%; opened at $193.97 (Bullish).

**Net Tilt:** Bullish due to multiple upgrades and positive stock performance, despite legal concerns."
2023-07-02,15,"**Analyst Actions:** Bullish; Bank of America upgraded target price from $176.00 to $190.00, Tigress Financial raised target from $210.00 to $225.00.

**Product Release:** Neutral; iPhone 15 Pro expected to launch in September.

**Ownership Changes:** Bearish; multiple institutions (Elevate Inc., Burke & Herbert Bank & Trust Co., Ayrshire Capital Management LLC, Allspring Global Investments Holdings LLC, Smith & Howard, Bankers Trust CO) reduced stakes in AAPL.

**Other:** Neutral; Wealth Inc. increased positions in unrelated companies AbbVie Inc. and UnitedHealth Group Incorporated."
2023-07-03,48,"**Supply Issues & Production Cuts:** Bearish. Multiple reports indicate Apple is drastically cutting Vision Pro production forecasts due to supply chain issues, signaling potential delays and reduced sales (Evidence: ""Apple slashes production forecasts,"" ""Apple is being forced to slash production"").

**Product Launches & Enhancements:** Bullish. Positive news includes the imminent release of USB-C AirPods Pro and the iPhone 15 series, alongside ongoing collaboration with Nokia on 5G technology (Evidence: ""Apple to Release USB-C AirPods Pro,"" ""Nokia Enters into 5G Partnership with Apple"").

**Analyst Upgrade:** Bullish. Morgan Stanley upgraded Apple’s target price from $185.00 to $190.00 (Evidence: ""Morgan Stanley lifted their target price on Apple from $185.00 to $190.00"").

**Ownership Changes:** Mixed. While some institutions like Factory Mutual Insurance Co. increased their positions, others like KMG Fiduciary Partners LLC trimmed theirs (Evidence: ""Factory Mutual Insurance Co. increased its position,"" ""KMG Fiduciary Partners LLC Position Cut"").

**Net Tilt:** Bearish due to significant production cuts overshadowing positive product launches and upgrades."
2023-07-04,33,"**Revenue Guidance:** Bearish; Apple scales back sales guidance despite expectations of topping $400B in revenue.

**Legal Issues:** Bearish; Apple lost appeals in London and UK over 4G patent disputes, facing ongoing litigation.

**Supply & Production:** Bearish; production targets and Vision Pro production are being slashed.

**Product Releases:** Bullish; new MacBook Pro and Vision Pro launched, with rumors of Apple Watch Ultra in 2026.

**Stock Performance:** Mixed; stock surged above certain levels but opened at $192.46.

**Analyst Actions:** Neutral; Zacks maintains Hold rating.

**Other:** Bullish; company granted 56 patents, with product enhancements and promotions ongoing."
2023-07-05,38,"**Market Share & Legal:** Apple’s market share dropped by 34.2%, and it lost an appeal, both bearish. However, Credit Suisse upgraded Apple’s price target to $200 from $188, bullish.

**Product Releases & Promotions:** Multiple product introductions including ProMotion, Game Porting Tool, iOS 17, and a rugged smartwatch are positive. The iPhone 15 launch is imminent, also positive. However, the Apple Watch Ultra launch was delayed, negative.

**Buybacks & Ownership Changes:** Apple approved a $90B buyback plan, positive. Several firms increased holdings, while some reduced stakes, mixed signals.

**Stock Performance:** Shares surged 48.1% but ended down 0.59%, conflicting signals.

**Net Tilt:** Mixed signals with slight net bullish bias due to product launches and buybacks outweighing legal setbacks and market share loss."
2023-07-06,35,"**Revenue & Guidance:** Bullish. Apple increased sales targets and aims to boost India revenue.

**Analyst Actions:** Bullish. Bank of America, Jefferies, and Tigress Financial upgraded price targets to $190, $210, and $225 respectively.

**Product Releases:** Mixed. Series 5G launched in India, iOS 17 released, MacBook Air available in Malaysia, iPhone 15 series expected in two months, Apple Watch Ultra in Q1 2026. However, iPhone SE 4 launch delayed.

**Price Adjustments:** Bearish. iPhone 15 Pro Max and iPhone 15 expected to see price hikes, while AirPods face a price cut.

**Legal Issues:** Bearish. European Commission updated anti-trust case against Apple.

**Stock Performance:** Bearish. Apple stock dipped below a key level.

**Investment & Ownership Changes:** Mixed. Various investors increased stakes, while some decreased positions."
2023-07-07,27,"**Revenue Growth & Analyst Upgrades:** Bullish. Apple reported strong App Store revenue growth and Zacks Research raised earnings estimates. Robert W. Baird upgraded the target price from $170.00 to $180.00.

**Product Launches & Delays:** Mixed. Vision Pro launch confirmed in US early next year, UK, and Canada by end-2024; MacBook Pro delay to 2027. New iPhones and iPads announced, with price adjustments for iPhone 13 and iPad.

**Supply & Ownership Changes:** Mixed. Increased production for iPhone Pro Max, price drop for iPad and iPhone 13. Tennessee increased stake by 4.7%, while another group sold 3,255 shares.

**Earnings & Stock Price:** Neutral. Q3 EPS estimates and consensus for FY at $6.00 per share. Stock opened at $191.81 on Friday."
2023-07-08,26,"**Analyst Upgrades:** Wells Fargo upgraded Apple’s price target from $185.00 to $210.00; Credit Suisse raised it from $188.00 to $200.00 (Bullish).

**Product Launches:** Apple set to launch foldable MacBook and Vision Pro headsets in select US (Bullish).

**Buybacks:** Apple approved a $90 billion stock buyback program (Bullish).

**Product Changes:** Discontinuing Beats Studio3 and Studio Buds, increasing iCloud prices in South Africa, removing loan apps from App Store (Bearish).

**Ownership Trends:** Multiple firms increased holdings (e.g., Llc, Sa) while others reduced stakes (e.g., Ri, Connable Office Inc.) (Mixed).

**Promotions:** Beats and iPad Prime Day deals (Neutral)."
2023-07-09,10,"**Product Price Cuts:** Bearish. iPhone 12 price cut by 18%, MacBook Air sees huge price drop.

**Price Target Upgrade:** Bullish. Tigress Financial raised target price from $210.00 to $225.00.

**Product Launch:** Bullish. Apple set to launch iPhone 15.

**Stock Performance:** Bullish. Apple’s share price soared about 48%.

**Product Promotions:** Bullish. Massive discounts on MacBook Pro.

**Conflicting Signals:** Price cuts suggest weak demand (bearish), while stock surge and product promotions indicate strong interest (bullish).

**Net Tilt:** Mixed signals with slight bullish bias due to stock performance and promotions."
2023-07-10,47,"**Revenue & Earnings Guidance:** Bullish; Jefferies upgraded price target to $210 from $195, Morgan Stanley raised target to $190 from $185, and iPhone sales grew. Bearish; Apple suspended specific revenue guidance.

**Product Releases & Enhancements:** Bullish; iOS 17 beta release in July, iPhone 15 launch in August, MacBook with M2 chip, Vision Pro UK release in late 2024, and multiple updates and enhancements.

**Ownership Changes:** Mixed; Lp decreased position, Inc. sold shares, Financial Consulate trimmed position, while Xponance held significant holdings.

**Analyst Ratings:** Neutral; Evercore maintained Outperform rating and $210 price target.

**Net Tilt:** Bullish due to upgrades and product launches outweighing ownership decreases and suspended guidance."
2023-07-11,60,"**Analyst Upgrades:** KeyCorp, Wells Fargo, and Bank of America upgraded Apple’s price targets to $200, $210, and $190 respectively, indicating **bullish** sentiment.

**Revenue Growth:** Mac sales, computer sales, and Indian sales surged, with India sales jumping nearly 50%, signaling **bullish** trends.

**Acquisitions:** Apple plans to buy Wistron factories in India and Taiwan, enhancing production capabilities, **bullish**.

**Product Releases:** New updates and launches across iOS, macOS, and hardware products continue, maintaining **neutral** to **slightly bullish** stance.

**Price Cuts and Outages:** iPhone 14 prices dropped in India, and AirPods and Beats headphones faced outages, indicating **bearish** signals.

**Market Exit:** Wistron exiting iPhone business in India, **bearish**.

**Net Tilt:** Overall, **bullish** due to multiple upgrades and revenue growth outweighing product outages and price cuts."
2023-07-12,36,"**Product Launches/Catalysts:**
- Bullish: Credit Suisse upgraded Apple’s price target to $200 from $188. Mac sees strong demand. Vision Pro launches in early 2024. Apple releases macOS Sonoma, iOS 17, iPadOS 17, tvOS 17. Apple and Sony team up to support PS4. Apple expanded its 'Apple Car' project.
- Bearish: Wistron is selling its iPhone assembly facility in Kolar. 9th-gen iPad price cut to $250.

**Ownership Changes:**
- Bullish: Multiple firms increased holdings or acquired stakes in Apple.
- Bearish: Some firms reduced holdings or sold shares of Apple.

**Net Tilt:** Bullish due to multiple product launches and upgrades outweighing minor supply and ownership concerns."
2023-07-13,45,"**Bullish Signals:**
- **Revenue Growth:** Apple Stores saw revenues surge 61%, and UK sales hit a record £1.5 billion.
- **Product Launches:** Multiple product updates and launches including iOS 17, watchOS 10, iPadOS 17, and new clean energy programs.
- **Analyst Upgrade:** Tigress Financial upgraded Apple’s target price from $210.00 to $225.00.

**Bearish Signals:**
- **Discontinuations:** Apple removed several loan apps and discontinued some products from the App Store.
- **Ownership Decreases:** Multiple institutions reduced their stakes in Apple.

**Net Tilt:** Bullish due to strong revenue growth and multiple product launches outweighing ownership decreases."
2023-07-14,26,"**Analyst Upgrades & Buybacks:** KeyCorp upgraded Apple’s target price from $180.00 to $200.00 (Bullish). Robert W. Baird raised their price objective from $170.00 to $180.00 (Bullish). Apple approved a $90B share repurchase plan (Bullish).

**Product Releases:** New Apple Watch Ultra with 3D features launching this year (Bullish). Apple TV 4K released Nov 2022, next one in H1 2024 (Bullish). iPhone coming to Brazil (Bullish).

**Other Developments:** Apple discontinues iOS 17 beta support (Bearish). WhatsApp introduces animated avatars (Neutral). Trigger offers clearance price cuts on M1 Pro (Bearish). Morgan Stanley increased its stake by 14.2% in Q4 (Bullish). Herold Advisors purchased Apple shares (Bullish).

**Net Tilt:** Bullish."
2023-07-15,21,"**Analyst Upgrades:** Wells Fargo upgraded Apple’s target price from $185.00 to $210.00 (Bullish); Bank of America raised it from $176.00 to $190.00 (Bullish); Jefferies increased it from $195.00 to $210.00 (Bullish); Credit Suisse boosted it from $188.00 to $200.00 (Bullish).

**Product Launches/Cuts:** Apple Watch Series 8 and iPhone 15 series launches noted (Bullish); M1 and Apple Watch Series 8 received massive price cuts (Bearish).

**Ownership Changes:** Multiple firms increased holdings (Bullish); others decreased positions (Bearish). Net tilt is slightly Bullish due to more firms increasing holdings.

**Recall/Service Program:** AirPods Pro recall mentioned (Bearish); Apple announced a four-year service program (Bullish). Net tilt is slightly Bearish due to recall concerns."
2023-07-16,23,"**Product Release:** Bullish. Multiple sources indicate upcoming product launches, including new M3 Macs, potential iMacs, and new iPads in Q3-Q4 2023.

**Ownership Changes:** Mixed. Several institutions increased stakes (Sa, Inc., In) while others decreased holdings (Hoertkorn Richard Charles, Manchester Financial Inc., HF Advisory Group LLC, Bank). Net tilt slightly bullish due to more increases than decreases.

**Product Development:** Bullish. Reports suggest Apple is developing a new 32-inch iMac and a new iPad Air, indicating ongoing innovation."
2023-07-17,39,"**Bullish:**
- Morgan Stanley raised price target to $220 from $190.
- Robert W. Baird raised price target to $180 from $170.
- Apple shares up 1.1% after Morgan Stanley hike.
- Analysts expect strong revenue; iPhone revenues rose 1.5% to $51.33B.
- New MacBook Pro, M3 chip-powered iMac, macOS 14 Sonoma, and potential M3 MacBooks announced.
- Investment in Indian manufacturing; new plant in Karnataka.

**Bearish:**
- MacBook sales dropped.
- Russia bans Apple devices.
- iPhone 12 and 14 Pro prices cut significantly in India.
- Potential delays in App Store updates.

**Neutral:**
- Earnings due June 3; management increased holdings by 15.0%.
- LLC purchases 3,640 shares of AAPL.
- Patent filing for iPhone; stake acquisition details."
2023-07-18,59,"**Bullish Signals:**
- **Price Target Upgrades:** KeyCorp, Morgan Stanley, Wells Fargo, Bank of America, Tigress Financial, Jefferies all raised targets to $200-$225.
- **Revenue Growth:** iPhone sales surged in India, boosting market share.
- **Product Releases:** New Mac models, iOS 16.6 RC, Apple Pay in Morocco.
- **Supply Increase:** Apple tripled iPhone production.
- **Ownership Increases:** Multiple firms increased stakes in AAPL.

**Bearish Signals:**
- **Downgrade:** Da Davidson downgraded AAPL to neutral.
- **Fines:** Apple fined $218 million by Spain’s antitrust watchdog.
- **Russia Ban:** Russia bans iPhones for government officials.
- **Price Cuts/Promotions:** iPhone 13 price slashed, discounts offered on iPhone 13/14, MacBook Pro.

**Net Tilt:** Bullish, due to multiple upgrades and positive revenue/product news outweighing the negative impacts of fines and promotions."
2023-07-19,42,"**Price Target Upgrades:** BofA raised target to $210, Jefferies to $225, Credit Suisse to $200 (Bullish).

**Product Launches/Catalysts:** New Beats Studio Pro, Apple Pay in Vietnam, Vision Pro developer program, ChatGPT rival (Bullish).

**Fines:** Spain fined Apple (Bearish).

**Analyst Actions:** Loop Capital downgraded to Hold; Wedbush maintained Outperform at $205 (Mixed).

**Ownership Changes:** Various firms increased or decreased holdings (Mixed).

**Net Tilt:** Bullish due to multiple upgrades and product launches outweighing single fine and downgrade."
2023-07-20,32,"**Earnings & Analyst Actions:** Apple Card contributed to Goldman Sachs' Q2 loss, negative for AAPL (bearish). Citi maintains 'buy' rating (neutral).

**Product Releases & Delays:** New summer Apple Pay, AI product next year, HomePod launches in Israel and Chile (bullish). iPhone 14 series released, but iPhone 15 launch may be delayed until October (mixed).

**Partnerships & Mergers:** Potential Disney-Apple merger and Vision Pro partnership discussed (bullish).

**Stock Performance:** Apple stock up significantly (bullish).

**Other:** Privacy updates, MacBook Air sale, patent filings, ownership changes by financial firms (neutral to slightly bullish).

NET TILT: **Bullish**."
2023-07-21,28,"**Dividends & Earnings:** Bullish; Apple raised its dividend.

**Product Launches & Enhancements:** Mixed; iPhone 15 likely launching September 12 (bullish), but delays and potential withdrawals of iMessage and FaceTime (bearish).

**Partnerships:** Neutral; Newjeans and Air India collaborations noted.

**Ownership Changes:** Bearish; multiple firms decreased holdings while one increased significantly.

**Supply & Revenue Guidance:** Bearish; iPhone 15 display production shortage and Q3 revenue expected to decline 1.7%.

**Stock Performance:** Bearish; shares down 1.01% as of July 21.

Net Tilt: **Bearish**."
2023-07-22,15,"**Price Target Upgrades:** Bullish. Multiple firms upgraded AAPL’s price targets: Morgan Stanley to $220.00, Bank of America to $210.00, KeyCorp to $200.00, Wells Fargo to $210.00, Tigress Financial to $225.00, Jefferies to $225.00, and Credit Suisse to $220.00.

**Product Delay:** Bearish. iPhone SE 4 launch could be delayed.

**Ownership Changes:** Mixed. Partners increased holdings by 6.8%, while Guidance sold 2,173 shares, Vanguard Capital Wealth Advisors sold shares, and Forsta AP Fonden sold 519,900 shares. Sage Rhino Capital LLC acquired shares.

**Stock Price:** Neutral. Open price was $191.94 on both Wednesday and Friday."
2023-07-23,10,"**Analyst Actions:** Bullish - Credit Suisse upgraded price target from $200 to $220; Jefferies raised target from $210 to $225. Bearish - UBS downgraded from Buy to Neutral.

**Product Release:** Bullish - Apple released software update for Vision Pro.

**Ownership Changes:** Bullish - Multiple firms increased stakes or initiated positions in AAPL.

**Net Tilt:** Bullish, with significant analyst upgrades and ownership increases outweighing the single downgrade."
2023-07-24,35,"**Price Target Upgrade:** Deutsche Bank raised Apple’s price target to $210 from $180, bullish.

**Revenue & Buybacks:** Apple plans to increase revenue and approved a $90B share repurchase plan, bullish.

**Product Launches:** MacBook Pro 2024, iPhone 15 in September, bezel-less iPhones, iOS 16.6, iPadOS 16, watchOS 9.6, tvOS 16.6, and macOS 13 announced, bullish.

**Legal Issues:** Facing a $1B UK lawsuit, bearish.

**Price Increases:** Expected price hike for iPhone 15, bearish.

**Ownership Changes:** Llc increased stake by 4.4%, while Trust Co. of Virginia trimmed position, mixed.

**Stock Performance:** Shares inched up 0.42% to $192.75 on Monday but fell 0.6% to $191.94 on Friday, mixed.

**Net Tilt:** Bullish."
2023-07-25,46,"**Price Target Upgrades:** Deutsche Bank, Bank of America, Wells Fargo, Tigress Financial, and Robert W. Baird all upgraded AAPL’s price targets to $210-$225, indicating **bullish** sentiment.

**Product Releases:** Apple released iOS 16.6, macOS Sonoma, and other updates, signaling **bullish** product momentum.

**Revenue Concerns:** App Store revenue is expected to decline, **bearish**.

**Legal Issues:** Multiple lawsuits against Apple, including a $1 billion class-action suit, are ongoing, **bearish**.

**Sanctions and Fines:** Spain imposed fines on Apple, **bearish**.

**Ownership Changes:** Mixed signals with some firms increasing holdings while others cut stakes, **net neutral**.

**Net Tilt:** **Bullish**, due to multiple upgrades and new product releases outweighing legal and revenue concerns."
2023-07-26,35,"**Earnings Guidance:** Bearish. Apple’s September quarter guidance could miss Street estimates.

**Price Targets & Analyst Actions:** Bullish. Credit Suisse upgraded price target from $200 to $220; Jefferies lifted target from $210 to $225.

**Product Releases:** Bullish. Advanced external display, MacBook Air, Vision Pro headset, and potential foldable iPad announced.

**Regulatory & Legal Issues:** Bearish. French competition authority fined €1.1B; German and Italian antitrust investigations ongoing; multiple legal complaints.

**Ownership Changes:** Mixed. Several firms increased holdings while others reduced positions.

**Other:** Neutral. New marketing campaigns and mixed demand signals for MacBook Air."
2023-07-27,27,"**Revenue Trends:** Bullish (evidence: iPhone revenue increased, total revenue expected at $81.6B); Bearish (evidence: Mac sales declined).

**Analyst Actions:** Mixed (evidence: Bernstein upgraded price target to $195, Wells Fargo to $225; UBS downgraded to neutral).

**Product Updates:** Bullish (evidence: MacBook Air popularity boost); Bearish (evidence: potential price hikes for iPhone 15 Pro models up to $1300).

**Regulatory & Legal:** Bearish (evidence: fined £123.2M by UK regulators).

**Ownership Changes:** Mixed (evidence: Llp increased holdings by 9.5%, Beach sold 9,673 shares).

**Net Tilt:** Neutral to Slightly Bullish."
2023-07-28,26,"**Price Target Upgrades:** KeyCorp, Bank of America, Deutsche Bank, and Tigress Financial all upgraded Apple’s price targets to $200, $210, $210, and $225 respectively, indicating **bullish** sentiment.

**Product Reviews and Enhancements:** Positive reviews for iPad accessories and upgrades to iOS 17 and Apple Maps suggest **bullish** product momentum.

**Market Share Gains:** Reports indicate growth in Apple’s US smartphone market share, signaling **bullish** market performance.

**Ownership Changes:** While Chemung Canal Trust Co. and Asio Capital LLC increased their stakes, Arthur M. Cohen & Associates LLC reduced its position, showing mixed investor sentiment.

**Earnings Guidance:** Analysts predict EPS of $6 for the current year, with Q3 FY'23 earnings due on August 3, creating **neutral** to **slightly bullish** expectations."
2023-07-29,6,"**Regulatory Investigation:** U.S. lawmakers questioned Apple about the App Store, potentially leading to regulatory scrutiny (bearish).

**Ownership Increases:** 
- Factory Mutual Insurance Co. increased its stake in Apple by 5.2% in Q4 (bullish).
- Mackenzie Financial Corp. lifted its holdings by 2.6% in Q1 (bullish).

**Stake Purchase:** Rfg Holdings Inc. purchased 141 shares of Apple (bullish).

**Current Stake:** Inc has a $28.90 million stake in Apple (neutral).

**Stock Price:** Shares of AAPL opened at $195.83 on Friday (neutral). 

**Net Tilt:** Bullish due to multiple ownership increases and new stake purchases, despite potential regulatory risks."
2023-07-30,16,"**Price Target Upgrades:** Bullish. Credit Suisse raised PT from $200 to $220; Sanford C. Bernstein from $175 to $195; Jefferies from $210 to $225.

**Product Developments:** Mixed. Bullish: 3D Maps released quietly, potential foldable phone in 2024, iPhone 15 with significant upgrade. Bearish: Ownership reduced by Bank Hapoalim BM, Ledyard National Bank, and Inc.

**Ownership Changes:** Net Neutral. Bullish: Llc increased holdings by 21.5%, Greystone Financial Group LLC, Llc, and Delta Financial purchased shares. Bearish: Multiple institutions reduced positions.

**Earnings Release:** Neutral. Earnings on Aug 3rd."
2023-07-31,46,"**Revenue & Earnings:** Bullish. Apple reported a 2% YoY revenue increase and beat EPS estimates with $1.08, exceeding expectations. Piper Sandler and Deutsche Bank upgraded price targets to $220 and $210 respectively.

**Product Launches:** Bullish. iPhone 15 launch expected within two months, Vision Pro in early 2024, and iOS 17, watchOS 10, and macOS Sonoma already released.

**Analyst Actions & Ownership:** Mixed. Piper Sandler and Deutsche Bank upgraded ratings, while some institutions like Norwood Financial Corp reduced stakes. Morgan Stanley and others increased holdings.

**Guidance:** Bearish. Apple suspended future earnings guidance."
2023-08-01,66,"**Bullish:**
- **Price Target Upgrades:** Multiple firms raised targets, including Piper Jaffray to $220, Bank of America to $210, Deutsche Bank to $210, Piper Sandler to $220, Td Cowen to $220, Baird to $204, JPMorgan to $235, Wells Fargo to $225, Tigress Financial to $225.
- **Earnings Positive:** Reported $7.80 billion in profit.
- **Stock Gains:** Shares up over 50%.
- **Partnerships:** Collaborations with Adobe, NVIDIA, Pixar.

**Bearish:**
- **Revenue Guidance Down:** Expected third consecutive quarterly revenue decline; iPhone sales to fall in June quarter.
- **Regulatory Investigation:** American lawmakers questioning Apple CEO about App Store.
- **Product Discontinuation:** Removed generative AI services from App Store.

**Mixed:**
- **Revenue Mixed:** iPhone sales slow but overall sales seen growing; iPhone revenue increased 1.5% in Q2 FY23.
- **Investment:** Supplier planning $500M investment for two factories.
- **Ownership Increase:** Various investors increased stakes in Apple."
2023-08-02,56,"**Revenue Guidance:** Bearish (Mac and iPad revenues to decline double, iPhone sales to dip); Bullish (largest Q3 revenue uptick, services revenue to surge).  
**Analyst Actions:** Bullish (multiple upgrades: Jefferies to $225, Credit Suisse to $220, Td Cowen to $220, Sanford C. Bernstein to $195).  
**Product News:** Mixed (iPad Mini 7 launch in September, Vision Pro introduction, iPhone 15 series expected in September; iPad confirmed issues).  
**Supply & Pricing:** Bearish (iPhone production acceleration, price cuts on iPhone 14, AirPods, MacBook Air discounts).  
**Regulatory & Ownership:** Bearish (US lawmakers probing App Store, ownership decrease by some firms)."
2023-08-03,160,"**Revenue:** Mixed signals. Bullish: iPhone sales in China grew double-digit, services revenue climbed, and overall revenue beat expectations. Bearish: Lower-than-anticipated quarterly sales, revenue erosion, and Mac sales expected to fall in Q4. Net tilt: **Bearish**.

**Earnings:** Bullish: Q3 GAAP EPS of $1.26 beat estimates by $0.07, profit increased from last year, and earnings topped estimates. Net tilt: **Bullish**.

**Price Targets & Analyst Actions:** Bullish: KeyCorp upgraded price target from $180.00 to $200.00; Robert W. Baird raised target from $180.00 to $204.00. Net tilt: **Bullish**."
2023-08-04,138,"**Earnings & Revenue:** Bullish; Apple’s Q3 earnings and EPS beat expectations, with record services and smartphone revenues. However, bearish signals include revenue misses for iPhone and iPad, and overall revenue decline, with Mac sales dipping.

**Analyst Actions:** Mixed; Piper Sandler, Oppenheimer, Canaccord, and Monness Crespi Hardt upgraded price targets to $220-$225, while UBS and Rosenblatt downgraded ratings to neutral, and Jefferies lowered the target to $220.

**Guidance:** Bearish; Apple expects Q4 revenue declines for Mac and iPad, but sees a rebound in iPad sales and a boost in hardware sales.

**Net Tilt:** Netly bearish due to revenue declines and mixed analyst actions."
2023-08-05,39,"**Bullish Signals:**
- **Revenue Growth:** Record sales, increased revenue from AirPods and Apple Watch.
- **Analyst Upgrades:** JPMorgan, Oppenheimer, Deutsche Bank, Raymond James, TD Cowen, Barclays, Canaccord Genuity, Wells Fargo upgraded price targets.
- **Product Launches:** iPhone 15 series, Apple Pay in Chile and Vietnam.
- **Security Enhancements:** Consistent addition of security features to macOS.
- **Promotions:** Discounts on MacBooks, Apple Watch.
- **Ownership Increases:** Multiple firms increased stakes.

**Bearish Signals:**
- **Revenue Dip:** iPad revenue declined.
- **Price Cuts:** iPhone 14 Pro Max price cut.
- **Malware Attacks:** Macs under malware assault.
- **Downgrades:** Morgan Stanley downgraded price target.
- **Sales Decrease:** Q2 financial results show a dip.
- **Stock Performance:** Apple stock traded down 4.8%.

**Net Tilt:** Bullish, with strong analyst upgrades and revenue growth outweighing revenue dips and price cuts."
2023-08-06,32,"**Analyst Actions:** Bullish (Sanford C. Bernstein, Credit Suisse, Robert W. Baird, Wedbush upgraded price targets to $195, $220, $204, $230 respectively); Bearish (Rosenblatt Securities downgraded rating).

**Earnings & Financials:** Bullish (net profit rose, board authorized $90B repurchase plan); Bearish (near bankruptcy fears).

**Product Updates:** Neutral (AirTag 2 speculated for 2025, iPhone 15 rumored for Sep 12).

**Ownership Changes:** Bullish (Berkshire Hathaway, Inc. increased positions); Bearish (Sumitomo Life Insurance, Inc. decreased positions).

**Other:** Bullish (Wedbush EPS estimate of $1.45 for Q4 2023, Q3 EPS estimate of $6); Bearish (stock tumbled 4.8%).

**Net Tilt:** Mixed signals with slight bullish bias due to multiple upgrades and financial support."
2023-08-07,75,"**Revenue and Earnings:** Bearish due to Q3 hardware sales decline and Mac revenue slide, but bullish as EPS beat expectations at $1.20. Analysts downgraded FY2023 EPS estimates.

**Price Targets and Ratings:** Bullish with Piper Jaffray, Bank of America, and Piper Sandler upgrading targets to $220, while one firm downgraded to Neutral.

**Product Releases:** Bullish with multiple product launches planned, including iPhone 15 on Sep 12, Mac mini in Fall, and potential Apple Watch Series.

**Stock Performance:** Bearish as shares fell despite positive earnings, possibly due to revenue concerns.

**Net Tilt:** Mixed, but slightly **Bullish** due to upgraded price targets and product launches outweighing revenue declines and share price drop."
2023-08-08,41,"**Earnings & Revenue:** Mixed signals; earnings beat expectations while revenue declined (bearish).

**Price Targets & Analyst Actions:** Multiple upgrades (Bullish): TD Cowen ($220.00), Barclays ($167.00), Oppenheimer ($220.00), JPMorgan ($235.00), Deutsche Bank ($210.00), Jefferies ($225.00), Canaccord Genuity ($205.00), Raymond James ($200.00); one downgrade (Bearish): Morgan Stanley ($215.00).

**Product Launches:** New iOS, iPadOS, watchOS, macOS, AirPods Pro, and AirPods Max (Bullish).

**Legal Issues:** Lawsuits against Apple over Tetris and by Gizmodo editor (Bearish).

**Stock Performance:** Stock down 1.7%, opened at $178.85 (Bearish); year-to-date gain of 37% (Bullish).

**Investments & Deals:** Apple investing in chip projects and securing exclusive deals (Bullish).

**Ownership Changes:** Increased stakes by various investors (Bullish).

**Net Tilt:** Bullish due to multiple price target upgrades and product launches outweighing revenue decline and legal issues."
2023-08-09,47,"**Bullish Signals:**
- **Price Target Upgrades:** Raymond James raised PT from $180 to $200; Robert W. Baird from $180 to $204; Wedbush from $220 to $230.
- **Product Launches:** Apple to release Macs with M3 chips from October, iPhone 15, iOS17, and new Mac models in 2024.
- **Legal Wins:** Supreme Court ruled in favor of Apple; Epic Games lost trial with Apple.

**Bearish Signals:**
- **Insider Sell:** SVP Deirdre O'Brien sold 15,419 shares.
- **Ownership Decreases:** Stockton and Ninety One reduced stakes in AAPL.
- **Product Price Cuts:** Apple Watch SE and Series 8 prices slashed; notable discounts on iPad mini 6 and MacBook Air.

**Neutral Signals:**
- **Dividend Increase:** Apple raised its dividend by 6.2% annually over the last three years.
- **Mixed Ownership Changes:** Various firms increased or decreased holdings.

**Net Tilt:** Mixed, with significant bullish analyst upgrades and product launches offset by insider selling and price cuts."
2023-08-10,38,"**Revenue Guidance Mixed:** Bullish (Sanford C. Bernstein upgrades price target to $195.00); Bearish (revenue guidance down due to slumping sales).

**Product Updates:** Bullish (enhanced Safari, iOS 17, new MacBook Air, iPhone 15); Bearish (MacOS Ventura bug, discontinuation of iPhone 14 Pro models, app removals).

**Analyst Actions:** Bullish (Wells Fargo upgrades price target to $225.00); Bearish (analysts downgrade to neutral).

**Ownership Changes:** Bullish (Ma, Markel Corp., AIA Group, Australiansuper increase holdings); Bearish (Stoneridge Investment Partners, Zweig DiMenna Associates, NC, Bridges Investment Management, Llc decrease positions).

**Net Tilt:** Neutral with slight bullish bias."
2023-08-11,22,"**Price Target Adjustments:** Bullish - TD Cowen upgraded price target from $195.00 to $220.00; Tigress Financial raised target from $210.00 to $225.00. Bearish - Morgan Stanley downgraded target from $220.00 to $215.00.

**Product Releases/Catalysts:** Bullish - MacBook Air 13 M1 available, iPhone 15 series expected September 12, Vision Pro revealed in June. Bearish - iTunes may be discontinued, 9th-gen iPad price cut to $269.99.

**Analyst Actions:** Neutral - Citigroup reissued ""buy"" rating with $240.00 target. Mixed ownership signals - Morgan Stanley increased holdings by 14.2%, System sold 12,300 shares.

**Partnerships:** Bullish - FMC partnership with Apple, potential Disney collaboration."
2023-08-12,14,"**Price Target Upgrades:** Bullish; Oppenheimer, Piper Jaffray, Barclays, and Canaccord Genuity all raised their price targets on Apple, with new targets ranging from $167 to $220.

**Revenue Growth:** Bullish; iPhone sales rebounded.

**Product Launches & Promotions:** Mixed; Apple launched a free app and offered AirPods at a discount, but also faced a Russian ban on iPhones and iPads.

**Analyst Downgrade:** Bearish; Jefferies Financial Group lowered their price target from $225 to $220.

**Ownership Changes:** Mixed; Sa and Ltd increased stakes, while Sigma Investment Counselors Inc reduced holdings."
2023-08-13,16,"**Analyst Actions:** Bullish (Credit Suisse upgraded PT to $220, Raymond James to $200, Wedbush to $230); Neutral (Needham reissued ""buy"" at $195).

**Ownership Changes:** Mixed (Llc increased position by 1%, Abrdn by 6.1%; multiple firms decreased positions including Banque Pictet, Asahi Life, CMC Financial, Seascape Capital).

**Revenue Performance:** Bearish (iPhone sales reported as sluggish).

**Net Tilt:** Net bullish due to multiple upgrades and increased positions outweighing the revenue concerns and ownership decreases."
2023-08-14,35,"**Price Target Adjustments:** Robert W. Baird upgraded Apple’s price target to $204.00 from $180.00 (Bullish); Morgan Stanley downgraded Apple’s price target to $215.00 from $220.00 (Bearish).

**Earnings & Legal:** Foxconn topped earnings estimates (Bullish); Apple ordered to pay $500M in a class-action lawsuit (Bearish); Apple won two legal battles (Bullish).

**Product Launches:** iPhone 15 expected in September (Bullish); Macs in October (Bullish); Apple Watch X potentially in 2024 (Bullish); Mac Pro update (Bullish); mixed signals on Mac Pro future (Net Neutral).

**Stock Performance:** Apple shares edged higher in premarket trading (Bullish); opened lower at $177.79 (Bearish).

**Ownership Changes:** Multiple institutions increased stakes (Bullish); one trimmed stake (Bearish).

**Net Tilt:** Mixed signals with slight Bullish bias."
2023-08-15,30,"**Analyst Upgrades:** JPMorgan, Oppenheimer, Barclays, and Piper Sandler upgraded AAPL targets to $235, $220, $167, and $220 respectively (Bullish).

**Sanctions & Fines:** Apple fined by Russia (Bearish).

**Product Releases:** Expected iOS 17 release on a Monday (Bullish); new iPad stylus launch (Bullish).

**Demand Shifts:** Slowing demand for older iPhones due to iPhone 15 (Bearish).

**Settlements:** Apple settling 'Batterygate' lawsuit with $500M payout (Neutral).

**Ownership Changes:** Mixed ownership activity with increases by Markel, Inc., and Llp, and decreases by ADV and CA (Net Neutral).

**Conflicting Signals:** Bullish analyst upgrades and product launches vs. bearish sanctions, slowing demand, and legal settlements. **NET TILT:** Neutral to Slightly Bullish."
2023-08-16,32,"**Price Target Adjustments:** Bullish; Bank of America, Canaccord Genuity, and Piper Jaffray upgraded their price targets to $210.00, $205.00, and $220.00 respectively. Jefferies downgraded from $225.00 to $220.00.

**Acquisitions & Patents:** Bullish; Apple reportedly acquiring ESPN assets and securing patents.

**Legal & Regulatory:** Mixed; Apple won a court battle and faces class action lawsuits, while U.S. lawmakers probe Apple.

**Product Releases & Delays:** Mixed; Apple releasing new M3 Macs and watchOS 10 beta, but delayed macOS Sonoma launch and re-releasing iPhone 14 with USB-C.

**Supply & Production:** Bullish; Apple tripled iPhone production and expanding Indian manufacturing.

**Settlements & Price Cuts:** Bearish; Apple settled a lawsuit for $500M and cut iPhone 12 prices."
2023-08-17,36,"**Revenue & Guidance:** Bearish. Apple expects lower sales and iPhone 15 production cuts, indicating weaker demand (supply-decrease|ess-0.47).

**Analyst Actions:** Bullish. Multiple upgrades: Raymond James to $200.00, TD Cowen to $220.00, Tigress Financial to $225.00, and Wedbush to $230.00.

**Product Launches:** Neutral-Bullish. iPhone 15 launch scheduled for September, with potential relaunches of previous models.

**Supply & Ownership:** Mixed. Supply cuts offset by increased stake purchases from various investors.

**Settlement & Awards:** Neutral. Apple agreed to pay $500M to resolve issues and won a J.D. Power award for Apple Card."
2023-08-18,23,"**Revenue and Guidance:** Bearish. Revenue missed expectations with iPhone sales down 2.4% to $39.7B. (Evidence: [revenue-below-expectations|ess-0.75], [revenue-down|ess-0.24]).

**Analyst Actions:** Bullish. Baird upgraded price target to $204 from $180. (Evidence: [price-target-upgrade|ess0.78]).

**Product Launches:** Bullish. iPhone 15 line and Vision Pro launch expected soon. (Evidence: [product-release|ess0.52], [product-release|ess0.52]).

**Price Cuts:** Bearish. Price cuts on iPhone 14 and iPad. (Evidence: [product-price-cut|ess-0.44], [product-price-cut|ess-0.44]).

**Legal Issues:** Neutral-Bearish. Claims filed against Apple. (Evidence: [legal-issues-defendant|ess-0.52]).

**Stock Performance:** Mixed. Stock initially fell 5.5%, then rose. (Evidence: [stock-loss|ess-0.11], [stock-gain|ess0.47])."
2023-08-19,18,"**Price Target Upgrades:** JPMorgan raised PT to $235, Oppenheimer to $220, and Credit Suisse to $220 (Bullish).

**Supply Cuts:** Apple cutting iPhone 15 production to 77M from 85M (Bearish).

**Analyst Actions:** Morgan Stanley downgraded PT to $215 (Bearish); Wedbush maintained ""Outperform"" (Neutral).

**Ownership Changes:** Increased by Inc (3.9%) and Markel Corp (0.7%), decreased by Meridian Management, Wakefield Asset Management, Rossmore Private Capital, and Keeler THomas Management (Mixed).

**Product Adjustments:** iPhone 13 price drop, Studio Display sale (Mixed).

**Earnings Estimate:** Analysts predict FY EPS of 6.05 (Neutral).

**Net Tilt:** Mixed signals with some bullish upgrades offset by bearish supply cuts and ownership reductions."
2023-08-20,16,"**Analyst Actions:** Bullish; Piper Sandler and Canaccord Genuity upgraded Apple’s price targets to $220.00 and $205.00 respectively, while Wedbush and Citigroup maintained “outperform” and “buy” ratings with $230.00 and $240.00 price targets.

**Supply Changes:** Bearish; Apple is cutting iPhone 15 production.

**Ownership Trends:** Mixed; Llc and Inc. increased holdings, while multiple firms like Corp, Capital, Dalton, Lsv Asset Management, and Vaughan David Investments LLC sold or reduced stakes.

**Product Updates:** Bullish; Apple Maps enhanced EV support."
2023-08-21,48,"**Bullish Signals:**
- **Price Target Upgrades:** TD Cowen ($220→$220), Raymond James ($180→$200), Robert W. Baird ($180→$204), Tigress Financial ($210→$225).
- **Revenue Guidance:** Apple expanding M2 chip production.
- **Product Reviews/Launches:** Positive iPhone 14 Pro review, potential September 12 iPhone 15 launch, new smartwatch series, subscription analytics dashboard.
- **Ownership Increases:** Berkshire Hathaway, Factory Mutual Insurance Co., Goldstream Capital Management Ltd., and internal management increased stakes.

**Bearish Signals:**
- **Revenue Guidance:** Downward revision in revenue estimates.
- **Analyst Downgrade:** Loop Capital downgraded from Buy to Hold.
- **Ownership Decreases:** Sargent Investment Group LLC, Texas, Advisor Group Inc., Armstrong Shaw Associates Inc. CT, New Mexico Educational Retirement Board reduced positions.

**Net Tilt:** Mixed, with more bullish signals outweighing bearish ones."
2023-08-22,31,"**Product Releases & Upgrades:**
- **Bullish:** Barclays upgraded Apple’s price target to $167.00 from $149.00.
- **Mixed:** Multiple product launches and rollouts (iPhone 15 Ultra, Apple Arcade, Beats Studio Buds+) suggest continued innovation and expansion.
- **Bearish:** Potential delays in iPhone 15 Pro Max release.

**Analyst Actions:**
- **Bearish:** Jefferies and Morgan Stanley downgraded Apple’s price targets to $220.00 and $215.00 respectively from higher levels.

**Ownership Changes:**
- **Mixed:** Geode Capital and another firm increased holdings, while Nikko Asset Management and Citizens National Bank reduced positions.

**Other Signals:**
- **Bearish:** Lawsuit alleging racial bias against Apple Watch.
- **Neutral:** Price adjustments and availability updates across various products."
2023-08-23,34,"**Price Target Upgrade:** Piper Sandler upgraded Apple’s price target from $180.00 to $220.00 (Bullish).

**Product Issues:** iPhone 14 Pro faces battery life problems (Bearish); new iPhone 15 series launch may be delayed (Bearish).

**Product Releases:** iOS 17 and iPadOS 17 expected soon (Bullish); watchOS 10 update released (Bullish).

**Market Expansion:** Apple expanding operations in India and Tap to Pay in Netherlands (Bullish).

**Price Cuts:** Amazon slashes MacBook prices (Bearish).

**Ownership Changes:** Multiple firms increase holdings (Bullish); some reduce holdings (Bearish).

**Analyst Ratings:** Wedbush reaffirms “outperform” with $230.00 price target (Bullish).

**Net Tilt:** Mixed signals, but overall slightly Bullish due to upgrades and expansions outweighing product issues and price cuts."
2023-08-24,18,"**Price Target Upgrades:** Bullish; Oppenheimer raised PT from $195 to $220, Wells Fargo from $210 to $225.

**Product Release:** Bullish; Apple plans to unveil its car in 2025 and launch iPhone 15 in the US.

**Regulatory Approval:** Neutral; Apple rival granted China’s blessing to manufacture cars.

**Executive Resignation:** Bearish; historical note of Steve Jobs resigning as CEO 12 years ago.

**Ownership Changes:** Mixed; Vista Capital buys shares while multiple firms reduce positions.

**Product Pricing:** Bearish; new 15-inch MacBook Air gets $200 cut, iPad Air on sale.

Net Tilt: **Bullish** due to upgrades and product launches outweighing ownership reductions and price cuts."
2023-08-25,15,"**Price Target Upgrades:** Td Cowen upgraded Apple’s price target from $195.00 to $220.00; Tigress Financial raised it from $210.00 to $225.00 (Bullish).

**Product Launches:** Apple to unveil iPhone 15 series soon; new MacBook Air announced (Bullish).

**Legal Issues:** Apple hit with patent infringement suit (Bearish).

**Sales and Promotions:** iPhone 14 and 14 Plus on sale; big discount before iPhone 15 release (Neutral).

**Ownership Changes:** Anchor Capital Advisors sold 31,127 shares (Bearish).

**Stock Performance:** Apple stock opened at $176.38 (Bearish).

**Supply Guidance:** No specific change in iPhone 15 production outlook (Neutral).

**Net Tilt:** Mixed signals, but upgrades and product launches lean Bullish."
2023-08-26,18,"**Supply Concerns:** Bullish signals from product launches of iPhone 15 and iPhone 15 Pro contrast with bearish supply issues. Mizuho slashes iPhone 15 series production estimates by 13.1%, and there are multiple reports of iPhone production outlooks being lowered.

**Price Adjustments:** Bearish as iPhone 14 prices are slashed on Amazon and iPhone 11 is priced at Rs. 48,900, indicating potential demand issues.

**Ownership Changes:** Mixed ownership signals with some firms increasing holdings (Inc., Australiansuper Pty Ltd) while others reduce positions (Kelman Lazarov Inc, Calamos Advisors LLC, Sa, Westpac Banking Corp, NorthRock Partners LLC).

**Net Tilt:** Bearish due to supply cuts and price adjustments, despite positive product launches."
2023-08-27,18,"**Barclays upgraded Apple’s price target to $167.00 from $149.00 (Bullish)**. **Jefferies downgraded Apple’s price target to $220.00 from $225.00 (Bearish)**. **iPad sales declined (Bearish)**. **New Apple Watches and Magic Keyboard scheduled for early 2024 (Bullish)**. **iPhone 15 Pro Max may be delayed (Bearish)**. **KBC Group NV and several funds increased holdings (Bullish)**. **Adv and other funds decreased holdings (Bearish)**. **Net Tilt: Mixed, slightly Bearish due to revenue miss and potential delays, offset by product launches and upgrades.**"
2023-08-28,28,"**Analyst Actions & Price Targets:** Bullish; TD Cowen upgraded target from $195 to $220, Sanford C. Bernstein raised target from $175 to $195.

**Earnings Performance:** Bearish; Apple missed consensus estimates.

**Product Launches & Updates:** Mixed; Apple preparing iPhone 15, iOS 17, new Apple Watches, and Macs; iPad Pro updates planned for spring. Potential price cuts for older iPhones.

**Ownership Changes:** Mixed; Los Angeles Capital Management increased stake, while York decreased position.

**Other:** Neutral; Wedbush reaffirmed ""outperform"" with $230 target. Wafra Inc. bought additional shares."
2023-08-29,61,"**Price Target Upgrades:** JPMorgan raised price target from $190 to $235; Robert W. Baird from $180 to $204; Tigress Financial from $210 to $225 (Bullish).

**Revenue Slump:** Sales have declined (Bearish).

**Product Launches:** iPhone 15, MacBook Pro, and Apple Watch Series 9 expected in September (Bullish).

**Patent Awards:** Two AirPods-related patents awarded (Bullish).

**Facility Closures:** Apple Stores typically close at 8 p.m. (Neutral).

**Product Delays:** MacBook Pro models likely delayed until October (Bearish).

**Net Tilt:** Mixed signals with significant bullish analyst upgrades and product launches offset by revenue decline and delays."
2023-08-30,47,"**Revenue & Earnings:** Bearish. Apple reported an overall revenue drop with EPS missing estimates (-0.68).

**Product Launches:** Bullish. Apple plans to unveil iPhone 15, new smartwatches, and possibly new AirPods on September 12.

**Supply & Production:** Mixed. Apple cut iPhone 15 production but began production in India.

**Stock Movement:** Bearish. Apple stock fell on Friday morning.

**Analyst Actions:** Neutral. Citi remains positive on Apple.

**Ownership Changes:** Mixed. North Carolina increased holdings while LLC sold shares."
2023-08-31,29,"**Price Target Upgrade:** Credit Suisse upgraded Apple’s price target from $200.00 to $220.00 (Bullish).

**Product Launches:** Multiple product launches expected including iPhone 15 series, Apple Watch Series, and AirPods with USB-C (Bullish).

**Patents & Filing:** Apple granted patent for retractable steering wheel and filed numerous patents (Bullish).

**Price Adjustments:** Price increase for iPhone 15 announced; Amazon cuts prices for Apple Watch in Singapore (Mixed).

**Support & Product Discontinuations:** Customer support ending for certain products like iTunes and Twitter (Bearish).

**Investor Actions:** Increased stake by LLC and new stake by Ltd; decreased stake by West Chester Capital Advisors and Linker Capital Management (Mixed).

NET TILT: **Bullish** due to multiple product launches and upgrades outweighing minor bearish signals."
2023-09-01,28,"**Analyst Actions:** Barclays upgraded AAPL’s price target from $149.00 to $167.00; Piper Sandler raised it from $180.00 to $220.00; Jefferies downgraded it from $225.00 to $220.00. **Product Updates:** Expected iPhone 15 and 15 Pro launches; iPad Pro revamp rumored. **Price Adjustments:** MacBook prices increased; iPhone 12 discounted on Flipkart. **Ownership Changes:** Multiple firms increased holdings; some decreased. **Other:** Apple settled a trademark dispute, discontinued human support for X, and plans Google Maps updates. **Net Tilt:** Bullish due to multiple upgrades and product launches outweighing price cuts and ownership decreases."
2023-09-02,22,"**Price Target Upgrades:** JPMorgan Chase & Co. upgraded Apple’s target price from $190.00 to $235.00; Wells Fargo & Co. and Tigress Financial both raised their targets from $210.00 to $225.00 (Bullish).

**Product Launches:** iPhone 15 series set to launch on September 12 (Bullish).

**Ownership Increases:** Morgan Stanley, Berkshire Hathaway, Inc., and several other firms increased their holdings or positions in Apple (Bullish).

**Promotions:** Massive discount on iPhone 14 (Neutral/Bullish).

**Facility Reopening:** Frankfurt Apple Store reopened after a month (Bullish).

**Conflicting Signals:** Promotions could indicate weak demand, but overall upgrades and ownership increases tilt Bullish."
2023-09-03,13,"**Product Updates & Launches:** Bullish. Upcoming iPhone 15 launch in 9 days and iOS 17 release are positive catalysts. Bearish. iPad Pro delayed to 2024.

**Regulatory & Legal:** Bearish. European Commission investigating Apple.

**Price Adjustments:** Bearish. iPhone 13 receives significant price cut, indicating lower demand or increased competition.

**Institutional Ownership:** Mixed. Camden National Bank, Southstate Corp, and Donoghue Forlines LLC sell shares, while Sageworth Trust Co and Community Bank of Raymore buy shares.

**Board Changes:** Bearish. Gou resigns from Apple’s board."
2023-09-04,34,"**Supply/Demand:**
- **Bearish:** QoQ production down 21.2%, market share tumbled. (Evidence: supply decrease, market share loss)
- **Bullish:** iPhone 15 series expected, including Pro Max, with potential India launch. (Evidence: multiple product release mentions)

**Analyst Actions:**
- **Bullish:** Oppenheimer upgraded price target to $220 from $195. (Evidence: price-target upgrade)
- **Neutral:** Needham reaffirmed ""buy"" rating at $195. (Evidence: analyst ratings change neutral)

**Price Movements:**
- **Mixed:** Price cuts on some products (Apple Watch, AirPods) vs. price increases on others (iPhone accessory). (Evidence: product-price-raise, product-price-cut)

**Ownership Changes:**
- **Mixed:** Some firms increased holdings (Mitsubishi, Llc), while others decreased (Il, Talbot Financial). (Evidence: ownership-increase-held, ownership-decrease-held)

**Net Tilt:** Mixed signals, but product launches and upgrades lean bullish."
2023-09-05,51,"**Price Target Upgrade:** Deutsche Bank upgraded Apple’s price target from $180.00 to $210.00 (Bullish).

**Product Launches:**
- Apple to launch 'low-cost' MacBook series (Bullish).
- Five new iPhones, including iPhone 15 and 15 Pro models, to be unveiled (Bullish).
- New AirPods with USB-C expected (Bullish).
- Potential MacBook release in late 2024 (Bullish).

**Revenue Decline:** Mac sales are declining (Bearish).

**Acquisitions:** Apple acquired a 50-year-old leading record label and Primephonic music streaming service (Bullish).

**Legal Issues:** Apple executives lost a bid to block testimony at the Google antitrust trial (Bearish).

**Ownership Changes:** Mixed ownership changes with some firms increasing stakes while others decreased holdings (Net Neutral).

**Analyst Ratings:** Wedbush reaffirmed an “outperform” rating with a $230.00 price objective (Bullish).

**NET TILT:** Bullish."
2023-09-06,66,"**Revenue & Sales:** Bearish - iPhone sales dipped; Bullish - Revenue expanded.

**Analyst Ratings:** Bullish - Goldman Sachs upgraded to Buy; Apple is a strong buy.

**Product Releases:** Bullish - Multiple new product launches planned including cheaper MacBook variants, Vision Pro, and iPhone 15 models.

**Geopolitical Risks:** Bearish - China reportedly banned iPhones.

**Partnerships:** Neutral - Extended collaboration with Arm; partnered with Arm for releases.

**Stock Performance:** Bearish - Stock fell due to China report; suffered worst decline; Bullish - Gained 46% YTD.

**Legal Issues:** Bearish - Lawsuit against Qualcomm; delays in homegrown modem development.

**Net Tilt:** Mixed signals, but overall slightly bullish due to multiple product launches and strong analyst ratings."
2023-09-07,78,"**Bullish Signals:**
- **Revenue Growth:** Sales growth in China (DIRECTION: Bullish).
- **Product Launches:** New iPad Pro OLED models, iOS 17, and other software updates (DIRECTION: Bullish).
- **Profitability Increase:** Earnings increase (DIRECTION: Bullish).

**Bearish Signals:**
- **Stock Decline:** Shares falling, extending slump, and gap down to $182.91 (DIRECTION: Bearish).
- **Legal Setbacks:** Himachal and user win cases against Apple (DIRECTION: Bearish).
- **Earnings Loss:** Lost $200 billion in two days (DIRECTION: Bearish).

**NET Tilt:** Bearish due to significant stock declines and legal setbacks outweighing positive product launches and revenue growth."
2023-09-08,73,"**Product Updates & Outages:** Bullish - Apple releases iOS, macOS, and watchOS updates, and plans iPhone 15 launch (DIRECTION: BULLISH); Bearish - Device flaws and infections reported (DIRECTION: BEARISH).

**Revenue & Growth:** Bullish - Analyst sees acceleration in revenue growth (DIRECTION: BULLISH).

**Analyst Actions:** Bearish - JPMorgan downgrades price target to $230, citing concerns (DIRECTION: BEARISH).

**Stock Performance:** Bearish - Shares slide due to various factors including China concerns (DIRECTION: BEARISH); Mixed - Shares show slight gains post-downgrades (DIRECTION: NET NEUTRAL).

**Other:** Bearish - Cyber attacks on Mac users, union agreement reached (DIRECTION: BEARISH); Bullish - MacBook launch planned for late 2024 (DIRECTION: BULLISH)."
2023-09-09,21,"**Product Launches:** Bullish. Apple announced multiple upcoming product releases including the iPhone 15 series, Watch Series 9, AirPods, and mixed reality headset. However, the M3 chipset launch is delayed (Bullish/Bearish conflict).

**Stock Performance:** Bearish. Apple stock dropped significantly, shedding over $190 billion in value.

**Analyst Ratings:** Neutral. Needham & Company LLC and Wedbush maintained positive ratings with respective price targets of $195.00 and $230.00.

**Ownership Changes:** Bullish. Factory Mutual Insurance Co. and another firm increased their positions in Apple.

**Price Adjustments:** Bearish. Vision Pro price cut mentioned."
2023-09-10,21,"**Revenue & Earnings:** Bearish; Apple’s sales fell, EPS missed estimates (-0.68).

**Product Releases & Delays:** Mixed; new iPhone 15 series launching (bullish), but delays for M3 MacBook and iPhone 15 Pro Max (bearish).

**Acquisitions & Rumors:** Bullish; Apple reportedly acquiring TSMC.

**Price Changes:** Bearish; Apple raised prices for some products.

**Patents & Future Products:** Neutral; Apple filed a patent, rumors of new iPads/Macs in October."
2023-09-11,87,"**Revenue Growth & Product Launches (Bullish):**
- Revenue growing.
- iPhone sales growth in F4Q23.
- iPhone 15 series launch scheduled for September 12, with availability in multiple regions.

**Stock Performance (Bearish):**
- Largest single-day loss for Apple.

**Other Developments (Mixed):**
- Modem chip acquisition from Intel in 2019.
- Partnership extension with Qualcomm for 5G chips.
- Speculation on future product launches (e.g., AirPods Pro with USB-C).

NET TILT: Mixed, with significant bearish signals from stock performance offsetting bullish signals from revenue growth and product launches."
2023-09-12,270,"**Product Releases:** Bullish. Apple announced new products including the Apple Watch Series 9 and Watch Ultra, with the iPhone 15 series launch scheduled for the next day.

**Revenue Trends:** Bearish. Sales and iPhone unit sales have declined year-over-year.

**Recalls & Issues:** Bearish. Apple recalled all iPhone 12 devices due to battery issues. A malware attack targeting Intel-based macOS systems was reported.

**Market Share & Government Contracts:** Mixed. Apple gained market share in a significant market, while Google paid over $10 billion to Apple under a DOJ agreement."
2023-09-13,147,"**Product Releases & Upgrades (Bullish):**
- Apple introduced iPhone 15 series with enhanced features.
- New AirPods Pro and Apple Watch Series were unveiled.
- Availability of iPhone 15 models from September 22.

**Analyst Actions (Mixed):**
- Upgrade: Robert W. Baird raised price target to $204.
- Downgrades: BofA Securities lowered to $208, Goldman Sachs to $216.
- Upgrade: Wedbush raised price target to $240.

**Earnings & Expectations (Bearish):**
- Missed photography expectations.

**Recalls & Faults (Bearish):**
- Ordered to withdraw iPhone 12 in France due to faults.

**Market Share (Bullish):**
- Recent market share growth noted.

**Net Tilt:** Mixed, leaning slightly bullish due to multiple product upgrades and positive reviews outweighing analyst downgrades and recalls."
2023-09-14,42,"**Revenue Guidance:** Bullish; Apple expects to double sales.

**Product Launches:** Bullish; iOS 17, iPadOS 17, watchOS 10, and new Apple Watches launched.

**Legal & Regulatory:** Bearish; French court ruling against Apple, Belgian investigation ongoing, U.S. antitrust lawsuit.

**Price Adjustments:** Mixed; price hikes for some products, cuts for others in India.

**Analyst Actions:** Net Neutral; JPMorgan downgraded price target to $230, Bank of America to $208, while KeyBanc reiterated ""Overweight.""

**Stock Performance:** Bearish; shares stumbled, opening at $174.21.

**Executive Appointments:** Bullish; new leadership appointments.

**Partnerships & Contracts:** Bullish; Samsung developing foldable displays for Apple.

**Ownership Changes:** Bullish; Berkshire Hathaway, Morgan Stanley increased stakes."
2023-09-15,33,"**Product Recalls & Withdrawals:** Bearish. Belgian authorities mandated a recall of iPhone 12 (ess-0.61).

**Product Launches & Enhancements:** Bullish. Apple unveiled iPhone 15 series and Apple Watch Series 9 (ess+0.52); plans updates for iPhone 12 in France (ess+0.44).

**Supply & Production Issues:** Bearish. iPhone 15 Pro deliveries delayed to October (ess-0.47).

**Price Adjustments:** Mixed. Price cuts for iPhone 13, 14, and 11 (ess-0.44); normal price reduction for older models (ess-0.44).

**Discontinuations:** Bearish. Discontinued iPhone 14 Pro and Pro Max (ess-0.45).

**Partnerships:** Bullish. Partnership with Qualcomm (ess+0.49).

**Analyst Ratings:** Neutral. Credit Suisse reiterates Outperform (ess+0.34).

NET TILT: Mixed."
2023-09-16,13,"**Product Launches & Enhancements:** Bullish. Apple launched new iCloud+ data plans, Watch Series 9, and showcased new iPhones and iOS updates.

**Product Delays & Price Cuts:** Bearish. iPhone 15 Pro Max delayed up to eight weeks; Costco cut prices on iPhone 12 and AirPods 3.

**Analyst Actions:** Bearish. Da Davidson downgraded Apple from Buy to Neutral.

**Partnerships & Acquisitions:** Mixed. Safaricom partnered with Apple; LLC purchased 298 shares of AAPL.

**Net Tilt:** Bearish due to product delays and analyst downgrade outweighing positive product launches."
2023-09-17,23,"**Bullish Signals:**
- **Price Target Upgrade:** Wedbush raised Apple’s price target from $230.00 to $240.00.
- **Product Release:** iOS 17 releases tomorrow, expected to boost stock.
- **Ownership Increase:** Lutherans and Inc. increased holdings in Apple by 2.3% and 3.3%, respectively.

**Bearish Signals:**
- **Ownership Decrease:** Wealth Inc. reduced holdings in several stocks, including Carrier Global and Invesco, but no direct impact on Apple noted.

**Neutral Signals:**
- **Analyst Rating:** Credit Suisse reaffirmed Apple’s stock rating without change.

**Net Tilt:** Bullish due to price target increase and product release, offset slightly by general ownership decrease trends."
2023-09-18,74,"**Product Release & Updates (Bullish):** Apple released iOS 17, iPadOS 17, watchOS 10, and tvOS 17. High demand noted for iPhone 15 Pro Max. New USB-C charging case for AirPods Pro.

**Revenue & Sales (Bearish):** iPhone 15 Pro sales declined. iPhone 12 sales banned in France.

**Executive Changes & Supplier Deals (Bullish):** Apple appointed a new chief. Verizon announced deals with iPhone 15.

**Cyber Attacks & Product Support (Bearish):** Malware targeting Intel Macs. iOS 17 updates discontinued for some devices. iPhone 14 series price cut.

**Supply Chain (Mixed):** India boosting iPhone production. Production challenges for iPhone 15 Pro Max expected to boost output.

**Net Tilt:** Mixed, with product launches and executive changes bullish, while revenue declines and bans bearish."
2023-09-19,41,"**Analyst Ratings & Opinions:** Bullish – Jefferies upgrades AAPL to Buy; Barclays maintains Equal-Weight.

**Product Launches & Enhancements:** Bullish – Robust demand for iPhone 15; new AirPods Pro, iOS 17, iPadOS 17, iCloud+, and watchOS 10 launched; chip 10% faster.

**Demand Trends:** Bullish – Strong iPhone 15 demand in China.

**Price Actions:** Bearish – 12.9-inch iPad Pro price cut to $999; iPhone 15 series promotions.

**Conflicting Signals:** Net Tilt Positive – Multiple product launches and positive reviews outweigh minor price cuts and promotions."
2023-09-20,48,"**Product Reviews & Launches (Bullish):** Positive reviews for iPhone 15 Pro, Apple Watch Ultra 2, and Series 9 highlight performance improvements. iPhone 15 series launches globally, including in India.

**Strikes & Labor Issues (Bearish):** Apple store workers plan strikes in France over working conditions.

**Analyst Actions (Bearish):** Goldman Sachs downgraded AAPL to $216 from $222.

**Conflicting Signals:** Positive product reviews contrast with labor issues and analyst downgrade, indicating mixed sentiment."
2023-09-21,24,"**Revenue Performance:** Bullish - iPhone 15 Pro Max sales outperform expectations; bearish - overall iPhone sales drop.

**Product Releases & Enhancements:** Bullish - Multiple product launches including iPhone 15, Apple Watch Ultra, and AirPods Pro; enhancements like Fitness Plus updates and iOS 17.

**Supply Changes:** Bullish - Luxshare doubles iPhone production.

**Recalls:** Bearish - iPhone 12 recall in France.

**Analyst Actions:** Neutral - JP Morgan reiterates ""Overweight"" rating.

**Net Tilt:** Bullish due to strong new product launches and enhanced offerings outweighing the negative impact of the iPhone 12 recall and mixed revenue signals."
2023-09-22,70,"**Revenue and Guidance:** Bullish. Apple eyes bigger sales, with Wells Fargo upgrading price target from $210.00 to $225.00.

**Product Releases:** Bullish. iPhone 15 series launched globally, alongside new Apple Watch and AirPods Pro models.

**Market Share and Revenue:** Bullish. Analysts predict iPhone gaining market share and driving revenue growth.

**Labor Issues:** Bearish. Apple workers began a strike, potentially impacting production.

**Net Tilt:** Bullish. Positive signals from product launches and revenue outlook outweigh labor concerns."
2023-09-23,24,"**Revenue and Sales:** Bullish. iPhone 15 series shatters sales records.

**Product Releases and Enhancements:** Bullish. Vision Pro unveiled, iOS 17 released, iPhone 15 launched in Spain, iMessage improved.

**Analyst Actions:** Bullish. Wedbush upgraded price target from $230 to $240.

**Price Adjustments:** Bearish. Price cuts on two iPhone 15 models.

**Ownership Changes:** Mixed. Increased holdings by Llc and Paragon vs reduced stake by Baker Boyer National Bank.

**Partnerships and Supply:** Neutral. Luxshare to produce AR headset for Apple, supply guidance for iPhone 15 in Australia.

**Earnings Estimate:** Neutral. Analysts expect EPS of 6.05 for the current year."
2023-09-24,30,"**Product Releases:** Bullish. Apple launched iPhone 15 series, MacOS Sonoma, iOS 17, and iPadOS 17.

**Supply Changes:** Bullish. Plans to scale up production, including boosting output in India.

**Legal Issues:** Bearish. Rivos filed a countersuit against Apple.

**Ownership Changes:** Mixed. Increased ownership by some funds (Inc., Lutherans) offset by decreases by others (Trust Co. of Oklahoma, Guardian Financial Partners).

**Analyst Ratings:** Neutral. JPMorgan maintained ""overweight,"" while Barclays and Bank of America reaffirmed ""neutral"" ratings with price targets of $167 and $208, respectively.

**Other:** Apple discontinued the Lightning cable and added a webcam feature to Android 14. French Apple store staff staged a strike."
2023-09-25,70,"**Product Releases & Market Share Gains (Bullish):**
- Apple’s new iPhone 15 Pro received positive reviews.
- Multiple product launches including macOS Sonoma, iPad Mini 7, and Vision Pro headset scheduled.
- Apple’s smartphone market share is growing.

**Supply Chain Issues (Bearish):**
- India Post warns against Apple products.
- Pegatron temporarily halts iPhone assembly in Chennai.
- Fire breaks out at iPhone manufacturing factory.

**Analyst Actions (Bullish):**
- Oppenheimer upgrades Apple’s target price from $195.00 to $220.00.

**Revenue & Legal Issues (Bearish):**
- Sales fell 37%.
- Legal issues arise with a lawsuit against Apple.

**Net Tilt:** Mixed, but slightly **Bullish** due to multiple product launches and positive analyst action outweighing supply chain disruptions and revenue decline."
2023-09-26,39,"**Product Launches & Enhancements (Bullish):** Apple released iOS 17, iPadOS 17, watchOS 10, macOS Sonoma, and Safari 17. The iPad mini launch is imminent. iPhones 15 and 12 received updates.

**Analyst Actions (Bullish):** Wedbush upgraded Apple’s target price from $230 to $240. Morgan Stanley reaffirmed an “overweight” rating with a $215 price target.

**Supply Chain Issues (Bearish):** A fire halted production at an iPhone plant, and an Apple supplier stopped assembly in India.

**Ownership Changes:** Berkshire Hathaway increased holdings, while Berkshire Bank sold shares. Overall, mixed signals on ownership changes.

**Net Tilt:** Bullish due to multiple product launches and positive analyst upgrades outweighing supply chain disruptions."
2023-09-27,34,"**Revenue and Product Reviews:** Bullish. iPhone 15 sales surged, and reviews for iPhone 15 Pro and Apple Watch Series 9 were positive.

**Product Releases:** Bullish. Apple announced multiple product updates including Apple Watch Ultra 2, iPadOS 7, WatchOS 10, iOS 17, and Vision Pro.

**Analyst Actions:** Mixed. Raymond James upgraded price target to $200 from $180; Barclays and Bank of America maintained neutral ratings with $167 and $208 targets respectively.

**Demand Shifts:** Bearish. Demand for 3nm M3 chip declined due to MacBook sales drop.

**Regulatory and Legal Issues:** Bearish. Supreme Court reviewing antitrust case against Apple; Epic Games seeks review of App Store decision.

**Security and Ownership Changes:** Mixed. Thieves raided an Apple store; some funds increased holdings while others decreased."
2023-09-28,42,"**Antitrust Lawsuits:** Multiple antitrust lawsuits against Apple over iOS payments (bearish).

**Regulatory Approval:** Likely to win U.S. approval for VR devices (bullish).

**Product Outages & Releases:** iPhone 15 Pro series outage expected; new iPhone 15 lineup and other product launches (neutral).

**Legal Verdicts:** Apple largely won lawsuit against Epic Games (bullish); ongoing legal issues with Fortnite (bearish).

**Stock Performance & Analyst Actions:** Goldman Sachs downgraded AAPL to $216 from $222 (bearish); UBS reaffirmed neutral rating (neutral).

**Ownership Changes:** Mixed ownership changes among institutional investors (net neutral).

**Price Adjustments:** Potential price increases (bullish); product enhancements (neutral).

**Net Tilt:** Bearish due to antitrust lawsuits and downgrade, offset by regulatory approval and legal victories."
2023-09-29,58,"**Product Reviews & Launches:** Bullish. Positive reviews for iPhone 15 Pro and Plus models highlight strong consumer interest. New devices launched globally, driving sales in Europe ($95B).

**Revenue Trends:** Bearish. Sales dropped in Japan and overall revenue declined, indicating weak demand.

**Regulatory Approvals:** Bullish. French authorities approved multiple Apple products and software updates, clearing potential regulatory hurdles.

**Antitrust Suit:** Bearish. EU regulators charged Apple, posing legal risks.

**Price Adjustments:** Mixed. Price increases in Japan contrast with cuts for iPhone 14 series, signaling varied pricing strategies.

**Net Tilt:** Neutral. Positive product reception and regulatory approvals balance against declining revenues and antitrust concerns."
2023-09-30,18,"**Product Price Cut & Fault:** Bullish (price cut for iPhone 14 Plus by 20%), Bearish (iPhone 15 Pro overheating issue).

**Product Release & Enhancement:** Bullish (new AirPods release, iOS 17 update).

**Demand Shift:** Bearish (3nm chip demand to drop in 2024).

**Ownership Changes:** Mixed (Llc increased then sold shares, Berkshire Hathaway increased stake, others decreased stakes).

**Analyst Ratings:** Neutral (KeyCorp reaffirmed overweight with $200 PT, Evercore ISI reaffirmed rating).

**Stock Price:** Stable (opened at $171.21)."
2023-10-01,20,"**Product Releases:** Bullish. Apple released the iPhone 15 Pro and iPhone 15 Pro Max models.

**Analyst Actions:** Bullish. Wedbush upgraded Apple’s price target from $230.00 to $240.00.

**Ownership Changes:** Mixed. Lutherans and Llc increased stakes in Apple, while Bender Robert & Associates sold shares. Wealth Inc. made various ownership adjustments across different stocks but did not directly impact Apple.

**Dividends:** Neutral. Apple declared a quarterly dividend payable on October 2nd."
2023-10-02,39,"**Product Enhancements & Reviews:** Bullish. Apple Watch Ultra 2 received positive reviews for its brighter display, and the company announced several updates for iPhones, including fixes for heating issues and new features for the Pro Max model.

**Dividends & Ownership Changes:** Mixed. Apple has raised dividends for 11 consecutive years, but there were multiple ownership decreases by institutional investors, offsetting increases.

**Legal & Sanctions:** Bearish. Apple faces a fine in India and lost an appeal against a EUR50 million fine in the Netherlands, indicating ongoing legal challenges.

**Price Adjustments:** Bearish. Price cuts on older iPhone models like the 14 series suggest reduced demand or inventory management issues.

**Strategic Moves:** Bullish. Apple’s interest in acquiring global F1 TV rights and collaboration with developers hint at strategic expansion.

**Net Tilt:** Neutral. Positive product developments and consistent dividends are balanced by legal setbacks and mixed ownership signals."
2023-10-03,37,"**Product Reviews and Launches:** Bullish. Positive reviews for iOS and Apple Watch Series 9; recent launches include iPhone 15, MacBook Air with M1, iOS 17.1, and visionOS.

**Revenue Trends:** Mixed. BofA reports positive App Store revenue growth in China (9% YoY); overall revenue trends unclear.

**Legal Issues:** Bearish. Russian court rejects Apple’s App Store approval and dismisses Apple’s appeal, indicating regulatory challenges.

**Analyst Actions:** Neutral. Needham reiterates “buy” with $195 target; KeyCorp reaffirms “overweight” with $200 target; UBS and Bank of America maintain “neutral” ratings. KeyBanc downgrades to “sector weight.”

**Ownership Changes:** Bearish. Multiple institutions reduce holdings or sell shares, including First Financial Corp, Javer, Joule Financial, Planning, and Ma.

**Stock Performance:** Bearish. Shares slip 0.78% to $172.40.

**Net Tilt:** Bearish."
2023-10-04,63,"**Revenue Growth:** Bullish; Apple’s App Store revenue increased.

**Analyst Actions:** Mixed; Td Cowen upgraded price target to $220.00 (Bullish), while Keybanc downgraded shares (Bearish).

**Product Launches:** Bullish; Rumored new Mac, MacBook Air 13, macOS 14, and other updates.

**Stock Performance:** Bearish; Stock dipped and slid post-earnings, with insider sales by CEO Tim Cook and SVP Deirdre O'Brien.

**Price Adjustments:** Bearish; iPhone 14 received a significant price cut.

**Software Updates:** Neutral; Multiple iOS updates and fixes released.

**Year-to-Date Gains:** Bullish; Year-to-date gains of nearly 33%.

**Ownership Changes:** Neutral; Barrow Hanley Mewhinney & Strauss LLC increased holdings by 12.6%, while Lutherans increased by 2.3%."
2023-10-05,38,"**Revenue/Guidance:** Bullish; Foxconn expects strong holiday sales (revenue up).

**Earnings Estimates:** Bearish; KeyCorp downgraded Q1 2024 EPS estimates.

**Product Reviews/Launches:** Mixed; Positive iPhone 15 review, new MacBook Pro models launching, but bugs in iOS 17 and iPad demand drop.

**Analyst Actions:** Bullish; Wedbush upgraded price target to $240 from $230.

**Executive Changes:** Bearish; CEO resignation, Steve Jobs death.

**Acquisitions:** Neutral; Apple considered buying Microsoft and Bing.

**Ownership Changes:** Mixed; Berkshire Hathaway increased holdings, while Ayrshire Capital trimmed stake.

**Net Tilt:** Bearish due to conflicting signals, with significant negative impacts from earnings downgrade and executive departure."
2023-10-06,39,"**Price Target Upgrade:** Raymond James raised price target from $180.00 to $200.00 (Bullish).

**Product Reviews & Launches:** Positive review of iPhone Pro; multiple reports of upcoming iPad and Apple Watch launches (Bullish).

**Sanctions & Legal Issues:** Reports of potential fines in South Korea and Canada, totaling up to $68 billion won and $50.5M (Bearish).

**Ownership Changes:** Ritholtz Wealth Management and Carl P. Sherr & Co. LLC reduced stakes in AAPL (Bearish).

**Net Tilt:** Mixed signals with some bullish analyst upgrades and product launches offset by potential legal and regulatory risks."
2023-10-07,15,"**Product Reviews and Enhancements:** Bullish. Positive review of iPhone 15 Pro Max as the best; marginal enhancement in latest iOS 17 patch.

**Price Targets and Analyst Actions:** Bullish. Tigress Financial upgraded price target from $210.00 to $225.00.

**Ownership Changes:** Mixed. Morgan Stanley, Co, and Barrow Hanley Mewhinney & Strauss LLC increased holdings; First International Bank & Trust decreased holdings. Net tilt slightly bullish.

**Price Cuts:** Bearish. IPhone 13 price drops by Rs 20,000."
2023-10-08,21,"**Price Target Upgrades:** Deutsche Bank raised its price target from $180.00 to $210.00 (Bullish).

**Product Releases:** AirPods Pro now available (Bullish); Apple Music released U2 behind-the-scenes content (Neutral).

**Insider Activity:** SVP Deirdre O'Brien sold 65,536 shares (Bearish).

**Ownership Changes:** Multiple firms increased holdings (Bullish); others decreased holdings (Bearish). Net tilt slightly bullish due to multiple increases.

**Analyst Ratings:** Credit Suisse, Needham, KeyCorp maintained positive ratings with price targets ($220.00, $195.00, $200.00 respectively) (Bullish); Bank of America and UBS maintained neutral ratings with lower price targets ($208.00, $190.00 respectively) (Neutral-Bearish).

**Net Tilt:** Bullish, with upgrades and positive analyst ratings outweighing insider sales and decreases in holdings."
2023-10-09,47,"**Bullish Signals:**
- **Revenue & Earnings:** Revenue up, EPS grew by 22% (DIRECTION: Bullish).
- **Product Reviews & Enhancements:** Positive reviews for Apple Watch Series 9, OLED upgrades for iPad mini (DIRECTION: Bullish).
- **Analyst Upgrade:** Wedbush raised price target from $230.00 to $240.00 (DIRECTION: Bullish).

**Bearish Signals:**
- **Insider Sell & Ownership Decrease:** CEO Timothy D. Cook sold shares, multiple firms reduced holdings (DIRECTION: Bearish).
- **Promotions & Price Cuts:** Discounts on MacBook Air, AirPods Pro 2, iPad 9 (DIRECTION: Bearish).
- **Mac Sales Decline:** Year-over-year decline in Mac sales (DIRECTION: Bearish).

**Net Tilt:** Mixed signals suggest caution."
2023-10-10,49,"**Bullish:**
- **Price Target Upgrade:** Piper Sandler raised target price from $180.00 to $220.00.
- **Product Reviews Positive:** AirPods Max and Apple Watch Series 9 received positive reviews.
- **Product Launches:** New Apple Watch models, iPhone, iPad Pro with OLED screen (Q1 2024), and USB-C version launched.

**Bearish:**
- **Antitrust Scrutiny:** EU and US DOJ investigating Apple’s practices.
- **Insider Sell:** Apple COO sold $12.4M in common stock.
- **Regulatory Investigations:** CCI and Indian regulators probing Apple.
- **Price Cuts and Promotions:** Amazon slashed prices on AirPods, Apple Watches, iPhone 11, and iPad.
- **Ownership Decrease:** Multiple entities reduced stakes in Apple.

**Net Tilt:** Mixed, with significant bullish signals from product launches and upgrades offset by regulatory and insider concerns."
2023-10-11,24,"**Revenue and Sales:** Bearish; hardware sales disappointed, iPhone sales fell 2%, but guidance projects an increase (NET TILT: SLIGHTLY BEARISH).

**Insider Activity:** Bearish; CFO Luca Maestri and COO Jeffrey E. Williams sold shares (NET TILT: BEARISH).

**Partnerships and Enhancements:** Bullish; Google’s search engine partnership with Apple, new features for Apple Music, and iPadOS 16 release (NET TILT: BULLISH).

**Ownership Changes:** Mixed; some firms increased holdings while others maintained or slightly adjusted positions (NET TILT: NEUTRAL).

**Product Pricing and Promotions:** Bearish; price cuts on iPhone 13 and promotions on iPhone 12 and Apple Watch (NET TILT: SLIGHTLY BEARISH).

**Stock Performance:** Bullish; stock has gained 38% YTD despite recent dips (NET TILT: BULLISH).

**Analyst Ratings:** Neutral; Rosenblatt Securities reaffirmed neutral rating with $198 target price (NET TILT: NEUTRAL).

**Catalysts:** Mixed; regulatory investigation into Apple Watch, new store opening in Chile (NET TILT: NEUTRAL)."
2023-10-12,32,"**Product Releases & Upgrades (Bullish):**
- Tigress Financial upgraded Apple’s target price from $210.00 to $225.00.
- Apple Watch Ultra 2 received positive reviews.
- New iPhone 15 and 15 Pro models launched.
- 14 Pro unveiling scheduled for October 27.
- Apple TV now supports FaceTime calls and karaoke.
- M3 MacBooks expected in October or early 2024.

**Legal Resolutions (Bullish):**
- Caltech dismissed $1 billion patent case against Apple.
- Apple settled 7-year Wi-Fi chip patent dispute with Caltech.

**Negative Signals (Bearish):**
- SVP Deirdre O'Brien sold 65,536 shares.
- Apple may face a $50.5M fine.
- iPhone models reported shutting down issues.

**Net Tilt:** Bullish due to multiple product launches and legal victories outweighing insider sales and potential fines."
2023-10-13,33,"**Product Releases & Enhancements (Bullish):**
- New iPhone models launched in South Korea.
- Potential MacBook Pro model launch uncertain.
- Introduction of new OLED panels.
- iPad Mini 7 and iPad Air launch confirmed.
- Apple Maps expansion to Greece and Denmark.

**Legal Issues (Bearish):**
- Ordered to pay $837.8 million in a lawsuit.

**Ownership Changes (Mixed):**
- Morgan Stanley, MD, LLC, and Ltd increased holdings.
- LVZ Inc., First County Bank, and others decreased holdings.

**Analyst Ratings (Neutral):**
- Morgan Stanley and KeyCorp maintained “overweight” ratings with price targets of $215.00 and $200.00 respectively."
2023-10-14,37,"**Product Release & Support:** Bullish; Apple will release iOS 17.1 by October 24, 2023. Bearish; Apple removed MetaMask app from App Store.

**Financial Actions:** Bearish; COO Jeffrey E. Williams and CFO Luca Maestri sold shares. Bearish; multiple firms decreased stakes in AAPL. Bullish; some firms increased stakes in AAPL.

**Price Adjustments:** Bearish; iPhone 11 Pro Max received a price cut.

**Legal:** Bearish; Apple ordered to pay $838 million.

**Net Tilt:** Bearish."
2023-10-15,33,"**Revenue Guidance:** Bearish; Q4 revenue expected to dip to $89.3B, below previous estimates.

**Product Releases:** Bullish; multiple new products announced including iPhones, iPads, MacBook Air models, and Apple Watch Series 9.

**Executive Changes:** Bearish; senior executives quitting.

**Stock Ownership:** Mixed; Lutherans increased stake by 2.3%, while Krilogy Financial decreased position.

**Net Tilt:** Neutral to Slightly Bullish due to product launches outweighing revenue dip and executive departures."
2023-10-16,63,"**Revenue & Earnings:** Bearish; Apple’s revenue outlook down, EPS guidance lowered.

**Product Reviews & Outages:** Mixed; iPhone 15 Pro Max reviewed positively (96% faster), but users report glitches.

**Market Share & Demand:** Bearish; iPhone loses market share, demand dips in China, production cuts.

**Product Releases:** Bullish; multiple reports of upcoming iPad releases, including enhanced iPad Air and mini models, expected October 17.

**Analyst Actions:** Bullish; Wedbush upgrades Apple to $240 from $230.

**Insider Activity:** Bearish; CEO Timothy D. Cook sells shares.

**Supply & Pricing:** Bearish; iPhone 15 production cut, potential price cuts on Vision Pro and iPhone 11 Pro Max.

**Net Tilt:** Net bearish due to revenue outlook, market share loss, and insider selling, offset by positive product reviews and analyst upgrades."
2023-10-17,51,"**Product Releases & Enhancements (Bullish):**
- Apple unveiled a cheaper Apple Pencil and plans to launch new iPad mini, iPad Air, and iPad models.
- iOS 17.1 rollout scheduled for October 24.
- MacBook Air with M3 chip expected in October.

**Market Share & Price Target (Bearish):**
- Apple and Samsung lost market share.
- Morgan Stanley downgraded AAPL’s price target from $215.00 to $210.00.

**Ownership Changes (Mixed):**
- Multiple firms increased stakes in AAPL.
- Seneca House Advisors sold shares of AAPL."
2023-10-18,47,"**Revenue & Demand:** Bearish. MacBook sales expected to fall 30%, with declining demand noted for both MacBooks and iPhones. (Evidence: ""Apple MacBook sales to fall,"" ""Macbook Sales Down 30%,"" ""Apple (AAPL) iPhone 15 demand 'declines across"")

**Product Updates:** Mixed. Positive on new Apple Watch Series 9 and various product launches including iPad, Apple Pencil, and iMac refresh in 2024. Negative on MacBook model delays and discontinuation of iMac Pro. (Evidence: ""Apple Watch Series 9 review: New tricks up,"" ""Apple iMac Refresh Coming in 2024,"" ""Imacs Delayed Until 2024,"" ""Imac Pro was discontinued in 2021"")

**Analyst Actions:** Bullish. Baird upgrades price target to $204 from $180. (Evidence: ""Robert W. Baird raised their price objective on shares of Apple from $180.00 to $204.00"")

**Ownership Changes:** Neutral. Mixed signals with increases and decreases in holdings by various firms. (Evidence: ""Berkshire Hathaway Inc lifted its holdings in shares of Apple by 2.3%,"" ""Apple Inc. (NASDAQ:AAPL) Shares Sold by Optas LLC"")"
2023-10-19,33,"**Revenue:** Mixed signals; one headline indicates a revenue decline, while another suggests a reacceleration. **Net Tilt:** Neutral.

**Product Launches & Enhancements:** Bullish. Apple won US approval for mobile devices, launched new iPads, iPhones, and plans AI technology rollout in late 2024. Updates for iOS 17.1 and AirPods Pro also announced. **Net Tilt:** Bullish.

**Regulatory & Legal:** Bearish. Romanian competition watchdog investigates Apple, and potential fines loom. **Net Tilt:** Bearish.

**Ownership Changes:** Mixed. Some firms increased holdings, while others decreased. **Net Tilt:** Neutral.

**Analyst Actions:** Neutral. Rosenblatt Securities maintained a neutral rating with a $198 price target. **Net Tilt:** Neutral."
2023-10-20,37,"**Revenue and Market Share:**
- Bullish: Apple and Samsung driving smartphone sales growth.
- Bearish: Apple’s smartwatch market share shrinking.

**Product Releases and Enhancements:**
- Bullish: iPhone 15 series launched, foldable iPad tipped, iOS 17.1 expected.
- Neutral: Podcasts on Amazon Alexa, fix for iPhone 15, HomePod update, new iOS 17 features.

**Regulatory and Investigations:**
- Bearish: Romania and Poland investigating Apple.

**Analyst Actions:**
- Bullish: Wedbush upgraded price target to $240 from $230.
- Neutral: Morgan Stanley increased holdings, multiple firms bought stakes.

**Insider Sales:**
- Bearish: CFO Luca Maestri and SVP Deirdre O'Brien sold shares.

**Price Adjustments:**
- Bearish: Flipkart cuts iPhone 14 Plus price, Apple Watch Series 8 discounted."
2023-10-21,16,"**Product Releases & Promotions:**
- **Bullish:** Apple set to introduce a foldable iPad next year and a new foldable device, indicating expansion into foldable markets (DIRECTION: Bullish).
- **Neutral:** Iqoo 12 Pro launch in China on Nov 7 competes with potential Apple 12 Pro launch (DIRECTION: Neutral).
- **Bearish:** Competitors' promotions like Flipkart’s iPhone 12 discounts and MacBook Pro sales may cannibalize demand (DIRECTION: Bearish).

**Analyst Actions & Ownership Changes:**
- **Bearish:** Morgan Stanley downgraded Apple’s price target from $215.00 to $210.00 (DIRECTION: Bearish).
- **Mixed:** Berkshire Hathaway increased holdings while other firms like Baker Tilly sold shares (DIRECTION: Mixed, NET TILT: Slightly Negative).

NET TILT: **Slightly Negative**."
2023-10-22,29,"**Product Launches (Bullish):** Apple is expected to announce new Mac models this month, potentially including a new iMac by October 31. Rumors suggest additional foldable devices by 2027.

**Ownership Changes (Mixed):** COO Jeffrey E. Williams sold 69,785 shares, while several investors increased their stakes in Apple, including Lutherans (+2.3%) and Associates (+35.3%).

**Price Action & Analyst Ratings (Neutral):** KeyCorp maintained an ""overweight"" rating with a $200 price target, while UBS reaffirmed a ""neutral"" rating with a $190 target. The iPhone 13 price dropped to Rs 50,999.

**Earnings (Neutral):** Apple reports earnings on November 2."
2023-10-23,77,"**Analyst Ratings & Opinions:** Bullish; Commerzbank initiated coverage with a Buy rating.

**Regulatory Approvals:** Bullish; FDA cleared the Omnipod 5 app for iPhone.

**Product Releases:** Mixed; Apple debuted a new Apple Pencil and Vision Pro, and launched the iPhone 15 and Apple Watch. Upcoming releases include new MacBook Pros, iMacs, and iPads, with some conflicting dates (end of October vs. Spring 2024)."
2023-10-24,61,"**Price Target Upgrade:** Piper Sandler raised price target from $180.00 to $220.00 (Bullish).

**Revenue Signals:**
- Supplier forecasts Q4 core sales below estimates (Bearish).
- iPhone revenue expected to climb (Bullish).

**Product Reviews and Enhancements:**
- Positive reviews for iPhone 15 Plus and Apple Watch Ultra 2 (Bullish).
- Multiple product launches and enhancements planned, including iOS 17, new iPads, Macs, and HomePod (Neutral-Bullish).

**Insider Activity:**
- CFO Luca Maestri sold shares (Bearish).

**Partnerships:**
- Apple collaborating with LG for OLED displays and Corning for iPhone 15 (Bullish).

**Share Movements:**
- Shares rose modestly amid mixed signals (Neutral).

**Ownership Changes:**
- Mixed ownership changes with some firms increasing holdings while others decreased (Net Neutral).

**NET TILT:** Net bullish due to positive product reviews, price target upgrade, and multiple product launches, despite revenue concerns and insider sell."
2023-10-25,80,"**Product Launches & Upgrades (Bullish):**
- Apple set to launch new Macs with M3 chips on Oct. 30.
- New iPad Pro models announced.
- Self-repair program for iPhones to be launched.
- AirPods Max headphones and updated AirPods Pro expected in 2024 and 2025 respectively.

**Price Increases (Bearish):**
- Apple TV+ price increased by 43%.
- Apple Music price raised from $9.99 to $10.99.
- Multiple subscription services like Apple News+ and Apple Arcade also seeing price hikes.

**Downgrades & Sell Signals (Bearish):**
- Deutsche Bank downgraded Apple’s price target to $200 from $210.
- COO Jeffrey E. Williams sold 69,785 shares on Oct. 6.
- French temporary ban on iPhone 12 noted.

**Demand Concerns (Bearish):**
- Mac demand reportedly slipping.

**Net Tilt:** Bearish due to multiple price increases and downgrades outweighing product launches."
2023-10-26,64,"**Earnings & Estimates:** Bearish. Apple’s December quarter forecast weaker than expected, with Piper Sandler downgrading estimates.

**Product Launches & Enhancements:** Mixed. Positive reviews for iPhone 15 Pro Max, new product launches including iOS 17.1, iPadOS 17, and macOS Sonoma, alongside planned releases like a cheaper MacBook and new AirPods. Negative: ITC bans Apple Watch, iPhone 15 charging issues acknowledged.

**Price Changes:** Bearish. Subscription and iCloud storage price hikes announced.

**Other:** Neutral. Rumors of discontinued AirPods models, potential Watch Ultra launch delay, and hiring activity."
2023-10-27,38,"**Legal Issues:** Bearish. ITC ruled against Apple in a patent dispute with Masimo, potentially impacting Apple Watch sales (ess -0.62).

**Product Releases:** Bullish. Apple launched new iPhone 15 Pro, 14 Pro, iOS 17, and macOS Sonoma, with upcoming M3 chip and MacBook launches (ess 0.52).

**Ownership Changes:** Mixed. Keycorp reaffirmed an overweight rating with a $200 target, while some funds like Boston Common reduced their stakes (ess 0.34).

**Supply and Production:** Bullish. Apple received approval to sell its India unit to Tata Group, planning to scale up iPhone production in India (ess 0.54).

**Earnings Guidance:** Neutral. Apple is expected to publish Q4 FY'23 results, with stock rallying post-Q4 (ess 0.47).

**Net Tilt:** Bullish."
2023-10-28,24,"**Bullish Signals:**
- **Price Target Upgrade:** Piper Sandler raised target price from $180.00 to $220.00.
- **Buybacks:** Apple repurchased $56.5 billion of its stock.
- **Revenue Growth:** Sales from India grew nearly 45%.
- **Product Launches:** Multiple product launches including updated iPad, AirPods, MacBooks, and Apple Pencil.
- **Institutional Ownership:** Berkshire Hathaway and others increased holdings.

**Bearish Signals:**
- **Ownership Reductions:** Some institutions like Iron Financial LLC reduced positions.
- **Product Discontinuation:** Apple TV+ series was axed.
- **Price Cuts:** iPhone received a significant price cut.

**Net Tilt:** Bullish, due to strong buyback activity, revenue growth, multiple product launches, and institutional support outweighing ownership reductions and product discontinuations."
2023-10-29,24,"**Product Releases & Upgrades (Bullish):**
- Apple released new Watches, Macs with M3 chips, and Type-C AirPods Max.
- Revenue surged in India to Rs 50,000 crore, up 76% YoY.

**Analyst Actions (Bullish):**
- Wedbush upgraded Apple’s price target from $230 to $240.

**Revenue & Profit Growth (Bullish):**
- Apple India’s net profit and revenue saw significant growth.

**Insider Trading (Bearish):**
- COO Jeffrey E. Williams sold 69,785 shares.

**Ownership Changes (Mixed):**
- Wealth increased holdings by 1.6%, while Gfn sold 7,809 shares.

**Facility Expansion (Bullish):**
- Apple is expanding local assembly in India."
2023-10-30,52,"**Revenue & Earnings:**
- **Bearish:** Q4 revenue expected to decline marginally; F1Q outlook underwhelms expectations.
- **Bullish:** FY23 India sales soar 48%; Q4 profit up 77%.

**Analyst Actions:**
- **Bearish:** Oppenheimer downgrades price target to $200; Morgan Stanley cuts target from $215 to $210.

**Product News:**
- **Bullish:** New M3 chip, MacBook Pro, iMac, iPad Mini 7, AR headset, and software releases planned; iPhone 15 series launched in India.
- **Bearish:** ITC bans importation of Apple Watches.

**Other:**
- **Mixed:** Ownership positions vary; some firms increase holdings while others decrease.
- **Neutral:** Settlement reached in legal case; new partnerships and retail store openings noted."
2023-10-31,134,"**Price Target Adjustments:** Jefferies downgraded Apple’s price target to $195 from $220 (bearish); Piper Sandler upgraded it to $220 from $180 (bullish); Oppenheimer reduced it to $200 from $220 (bearish). **Net Tilt:** Bearish.

**Product Launches:** Apple launched new MacBook Pro models with M3 chips and iMacs (bullish).

**Revenue/Guidance:** Mac sales forecast to climb (bullish); Chinese iPhone sales slump (bearish). **Net Tilt:** Mixed.

**Earnings:** Apple India’s FY23 net profit surged 76.5% (bullish); UBS cut earnings estimates (bearish). **Net Tilt:** Mixed.

**Other Signals:** Positive reviews for new MacBook Pro and iPhone 15 Pro Max (bullish); potential cyber-attack concerns (bearish). **Net Tilt:** Bullish."
2023-11-01,65,"**Revenue:** Mixed signals (bearish/bullish). Q4 hardware sales disappointed, but Q3 revenue beat estimates despite a decline in hardware sales.

**Product Launches:** Bullish. MacBook Pro, Vision Pro headset, and other product enhancements announced.

**Regulatory & Supply:** Bullish. India approves MacBook imports, doubles iPhone production in 2024; MacBook Pro production halted (bearish).

**Legal Issues:** Bearish. Multiple lawsuits filed against Apple.

**Analyst Actions:** Bullish. Wedbush upgrades price target to $240.

**Cost Savings & Investments:** Neutral. Cost-saving measures and AI investments mentioned.

**Price Adjustments:** Bearish. iPhone 14 price drop and discounts.

**Net Tilt:** Mixed, but slightly bullish due to product launches and regulatory approvals outweighing legal and revenue concerns."
2023-11-02,152,"**Revenue:** Mixed signals (NET TILT: Bearish). Revenue beat expectations overall but fell YOY, with wearables missing forecasts. iPhone sales rose to $43.8B, while Mac sales increased. Services revenue is expected to climb into early 2024, but overall revenue guidance was suspended.

**Earnings:** Bullish. Earnings beat expectations, with EPS at $1.46 and net income at $22.96B. Full-year results dropped, but Q4 earnings rose.

**Guidance:** Bearish. Holiday forecast missed, and no formal guidance was provided for the current quarter.

**Analyst Action:** Bullish. Raymond James upgraded price target from $180 to $200.

**Other:** Apple lost an appeal over patent infringement, and the US trade commission banned Apple Watch imports. Buybacks were strong at $77.55B for FY 2023."
2023-11-03,142,"**Analyst Actions & Ratings:** Bullish - Goldman Sachs upgraded to Buy; Bearish - Baird downgraded price target to $186 from $204, DA Davidson downgraded to $166 from $180.

**Revenue Guidance & Performance:** Bearish - Revenue guidance missed views, lowered for Q1; Mac sales declined, revenue from China dipped. Bullish - Apple expects iPhone sales growth and Mac sales rebound in Dec quarter, posted record India revenue, Q4 services revenue at an all-time high.

**Earnings:** Bullish - Q4 earnings beat expectations; Bearish - Earnings guidance limited, capital expenditure down.

**Net Tilt:** Mixed signals with more bearish indicators outweighing bullish ones."
2023-11-04,44,"**Earnings and Revenue:** Bullish on EPS ($1.39) but bearish on revenue (Mac revenue fell to $29.4B from $40.2B).

**Analyst Actions:** Bullish with Piper Sandler raising PT to $220; bearish with Rosenblatt trimming PT to $189.

**Product Updates:** Bullish with new MacBook Pro and iPhone 15 releases.

**Ownership Trends:** Mixed with several firms increasing holdings (FSB, Janney Capital, etc.) while others decreased (Summit Wealth, Simplicity Solutions, etc.).

**Insider Activity:** Bearish with CFO Luca Maestri and COO Jeffrey Williams selling shares.

**Net Tilt:** Neutral to slightly bullish due to mixed signals."
2023-11-05,14,"**Product Price Cuts:** Bullish; iPhone 11 Pro Max price slashed by 18%.  
**Product Launches:** Bullish; AirPods ready for 2023 launches.  
**Partnerships:** Bullish; Xbox controller pairs with iPhone.  
**Product Support Discontinuation:** Bearish; Apple scrapped Android support for Apple Watch.  
**Ownership Changes:** Mixed; multiple firms increased holdings (Bullish), while one firm trimmed stake (Bearish).  
**Analyst Ratings:** Neutral; Wedbush reaffirmed ""outperform"" with $240 target, Needham reaffirmed ""buy"" with $195 target."
2023-11-06,31,"**Product Price/Cut:** Bearish — iPhone 14 price slashed by 17%.

**Earnings & Estimates:** Bullish — Q1 2024 earnings estimates upgraded by Wedbush; Q3 2024 EPS estimates raised by KeyCorp.

**Analyst Actions:** Mixed — KeyCorp upgrades wearable devices; Morgan Stanley reissues overweight with $210 PT; Unigestion and Factory Mutual sell shares.

**Revenue:** Bearish — Q4 revenue down 1%.

**Product Reviews:** Mixed — Positive MacBook Pro review scare; positive iMac reviews; negative MacBook Pro reviews.

**Product Launches:** Bullish — New iPad models, potential iPad Air 6, new original podcast series, Mac updates.

**Promotions:** Bearish — Hefty iPhone discounts.

**Ownership Changes:** Bearish — Multiple firms reduce holdings.

**Net Tilt:** Neutral to Slightly Bearish due to conflicting signals."
2023-11-07,38,"**Revenue and Sales:**  
- **Bearish:** Revenue fell 0.7% YoY, iPhone sales dropped 2.4%. (Evidence: revenue down, revenues)

**Product Launches and Enhancements:**  
- **Bullish:** Multiple product launches and updates including iPhone 15, MacBook Pro, iMac, watchOS 10.2, and iOS 17. (Evidence: product-release, product-enhancement)

**Price Adjustments:**  
- **Bearish:** iPhone 12 price cut by 17%. (Evidence: product-price-cut)

**Analyst Actions:**  
- **Neutral:** Evercore ISI maintained ""outperform"" with a $210 price target. (Evidence: analyst-ratings-change-neutral)

**Ownership Changes:**  
- **Mixed:** Lutherans increased holdings by 2.3%, while V sold 3,513 shares. (Evidence: ownership-increase-held, ownership-decrease-held)

**Stock Performance:**  
- **Bearish:** Shares fell up to 4.6% despite opening at $179.23. (Evidence: stock-gain, stock-loss)

**Net Tilt:** Bearish due to revenue declines, price cuts, and share price drop, offset slightly by positive product launches."
2023-11-08,38,"**Price Target Upgrade:** Piper Sandler upgraded Apple’s price target from $180.00 to $220.00 (Bullish).

**Product Reviews & Enhancements:** Positive review of iPhone 14; iOS 17.1.1 and watchOS 10 released; Vision Pro launch confirmed for early next year (Bullish).

**Cyber Attacks:** Hackers and malware targeting Apple (Bearish).

**Product Lifecycle Changes:** Discontinuation of iPhone 13 mini, MagSafe Battery Pack, and other products; price cuts on AirPods and iPad (Bearish).

**Ownership Trends:** Multiple firms increased stakes in Apple; GAM Holding AG sold shares (Mixed).

**Analyst Ratings:** Credit Suisse reissued “outperform” with $220.00 target; Bank of America reaffirmed “neutral” with $173.00 target (Mixed).

**Earnings Estimate:** Analysts predict EPS of 6.49 for the current year (Neutral)."
2023-11-09,45,"**Revenue and Demand:** Bearish. Revenue decline reported (-6%) and MacBook demand bottoming suggests weak sales (DIRECTION: bearish).

**Legal and Regulatory:** Bearish. Lost tax case with EU, fined $6.75 million, and facing regulatory scrutiny (DIRECTION: bearish).

**Product Releases and Enhancements:** Bullish. Multiple product releases including new AirPods Pro 2, iPadOS 17, and Apple Watch Series 9, along with promotional offers (DIRECTION: bullish).

**Settlements:** Neutral. Resolved employment discrimination and DOJ cases with settlements (DIRECTION: neutral).

**Ownership Changes:** Mixed. Some firms increased holdings while others decreased, showing varied investor sentiment (DIRECTION: mixed).

**Stock Movement:** Bullish. Apple stock rebounded despite negative signals (DIRECTION: bullish).

NET TILT: Mixed, leaning slightly bearish due to revenue declines and legal/regulatory issues."
2023-11-10,37,"**Product Reviews & Launches:** Bullish. Positive reviews for iPhone 15, MacBook Pro M3, and M3 Max highlight strong product performance. Upcoming launches include macOS 14.2, potential iPhone SE 4, OLED iPad, and MacBook Pros with OLED screens by 2026.

**Settlements & Legal Issues:** Mixed. Apple settled multiple cases including a $25M DOJ deal and a $1.8M gift card lawsuit, but faces ongoing EU legal battles.

**Ownership Changes:** Mixed. Berkshire Hathaway and other firms increased holdings, while some sold shares.

**Analyst Ratings:** Neutral. Morgan Stanley reaffirmed an ""overweight"" rating with a $210 price target.

**Conflicting Signals:** Positive product reviews and launches contrast with legal challenges and mixed ownership trends, indicating a net bullish tilt."
2023-11-11,17,"**Product Launches:** Bullish. Apple launched the iPhone 15 series and is set to release a new iOS version.

**Price Cut:** Bearish. Flipkart slashed prices on the iPhone 14, potentially indicating weaker demand or pricing pressure.

**Business Deals:** Bullish. Apple struck an exclusive ad deal with Amazon, enhancing its advertising revenue potential.

**Analyst Actions:** Bullish. Morgan Stanley increased its holdings in Apple by 14.2%.

**Ownership Changes:** Neutral. Wealth Inc.'s activities in other companies do not directly impact AAPL."
2023-11-12,18,"**Price Target Upgrade:** Piper Sandler upgraded Apple’s price target from $180.00 to $220.00 (Bullish).

**Product Launches:** New Apple Pencil introduced in India (Neutral); OLED iPad Pro launch planned for 2024 (Bullish).

**Ownership Changes:** Multiple firms increased holdings (Bullish): Ltd (+10.6%), Llc (+19.1%, +48.8%), Md (+3.4%). Some reduced holdings (Bearish): EFG Asset Management, CMC Financial Group, Inc., Alaska Wealth Advisors.

**Analyst Ratings:** Needham maintained “buy” rating with $195.00 target (Bullish).

**Stake Acquisitions:** Shilanski & Associates Inc., Key Financial Inc., Keb Asset Management LLC purchased shares (Bullish).

**Net Tilt:** Bullish due to upgrades, product launches, and increased holdings outweighing reductions."
2023-11-13,38,"**Revenue and Sales:** Bearish. Apple reported sliding revenue and sales dips in China.

**Legal and Sanctions:** Bearish. EU ruled against Apple, and the company agreed to pay $6.75 million in civil penalties and may face a $13.1 billion fine. However, Apple settled a DOJ lawsuit for $25 million.

**Product Releases:** Bullish. Upcoming product releases include OLED iPad Pro, new iPad Air, and new AirPods.

**Analyst Actions:** Neutral. Citigroup, Credit Suisse, and Morgan Stanley maintained their ratings with target prices of $240, $220, and $210 respectively.

**Ownership Changes:** Mixed. Berkshire Hathaway increased holdings while KBC Group and Walter & Keenan Wealth Management LLC reduced positions."
2023-11-14,31,"**Product Launches/Catalysts:**
- **Bullish:** Apple unveiled speedier M3 iMac, two new 14- and 16-inch MacBook Pros, and a larger iPad Air. The company also released iOS 17.2 and iPadOS 17. A strategic price cut on older iPhones and discounts on M3 iMac indicate promotional activities. (Evidence: Multiple product launches, price cuts, and promotions.)
- **Bearish:** The iPad mini 7 has been delayed to H2 2024. (Evidence: Product delay.)

**Regulatory & Financial:**
- **Bearish:** Indian tax authorities are investigating Apple, and the company faces a $25 million fine. Several institutional investors have reduced their stakes in Apple. (Evidence: Regulatory investigation, financial penalties, and reduced ownership.)

**Net Tilt:** Mixed signals with both bullish and bearish factors present."
2023-11-15,19,"**Product Releases & Enhancements (Bullish):**
- Apple announced the new MacBook Pro 14.
- The company extended the iPhone 14’s free satellite service.
- Expected iPhone SE 4 launch in 2025.

**Partnerships & Contracts (Bullish):**
- TikTok tied up with Apple.
- South forged a strategic partnership with C3 Technology Advisors.

**Regulatory Investigations (Bearish):**
- US lawmakers questioned Apple over unspecified issues.

**Ownership Changes (Mixed):**
- LLC increased its position in Apple by 1.2%.
- WS Portfolio Advisory LLC sold Apple shares.

**Analyst Ratings (Bullish):**
- Wedbush reissued an “outperform” rating with a $240.00 price target.

**Revenue Guidance (Bearish):**
- Apple revenues flagged."
2023-11-16,30,"**Earnings & Revenue:** Bullish. Apple’s Q4 earnings beat expectations, and revenue increased.

**Analyst Upgrades:** Bullish. Goldman Sachs raised the price target from $213 to $227; Tigress Financial raised it from $225 to $240.

**Product Releases:** Mixed. New iPad app launches, iMac release, and iPhone next year are positive. However, Mac apps were delayed.

**Ownership Changes:** Net Neutral. Multiple firms increased holdings, while others decreased positions.

**Stock Performance:** Bullish. Shares climbed nearly 40%.

**Regulatory Investigation:** Bearish. US questions Apple after unspecified event.

**Net Tilt:** Bullish. Positive signals outweigh negatives."
2023-11-17,36,"**Product Launches & Enhancements (Bullish):**
- New Apple Pencil, Apple Pay, iPhone messaging system, and potential OLED screens introduced.
- Messaging updates for Android and free feature extension for iPhone 14.

**Legal Issues (Bearish):**
- Apple files legal action against EU over antitrust claims.
- Chinese government bans iPhone use by unspecified entities.

**Ownership Changes (Mixed):**
- Positive: Dakota Wealth Management, Berkshire Hathaway, Morgan Stanley, and Markel Corp increased stakes.
- Negative: Compass Capital Management Inc, Brown Advisory Inc., 1834 Investment Advisors Co, and Alpha DNA Investment Management LLC reduced stakes.

**Stock Performance (Bearish):**
- Stock closed at $189.71, down from previous levels.

**Advertising (Bearish):**
- Apple suspends all advertising activities globally."
2023-11-18,11,"**Piper Sandler upgraded Apple’s target price to $220.00 from $180.00 (Bullish)**

**Product Release:** Apple introducing cooling system in iPhone (Bullish)

**Stock Performance:** AAPL opened at $189.69, down from previous close (Bearish)

**Ownership Trends:** 
- Institutional investors mixed: West Bancorporation and Llc increased holdings; Martin Investment Management and Alabama reduced positions (Net Neutral)
- Specific reduction: Alabama sold 1,035,663 shares (Bearish)"
2023-11-19,11,"**Product Enhancements:** Bullish. Apple is enhancing its messaging system and transforming Macs with AI.

**Ownership Changes:** Mixed. Inc. and two other firms increased holdings (47.6%, 8.3%, 20.0%), while Corp, First Interstate Bank, M&G Investment Management Ltd., and another LLC decreased holdings (details on sales provided).

**Analyst Ratings:** Neutral. Wedbush maintained ""outperform"" with a $240.00 PT, while Sanford C. Bernstein reissued ""market perform"" with a $195.00 PT."
2023-11-20,38,"**Product Launches/Delays:** Bullish on Vision Pro launch in March 2024 (confirmed); bearish on initial January launch delay. **Supply Issues:** Bearish on Vision Pro production forecast drop. **Price Adjustments:** Bearish on price cuts for AirPods Pro 2, AirPods 2, and Apple Watch Series 9. **Ownership Changes:** Mixed signals—some institutions increased stakes (Geode Capital, Md, Farmers & Merchants Investments), while others decreased (Mutual LIFE INSURANCE, Keybank National Association, Griffin). **Stock Performance:** Bullish on share price increase to $191.19 from $189.69. **Regulatory/Country Issues:** Bearish on China’s expanded iPhone ban and antitrust suit. **Positive Reviews:** Bullish on positive M3 Max review. **Net Tilt:** Mixed, leaning slightly bearish due to multiple product delays and price cuts."
2023-11-21,33,"**Product Launches & Enhancements (Bullish):**
- Apple launched new products including iPhone 16, Apple Watch Series 9, and a new Apple Pencil.
- Positive reviews for M3 Max, Apple Watch Series 9, and iMac M3.

**Legal Issues (Bearish):**
- Facing class-action lawsuit and a suit from Venmo.

**Analyst Actions (Neutral):**
- Morgan Stanley and Evercore ISI maintained “overweight” and “outperform” ratings with $210 price targets.

**Ownership Changes (Mixed):**
- Bullish: Llc increased stake by 7.8%, De took position.
- Bearish: Multiple insiders and funds reduced stakes.

**Price Adjustments (Bearish):**
- Ipad prices slashed."
2023-11-22,19,"**Revenue and Sales:** Bearish - iPhone sales trailing, revenue down, and legal issues with the US government (ess-0.52).

**Product Launches:** Bullish - New portable Pro Macs and iPhone 15 launch in Nigeria (ess0.52, ess0.52).

**Cybersecurity:** Bearish - Scam affecting Mac users (ess-0.58).

**Executives and Partnerships:** Neutral - Succession plan announced, Microsoft equips OpenAI team with Macs (ess-0.57, ess0.49).

**Supply Chain:** Bullish - TSMC ramps up chip production for iPhone 15 Pro (ess0.46).

**Legal and Settlements:** Mixed - Settles $25M claim but faces antitrust complaints (ess0.46, ess-0.52).

**Ownership Changes:** Mixed - Riverfront increases stake while multiple firms reduce holdings (ess0.37, ess-0.34)."
2023-11-23,19,"**Revenue and Sales:**
- **Bearish:** Apple’s overall revenue and iPhone sales underperformed expectations, with iPhone sales declining 4% YoY and dipping in China.
- **Bullish:** iPhone 15 sales surged in South Korea.

**Legal Issues:**
- **Bearish:** Facing NLRB complaint.
- **Bullish:** WDTX case against Apple dismissed.

**Product Updates:**
- **Bullish:** Launched refurbished AirPods and AirPods Pro 2 in Europe.
- **Bearish:** Reportedly discontinuing some iPhone models.

**Ownership Changes:**
- **Bearish:** Shares sold by Keystone Financial Services.
- **Bullish:** Acquired by Yousif Capital Management LLC.

**Net Tilt:** Bearish due to revenue underperformance and legal issues outweighing product launches and ownership acquisitions."
2023-11-24,32,"**Bullish Signals:**
- **Revenue & Guidance:** iPhone export up 60%, strategic production increase, revenue growth expected in holiday season (DIRECTION: Bullish).
- **Product Reviews & Enhancements:** Positive reviews for M3 Pro, expanded streaming content, Macbook enhancements (DIRECTION: Bullish).
- **Ownership Increases:** Multiple firms increased positions in AAPL (DIRECTION: Bullish).

**Bearish Signals:**
- **Sales Volume & Price Cuts:** Sales volume falls, price cuts on AirPods, Amazon dropping Apple Watch deals (DIRECTION: Bearish).

**Neutral Signals:**
- **Stock Movements & Analyst Ratings:** Stock closed higher, Wedbush reaffirmed outperform with $240 target, mixed ownership changes (DIRECTION: Neutral).

**NET Tilt:** Bullish, due to strong revenue and guidance signals outweighing bearish sales volume concerns."
2023-11-25,18,"**Revenue and Sales:** Mixed signals with iPhone sales shrinking (-bearish) but overall sales beating expectations (+bullish).

**Product Updates:** New iPad Mini launch planned for late 2024 (+bullish); ongoing Black Friday promotions for AirPods and TVs (+neutral).

**Cybersecurity:** macOS hit by malware (-bearish).

**Ownership Changes:** Multiple firms increase holdings (+bullish), while others decrease (-bearish). Net tilt slightly bullish.

**Analyst Ratings:** Morgan Stanley reiterates overweight with $210 price target (+bullish); UBS reaffirms neutral with $190 target (+neutral).

**Earnings Estimate:** Analysts predict FY EPS of 6.56 (+neutral).

**Net Tilt:** Overall mixed, leaning slightly bullish due to product launches and increased holdings."
2023-11-26,4,"**Product Release:** Bullish - Apple plans to unveil two new iPad Air models in 2024, indicating continued innovation and potential growth in the tablet segment.

**Insider Sell:** Bearish - CFO Luca Maestri sold 32,010 shares, signaling possible concerns about near-term performance or personal financial needs.

**Ownership Changes:** Mixed - Llc increased its stake by 0.5%, showing confidence, while Inc. maintained its $3.44 million position, indicating neutral sentiment. **Net Tilt:** Neutral to Slightly Bullish."
2023-11-27,21,"**Product Launches & Promotions (Bullish):**
- Apple plans to release a price-friendly Vision Pro and iOS 17.1.
- iPhone 15 and AirPods Pro promotions ongoing.

**Market Share & Supply (Bullish):**
- Apple’s Korean smartphone market share is rising.
- Tata Group aims to double iPhone production.

**Investment & Ownership Changes (Mixed):**
- Bullish: Foxconn invests $1.6 billion in India, IFM Investors and another firm increase Apple holdings.
- Bearish: Multiple firms reduce Apple stock holdings.

**Stock Performance (Bearish):**
- Apple stock opened at $189.97."
2023-11-28,24,"**Regulatory & Product Issues:** Bearish. Authorities warn about iPhones (ess-0.64); iPhone users face Wi-Fi issues (ess-0.56).

**Partnerships:** Bearish. Apple ends credit-card partnership with Goldman Sachs (ess-0.46, ess-0.43, ess-0.36).

**Product Releases:** Bullish. New M3 iMac, iOS 17.2, watchOS 10 released (ess+0.52).

**Acquisitions & Ownership Changes:** Mixed. American Express acquires Apple (ess-0.65); multiple firms increase Apple holdings (ess+0.37, ess+0.37).

**Supply & Cybersecurity:** Neutral-Bullish. Vision Pro enters mass production (ess+0.46); North Korean hackers target macOS (ess-0.58).

**Analyst Actions:** Neutral. Bank of America maintains neutral rating, $173 price target (ess+0.0).

NET TILT: **Bullish** on product releases and ownership increases; **Bearish** on regulatory warnings and partnership terminations."
2023-11-29,45,"**Revenue and Sales:** Bearish. Revenue declined in the September quarter, while iPad prices dropped and iPhone sales growth was modest at 3%.

**Partnerships and Collaborations:** Mixed. Apple extended its partnership with Goldman Sachs until 2029 but is ending its credit card program and in-house modem development. Goldman Sachs and Apple are terminating their consumer banking contract.

**Product Launches:** Bullish. Apple launched BNPL services, new MacBook Pro and iMac models in Malaysia, and iOS and Android updates on December 14th.

**Ownership Changes:** Mixed. Multiple firms increased stakes in Apple, while others decreased holdings."
2023-11-30,27,"**Revenue Decline:** Bearish. Evidence: ""Apple Inc.'s revenue has declined.""

**Product Releases & Enhancements:** Bullish. Evidence: Multiple product releases including new apps, iOS/macOS/iPadOS updates, and renewed partnerships.

**Sanctions & Legal Issues:** Bearish. Evidence: Fined 2 million rubles in July 2022; appeal against UK antitrust decision.

**Stock Performance:** Mixed. Evidence: Stock fell last week but gained nearly 1% in Frankfurt.

**Analyst Ratings:** Neutral. Evidence: Wedbush maintains Overweight rating.

**Net Tilt:** Mixed, leaning slightly bearish due to revenue decline and sanctions."
2023-12-01,49,"**Product Releases and Enhancements (Bullish):**
- Apple showcased a new efficient processor and launched iOS 17.1, iPadOS 17, Apple Music Replay 2023, and the Apple Watch Series 9.
- The company plans to release an OLED iPad Pro and MacBook Pro, and a VR headset by end-2024.

**Partnerships and Acquisitions (Bullish):**
- Apple partnered with Amkor and (RED).
- It acquired chip company PA Semi for $278M.

**Price Adjustments (Mixed):**
- Price increase for Apple TV+.
- iPhone 13 Pro Max price cut to $660.

**Legal and Ownership Changes (Bearish/Bullish):**
- Lost appeal in a legal case.
- Morgan Stanley, Berkshire Hathaway, and other firms increased stakes in AAPL.

NET TILT: Bullish"
2023-12-02,19,"**Product Releases & Enhancements:** Bullish. Apple unveiled a special red watch for World AIDS Day and launched the PRODUCT(RED) Watch Series 9 in India. Urgent iOS updates were released due to unspecified issues.

**Ownership Changes:** Mixed. Pinnacle Financial Partners Inc., Barclays PLC, and others increased their positions in Apple, while Silver Oak Advisory Group Inc., Impax Asset Management Group plc, and Kansas trimmed theirs. Briaud Financial Planning Inc. acquired shares.

**Stock Price:** Neutral. AAPL opened at $191.24 on Friday."
2023-12-03,12,"**Bullish Signals:**
- Analysts recommend buying AAPL in 2024.
- Multiple firms increased their stakes in AAPL: Shaker Financial Services LLC, Inc., Markel Corp, Navellier & Associates Inc., Inc, and Llc.
- Navellier & Associates Inc. specifically purchased 498 shares.

**Bearish Signals:**
- Malware targets Mac, potentially harming reputation/security.
- Two firms reduced their stakes in AAPL: Harfst & Associates Inc and Alpha Family Trust.

**Net Tilt:** Mixed, with slightly more bullish signals."
2023-12-04,45,"**Supply Issues:** Bearish. Foxconn and Pegatron halted iPhone production in India due to unspecified reasons, impacting supply (Foxconn, Pegatron).

**Partnerships:** Bullish. Apple partnered with TDK for battery production in India, enhancing local manufacturing capabilities.

**Product Updates:** Neutral. Apple released an urgent iOS 17 update to address issues, indicating ongoing product support.

**Analyst Action:** Neutral. Needham reaffirmed a ""buy"" rating with a $195 price target.

**Ownership Changes:** Mixed. Wealth Inc. sold Apple shares while increasing positions in other companies, showing mixed investor sentiment."
2023-12-05,39,"**Revenue & Guidance:**
- Bullish: App Store revenue rose 11.3% (revenue-up).
- Bearish: Foxconn predicts limited iPhone sales growth (revenue-guidance-up).

**Product Launches & Enhancements:**
- Bullish: Apple Watch Series 9 launched, iOS 17.2, iPadOS 17 released, new macOS 14 rolled out, and AirPods Pro 2 software update (product-release, product-enhancement).
- Bearish: iTunes Movies app discontinued (product-discontinued).

**Ownership Changes:**
- Bearish: SouthState Corp and Citizens Business Bank reduced stakes in AAPL (ownership-decrease-held).
- Neutral: Various investments and positions adjusted across different companies by Wealth Inc., not directly impacting AAPL (stake-acquirer, ownership-increase-owner).

**Net Tilt:** Mixed, leaning slightly bullish due to product launches and revenue growth, offset by cautious guidance and ownership reductions."
2023-12-06,27,"**Product Release:** Bullish. Apple plans multiple product launches including new iPad Air and iPad Pro models early next year, alongside a new M3 MacBook Air.

**Revenue & Sales:** Bearish. Apple aims to counteract a sales slump with new products; iPad revenue dropped 10% to $6.44 billion.

**Supply Chain:** Bullish. Foxconn resumes iPhone production, and Apple boosts battery production in India.

**Ownership Changes:** Mixed. Various firms increase holdings (e.g., Inc. by 177.6%), while others decrease (e.g., Sage Investment Advisers LLC).

**Analyst Ratings:** Neutral. Morgan Stanley reaffirms ""overweight"" rating with a $210.00 target price."
2023-12-07,42,"**Product Releases & Enhancements (Bullish):**
- Apple set to launch multiple products including new iPad models, M3 MacBook Air, iPadOS 17, and Vision Pro.
- Ongoing product enhancements like new Photonic Engine, upgraded microphones, and firmware updates.

**Revenue & Demand Concerns (Bearish):**
- Mac sales down 34%, indicating weakening demand.
- Apple concerned about overall demand decrease.

**Legal & Executive Changes (Bearish):**
- Apple executive pleads guilty.
- Multiple executives retire, potentially impacting leadership stability.

**Ownership Trends (Mixed):**
- Berkshire Hathaway increases holdings by 2.3%.
- Several firms reduce stock holdings.

**Supply Chain Updates (Neutral):**
- Increased iPhone 16 battery production in India.

**Net Tilt:** Bearish due to revenue decline and legal/executive issues outweighing positive product launches."
2023-12-08,39,"**Product Launches & Enhancements (Bullish):**
- New low-cost iPad launch.
- Updated Magic Keyboard and Apple Pencil release.
- M3 Pro review positive.
- New M3 MacBook Pro released.
- OLED iPad Pro models launching in March.

**Supply & Production (Bullish):**
- Unit production increased 17.9%.
- iPhone production to boost in India.
- Foxconn expanding iPhone production.

**Executive Changes (Bearish):**
- Multiple high-level executives resigning or retiring.

**Analyst Actions (Bullish):**
- Morgan Stanley upgrades price target to $220 from $210.

**Ownership Changes (Mixed):**
- Northern Trust Corp sells shares.
- Various firms purchase shares.

NET TILT: Bullish."
2023-12-09,16,"**Product Releases and Enhancements (Bullish):**
- Apple will debut a refreshed Mac and iPad.
- Apple to introduce under-display camera technology.
- iPhone SE 4 to get a battery boost.

**Executive Changes and Business Contracts (Bearish):**
- Head of iPhone design resigning.
- Netflix cancels shows on Apple TV.

**Partnerships and Facility Upgrades (Bullish):**
- Apple ties up with Tata Group in India.
- Apple expands India production with new Tata factory.

**Ownership Changes (Mixed):**
- Multiple firms increase stakes (T Rowe Price, Sa).
- Multiple firms decrease stakes (Lombard Odier, Creegan & Nassoura, Lutherans).

**Analyst Ratings (Neutral):**
- Needham reaffirms ""buy"" rating with $195.00 target price.

**Net Tilt:** Mixed, with some bullish signals from product releases and partnerships offset by bearish signals from executive departures and business contract terminations."
2023-12-10,19,"**Analyst Ratings & Price Targets:** Wedbush upgraded Apple to ""Outperform"" with a new price target of $250.00, previously $240.00 (Bullish).

**Executive Changes & Reorganizations:** Chief iPhone designer resigning; company undergoing reorganization in February 2024 (Bearish).

**Product Updates & Launches:** Next-gen iPad Pro and Air launching in March; potential low-cost iPad and MacBook Air in H2 2024; new Magic Keyboard (Bullish).

**Sales Performance:** Mac and iPad sales declined over the past year (Bearish).

**Ownership Changes:** Lp and WINTON GROUP sold shares; Wealth Inc. increased stake in Apple (Mixed). 

**Net Tilt:** Mixed, with some bullish signals from product launches and analyst upgrades offset by bearish signals from executive departures and declining sales."
2023-12-11,59,"**Revenue & Stock:**  
- **Bearish:** Revenue declined in 2023; stock plummeted in 2024.

**Product Launches & Enhancements:**  
- **Bullish:** Multiple product launches planned for March 2024, including iPad Air, MacBook Air, and Vision Pro. New software updates and apps released.
- **Bearish:** Potential delays and discontinuations noted for some products.

**Analyst Actions:**  
- **Bullish:** Wedbush upgraded price target to $250 from $240.

**Executive Changes:**  
- **Bearish:** VP of product resigned.

**Net Tilt:** Mixed signals, but product launches and upgrades provide bullish momentum despite revenue decline and executive departure."
2023-12-12,45,"**Product Launches & Enhancements (Bullish):**
- Apple Vision Pro headset launch Q1 2024.
- iOS 17, watchOS 10.2, macOS Sonoma, iPadOS 17.2, and new Beats Studio unveiled.
- Two new iPad Pro and Air models announced.

**Analyst Upgrades (Bullish):**
- Morgan Stanley upgrades AAPL to $220.00.
- Wedbush raises price target to $250.00.

**Legal & Antitrust (Mixed):**
- Google loses antitrust case against Apple (bullish).
- iPhone settles EU antitrust (bearish).

**Stock Performance (Bearish):**
- AAPL stock prices declining.

**Supply & Demand (Mixed):**
- iPhone 14 prices slashed (bearish).
- AirPods on sale for $99 (neutral).

**Partnerships & Deals (Neutral):**
- Apple-Goldman Sachs partnership ending.
- Exclusive deal with Yoruba Saxton production company.

**Ownership Changes (Bullish):**
- LP increases stake in AAPL by 1.4%."
2023-12-13,26,"**Product Updates & Enhancements:** Bullish. Apple unveiled new features for the Apple Watch Series 9 and introduced standalone USB-C AirPods Pro, expanding its product lineup positively.

**Supply Chain & Production:** Bullish. Apple plans to expand production in India, indicating strategic growth.

**Legal & Regulatory Risks:** Bearish. The EU is planning an antitrust lawsuit and a hefty fine against Apple, alongside potential bans on the App Store, posing significant regulatory risks.

**Price Adjustments:** Mixed. While some products like the Mac mini saw price cuts, others like the Apple Watch Series 9 hit new lows, signaling competitive pricing strategies.

**Ownership Changes:** Neutral. Verity Asset Management sold shares while National Pension Service purchased shares, showing mixed investor sentiment.

**Net Tilt:** Bearish due to legal risks outweighing positive product developments."
2023-12-14,37,"**Revenue Growth:** Bullish; expected revenue growth.

**Legal Developments:** Mixed; regulators ruled against Apple in app store policy dispute (-0.62), but Epic Games lost antitrust case (+0.53).

**Product Launches/Delays:** Mixed; iPad launch expected in March 2024 (+0.52), Vision Pro may arrive in January (+0.52), but iOS 17 release delayed (-0.48).

**Stock Performance:** Bullish; Apple stock surging to record highs multiple times (+0.47, +0.47, +0.47, +0.47, +0.47, +0.47, +0.23).

**Regulatory Actions:** Bearish; EU probes Apple’s App Store and faces potential fine (-0.47, -0.47, -0.45).

**Analyst Actions:** Neutral; Needham reissued “buy” with $195 price target (+0.34).

**Ownership Changes:** Mixed; major investors increasing and decreasing stakes (+0.37, -0.34).

**Net Tilt:** Bullish."
2023-12-15,26,"**Revenue and Earnings:** Bearish. Revenue has declined each quarter in fiscal 2023, EPS missed estimates.

**Product Releases:** Bullish. iPad with OLED screen expected in 2024, USB-C case for AirPods Pro 2 launched, new iOS 17.3 anticipated in January, MacBook Air models tipped for early 2024.

**Regulatory and Legal:** Mixed. EU investigates App Store, but settled lawsuits with Corellium and Family Sharing for $25 million each.

**Price Adjustments:** Bearish. Price cut on iPhone 15 Pro Max.

**Ownership Changes:** Bearish. Rehmann Capital Advisory Group reduced stake in Apple.

**Stock Performance:** Bearish. Shares fell 0.7% in after-market trading."
2023-12-16,15,"**Regulatory & Legal:**
- **Bearish:** Indian government issues warning for Apple products; government alerts for iPhones.
- **Bullish:** Apple settles class-action lawsuit for $25M.

**Stock Performance:**
- **Bullish:** Shares up nearly 58% YTD.

**Product Launches & Enhancements:**
- **Bullish:** iPhone 15 launches in Nigeria; new iPads expected; iPadOS 17 unveiled; iPhone camera improvements; new 'contingent pricing' for App Store.
- **Bearish:** iPad Pro prices slashed.

**Business Contracts:**
- **Bearish:** Apple struck unlawful agreements with Visa and Mastercard.

**Net Tilt:** Mixed, but slightly **Bullish** due to regulatory risks offset by product launches and legal settlements."
2023-12-17,5,"**Settlement:** Apple settles another legal case (bullish; reduces legal risk).

**Investment Activity:** Wealth Inc. makes new investment in iShares Russell 2000 ETF and acquires shares (neutral; no direct impact on AAPL).

**Stock Price:** Shares of AAPL opened at $197.57 (neutral; opening price).

No conflicting or directly trading-relevant signals for AAPL. Net tilt is neutral."
2023-12-18,66,"**Revenue and Earnings:** Bearish. Revenue dropped, EPS missed expectations.

**Legal Issues:** Mixed. Lost ITC case against Samsung (bearish); Masimo lawsuit ongoing but settled (neutral); DOJ investigation requested (bearish).

**Product News:** Mixed. Vision Pro launch in January (bullish); Series 6 release (bullish); Watch Series 9 and Ultra 2 sales paused/halted (bearish); AirPods update expected (bullish).

**Analyst Actions:** Bullish. Wedbush upgraded price target to $250 from $240.

**Net Tilt:** Bearish due to revenue miss, legal setbacks, and product delays/sales halts outweighing positive product launches and analyst upgrades."
2023-12-19,46,"**Revenue & Earnings:** Bearish; Apple reported a revenue drop, EPS missed expectations.

**Legal Issues:** Bearish; Apple lost a patent case and faces potential bans on Apple Watch models.

**Product Releases & Updates:** Bullish; iOS 17.2.1, macOS 14, and new firmware for AirPods 3 released. AirPods 4 and AI App Store expected soon.

**Partnerships & Terminations:** Mixed; partnerships with Insta360 and Garmin, but terminated with The New York Times.

**Ownership Changes:** Mixed; major institutions increased stakes, while some reduced positions.

**Net Tilt:** Bearish due to revenue miss, legal setbacks, and product suspensions outweighing positive product launches."
2023-12-20,38,"**Product Reviews & Launches:** Bullish. Positive iPhone 15 Plus review; Vision Pro headset launch planned for next year; new software and apps released.

**Legal Issues:** Bearish. Found guilty of copyright infringement.

**Supply & Production:** Bullish. Vision Pro production ramped up; enhanced retail stores for Vision Pro.

**Ownership Changes:** Bearish. Multiple institutions sold AAPL shares; one firm purchased shares.

**Earnings & Guidance:** Neutral. Analysts predict EPS of $6.56 for FY.

**Net Tilt:** Mixed signals, but **Bullish** due to product launches and supply enhancements outweighing legal and ownership concerns."
2023-12-21,70,"**Legal & Regulatory:**
- **Bearish:** Apple lost bid to halt Watch sales ban in US over patent dispute; ITC rejected Watch Series 9 sales plea. Masimo sued Apple.

**Product Launches & Delays:**
- **Bullish:** Vision Pro mixed-reality headset launch planned for March 2024; Vision Pro production ramps up in China; iOS 17 rollout; new CarPlay system; 3nm A17 Pro SoC for iPhone 15 Pro.
- **Bearish:** Watch Series 9 and Ultra 2 halted in US online store; Death Stranding iPhone release delayed; Watch and iPad releases delayed.

**Analyst Actions:**
- **Neutral:** Wedbush reaffirmed ""Outperform"" rating with $250 target; JPMorgan reaffirmed ""Overweight.""

**Insider Trading:**
- **Bearish:** CFO Luca Maestri sold shares.

**Supply & Demand:**
- **Bullish:** Vision Pro production increase.
- **Bearish:** Watch and iPad delays, payment service outage resolved."
2023-12-22,46,"**Product Recalls/Delays:** Apple withdrew Series 9 and Ultra 2 watches, suspending their sales (bearish). The 24-inch iMac and some Mac models were delayed until 2024 (bearish).

**Product Launches:** Vision Pro set for February, new iPads and Macs expected (bullish). Apple Watch and 15-inch MacBook Air already launched (bullish).

**Analyst Actions:** Needham raised Apple’s price target to $220 (bullish).

**Regulatory Issues:** DOJ and FTC investigating Apple (bearish).

**Ownership Changes:** Multiple firms increased holdings in AAPL, while others decreased (mixed).

**Net Tilt:** Bullish on product launches and analyst upgrades; bearish on recalls, delays, and investigations."
2023-12-23,12,"**Product Release:** Bullish; Apple introduced Safari Technology Preview in 2016.

**Facility Closure:** Bearish; Apple closing Infinite Loop Store in January.

**Partnerships:** Bullish; Apple collaborates with software developers and teams with Porsche and Aston Martin.

**Ownership Increases:** Bullish; Berkshire Hathaway, Morgan Stanley, Barclays, and State Street increased their stakes in Apple.

**Analyst Ratings:** Neutral; UBS reissued a neutral rating with a $190 price target.

**Net Tilt:** Bullish due to multiple ownership increases and partnerships outweighing facility closure concerns."
2023-12-24,1,"**Product Promotion:** Bullish. Apple is offering a Dh3,500 discount on the iPhone 15 in the UAE, potentially boosting sales in the region."
2023-12-25,17,"**Product Releases & Discontinuations:**
- Bullish: Apple released the latest iPhone and announced Vision Pro for February release.
- Bearish: Apple halted sales of Apple Watch Series 9 and Ultra 2 in the U.S.

**Stock Ownership Changes:**
- Mixed: Multiple firms reduced holdings in AAPL (Drive Wealth Management LLC, JCIC Asset Management Inc., Alera Investment Advisors LLC), while others increased (Private Wealth LLC, Acropolis Investment Management LLC).

**Price Adjustments:**
- Bullish: Significant discount on iPhone 14 Plus.

**Net Tilt:** Neutral to Slightly Bearish due to mixed ownership signals and product discontinuation outweighing positive releases."
2023-12-26,48,"**Product Disruptions & Bans (Bearish):**
- U.S. bans Apple Watch Series 9 and Ultra 2.
- Japan plans to fine Apple.

**Product Launches (Bullish):**
- Vision Pro may debut in February 2024.
- iPhone 15 series launched in September.

**Price Adjustments (Mixed):**
- iPhone 14 Plus price drop.
- M1 iPad Air price slashed.

**Ownership Changes (Mixed):**
- LLC boosts position in Apple by 1.2% and 8.3% in Q2 and Q1 respectively.
- LLC sells 15,903 shares of Apple.

**Stock Performance (Bullish):**
- Shares of Apple gained 49%.

**Net Tilt:** Mixed, with significant bearish signals from product bans and potential fines offsetting bullish launches and stock performance."
2023-12-27,33,"**Product Discontinuation & Resumption:**
- **Bullish:** Apple Watch sales restarted in the U.S. after being pulled due to ITC ban (evidence: ""Apple resumes Apple Watch sales"").
- **Bearish:** ITC ruled to ban Watch Series 9 and Ultra 2, initially pulling them from sale (evidence: ""Apple pulled the watches from sale"").

**Legal & Regulatory:**
- **Bullish:** Apple won a significant patent case (evidence: ""Apple Scores Big Win in Watch Patent Case"").
- **Bearish:** Apple faces antitrust scrutiny and appealed ITC ruling (evidence: ""Apple again under antitrust scrutiny"", ""Apple has appealed the International Trade Commission's ruling"").

**Stock Performance:**
- **Bearish:** Shares fell $1.62, opening at $193.05 (evidence: ""Apple shares are down $1.62"", ""Aapl opened at $193.05 on Wednesday"").

**Upcoming Product Launches:**
- **Bullish:** Vision Pro and AR/VR headset expected in late January (evidence: ""Apple Vision Pro is to hit the shelves in late January"", ""Apple's AR/VR headset is expected to hit the shelves in late January"").

**Ownership Changes:**
- **Bearish:** Multiple institutions decreased holdings in AAPL (evidence: ""Apple Inc. (NASDAQ:AAPL) Shares Sold by"
2023-12-28,38,"**Product Releases & Discontinuations:**
- Bullish: Apple Watch Ultra 2 and Series 9 sales resumed in the US; Vision Pro model launch planned for 2027 (Evidence: ""Watch Ultra 2 go on sale in the US"", ""Apple to launch new Vision Pro model in 2027"").
- Bearish: Apple halted sales of some smartwatches due to issues (Evidence: ""Apple pulled its latest flagship smartwatches due to"", ""Apple (AAPL) Halts Smartwatch Sales"").

**Supply & Production:**
- Bullish: Plans to scale production (Evidence: ""Apple plans to scale production"").
- Neutral: Luxshare set to transform iPhone production (Evidence: ""Luxshare Set to Transform iPhone Production"").

**Legal & Regulatory:**
- Bearish: USITC banned Apple from importing certain products (Evidence: ""Usitc banned Apple from importing"").
- Bullish: US Customs ruled in favor of Apple (Evidence: ""Us Customs rules in favor of Apple"").

**Stock Performance & Ownership Changes:**
- Bullish: Shares up 48.7% YTD; multiple firms increased holdings (Evidence: ""Apple's shares have moved up 48.7% year to date"", ""Berkshire Hathaway Inc raised its position in shares of Apple by 2.3%"", ""State Street Corp boosted its stake in Apple by 0.5%"").
- Bearish: Some institutions"
2023-12-29,25,"**Product Reviews:** Positive reviews for Mac Studio, iPhone 15 Pro, and M3 Max (Bullish).

**Revenue/Growth:** Return to revenue growth (Bullish).

**Product Launches:** New iOS features, A17 Pro chipset, MacBook Pro with M3 Max, iPad hardware (Bullish).

**Partnerships:** Luxshare controls key iPhone plant in China (Bullish).

**Regulatory:** Türkiye probes Apple (Bearish).

**Stock Performance:** Stock growth in 2023 (Bullish).

**Price Adjustments:** Price cut for iPhone 15 in India, substantial discount on iPhone 15 (Bearish).

**Retail Expansion:** New retail locations planned in Toronto (Bullish).

**Ownership Changes:** Morgan Stanley and LLC increase stakes; Heartland Bank & Trust Co and Patten Group Inc sell shares (Mixed).

NET TILT: Bullish."
2023-12-30,17,"**Product Pricing:** Bullish (Iphone 14 Plus price slashed by 17%, Iphone 15 price in India dropped) and Bearish (Apple To Stop Selling Apple Watches).

**Product Launches:** Bullish (iPhone 16 released in 2024, macOS Sonoma featuring iOS launched).

**Ownership Changes:** Mixed (Co boosts stake by 8.3%, multiple firms sell shares).

**Other:** Neutral (Brokerages set target price at $199.54, Apple stock opened at $192.53).

NET TILT: **Bullish** due to product pricing cuts and launches outweighing ownership reductions."
2023-12-31,7,"**Product Release & Pricing:**
- Bearish: iPhone 13 was released in 2021 (no new product).
- Bullish: Apple Watch Series 8 received a massive price cut, potentially boosting sales.

**Ownership Changes:**
- Bullish: Llc increased its position in Apple by 3.5% in Q3 and 4.1% in Q2.
- Bearish: Wedge Capital Management sold shares, and Optimum Investment Advisors reduced its stake by 2.1% in Q3.
- Bullish: Sanders Morris Harris purchased shares.

**Net Tilt:** Mixed, with some bullish signals from price cuts and increased ownership offset by bearish signals from decreased ownership."
2024-01-01,30,"**Earnings:** Bullish; Apple reported $1.29 EPS, beating expectations.

**Revenue:** Mixed; revenue of $89.50B beat consensus but declined 0.7% YoY.

**Analyst Actions:** Net Bearish; Jefferies, Oppenheimer, Rosenblatt, and Goldman Sachs downgraded targets, while Needham, Tigress, and Morgan Stanley upgraded targets.

**Insider Sales:** Bearish; multiple insiders including CEO Tim Cook and CFO Luca Maestri sold significant shares.

**Product Launches/Catalysts:** Bullish; 12 Pro series launch in India and regulatory approvals in UAE and Malaysia.

**Ownership Changes:** Neutral; Berkshire Hathaway, State Street, and Geode Capital increased holdings."
2024-01-02,79,"**Analyst Ratings & Guidance:**
- **Bearish:** Barclays downgraded Apple to ""Underweight"" from ""Neutral,"" citing lower sales projections.
- **Bullish:** Apple’s Q4 earnings beat expectations.

**Revenue & Market Share:**
- **Bearish:** Revenue fell, iPhone revenue declined, and market share dropped due to a demand slowdown.

**Product Releases:**
- **Mixed:** Vision Pro likely launching January 27; new iPads released in 2023; Apple acquired Peloton.

**Stock Performance:**
- **Bearish:** Shares fell post-Barclays downgrade, hitting a seven-week low.
- **Bullish:** Apple’s stock surged 48.2% in 2023."
2024-01-03,49,"**Analyst Downgrades & Price Target Reductions:** Barclays downgraded Apple to ""underweight"" from ""equal weight,"" while Jefferies lowered the price target from $220 to $195. **Bullish:** Revenue growth could accelerate with new products; **Bearish:** Revenue has declined since 2022, particularly iPad revenue (-20%). **Legal Issues:** DOJ filed an antitrust suit against Apple, and a lawsuit was filed in Bengaluru. **Product Releases:** iPhone 15 available in India, Vision Pro planned for late January or February, and new Apple TV 4K in H1 2024. **Stock Performance:** Shares dropped significantly, losing $100 billion. **Ownership Changes:** Mixed, with some firms increasing stakes while others decreased."
2024-01-04,47,"**Analyst Actions:** Bullish: Needham upgraded price target to $220.00; Tigress Financial upgraded to $240.00; Morgan Stanley to $220.00. Bearish: Oppenheimer downgraded to $200.00; Rosenblatt Securities to $189.00; Goldman Sachs to $216.00; Piper Sandler downgraded to Neutral. **Product Updates:** Bullish: iOS 17 release, new chips, Mac Studio rumor, enhanced Siri, Fitness+ features. Bearish: Glitch hits iPhones, Beats price cuts. **Financials:** Revenue down 0.7% YOY; stock down 4% in 2024, hit eight-week low. **Legal/Catalysts:** Antitrust fine, lawsuit settlement, Vision Pro competition. **Ownership:** Vanguard, Berkshire Hathaway, State Street, Geode Capital increased holdings. **Net Tilt:** Mixed, leaning slightly bearish due to revenue decline, stock performance, and analyst downgrades outweighing product enhancements and upgrades."
2024-01-05,43,"**Legal Issues:** Bearish. Apple lost a legal case and faces multiple lawsuits and potential antitrust cases (DoJ, sweeping antitrust).

**Analyst Actions:** Mixed. Piper Sandler downgraded to Neutral from Overweight; Wedbush and Credit Suisse maintained Outperform ratings with $250 and $220 targets respectively.

**Revenue/Earnings:** Bearish. Revenue fell 2.8% to $383B annually.

**Stock Performance:** Mixed. Share price climbed 54% in 2023 but fell 1% today.

**Product Updates:** Bullish. New iPad refresh and enhanced Siri with generative AI.

**Ownership Changes:** Mixed. CFO Luca Maestri sold shares while several institutions increased holdings."
2024-01-06,19,"**Revenue & Product Launches:** Bullish; iPhone sales grew, and Apple is expected to launch new products in 2024.

**Analyst Actions & Ratings:** Bearish; Barclays downgraded Apple, reducing the stock rating.

**Legal & Regulatory Issues:** Bearish; U.S. International Trade Commission banned Apple imports, antitrust investigations intensified, and multiple lawsuits are pending.

**Insider Trading & Ownership Changes:** Bearish; SVP Katherine Adams sold shares, and Arkfeld Wealth Strategies reduced position in Apple.

**Net Tilt:** Bearish."
2024-01-07,11,"**Analyst Actions:** Bearish; Piper Sandler and Barclays downgraded AAPL to Neutral and Underweight respectively.  
**Product Launches:** Bullish; Apple launched its first iPhone in India and signed a $4B deal with Tamil Nadu. Vision Pro expected in February.  
**Ownership Changes:** Mixed; Capital Advisors increased stake while Llp sold shares.  
**Other:** Bullish; AAPL’s stock surged 50% last year. Negative; eSIM apps removed from App Store."
2024-01-08,105,"**Revenue and Volume Declines:** Bullish signals include a potential double-digit sales increase (ess0.65); however, multiple reports indicate significant declines in iPhone sales and shipments in China (ess-0.84), overall sales drops (ess-0.68), and market share losses (ess-0.56).

**Analyst Actions:** Bearish with Jefferies (ess-0.8), Oppenheimer (ess-0.76), Piper Sandler (ess-0.58), and Rosenblatt Securities (ess-0.56) lowering targets and ratings. Tigress Financial upgraded the price target to $240 (ess0.64).

**Product Launches and Updates:** Positive with new power management systems (ess0.76) and Vision Pro AR headset launch (ess0.52). Negative with potential delays or cancellations in AirTag and Apple Watch X releases (ess-0.56).

**Legal Issues:** Antitrust suit against Apple by DOJ (ess-0.58).

**Net Tilt:** Bearish due to overwhelming negative signals on revenue and analyst actions outweighing positive product developments."
2024-01-09,55,"**Revenue Trends:**
- **Bearish:** iPhone sales in China slumped, overall revenue down in multiple regions, iPhone 15 sales in China dropped 30%. (Evidence: ""Apple iPhone 15 Sales in China Slumped"", ""Apple Inc.'s iPhone sales slump"", ""Iphone sales there dropped 30 percent"")
- **Bullish:** Revenue in India grew significantly, App Store revenue increased, and beat Q4 expectations. (Evidence: ""Apple's revenue in India hit nearly Rs 50,000 crore"", ""Apple's App Store revenue increased"", ""Apple Inc.: The company had revenue of $89.50 billion for the quarter, compared to analysts' expectations of $89.34 billion"")

**Analyst Actions:**
- **Bullish:** Needham & Company LLC and Morgan Stanley upgraded price targets to $220.00. (Evidence: ""Needham & Company LLC raised their price target on shares of Apple from $195.00 to $220.00"", ""Morgan Stanley increased their price target on shares of Apple from $210.00 to $220.00"")

**Product Releases/Catalysts:**
- **Bullish:** Vision Pro release date confirmed for February 2, iOS 18 and new MacBook Pro expected soon. (Evidence: ""Apple to release its mixed reality headset, Vision"
2024-01-10,24,"**Revenue Guidance and Analyst Actions:** Bearish. Revenue guidance lowered; Atlantic downgraded Apple to Neutral from Overweight, citing EPS of $0.75 below estimates.

**Executive Changes and Insider Activity:** Bearish. Senior executive resignation; SVP Katherine Adams sold shares.

**Product Releases:** Bullish. Multiple product launches including iPhone 12 Pro 5G series, MacBook Air models, and Vision Pro details.

**App Store Policies:** Bearish. Removal of crypto exchange apps from App Store in India and globally.

**Ownership Trends:** Mixed. Some firms increased holdings while others decreased, with no clear net trend.

**Net Tilt:** Bearish. Revenue guidance and analyst downgrade outweigh positive product releases."
2024-01-11,39,"**Product Price Cut & Analyst Downgrades:** Bullish/Bearish Mixed. IPhone 14 price cut by 26% (Bearish); Atlantic and Piper Sandler downgraded Apple (Bearish).

**Revenue & Product Release:** Bullish. iPhone sales rise (Bullish); HomePod Mini expected to launch in Malaysia, USB-C Magic Keyboard planned (Bullish).

**Board Changes & Executive Pay:** Bearish. Al Gore and James Bell stepping down from Apple’s board (Bearish); Tim Cook takes steep pay cut (Bearish).

**Stock Movements & Ownership:** Neutral. Apple shares closed up fractionally (Neutral); mixed ownership changes (Institutional increases and decreases) (Mixed).

NET TILT: Bearish."
2024-01-12,39,"**Price Target Adjustments:** Bearish (Jefferies downgraded from $220 to $195, Oppenheimer from $220 to $200); Bullish (Needham upgraded from $195 to $220, Morgan Stanley from $210 to $220).

**Earnings and Legal Issues:** CFO’s high earnings ($26.9M) vs. legal issues (Canadians $14.4M fine, class-action lawsuit).

**Product Updates:** Mixed (AirTag price cut, Mac Mini price drop, iPhone 13 price cut, iPad Air review, potential 12 Pro+ India launch).

**Executive Changes:** Bearish (CFO leaving, Al Gore retiring from board).

**Ownership Trends:** Mixed (multiple firms increasing holdings, some decreasing positions).

**Net Tilt:** Neutral to Slightly Bearish due to conflicting signals and mixed product updates."
2024-01-13,17,"**Price Target Upgrades:** Bullish; Tigress Financial upgraded target from $225.00 to $240.00.

**Product Releases:** Bullish; Vision Pro headset release announced, with U.S. sale starting February 2; 12 Pro 5G series launch this month.

**Ownership Changes:** Mixed; Llc increased stake by 5.5%, while multiple firms (L. Roy Papp & Associates LLP, Benedict Financial Advisors Inc., Stewart & Patten Co. LLC) decreased holdings.

**Analyst Ratings:** Neutral-Bullish; Evercore ISI reissued ""outperform"" with $210.00 target; Wedbush reaffirmed ""outperform"" with $250.00 target; Bank of America and Sanford C. Bernstein maintained neutral ratings.

**Price Cuts:** Bearish; Amazon cut iPhone 13 price."
2024-01-14,12,"**Product Updates:**
- Bullish: Vision Pro accessory is ready (Vision Pro accessory release).
- Bearish: iPhone 14 Plus price drop (price cut).
- Bullish: iPhone 15 receives significant discount (Rs. 13,000).

**Ownership Changes:**
- Bullish: Multiple institutions and individuals increased stakes (Co, MD, IfM Investors, Verity & Verity).
- Bearish: Several entities decreased positions (Handelsbanken Fonder, LP, Alta Wealth Advisors).

**Earnings Forecast:**
- Neutral: Analysts predict EPS of 6.57 for the current year.

**Net Tilt:** Mixed, with some bullish signals from product promotions and stake increases offset by bearish signals from price cuts and stake decreases."
2024-01-15,29,"**Earnings & Analyst Actions:** Bullish; Apple reported better-than-expected earnings with EPS growth, but Jefferies downgraded price target to $195 from $220.

**Product Launches & Enhancements:** Mixed; 12 Pro series launches globally on Jan 29, while Watch Series 9 and Ultra 2 sales paused in US, later potentially reinstated. Magic Keyboard updated.

**Price Adjustments & Discontinuations:** Bearish; iPhone 15 prices slashed in China and globally, Watch Series 9 and Ultra 2 sales paused, Blood Oxygen app removed from newer models.

**Legal & Executive Changes:** Neutral; settled class action lawsuit for $25M, Tim Cook’s pay cut.

**Ownership Trends:** Mixed; multiple institutions increased holdings, while Clarius Group sold shares."
2024-01-16,73,"**Price Target Adjustments:** Bullish (Needham upgraded from $195 to $220); Bearish (Rosenblatt downgraded from $198 to $189).

**Revenue Guidance:** Bearish (App Store revenues expected to decline).

**Market Share:** Bullish (Apple surpassed Samsung as global smartphone leader).

**Regulatory & Legal:** Bearish (Supreme Court rejected Apple’s appeals in App Store cases); Bullish (Vision Pro received FCC approval).

**Product Releases:** Bullish (iPhone 15 discounts, Watch Series 9 sales resumed, Vision Pro global launch planned).

**Stock Performance:** Bearish (Apple stock declined due to iPhone discounts).

**Partnerships:** Bullish (Apple collaborations with TSMC and Disney).

**Conflicting Signals:** Net tilt slightly bearish due to mixed regulatory/legal outcomes and revenue concerns."
2024-01-17,76,"**Earnings & Revenue:** Bullish. Apple reported a 550% increase in profits and higher smartphone sales compared to Samsung.

**Analyst Actions:** Bullish. Tigress Financial upgraded Apple’s target price from $225.00 to $240.00.

**Regulatory & Legal:** Bearish. FCC approved Vision Pro, but Apple faces potential antitrust suits and a U.S. sales ban on two Apple Watches.

**Product Releases:** Neutral. Multiple product releases planned, including iPads, Vision Pro, and iOS updates.

**Supply Chain & Partnerships:** Neutral. Apple collaborates with Indian suppliers and opens new offices in India.

**Insider Trading:** Bearish. SVP Katherine L. Adams sold shares.

**Sales Performance:** Bearish. iPhone 15 sales in China declined by 30%.

**Net Tilt:** Mixed, with significant bullish signals from earnings and analyst upgrades offset by regulatory risks and sales declines."
2024-01-18,67,"**Analyst Actions:** BofA upgrades Apple to Buy from Neutral, raising PT to $225 (Bullish).

**Product Launches & Discontinuations:** Apple Watch Series 9 and Ultra 2 banned in US; AirPods Pro debuts in South Korea; Vision Pro launches Feb 2; iOS 17.3 and iPadOS 17 released (Mixed).

**Legal & Regulatory:** US bans some Apple Watch imports; DOJ investigates App Store since 2019; Apple settles lawsuit for $35M (Bearish).

**Earnings & Revisions:** Negative earnings revisions noted (Bearish).

**Insider Trading:** Chris Kondo sells Apple shares (Bearish).

**Net Tilt:** Mixed signals; analyst upgrade and product launches offset by legal/regulatory issues and negative earnings revisions."
2024-01-19,38,"**Analyst Actions:** Bullish (Evercore ISI upgrades to Tactical Outperform); Bearish (Jefferies cuts PT to $195); Mixed (Bank of America raises PT).

**Product Releases/Catalysts:** Bullish (12 Pro Series, Series 5G, Vision Pro launch in India on Jan 29; new iPhone 15 release).

**Settlements:** Neutral (multiple settlements including $35M lawsuit, EU antitrust probe).

**Cyber Attacks:** Bearish (iOS devices affected by Pegasus spyware).

**Ownership Changes:** Bullish (major institutions like State Street, Vanguard increase holdings); Bearish (Sumitomo Life Insurance sells shares).

**Net Tilt:** Mixed, with some bullish signals from product launches and institutional buying offset by bearish analyst downgrades and cyber attacks."
2024-01-20,19,"**Morgan Stanley upgraded Apple’s price target from $210.00 to $220.00 (Bullish)**. The iPhone 15 was released (Neutral). Apple settled an EU antitrust probe with its contactless pay function (Bullish). Vision Pro tech specs were revealed (Bullish). Several institutions increased holdings (Bullish), while others decreased positions (Bearish). Apple shares traded up 1.6% (Bullish). Analysts predict EPS of 6.57 for the current fiscal year (Neutral). Sanford C. Bernstein maintained a “market perform” rating with a $195.00 target (Neutral). **Net tilt: Bullish**."
2024-01-21,25,"**Analyst Actions:** Barclays downgraded Apple to Underweight, while Bank of America upgraded it to Buy. Price targets were mixed: Needham raised to $220, Oppenheimer lowered to $200, and Rosenblatt lowered to $189. **Product Releases:** Apple is planning new iPad Air, iPad Pro, and MacBook Air releases. **Price Cuts:** iPhone 14 saw a price cut on Amazon. **Ownership Changes:** Multiple firms increased or decreased holdings, with some trimming positions. **Patents:** A patent was awarded to Apple. **Earnings Estimate:** Analysts predict FY EPS of 6.6. **Net Tilt:** Mixed signals, slightly bearish due to downgrades and price target reductions outweighing upgrades and positive product news."
2024-01-22,69,"**Antitrust & Sanctions:**
- **Bearish:** Apple faces antitrust lawsuit and paid $13.7 million in Russian sanctions-related fines.

**Product Launches:**
- **Bullish:** Multiple product launches planned including Vision Pro (Feb 2), new iPads (March), MacBook Air/MacBook Pro (March), and iOS/iPadOS/macOS updates.

**Discontinuations:**
- **Bearish:** Product sales suspended in Russia.

**Upgrades & Enhancements:**
- **Bullish:** New generative AI features for Siri, camera upgrades for iPhone 16 series, and major overhauls for iPads.

**Mixed Signals:**
- Bullish signals from product launches and enhancements outweigh bearish signals from legal issues and discontinuations."
2024-01-23,43,"**Product Updates & Launches (Bullish):**
- Apple rolled out iOS 17, tvOS 17.3, and introduced collaborative Apple Music.
- Vision Pro set for release on February 2.
- MacBook Air models launching in spring.
- Apple Car launch date reportedly 2028.

**Regulatory & Legal (Bearish):**
- DOJ considering antitrust case against Apple.
- Malware targeting MacOS uncovered by Kaspersky Labs.
- Apple settles Russian fine in in-app payments dispute.

**Analyst Actions (Bullish):**
- Bank of America upgraded Apple.

**Supply & Demand Changes (Mixed):**
- Two US Apple Stores closing.
- Layoffs at Apple TV+.
- Ownership increases by LLC and Barclays, decreases by Crescent Sterling Ltd, Farley, and Spring Capital Management LLC.

**Net Tilt:** Mixed, with significant bullish product launches offset by regulatory concerns and mixed ownership signals."
2024-01-24,39,"**Market Share & Product Releases:** Bullish. Apple gains market share and releases multiple products including visionOS, Apple Music Classical, new AirPods, and plans for future iPhone, iPad, and Mac models. The 2028 Apple Car launch is confirmed despite delays.

**Legal & Business Issues:** Bearish. Apple faces potential developer charges and EU fee changes. Amazon terminates rare deals with Apple.

**Ownership Changes:** Mixed. Multiple firms increase stakes in Apple, while others reduce positions. Sippican Capital Advisors acquires shares.

**Earnings & Guidance:** Neutral. Analysts expect EPS of $6.6 for FY2024, with Q1 revenue guidance pending."
2024-01-25,49,"**Revenue and Guidance:** Bullish (revenue up); Bearish (guidance slow, potential fine, export dip, market share loss in China).

**Analyst Actions:** Bearish (Rosenblatt downgraded target from $198 to $189).

**Product Releases/Delays:** Bullish (AI-powered Siri, iOS updates, new iPhone, EU App Store changes); Bearish (EV launch pushed back).

**Ownership Changes:** Mixed (multiple increases, some decreases).

**Stock Performance:** Bearish (stock slides, falls 1%).

**Net Tilt:** Bearish due to multiple negative signals outweighing positive product releases."
2024-01-26,35,"**Revenue:** Mixed. Services revenue growth (bullish); overall revenue $382.3B slightly below expectations (bearish).

**Analyst Actions:** Bullish. Tigress Financial upgraded price target to $240 from $225.

**Product Releases:** Multiple upcoming product launches including new iPhones, Macs, CarPlay, and electric car (bullish).

**Legal & Regulatory:** Facing potential EU action and ongoing legal issues with Epic Games (bearish).

**Ownership Changes:** Net increase in ownership by some firms, but also significant sales by others (mixed).

**Net Tilt:** **Bullish** due to strong analyst upgrades and multiple product launches outweighing regulatory concerns."
2024-01-27,31,"**Price Target Downgrade:** Oppenheimer downgraded Apple’s price target from $220.00 to $200.00 (Bearish).

**Regulatory Warning:** EU warns Apple to fix App Store (Bearish).

**Product Launches:** Apple to unveil touchscreen HomePod in early 2024 (Bullish); rumored 2019 Apple car unveiling pushed back to 2028 (Bearish).

**Partnerships:** Apple reportedly partnered with Volkswagen and a Vietnamese rapper (Neutral).

**Ownership Changes:** Multiple firms increased holdings in Apple (Bullish); some reduced holdings (Bearish).

**Other Developments:** Amazon cuts iPhone 14 Plus prices (Bearish); Apple enhances iPhone security and services (Bullish).

**Net Tilt:** Mixed signals with a slight net bearish tilt due to regulatory pressure and product delays."
2024-01-28,24,"**Revenue and Earnings:**
- **Bearish:** Mac revenue dropped year-on-year.
- **Neutral:** EPS estimate for FY2024 is $6.58.

**Product Updates:**
- **Bullish:** Apple Watch Series 9 and Ultra 2, iPad and Mac launches expected in late March, new iPad Pro models, MacBook Air (June 2023), and CarPlay in 2024 announced.
- **Bullish:** AirPods Pro 2 refreshed.

**Ownership Changes:**
- **Net Bullish:** State Street, Management, Morgan Stanley, and Railway Pension Investments increased holdings.
- **Net Bearish:** Multiple entities decreased stakes.

**Conflicting Signals:** Product launches and ownership increases are bullish, while revenue decline and stake reductions are bearish. **NET TILT:** Neutral to Slightly Bullish."
2024-01-29,64,"**Revenue & Earnings:**
- Bullish: Apple’s December revenue may beat estimates, and revenue in India grew significantly.
- Neutral: No specific EPS guidance provided.

**Product Releases & Upgrades:**
- Bullish: Multiple product launches and upgrades planned, including M3-powered MacBook Pro, Vision Pro, new iPad models, and potential MacBook Air M3.
- Bearish: Apple delays its EV launch and cancels an unspecified project.

**Executive Changes:**
- Bearish: VP of Hardware Engineering resigns; multiple executives have left recently.

**Settlements:**
- Bullish: Supreme Court approves iPhone class-action settlement.

**Other:**
- Mixed: Layoffs at Apple TV+, but iPhone sales grew 28% in 2023."
2024-01-30,62,"**Revenue & Earnings Guidance:**
- Bullish: Apple beat earnings estimates and expects year-over-year revenue growth (revenue up 0.72, earnings above expectations 0.7).
- Bearish: Revenues fell (-0.68), and Apple suspended quantitative forward guidance (-0.56).

**Analyst Actions:**
- Bullish: Robert W. Baird upgraded price target to $200.00 (0.68), Morgan Stanley raised target to $220.00 (0.54), Bank of America upgraded (0.54).
- Bearish: Piper Sandler downgraded to neutral (-0.58), Barclays downgraded (-0.58).

**Product Updates:**
- Bullish: Released watchOS 10.4, macOS 14, iOS 17 beta (0.52); AI investments (0.46).
- Bearish: iCloud outage (-0.54), watchOS 10 failure to release (-0.52).

**Ownership Changes:**
- Bullish: Multiple firms increased holdings (0.37).

**Net Tilt:** Mixed, with some bullish signals (earnings, upgrades, product releases) offset by bearish ones (revenue decline, downgrades, outages)."
2024-01-31,53,"**Analyst Ratings & Guidance:**
- Bullish: Goldman Sachs and JPMorgan upgraded AAPL to “Buy” and “Overweight,” respectively.
- Bearish: Bernstein forecasts iPhone sales to fall 3% in 2024; Apple expects lower iPhone sales and demand.

**Earnings & Revenue:**
- Bullish: Q4 EPS of $1.88 beats estimates; Q4 revenue expected to edge up with services growing 11%.
- Bearish: iPhone sales to drop; Q4 iPhone revenue growth forecast at 3%.

**Product Releases:**
- Bullish: Vision Pro VR headset launch on Feb 2; iOS 17, visionOS, and M3 chip released; refreshed iPads and Macs in March; iPhone 16 models later this year; iPhone 17 series next year.

**Stock Performance & Ownership Changes:**
- Bullish: Shares climbed nearly 50% last year; multiple firms increased stakes in AAPL.
- Bearish: One firm reduced stake in AAPL.

**Net Tilt:** Mixed, with significant bullish signals from product launches and analyst upgrades offsetting bearish guidance on iPhone sales and demand."
2024-02-01,127,"**Revenue & Earnings:** Bullish. Apple reported Q1 revenue and earnings above expectations, with GAAP EPS of $2.18 beating estimates by $0.07. However, Apple Watch sales fell despite a 38% price cut.

**Product Launches:** Neutral. Vision Pro launches tomorrow, while iPhone SE is set for 2025 and new iPhones for 2024. Modem project is winding down.

**Analyst Actions:** Bullish. Tigress Financial upgraded AAPL’s price target from $225 to $240.

**Guidance & CapEx:** Bearish. No explicit guidance provided for the next quarter, and capex decreased to $3.55B from $3.79B.

**Net Tilt:** Bullish. Positive earnings and revenue overshadow product and guidance concerns."
2024-02-02,139,"**Analyst Actions & Guidance:**
- **Bearish:** Barclays downgraded Apple to Sell; Atlantic cut from Buy to Neutral.
- **Bullish:** Jefferies upgraded price target to $205 from $195.

**Earnings & Revenue:**
- **Bullish:** Q1 revenue beat expectations, growing to Rs 991041 crore; EPS of $2.18 beat estimates; net profit surged 76% to Rs 2,229 crore; iPhone sales exceeded predictions at $69.7 billion; Mac sales rose to $7.78 billion; India revenue surged 48%.
- **Bearish:** iPhone revenues expected to decline; China sales tumbled.

**Other Signals:**
- **Bullish:** Strong holiday quarter; record revenue; spatial computing promise; buybacks.
- **Bearish:** Antitrust lawsuit ongoing; bankruptcy fears.

**Net Tilt:** Mixed, but slightly **Bullish** due to strong earnings and revenue beats outweighing analyst downgrades and revenue declines in China."
2024-02-03,48,"**Earnings:** Bullish; Q4 net income reached $33.92 billion (beat expectations).

**Analyst Actions:** Mixed; Piper Sandler downgraded to $190.00, JPMorgan to $215.00, Barclays to $158.00; Baird upgraded to $200.00, Monness Crespi & Hardt to $200.00, Morgan Stanley to $220.00, Goldman Sachs to $232.00.

**Product News:** Bullish; Vision Pro launch day in NYC, new powerful iPhone expected, foldable device preparation, Vision Pro positive reviews, $3,500 VR headset launch.

**Legal:** Bearish; US approved antitrust lawsuit against App Store.

**Ownership Changes:** Mixed; multiple firms increased holdings, some decreased stakes."
2024-02-04,22,"**Product Enhancements & Promotions (Bullish):**
- Apple Watch Series 9 introduced with new features.
- On-device Siri and Vision Pro’s Mac virtual display unveiled.
- iOS 17.4 release scheduled for March.
- Discounts on iPhone 15, iPad Air, and AirTag 4 Pack.

**Revenue & Earnings (Mixed):**
- Q4 revenue up 6% (Bullish).
- Disappointing December results (Bearish).

**Acquisitions & Cyber Attacks (Mixed):**
- Apple acquiring AI startup (Bullish).
- Vision Pro hacked on launch day (Bearish).

**Ownership Changes (Mixed):**
- Simmons Bank, Conning Inc. sold shares (Bearish).
- Punch & Associates, Schoolcraft Capital, Steph & Co acquired shares (Bullish)."
2024-02-05,45,"**Revenue & Earnings:** Bullish. Apple reported Q124 revenue of $119.6 billion, a 2% YoY increase, and EPS of $2.10, beating expectations.

**Analyst Actions:** Bearish. Atlantic and JPMorgan downgraded Apple to Neutral, while Bank of America maintained a Buy rating.

**Product Launches:** Bullish. Apple introduced cost-effective language models and Vision Pro spatial computer, with new iPad expected in March.

**Acquisitions:** Bullish. Rumors suggest Apple acquiring German AI startup Brighter AI to bolster Vision Pro.

**Legal Issues:** Bearish. An inventor is suing Apple over the Apple Watch.

**Ownership Changes:** Mixed. Multiple firms increased stakes, while others decreased positions.

**Net Tilt:** Net bullish due to strong revenue growth, product launches, and acquisition rumors outweighing analyst downgrades and legal issues."
2024-02-06,52,"**Revenue Guidance and Analyst Actions:**
- **Bearish:** UBS sees January App Store revenue slowdown; Piper Sandler downgrades price target from $205 to $190; JPMorgan cuts target from $225 to $215; Barclays drops target from $160 to $158.
- **Bullish:** Monness Crespi & Hardt upgrades price target from $189 to $200; Goldman Sachs raises target from $223 to $232.

**Product Reviews and Regulatory Warnings:**
- **Bullish:** Positive Vision Pro review; iPhone 15 introduces innovative features.
- **Bearish:** US Transport Secretary warns about Apple glasses; Vision Pro has two big flaws.

**Legal and Cybersecurity:**
- **Bullish:** Apple wins antitrust lawsuit against AliveCor.
- **Bearish:** Hackers target iPhone owners.

**Product Launches and Delays:**
- **Neutral:** Vision Pro launches in China; 12 Pro series goes on sale; Vision Pro beta released; Apple delays new Apple Watch Ultra due to issues.

**Ownership Changes:**
- **Mixed:** Various firms increase or decrease positions in Apple stock.

**Net Tilt:** Bearish due to multiple downgrades and revenue concerns outweighing positive product reviews and legal victories."
2024-02-07,42,"**Bullish Signals:**
- **Price Target Upgrades:** Da Davidson raised price target to $200.00 from $166.00; Robert W. Baird raised to $200.00 from $186.00.
- **Legal Wins:** Apple won multiple lawsuits, including against AliveCor and in an Apple Watch antitrust case.
- **Product Launches & Enhancements:** Vision Pro speculated for China, new iPad Pro with OLED display expected soon, iOS 17.4 and watchOS 10 released, foldable iPhone rumored.

**Bearish Signals:**
- **Ownership Decreases:** Northwest Bancshares Inc., Hudson Valley Investment Advisors Inc., and Allspring Global Investments Holdings LLC reduced holdings.
- **Product Price Cuts:** iPhone 13 discounted in India, AirPods 2 on sale for $90.

**Net Tilt:** Bullish due to multiple analyst upgrades and legal victories outweighing ownership decreases."
2024-02-08,53,"**Earnings & Revenue:** Bullish. Apple reported record EPS of $2.18, beating expectations despite a revenue decline that broke a multi-year streak.

**Legal:** Mixed. Apple won a significant lawsuit but faces ongoing user suits alongside Google. Net tilt slightly negative.

**Product:** Bullish. Multiple product launches and enhancements including Vision Pro updates, iCloud redesign, and new AI tools.

**Other:** Neutral. Includes executive compensation details, patent awards, and a dismissed lawsuit."
2024-02-09,35,"**Product Releases and Enhancements (Bullish):**
- Stable versions of Apple Devices released.
- Apple Watch, iPadOS 17, AI photo editing tool, iOS 17, and replacement media apps for Windows launched.
- New AI-powered glasses and AR device Vision Pro introduced.
- Minor software updates and potential iOS 18 with AI features announced.

**Legal Issues (Bearish):**
- Apple employee sentenced to prison.
- Lawsuit planned against unspecified party.
- iTunes on Windows phased out.

**Ownership Changes (Mixed):**
- Positive: Llc, Vanguard Group Inc., and Llp increased holdings.
- Negative: Marino Stram & Associates LLC, Sandy Spring Bank, and Insight Inv LLC reduced positions.

**Price Target Downgrade (Bearish):**
- Barclays downgraded price target from $160.00 to $158.00.

**Analyst Ratings (Neutral):**
- Rosenblatt Securities maintained neutral rating with $189.00 target price.

**Earnings Estimate (Neutral):**
- Analysts predict EPS of 6.58 for the current year."
2024-02-10,22,"**Price Target Upgrades:** Bullish. Baird, Monness Crespi & Hardt, and Goldman Sachs upgraded their price targets on Apple to $200.00, $200.00, and $232.00 respectively.

**Settlement Agreements:** Bullish. Apple reached settlements with multiple parties, including Rivos, indicating reduced legal risk.

**Product Promotion:** Bullish. The iPad Air is on sale, potentially boosting sales.

**Ownership Increases:** Bullish. Multiple firms increased their stakes in Apple, including Md, Inc., Llc, State Street Corp, and Geode Capital Management LLC.

**Ownership Decrease:** Bearish. One firm sold shares, conflicting with overall positive ownership trends.

**Robbery Incident:** Bearish. A single Apple store was robbed, though likely isolated.

**Stake Acquisitions:** Bullish. Phillips Wealth Planners LLC, Equita Financial Network Inc., and Bell Bank acquired Apple shares.

**Dividend Announcement:** Neutral. Apple announced a quarterly dividend payment."
2024-02-11,18,"**Product Availability and Pricing:**
- Bullish: iPhone 15 is now available in India.
- Bearish: iPhone 15 gets price cut in India; Amazon lowers price of iPhone 14 Plus; big discount on iPhone 15.

**Legal Settlement:**
- Bullish: Apple settles lawsuit.

**Ownership Changes:**
- Bullish: Pllc, Barclays, Holdings Inc., and First Citizens Bank & Trust Co. increase stakes.
- Bearish: Clearview Wealth and Melfa Wealth Management LLC decrease stakes.

**Analyst Ratings:**
- Neutral: Wedbush reiterates ""outperform"" with $250.00 target; Needham reiterates ""buy"" with $220.00 target.

**Net Tilt:** Mixed, with some bullish signals offsetting bearish ones."
2024-02-12,39,"**Price Target Downgrades:** Piper Sandler downgraded from $205 to $190; JPMorgan Chase from $225 to $215; Barclays from $160 to $158 (Bearish).

**Revenue Outlook:** iPhone sales forecast for incremental growth in 2024 (Bullish).

**Product News:** Acquiring AI startups, launching new M3 chipset series, unveiling new Macs, planning AirPods (4th gen) and AirPods Max in 2025, discontinuing AirPods 2 and 3 (Mixed).

**Investor Activity:** Institutional investors like Vanguard and Morgan Stanley increased holdings, while others reduced stakes (Mixed).

**Stock Performance:** Apple’s stock up 0.3% today, 22% over past year (Bullish).

**Net Tilt:** Mixed signals with some bullish product launches and revenue growth forecasts offset by bearish analyst downgrades and mixed investor activity."
2024-02-13,44,"**Product Launches & Enhancements (Bullish):**
- Positive 12 Pro review.
- iPad Pro launch next month.
- Potential M3 chip launch in March.
- Updated iPad Air and Pro models expected in 2024.
- VisionOS release.
- Vision Pro availability in the US.
- Vision Pro OS update.

**Regulatory & Legal Issues (Bearish):**
- Apple employee sentenced to jail.
- FCC and DOJ investigations initiated.
- Commissioner Brendan Carr investigates Apple.

**Price Adjustments (Mixed):**
- iPhone 15 and Apple Watch price cuts.
- Apple Watch SE 2 prices drop.

**Ownership Changes (Net Bearish):**
- Multiple firms decrease positions in AAPL.
- Some increase positions, but net is negative.

**Stock Performance (Neutral):**
- Share price up year-over-year, but opened lower on Tuesday."
2024-02-14,30,"**Product Price Cuts and Promotions:** Bullish (Iphone 14 Plus price slashed by 26%, AirPods Max discounted by $100, Apple Watch 9 deep discounts).

**Product Launches and Enhancements:** Mixed (iPad Air, Magic Keyboard, OLED iPad Pro, iOS 17.4, watchOS 10 announced; MacBook Pro launch possibly delayed).

**Analyst Actions:** Bullish (Goldman Sachs upgraded price target from $223 to $232).

**Ownership Changes:** Net Neutral (State Street, Llp, and Md increased holdings; Jennison Associates, Lodestar, James Investment Research, and Berkshire Hathaway decreased holdings).

**Other:** Neutral (Jony Ive resigns, watchOS 10.4 beta release, theft from Apple store)."
2024-02-15,39,"**Analyst Actions:** Bearish (Piper Sandler downgraded to $190, JPMorgan downgraded to $215, Barclays downgraded to $158); Bullish (Monness Crespi & Hardt upgraded to $200, Oppenheimer reissued outperform with $200 target, Needham reissued buy with $220 target).

**Legal Developments:** Bullish (EU rules in favor of Apple); Bearish (Meta’s Facebook and Instagram plan to charge Apple).

**Product Releases:** Bullish (iOS 17.4 rollout, new iPad, MacBook Air, iPhone 15 expected, new AI features).

**Price Adjustments:** Bearish (Amazon slashes iPhone 14 and AirPods Pro prices).

**Ownership Changes:** Mixed (multiple firms increase holdings, some decrease).

**Net Tilt:** Neutral to Slightly Bearish due to conflicting signals."
2024-02-16,28,"**Product Launches (Bullish):** Apple is expected to launch 5 new iPhones this year, with the iPhone SE 4 tipped for early 2025. Additionally, the company may introduce an AI-powered tool and has started selling the Vision Pro.

**Ownership Changes (Mixed):** Institutional investors like Pllc and Ifm Investors increased holdings, while others like 5th Street Advisors LLC and Money Concepts Capital Corp sold shares.

**Price Action (Bearish):** AAPL traded down $1.48 to $182.38 during Friday’s trading.

**Analyst Ratings (Neutral):** Wedbush reaffirmed an “outperform” rating with a $250.00 price target, while Rosenblatt Securities reissued a “neutral” rating with a $189.00 price target."
2024-02-17,23,"**Product Reviews & Outages:**
- **Bullish:** Citigroup reaffirmed a ""buy"" rating with a $225.00 price target.
- **Bearish:** Vision Pro review criticized as lacking; Apple Pay outage reported.

**Ownership Changes:**
- **Bullish:** Multiple institutions increased stakes (State Street, Barclays, MD, LLP, Vanguard, Geode).
- **Bearish:** Tower Bridge Advisors trimmed position.

**Other:**
- **Neutral:** Earnings estimate at $6.56 EPS for the current year.
- **Negative:** Foldable iPhone delayed; burglary at Apple store.

**Net Tilt:** Bullish due to multiple institutional increases and positive analyst action outweighing product criticism and ownership reduction."
2024-02-18,25,"**Revenue and Guidance:** Bearish. Apple’s revenue was cut, EPS missed estimates (-0.68).

**Regulatory and Legal:** Bearish. EU formally charged Apple with anticompetitive practices and expects to fine Apple €500M-$800M.

**Product Updates:** Mixed. iPhone 15 Pro received a significant price cut (-Rs 38,962); iPhone 16 expected to introduce new camera design. 

**Ownership Changes:** Net Neutral. Multiple firms increased holdings (Llc, Osaic Holdings Inc., Llc), while others decreased (Ltd, Knights of Columbus Asset Advisors LLC, Csenge Advisory Group). ESG Planning bought shares."
2024-02-19,49,"**Sanctions and Fines:** Bearish. The European Union is set to fine Apple €500 million (approximately $539 million) for antitrust violations.

**Analyst Actions:** Mixed. Monness Crespi & Hardt upgraded Apple’s price target to $200.00 from $189.00, while JPMorgan Chase downgraded it to $215.00 from $225.00. Phillip Securities downgraded Apple to Neutral from Accumulate.

**Product Updates:** Bullish. Apple Vision Pro’s successor is expected in 2026, and the company will release iOS 17 next month with new Macs anticipated.

**Ownership Changes:** Mixed. Multiple firms increased holdings in Apple, while others reduced positions. Notably, Berkshire Hathaway decreased its holdings.

**Promotions and Price Adjustments:** Neutral. Various promotions and price cuts on products like Mac mini, iPhone 14, and AirPods Pro indicate ongoing sales strategies."
2024-02-20,30,"**Product Reviews & Launches:** Positive reviews for iPhone 15 Pro Max and Vision Pro. Analysts expect iPhone 16 and SE4 launches in 2025-2026 (bullish).

**Analyst Actions:** Phillip Securities downgrades Apple to Neutral; Wedbush maintains Outperform with $250 target (mixed).

**Sanctions & Fines:** EU and France impose significant fines ($540M, €1.1B) for antitrust violations (bearish).

**Executive Changes:** HomePod chief resigns (bearish).

**Legal Verdicts:** Apple wins patent dispute (bullish).

**Ownership Changes:** Morgan Stanley and Pllc increase positions; Certus Wealth Management and others decrease (mixed).

**Net Tilt:** Mixed signals with slight bias towards bearish due to sanctions and executive departure."
2024-02-21,49,"**Product Launches (Bullish):**
- Apple launching free iPhone, new iPad Pro with OLED panel, Vision Pro, and free sports app.
- Rumored March launch of iPad Pro and iPad Air.

**Regulatory Issues (Bearish):**
- Microsoft asks EU to reject Apple’s App Store.

**Analyst Actions (Bullish):**
- Goldman Sachs upgraded Apple’s price target from $223.00 to $232.00.

**Ownership Changes (Mixed):**
- Multiple firms increased stakes in Apple (Geode Capital, Llp, State Street Corp, Osaic Holdings, Tokio Marine).
- Some reduced stakes (Pegasus Asset Management, Whitener Capital Management, Sloy Dahl & Holst).

**Other (Neutral/Bearish):**
- Apple halted exports to Russia.
- Company restructuring ongoing."
2024-02-22,22,"**Price Target Upgrade:** Robert W. Baird raised Apple’s price target from $186.00 to $200.00 (Bullish).

**Revenue Growth:** Apple Revenue Grows (Bullish).

**Earnings Estimate Downgrade:** Q2 2024 EPS estimates reduced (Bearish).

**Product Launches:** Apple to launch OLED iPad mini, new iPhone, expand Search Ads in Brazil, and reveal new artist in Ghana (Bullish).

**App Discontinuation:** Apple removes Pray.com app from App Store (Bearish).

**Product Updates:** PQ3 iMessage update, March iPhone update, and Apple Arcade updates announced (Bullish).

**Ownership Changes:** Barclays, LLCs increase positions; Dai ichi Life Insurance, Girard Partners sell shares (Mixed).

**Revenue Stability:** Apple’s sales stable in 2023 (Neutral).

**Consensus Earnings Estimate:** Current full-year EPS consensus at $6.56 (Neutral)."
2024-02-23,23,"**Product Releases and Enhancements (Bullish):**
- Apple Vision Pro launched on Feb. 2.
- iOS 17.4 released.
- Next-generation CarPlay launching this year.
- Battery update released.

**Revenue Growth (Bullish):**
- India revenue up 42% to $8.7 billion in 2023.

**Analyst Actions (Mixed):**
- Monness Crespi & Hardt upgraded target from $189 to $200.
- Citigroup reissued “buy” with $225 target.
- Zacks forecasts Q2 EPS of $1.49.

**Ownership Changes (Net Neutral):**
- Multiple firms increased stakes (e.g., Corp, Llc, Md).
- Several reduced stakes (e.g., Inc, Icici Prudential, KCS Wealth Advisory).

**Price Target (Bullish):**
- Average net positive with upgrades and high targets."
2024-02-24,19,"**Product Issues:** Bearish - iPhone 15 Bluetooth issues reported.

**Product Releases & Enhancements:** Bullish - Apple launches iOS, Apple Maps, and refurbished M3 MacBook Pro in Canada.

**Ownership Changes:** Mixed - Geode Capital, Pllc, Corp, and State Street raised stakes; Montag & Caldwell, Berger Financial Group, Lutz Financial Services, and SSI Investment Management sold shares. Net tilt slightly bearish.

**Analyst Ratings:** Neutral - Wedbush reaffirmed ""outperform"" with $250 target; Needham reissued ""buy"" with $220 target.

**Other:** Certuity LLC acquired shares in AAPL."
2024-02-25,15,"**Product Releases & Enhancements:** Bullish. Apple expected to launch a foldable iPhone and an iPad-like display in 2025; iOS 17.4 update imminent.

**Ownership Changes:** Mixed. Nomura Asset Management and others increase stakes, while Blume Capital Management and others decrease holdings.

**Partnerships:** Neutral. Speculation about Microsoft-Apple relationship.

**Product Development:** Neutral. Ongoing work on a new HomePod speaker."
2024-02-26,18,"**Product Releases & Innovations:**
- Bullish: Expected new iPad hybrid design in 2025, new wearables, and entry into low-cost wearables market.
- Bearish: Potential competition from Meta in AR glasses.

**Analyst Actions & Ownership Changes:**
- Neutral: Citigroup reiterates ""buy"" with $225 PT.
- Bullish: Barclays, Osaic Holdings, and LLC significantly increase positions.

**Regulatory & Market Dynamics:**
- Bearish: EU confirms probe into Apple.
- Neutral: Apple enters joint venture with Bing, impacting Google.

**Revenue & Pricing:**
- Neutral: Apple sells 250M iPhones annually.
- Bearish: iPhone 15 original price noted, Walmart offers AirPods at $99.

**Net Tilt:** Mixed, with some bullish signals offsetting regulatory concerns."
2024-02-27,62,"**Bearish:**
- **Sanctions & Fines:** EU set to fine Apple €500M.
- **Legal Issues:** Facing EU antitrust fine, trademark dispute.
- **Project Abandonment:** Apple cancels electric car project multiple times.
- **Product Faults:** iPhone battery woes reported.

**Bullish:**
- **Product Launches:** MacBook Air, M3 chip, Vision Pro headset, iOS 17.4, iPadOS 17, macOS 14.4, tvOS 17, fourth visionOS release.
- **Patents:** Apple Ring patent granted.
- **Investments:** Rumored acquisition talks with Hyundai-Kia, continued significant investments.

**Net Tilt:** Bearish due to multiple legal and project abandonment issues outweighing product launches and patents."
2024-02-28,70,"**Analyst Ratings & Opinions:** Bullish; Wedbush upgraded AAPL to ""Outperform"" (DIRECTION: BULLISH).

**Product Launches & Plans:** Mixed; Vision Pro release seen positively (DIRECTION: BULLISH), but EV project cancellation and delays reported (DIRECTION: BEARISH).

**Demand & Sales:** Mixed; Vision Pro demand higher than expected (DIRECTION: BULLISH), but US sales slow (DIRECTION: BEARISH).

**Legal Issues:** Bearish; DOJ antitrust suit against Apple (DIRECTION: BEARISH).

**Net Tilt:** Signals conflict, with some positive analyst actions and product demand, but significant negative signals from EV project cancellations and legal issues. **NET TILT: SLIGHTLY BEARISH.**"
2024-02-29,31,"**Revenue & Sales:**
- **Bearish:** Sales in China dropped, iPhone 15 prices slashed by resellers and Amazon, and Apple Watch SE 2 prices cut.
- **Bullish:** New product launches (iPhone keyboard in UAE, EU App Store, mixed reality headset, Apple Watch SE).

**Product Issues:**
- **Bearish:** AirTag recall.
- **Bullish:** Increasing demand for Vision Pro.

**Strategic Shifts:**
- **Bearish:** Abandoning autonomous car project, $10B loss in investment.
- **Bullish:** Launching new features for iPhone, focusing on AI.

**Ownership & Analyst Actions:**
- **Mixed:** Multiple institutions increased holdings, while one cut stock holdings. Wedbush reaffirmed ""outperform"" with a $250 price target.

**Net Tilt:** Bearish due to multiple revenue and strategic issues outweighing positive product launches and analyst support."
2024-03-01,28,"**Product Releases & Upgrades (Bullish):** Apple launching futuristic Siri, iPad Pro, M3 MacBook Air, MacBook Pro, 24-inch iMac, iOS updates, Vision Pro globally, and AirPlay 2 OLED Smart TV.

**Analyst Downgrades (Bearish):** Piper Sandler downgraded price target from $205 to $190; Goldman Sachs downgraded to Neutral from Buy and removed from Conviction List.

**Ownership Changes:** Llc increased position by 74.6%, Inc. increased by 22.2%; Aveo Capital Partners sold 349 shares; Citigroup reaffirmed Buy with $225 target.

**Other News:** Apple abandoned AI car plans, Macbook Air price cut, Spring sale for Beats, and shares dropped 3% in 2024."
2024-03-02,20,"**Legal Issues:** Bearish. Apple faces antitrust class action and another lawsuit over iCloud.

**Product Strategy:** Bearish. Apple discontinues EV production and cuts iPhone 14 Plus price.

**Insider Activity:** Bearish. Arthur D. Levinson sells 100,000 shares; multiple firms decrease holdings.

**Ownership Changes:** Mixed. Markel Corp, Vanguard, and others increase stakes, while several decrease holdings.

**Analyst Ratings:** Neutral. Needham reaffirms ""buy"" rating with $220 price target."
2024-03-03,23,"**Product Launches (Bullish):** Apple plans new iPad and Mac releases in late March.

**Legal Issues (Bearish):** Facing class action allegations.

**Executive Changes (Mixed):** Ternus replaces Riccio as Senior VP; Riccio retires after 25 years.

**Ownership Trends (Mixed):** Multiple firms increase stakes (P., State Street Corp, Osaic Holdings Inc., LLC); others decrease (South Dakota, Factory Mutual Insurance Co., Zions Bancorporation).

**Analyst Ratings (Bullish):** Oppenheimer reiterates ""outperform"" with $200 target.

**Other News (Bearish):** Electric car project scrapped; store thefts reported.

**Net Tilt:** Mixed, leaning slightly bearish due to legal issues and product discontinuation."
2024-03-04,153,"**Bearish:**
- **Sanctions/Fines:** Apple hit with a record EUR1.8 billion EU antitrust fine.
- **Antitrust Lawsuits:** Facing multiple antitrust complaints and lawsuits, including one from Spotify.

**Bullish:**
- **Earnings:** Q4 profit at $33.92 billion, beating expectations.
- **Product Releases:** New vibrant Apple Watch, refreshed MacBook Air with up to 60% delivery improvement, and upcoming iPad Pro and MacBook Air M3 launches.
- **Regulatory Approval:** European Commission approved Apple’s app store practices.

**Net Tilt:** Mixed, with significant regulatory headwinds offsetting strong earnings and product momentum."
2024-03-05,79,"**Revenue & Volume:**
- **Bullish:** Revenue beat expectations.
- **Bearish:** iPhone sales fell, China sales declined, and market share in China dipped.

**Product Releases:**
- **Bullish:** M3 chip shows 20% improvement; new M3-powered MacBook Air launched.
- **Neutral:** Various other product updates and releases.

**Sanctions & Legal Issues:**
- **Bearish:** Hit with EUR1.84 billion fine, £1.5 million fine, and EU fine.
- **Bullish:** Appeals court dismissed child labor lawsuit.

**Stock Performance:**
- **Bearish:** Shares slid, touched 4-month low, and continued slide.

**Analyst Actions:**
- **Bullish:** Wedbush remains bullish on AAPL.

**Net Tilt:** Bearish due to multiple fines, declining sales, and stock performance, despite positive product reviews and analyst support."
2024-03-06,57,"**Revenue and Sales:** Bearish. Apple’s China sales and overall revenue missed expectations, with iPhone sales sliding in China.

**Regulatory and Legal Issues:** Bearish. EU fined Apple €1.8B, and legal disputes continue with Epic Games.

**Product Releases and Enhancements:** Bullish. Apple launched iOS 17.4, iPadOS 17, new MacBook Air, and introduced APIs for NFC and FinanceKit.

**Stock and Insider Actions:** Bearish. Apple stock declined for six consecutive days, and insider Arthur D. Levinson sold shares.

**Ownership Changes:** Mixed. Multiple firms increased holdings in Apple, while others reduced positions."
2024-03-07,58,"**Product Launches and Enhancements (Bullish):**
- Positive reviews for M3 chip.
- New MacBook Airs, watchOS 10.4, macOS 14.4, visionOS 1.1, and iOS 17.4 released.

**Sanctions and Legal Issues (Bearish):**
- EU fined Apple €1.8 billion.
- European Commission fined Apple $1.95 billion.
- Epic Games sues Apple.

**Analyst Actions (Bearish):**
- JPMorgan downgraded AAPL to $215 from $225.

**Market Expansion (Bullish):**
- Apple debuted in India.

**Ownership Increases (Neutral-Bullish):**
- Multiple firms increased stakes in AAPL.

**Net Tilt:** Bearish due to significant legal and regulatory headwinds outweighing product launches and market expansion."
2024-03-08,33,"**Product Launches and Enhancements (Bullish):**
- Positive M3 MacBook Air review.
- Apple released watchOS 10.4, macOS Sonoma, and HomePod software.
- Rumored product launches include MacBook in 2027 and iPhone in 2026.

**Analyst Actions (Bearish):**
- Citi downgraded Apple to $220 from $225.
- Checchi Capital, Kesler Norman & Wride, PNC Financial, and Legacy Financial all reduced their stakes in AAPL.

**Regulatory and Sanctions (Bearish):**
- EU fined Apple.
- EU and Europe investigating Apple over antitrust issues.

**Price Adjustments (Mixed):**
- iPhone 13 received a price cut.
- Spotify plans to increase prices, potentially affecting Apple Music.

**Net Tilt:** Bearish due to regulatory pressures, analyst downgrades, and stake reductions outweighing positive product reviews and launches."
2024-03-09,15,"**Product Enhancements:** Bullish. Apple unveiled the latest MacBook Air and plans to roll out iOS 18.

**Ownership Changes:** Bearish. Multiple firms decreased their stakes in AAPL, including C., Second Half Financial Partners LLC, Baillie Gifford & Co., Freemont Management S.A., and Korea Investment CORP. Llc increased its holdings by 1.1%.

**Store Expansion:** Bullish. An Apple store opened in Budapest.

**Stock Price:** Neutral. AAPL opened at $170.73 on Friday.

**Net Tilt:** Bearish due to multiple stake reductions outweighing the single increase and product launches."
2024-03-10,15,"**Product Launch/Delay:** Bullish; Apple launched the iPhone 15 series in 2023 (positive review for Apple Watch Series 9).

**Price Cuts:** Bearish; iPhone 15 prices cut on Amazon and dropped to Rs 66,499.

**Facility/Open:** Bullish; Apple opening its App Store to third parties.

**Ownership Increases:** Bullish; multiple firms increased holdings: Morgan Stanley (+14.2%), Osaic Holdings (+154.9%), Ifm Investors (+20.0%), LLC (+0.1%), State Street Corp (+0.5%), and another unnamed firm (+70.2%).

**Business Contract Termination:** Bearish; Apple terminated contract with Epic Games Sweden AB.

**Analyst Ratings:** Neutral; Rosenblatt Securities reaffirmed neutral rating with $189.00 price target.

**Net Tilt:** Mixed signals, but ownership increases and product launches lean bullish."
2024-03-11,40,"**Product Releases & Enhancements (Bullish):**
- Positive reviews for M3 MacBook Air.
- iPhone 15 and M3 MacBook Air launched in India.
- Potential iOS 17 release.
- New Speedometer 3.0 browser with Firefox.
- Generative AI unveiling.

**Revenue & Sales Trends (Bearish):**
- iPhone sales in China down 24%.
- iPhone sales overall declined.

**Ownership Changes (Mixed):**
- Multiple firms increased holdings in AAPL.
- Aigen Investment Management LP decreased stake.

**Facility & Product Promotions (Bullish):**
- Opening new Shanghai store.
- AirPods Pro 2 discounted.

**Other News (Neutral):**
- Apple abandoned Apple Car project.
- App Store revenues grew 15% YoY.
- Stock up 1.2% on Monday."
2024-03-12,60,"**Product Releases & Enhancements (Bullish):**
- Apple reveals flexible iOS, new iPad Pro, iPad Air, and M3 MacBook Air.
- New MacBook Air models launched in India.

**Revenue & Sales (Mixed):**
- iPhone sales surge; however, iPhone sales also plunged 24pc.
- Apple Watch Series 9 price cut in India.

**Legal & Supply (Bearish):**
- Court ruled against Apple in a lawsuit.
- iPhone electronics production to rise 24% by 2025.

**Facility Openings (Neutral):**
- New labs and retail stores in China, Canada, and South Korea.

**Ownership Changes (Bearish):**
- Multiple firms reduced stakes in AAPL.

**Analyst Ratings (Neutral):**
- Citigroup and BofA maintain “Buy” ratings."
2024-03-13,31,"**Product Cuts and Releases:**
- **Bullish:** New OLED iPad Pro and iPad Air imminent (March).
- **Bearish:** iPhone 13 and Apple Watch Series 8/9 prices slashed.

**Legal and Insider Activity:**
- **Bearish:** Epic seeks contempt ruling against Apple; Arthur Levinson and Warren Buffett sell shares.

**Stock Performance:**
- **Mixed:** Stock up recently but down 31% YTD; analysts question rebound potential.

**Other:**
- **Neutral:** Facility openings, promotions, and mixed ownership changes."
2024-03-14,28,"**Acquisitions & Patents:** Bullish. Apple acquires DarwinAI, enhancing AI capabilities (multiple sources). Patent granted for unspecified technology.

**Product Releases:** Mixed. Vision Pro and Apple Arcade games expected soon (bullish); iPhone 13 mentioned inaccurately (bearish).

**Legal Issues:** Bearish. Epic files new lawsuit against Apple.

**Analyst Actions:** Net bullish. Morgan Stanley, Osaic Holdings, Envestnet, State Street, and Barclays increase positions; Trust and First Foundation cut positions.

**Earnings & Guidance:** Neutral. Analysts expect EPS of 6.55 for the current year; Rosenblatt Securities maintains neutral rating with $189 price target.

**Stock Performance:** Bullish. Apple shares close 1% higher at $172.13."
2024-03-15,81,"**Revenue Guidance & Earnings:** Bearish. Apple cut its revenue forecast and missed earnings expectations, indicating weaker financial performance.

**Acquisitions:** Bullish. Apple acquired DarwinAI, enhancing AI capabilities.

**Product Releases:** Mixed. Multiple product releases (iPhone 16, MacBook Air M3, iPad Air) suggest ongoing innovation, but conflicting reports on delays and demand issues (e.g., iPad Air delay, iPhone demand fall in China) indicate mixed signals.

**Legal Issues & Supply Changes:** Bearish. Legal suits and supply curtailment (ceasing iPhone production) highlight operational challenges.

**Stock Performance:** Mixed. Stock price initially declined due to guidance cuts but showed gains later, reflecting market uncertainty."
2024-03-16,27,"**Revenue Guidance Down**: Bearish; Apple issued a revenue warning, downgrading EPS guidance.

**Legal Issues**: Bearish; class-action lawsuits initiated in Britain against Apple, CEO Tim Cook, and CFO, alleging demand misrepresentation.

**Product Launches**: Bullish; iPhone 15 now available, foldable iPhone planned for 2026, OLED iPad Air for 2028, new MacBook Air confirmed.

**Settlements**: Neutral; Apple agreed to pay $490 million to settle various lawsuits, including one in China over iPhone sales.

**Stock Price Movements**: Mixed; stock initially gained but then tumbled by nine percent.

**Ownership Changes**: Mixed; multiple firms increased holdings (Capital Advisors, Formulas, Ep Wealth Advisors, Llc), while others decreased (Verity Asset Management, Obsidian Personal Planning Solutions, Banque Pictet).

**Analyst Actions**: Neutral; average price target remains at $205.27.

**Net Tilt**: Bearish due to revenue warnings and legal issues outweighing product launches and minor ownership increases."
2024-03-17,21,"**Legal Issues:** Bearish. Apple faces multiple legal challenges including a ruling against it in California and a new class-action lawsuit over AirTags.

**Product Launches:** Bullish. Apple prepares to launch two new AirPods models, foldable iPhones, and OLED iPads, signaling continued innovation.

**Investor Activity:** Mixed. While major investors like American Century Companies, Morgan Stanley, and Osaic Holdings increased their stakes, Kentucky reduced its position.

**Innovation & Investment:** Bullish. Apple is investing in OLED technology and planning future product releases like the foldable iPhone in 2026."
2024-03-18,64,"**Earnings & Financials:** Bullish. Apple reported $97bn net income, beating expectations.

**Product Launches & Enhancements:** Mixed. Bullish signals include upcoming iPad Pro, iPad Air, and potential new AirPods launches. Bearish signals involve delays in foldable iPhone and MacBook price cuts.

**Legal & Regulatory:** Mixed. Apple won major legal claims but faces a class-action lawsuit. Settled a $490M shareholder lawsuit.

**Partnerships & Acquisitions:** Bullish. Apple acquired Darwin A.I., discussed AI collaboration with Google, and partnered with Nvidia on Vision Pro.

**Stock Performance:** Mixed. Apple stock slipped but rallied alongside Alphabet due to potential collaborations."
2024-03-19,41,"**Revenue and Sales:** Bearish. iPhone sales slipped, indicating weaker demand.

**Product Launches:** Bullish. Apple plans multiple product launches including new iPad Air, iPad Pro, and possibly Apple Pencil 3 and a foldable iPhone by March 26.

**Price Cuts:** Bearish. Multiple products like iPad, MacBook, Apple Watch Series 9, and Apple Pencil 2 are experiencing price reductions.

**Patents and Acquisitions:** Bullish. Apple secured a patent and may acquire Rivian.

**Supply Chain and Partnerships:** Mixed. Flipkart cancels iPhone orders while Apple explores Asian manufacturing collaborations.

**Legal Settlement:** Neutral. Apple settles a class action lawsuit for $490 million.

**Ownership Changes:** Mixed. Various firms increase or decrease holdings in AAPL.

**Stock Performance:** Bullish. AAPL climbed over 2%."
2024-03-20,37,"**Product Reviews & Launches:** Bullish; MacBook Air M3 received positive reviews, while new iPad Air and iPad Pro OLED models are expected soon (DIRECTION: BULLISH).

**Regulatory & Legal Issues:** Bearish; EU investigates App Store, DOJ prepares antitrust lawsuit, French regulators halt iPhone 12 sales, and a EUR1.8B fine was imposed (DIRECTION: BEARISH).

**Ownership Changes:** Mixed; multiple firms increased stakes (Markel, Optimum Investment Advisors, Exchange Traded Concepts LLC, Geode Capital Management LLC), while others decreased (Bank, Beacon Wealthcare LLC) (NET TILT: NEUTRAL).

**Stock Performance:** Bearish; shares slipped 1-1.4% in post-market trading (DIRECTION: BEARISH)."
2024-03-21,141,"**Revenue:** Bullish; iPhone hardware revenue increased.

**Antitrust & Legal Issues:** Bearish; multiple federal and state agencies plan to sue Apple for antitrust violations, including the DOJ filing a major lawsuit. Previous antitrust suits and a 2015 legal verdict against Apple also noted.

**Sanctions:** Bearish; Apple fined $2 billion by the EU.

**Product Releases:** Bullish; Vision Pro’s international rollout and new documentation page suggest continued innovation.

**Net Tilt:** Bearish due to overwhelming legal and regulatory pressures."
2024-03-22,77,"**Antitrust & Legal Issues:** Multiple antitrust suits and investigations initiated by US DOJ and EU regulators, including a $2B fine from EU. (Bearish)

**Product Releases & Enhancements:** Vision Pro launch in new markets, iOS/iPadOS 17 updates, M3 chip MacBook release. (Bullish)

**Stock & Analyst Actions:** Bernstein and TD Cowen remain bullish on Apple. (Bullish)

**Net Tilt:** Conflicting signals; overall slightly bearish due to legal pressures."
2024-03-23,23,"**Product Launches & Cancellations:**
- **Bullish:** Apple to unveil iPad Pro (2024) and iOS 18 (March).
- **Bearish:** Apple cancels plans for developing displays, including MicroLED screens and smartwatch displays.

**Financial & Ownership Changes:**
- **Bearish:** Apple shares declined over 4%, with Perkins Coie selling shares.
- **Bullish:** LLC increased holdings in Apple by 5.5%.

**Legal Issues:**
- **Bearish:** Apple sued by Microsoft.

**Other:**
- **Bearish:** Apple planning job cuts."
2024-03-24,23,"**Product Launches & Acquisitions:**
- Bullish: Apple acquired DarwinAI, a Canadian AI startup.
- Bullish: Vision Pro to launch in China later this year, with US debut already completed.
- Bearish: Electric car project canceled.

**Price Adjustments:**
- Bearish: Amazon reduced prices of iPhone 15/15 Plus.
- Bearish: iPhone 14 Plus received a massive price cut.

**Investor Activity:**
- Bullish: Multiple firms increased holdings in AAPL (Geode Capital, Capital Advisors, unnamed firm).
- Neutral: Various firms bought AAPL shares (Howard Financial Services, Sound Income Strategies).

**Revenue & Guidance:**
- Neutral: Apple reported negligible revenue growth.

**Legal Issues:**
- Bearish: Epic Games sued Apple."
2024-03-25,72,"**Legal & Regulatory Challenges (Bearish):**
- U.S. Commission found Apple guilty of violations.
- EU fined Apple €1.8B.
- EU rejected Apple’s European App Store.
- EU opened multiple antitrust probes.
- DOJ sued Apple.

**Product Releases (Bullish):**
- Vision Pro launching in China, India, Australia, Canada.
- iPad Air and iPad Pro launched.
- AirPods released.
- Android app released.

**Acquisitions & Partnerships (Bullish):**
- Acquired DarwinAI.
- Partnered with Baidu.

**Stock Performance (Bearish):**
- Shares declined significantly.

**Net Tilt:** Bearish due to numerous legal/regulatory issues outweighing product launches and acquisitions."
2024-03-26,44,"**Analyst Actions:** Barclays downgraded Apple from ""Equal-Weight"" to ""Underweight"" and from ""Overweight"" to ""Neutral,"" indicating **bearish** sentiment. Morgan Stanley, Wedbush, Needham & Co., and Oppenheimer maintained neutral-to-bullish ratings.

**Product Updates:** Apple faces Wi-Fi issues and potential consumer lawsuits, while also launching new AI app store features and home screen customization. The company cut prices for iPhone 14 models in India and offered discounts.

**Regulatory & Legal:** The European Commission and DOJ are investigating Apple, adding **bearish** pressure.

**Ownership Changes:** Major investors like Vanguard and State Street increased stakes, while others reduced positions, showing mixed signals.

**Demand & Competition:** iPhone demand is slowing, and Apple faces competition from Huawei, further **bearish** signals.

**Net Tilt:** **Bullish/Bearish Conflict**, leaning slightly **bearish** due to analyst downgrades and regulatory/legal pressures."
2024-03-27,37,"**Revenue & Sales:**
- **Bearish:** iPhone sales dropped significantly, sliding 30%. (Evidence: ""Iphone sales dropped significantly"", ""Iphones Sales Slide 30%"")
- **Bullish:** Apple consistently raises dividends and sees ownership increases from various firms. (Evidence: ""Apple has consistently raised its dividend for 12 consecutive years"", ""Planning lifted its stake in shares of Apple by 1.9%"", ""Morgan Stanley raised its holdings in shares of Apple by 14.2%"")

**Legal & Antitrust:**
- **Mixed:** Oregon sues Apple over antitrust issues, but a judge dismisses a similar case. (Evidence: ""Oregon sues Apple for"", ""Judge tosses class action crypto-payment antitrust case against Apple"")
- **Bullish:** Apple wins bid to toss another antitrust suit. (Evidence: ""Apple Wins Bid to Toss Antitrust Suit"")

**Product Launches & Enhancements:**
- **Bullish:** Multiple product releases and updates including iOS 18, new iPads, Apple Pencil, macOS 14.4.1, and software updates. (Evidence: ""Apple to reveal iOS 18"", ""Apple Releases New Build of iOS 17"", ""Apple introduce a new Apple Pencil"", ""Apple has also released macOS 14.4.1 to Mac"")

**Stock Performance:**
- **Bearish:** Stock price"
2024-03-28,69,"**Bullish Signals:**
- **Product Release:** Apple plans AI unveiling, new AirPods, and new iPad Pro/Air models in May.
- **Legal Relief:** Antitrust suit dismissed by US District Judge.

**Bearish Signals:**
- **Stock Performance:** Apple fell 11% in Q1, downgraded by DZ Bank to Hold.
- **Market Share:** Lower market share noted.
- **Product Delays:** Foldable iPhone and iPad Air delayed until May/2027.
- **Legal Issues:** Multiple lawsuits including antitrust cases and internal legal disputes.
- **Supply/Production:** Failed to announce new iPad last year, indicating potential production/supply issues.

**Net Tilt:** Bearish due to multiple negative factors outweighing product release optimism."
2024-03-29,45,"**Product Releases and Enhancements (Bullish):**
- Positive review of MacBook Air M3.
- New iPad models, Macs, iPad Air, and OLED iPad Pro expected soon.
- New iOS and iPhone in fall 2024.

**Regulatory and Legal Issues (Bearish):**
- DC filed an antitrust suit.
- EU imposed first antitrust penalty.
- EU Commission probes Apple.
- IPad Pro and iPhone launches potentially delayed.

**Ownership Changes (Mixed):**
- IFM Investors, Barclays, and OSAIC increased positions.
- Several firms decreased positions or trimmed stakes.

**Stock Performance (Bearish):**
- Stock holdings decreased by First Trust Advisors.
- Opened at $171.48, trading 1.6% higher.

**Analyst Ratings (Neutral):**
- Morgan Stanley, Wedbush, and DZ Bank maintained ratings with price targets of $220, $250, and $180 respectively."
2024-03-30,17,"**Product Releases & Enhancements (Bullish):**
- Positive M3 MacBook Air review highlights powerful processors.
- Vision Pro coming to France, new MacBook Air released, Magic Keyboard unveiling planned, iOS 17.4 released, and Apple Watch X debut scheduled.

**Legal Issues (Bearish):**
- Facing legal battle.

**Ownership Changes (Mixed):**
- Md, State Street Corp, and LLC increased stakes; Moody National Bank Trust Division decreased stake.

**Analyst Ratings (Neutral):**
- UBS reaffirmed hold rating with $190 price target."
2024-03-31,10,"**Product & Pricing:**
- **Bullish:** Best Buy cuts Apple Watch Series 9 price to $269.
- **Bullish:** Apple Maps patent reveals new features.

**Ownership Changes:**
- **Bullish:** Geode Capital Management and Wealth Inc. increased holdings.
- **Bearish:** Ifm Investors Pty Ltd, Paragon Capital Management, Norwood Financial Corp decreased holdings.
- **Bullish:** Corepath Wealth Partners purchased shares.

**Price Movement:**
- **Bearish:** Apple traded as low as $170.51, closing at $171.48."
2024-04-01,50,"**Revenue/Earnings:** Bearish. Apple’s annual revenue and EPS expected to decline; Loop Capital downgraded price target to $170 due to iPhone order cuts.

**Product Releases:** Bullish. New OLED iPad Pro, M3 iPad Pro, and iPad Air launches planned.

**Stock Performance:** Bearish. AAPL stock fell over 11%, trading down $1.69 to $169.79.

**Supply/Demand:** Mixed. Suppliers ramping up iPad Pro production (Bullish); iPhone sales down 9% in February (Bearish).

**Ownership Changes:** Mixed. Multiple firms increased stakes in AAPL (Bullish); My Legacy Advisors LLC reduced stake (Bearish)."
2024-04-02,48,"**Price Target Downgrade:** Loop Capital downgraded AAPL, reducing the price target from $185.00 to $170.00 (Bearish).

**Revenue Slowdown:** iPhone sales have slowed down (Bearish).

**Legal Issues:** Apple faces a patent infringement claim over Siri and a lawsuit from the District of Columbia (Bearish).

**Product Launches:** Planning cheaper AirPods and AirPods Max, new AI model for Siri, and potential iPad unveiling in May (Bullish).

**Ownership Changes:** Mixed ownership trends with significant increases by State Street Corp, Barclays, and others, offset by decreases from Hampshire Trust and others (Net Neutral).

**Analyst Ratings:** Morgan Stanley maintained an ""overweight"" rating with a $220.00 price target (Bullish)."
2024-04-03,25,"**Revenue Growth:** Bullish; App Store revenue grew 13% in March.

**Product Outages:** Bearish; widespread outage affected App Store, Apple TV+, and Apple Music.

**Regulatory Warnings:** Bearish; government issued warnings and red alerts for iPhones.

**Legal Issues:** Bearish; Apple faces another lawsuit and potential charges from Google.

**Product Releases:** Bullish; Vision Pro launches in France and China; Beats Solo might launch soon.

**Price Cuts & Promotions:** Mixed; AirPods 2 price cut to $89; iPad models on sale.

**Ownership Changes:** Mixed; various firms increase or decrease holdings; Clearview Wealth and Legal Advantage Investments acquire shares while Allred Capital Management lowers stake.

**Stock Performance:** Bearish; Apple stock down 0.7%."
2024-04-04,43,"**Revenue Trends:** Bullish; Mac revenue rose, overall revenue grew 2.1% YOY to $119.58B, and holiday revenue increased. Bearish; iPad revenue dropped 25.3%.

**Product Launches & Updates:** Bullish; iOS 18, macOS 14, and Vision Pro announced. Services outage resolved.

**Legal & Regulatory:** Bearish; fined $26M by Russia’s FAS, DOJ lawsuit filed, ongoing regulatory investigation.

**Insider Activity:** Bearish; CEO Cook, SVP O’Brien, and Director Levinson sold shares.

**Analyst Actions & Ownership Changes:** Neutral; Rosenblatt Securities maintained neutral rating with $189 target. Morgan Stanley increased stake by 14.2%.

**Stock Performance:** Bearish; shares declined 12%, trading at $169.33.

**Guidance:** Bearish; no official guidance since early 2020.

**Net Tilt:** Mixed, leaning slightly bearish due to legal/regulatory issues, insider selling, and lack of guidance."
2024-04-05,88,"**Revenue Guidance & Performance:**
- **Bearish:** Apple provided downgraded revenue guidance, signaling a first revenue drop in a decade. However, it beat Q1 revenue expectations.
  
**Product Reviews & Launches:**
- **Bullish:** Positive reviews for Apple TV+, Apple Watch Series 9, and MacBook Pro M3 Max.
- **Neutral:** Speculation about upcoming iPad releases in May.

**Acquisitions & Legal Issues:**
- **Bullish:** Acquired AI startup DarwinAI Corp. and micro-LED display specialist.
- **Bearish:** Fined $2 billion by the European Commission.

**Projects & Layoffs:**
- **Bearish:** Abandoned Apple Car project and micro-LED display plans. Laid off over 600 employees across multiple locations, effective May 27.

**Net Tilt:** Mixed, with significant bearish signals outweighing positive product reviews and acquisitions."
2024-04-06,17,"**Price Target Downgrade:** Loop Capital downgraded Apple, cutting the price target from $185.00 to $170.00 (Bearish).

**Executive Changes & Product Updates:** Apple’s CEO joined in 1998; iPad Air launch delayed from March; iPhone 16 leaked with major design changes (Mixed).

**Product Discontinuation & Layoffs:** Apple Car project shut down; company announced layoffs (Bearish).

**Promotions & Business Deals:** iPad on sale for $159.99; Apple signed deals with Shutterstock and Amazon (Bullish).

**Ownership Movements:** Multiple firms increased holdings (Vanguard, LLC, LLP), while others decreased (Acropolis, Valicenti, Rheos) (Mixed).

**Net Tilt:** Mixed, with significant bearish signals from product discontinuation and layoffs offsetting bullish promotions and business deals."
2024-04-07,22,"**Product Releases & Enhancements:** Bullish. Apple is set to launch new iPad Pro and iPad Air models soon (iOS 18 also released).

**Insider Sales:** Bearish. CEO Timothy D. Cook sold 99,183 shares on April 1st.

**Settlement:** Neutral. Apple agreed to pay up to $14.4 million CAD to settle a case.

**Product Discontinuations & Price Cuts:** Bearish. Rumors suggest Apple might discontinue foldable iPads; Amazon cuts iPhone 15 prices.

**Analyst Actions & Ownership Changes:** Mixed. Morgan Stanley maintains ""overweight"" with $220 target; UBS reiterates ""hold"" with $190 target. Various funds adjust holdings: increased by some, decreased by others.

**Stock Performance:** Bullish. AAPL trading 0.5% higher."
2024-04-08,46,"**Product Releases (Bullish):** Apple plans multiple product launches including iPad Pro, iPad Air, Magic Keyboard, and possibly new iPad Mini and MacBook Air M3. These releases are expected in May and could boost sales.

**Revenue Trends (Bearish):** iPhone sales fell 24%, indicating weakening demand. Additionally, Apple’s revenue decline in China suggests broader market challenges.

**Antitrust Investigation (Bearish):** The EU is scrutinizing Apple’s antitrust compliance, which could lead to potential fines or regulatory actions.

**Ownership Changes (Mixed):** Various firms increased holdings in Apple, while others sold shares, showing mixed investor sentiment.

**Price Adjustments (Neutral-Bullish):** Apple raised iPad prices, potentially signaling confidence in maintaining pricing power despite revenue declines."
2024-04-09,42,"**Analyst Ratings & Price Targets:** Bullish; Wedbush maintained ""Outperform"" rating, while Loop Capital downgraded price target from $185 to $170 (Net Tilt: Neutral).

**Product Releases & Enhancements:** Bullish; iPhone 16, iPad models, Apple Watch Series 9, visionOS, and iOS updates announced (Net Tilt: Bullish).

**Revenue & Growth:** Bullish; App Store revenue grew 10% in Q2 (Net Tilt: Bullish).

**Partnerships & Contracts:** Mixed; partnerships with Shutterstock and Google mentioned (Net Tilt: Neutral).

**Facilities & Layoffs:** Mixed; new offices planned, layoffs reported (Net Tilt: Neutral).

**Stock Movements & Insider Actions:** Bearish; stock down 10% YTD, insider sale by SVP (Net Tilt: Bearish)."
2024-04-10,36,"**Revenue & Earnings:** Bearish. Revenues are plunging (-0.68).

**Antitrust Suit:** Bearish. DOJ filed an antitrust suit against Apple.

**Product Releases:** Bullish. New iOS app, sports app, Apple Pencil, iPad Pro models, and iPhone 15 series announced.

**Supply & Production:** Bullish. Apple doubled India iPhone output to $14 billion.

**Market Movements:** Mixed. Apple shares down 1.2%, but Morgan Stanley and Barclays increased stakes.

**Facilities & Jobs:** Neutral. Apple opened new retail stores in China and created 150,000 jobs.

**Analyst Ratings:** Neutral. Morgan Stanley maintained ""overweight"" with $220 target, while DZ Bank maintained ""hold"" with $180 target."
2024-04-11,41,"**Revenue & Guidance:**
- **Bearish:** Revenue down in China, overall revenue declining for four consecutive quarters, guidance suggests further revenue drop of 4.5%. (Evidence: ""Apple's iPhone sales in China are down"", ""Apple reported four consecutive quarters of falling revenue"", ""Apple expect sales to fall by 4.5% year"")
- **Bullish:** Earnings guidance raised, aiming for higher profitability. (Evidence: ""Apple Eyes Higher Profitability"")

**Product & Pricing:**
- **Bearish:** iPhone 13 price cut by 13%, AirPods Pro 2 dropped to $189, Amazon discount on M3. (Evidence: ""Iphone 13 price drops by 13%"", ""Airpods Pro 2 Drop to $189"", ""Amazon Takes $149 Off M3"")
- **Bullish:** New Safari introduction, potential Mac line overhaul, price increase for some hardware. (Evidence: ""Apple to introduce new Safari"", ""Apple plans Mac line overhaul with"", ""Apple to raise the pricing of individual hardware devices"")

**Analyst Actions:**
- **Bearish:** JP Morgan downgrades price target to $210 from $215. (Evidence: ""Jpmorgan analyst Samik Chatterjee lowered the price target on Apple (NASDAQ: AAPL) to $210.00 (from $215.00"
2024-04-12,47,"**Revenue Guidance and Analyst Downgrades:** Bullish signals include Loop Capital downgrading Apple to ""underperform"" with a reduced target price from $185 to $170, and Goldman Sachs cutting its price target to $226 from $232. Bearish signals are revenue guidance indicating iPhone revenue could decline and Nasdaq focusing on slower product revenue. Net tilt: **Bearish**.

**Product Launches and Enhancements:** Bullish signals involve plans to unveil a new Safari browser and introduce M4 chips in new Macs. Net tilt: **Bullish**.

**Legal Issues and Insider Activity:** Bearish signals include Apple losing an appeal and facing a DOJ lawsuit. Insiders like CEO Cook have been selling shares. Net tilt: **Bearish**.

**Ownership Changes:** Mixed signals with some firms increasing holdings while others trimming stakes. Net tilt: **Neutral**.

**Stock Performance:** Recent gains include a 21% rally since October and a 4.3% surge to $175.04, but also a minor 1% drop on Friday. Net tilt: **Neutral**."
2024-04-13,14,"**Legal Issues:** Bearish. Apple faces a $1 billion lawsuit from Epic Games and another from UK app developers, adding legal pressures (−0.52, −0.52).

**Product Launches & Pricing:** Mixed. Positive with AI-powered Macs launch planned (0.52); negative with iPhone 14 price cuts indicating weaker demand (−0.44).

**Ownership Changes:** Bullish. Multiple firms increased stakes in AAPL, including OSAIC Holdings (+154.9%), Markel Corp (+0.7%), and MD (+3.4%) (0.37 each).

**Stock Performance:** Bullish. Stocks rallied post-Epic case victory (0.47).

Net Tilt: **Bullish**."
2024-04-14,13,"**Revenue Growth:** Bullish; Apple’s annual revenue increased.

**Government Contract:** Bullish; UK purchased Apple devices.

**Product Launches:** Bullish; Apple launched new hardware including the Apple Watch, AirPods, HomePod, and Vision Pro.

**Stock Performance:** Bullish; Apple’s stock rose 1,150% since Cook became CEO, and is trading 0.6% higher today.

**Institutional Ownership:** Mixed; Morgan Stanley and Barclays increased holdings, while Constant Guidance Financial LLC sold shares.

**Analyst Ratings:** Neutral; DZ Bank maintained a “hold” rating with a $180 price target."
2024-04-15,70,"**Revenue and Sales Decline:** Apple reported a significant drop in smartphone sales (-10%) and overall revenue (-9.6%), with iPhone segment revenue expected to decline 11% in Q2. (Bearish)

**Market Share Loss:** iPhone market share fell to 17.3% from 20.7%. (Bearish)

**Price Cut and Guidance:** iPhone 13 price slashed by 11%, and Apple aims to boost supply. (Mixed)

**Product Releases:** Potential launches include a 24-inch iMac, iPhone SE 4, and iOS5. (Bullish)

**Dividend Increase:** Apple raised its dividend for 12 consecutive years. (Bullish)

**Insider Activity:** CFO sold $9.26M in common stock. (Bearish)

**Ownership Changes:** Mixed ownership changes with some increasing and others decreasing their positions. (Neutral)

**Analyst Action:** BBA reiterated an Underperform rating. (Bearish)"
2024-04-16,44,"**Revenue and Sales Decline:** Bearish. Apple reported a significant drop in iPhone sales and overall revenue, with hardware sales down 9.6%. Loop Capital downgraded AAPL’s target price to $170 from $185.

**Legal Issues:** Bearish. Apple faces two new lawsuits.

**Insider Selling:** Bearish. COO Jeffrey E. Williams, CEO Tim Cook, and CFO Luca Maestri all sold substantial shares recently.

**Stock Performance:** Bearish. AAPL stock fell Tuesday and is down YTD by 12.2%.

**Product Updates:** Neutral-Bullish. Apple released iOS 17.5 and watchOS 10, and a leak revealed details about the upcoming iPhone 16.

**Partnerships and Investments:** Bullish. Apple partnered with Shutterstock and may collaborate with Tata and Murugappa groups in India. It also plans to increase investments in Vietnam.

**Analyst Actions:** Mixed. Loop Capital downgraded while Wedbush maintained a positive outlook with a $250 target price."
2024-04-17,39,"**Product Releases & Enhancements:** Bullish. IOS App Store launched in EU, Apple Watch Series 9 released in Fall 2023, Mudra Band upgrades Mac computers, refurbished iPhone and Apple Watch available, iPhone 14 discounted, Apple Watch Series 9 on sale.

**Analyst Actions:** Mixed. Needham & Co. reaffirmed ""buy"" with $220 target, Morgan Stanley reissued ""overweight"" with $220 target, Maxim Group initiated coverage with ""hold.""

**Ownership Changes:** Bullish. IFM Investors, Management, Quent Capital, and ADV increased stakes in Apple.

**Stock Performance:** Bearish. Apple stock forecasted to slide to $162, down 2% following recent trading, opening at $169.38, traded as low as $173.83.

**Catalysts:** Bullish. Apple entering joint ventures, partnerships with CleanMax for clean energy, investing $250M in Indonesia, CEO to open manufacturing facility there.

**Insider Activity:** Bearish. SVP Deirdre O'Brien sold 54,732 shares.

**Net Tilt:** Neutral to Slightly Bullish."
2024-04-18,50,"**Product Price Cuts & Enhancements:**
- Bullish: iPhone 15 price drops by 10%, making it more accessible (price-cut).
- Bullish: Apple Watch Series 9 receives a $255 price cut (price-cut).

**Product Releases & Enhancements:**
- Neutral: Multiple product releases including new versions of iOS, macOS, and AirPlay features (product-release).
- Neutral: Continuous improvements to iOS 17 (product-enhancement).

**Partnerships & Investments:**
- Bullish: Apple collaborates with CleanMax for renewable energy in India and invests in app development (partnership, investment-investor).
- Bullish: Apple invests $250M in Singapore operations (investment-investor).

**Ownership Changes:**
- Bearish: Several insiders and funds decrease their stakes in Apple (ownership-decrease-held).
- Bullish: Some funds increase holdings in Apple (ownership-increase-held).

NET TILT: Mixed, leaning slightly bullish due to price cuts and investments."
2024-04-19,30,"**Product Launches & Enhancements (Bullish):**
- Apple rolling out AirPlay, likely unveiling macOS 15, and selling refurbished Apple Watch Ultra 2 models.

**Regulatory & Legal (Mixed):**
- U.S. ITC bans Apple imports (Bearish).
- EU approves Apple mobile (Bullish).

**Discontinuations & Removals (Bearish):**
- Apple removing WhatsApp, Threads from App Stores in multiple regions.

**Insider Activity (Bearish):**
- CFO Luca Maestri sold shares.

**Ownership Changes (Neutral-Bullish):**
- Multiple firms increased holdings or made new investments in AAPL.

**Stock Performance (Bearish):**
- AAPL shares fell to 11-month lows, closing 0.6% lower."
2024-04-20,27,"**Regulatory Approvals & Sanctions:**
- Bullish: EU Commission approved Apple’s iPhone opening and tap-to-pay tech (European Commission).
- Bearish: Apple fined EUR1.84 billion (European Commission).

**Product Launches & Enhancements:**
- Bullish: Potential iPhone 16 launch speculated (multiple sources); iOS 18 update with AI (multiple sources).
- Neutral: iPhone 15 series released Sep 12, 2023 (Tech Giant).

**Analyst Actions & Ownership Changes:**
- Neutral: Needham & Co. reaffirmed “buy” at $220 (Apr 23); Wedbush reaffirmed “outperform” at $250 (Apr 9).
- Bearish: Multiple institutions reduced stakes (Covenant Asset Mgmt, Bensler LLC, Piscataqua Savings Bank, Hutchens & Kramer Inv Mgmt Grp LLC).
- Bullish: Advisors invested $8.53M; Osaic Holdings increased stake by 154.9%.

**Stock Performance:**
- Bearish: Apple stock down 1.2%."
2024-04-21,20,"**Product Launches and Enhancements:**
- Bullish: Launched iPhone 15 series in India and globally in September.
- Neutral: Set to unveil a revolutionary update to its Mac calculator app.

**Supply and Pricing:**
- Bearish: Halted production.
- Bearish: IPhone 15 Pro Max price dropped significantly.

**Analyst Actions:**
- Bearish: JP Morgan downgraded target price from $215.00 to $210.00.
- Mixed Ownership: Multiple large investors increased holdings (Barclays, Vanguard, Llp, Bank, Ri), while some reduced (Norris Perne & French LLP MI, Waypoint Capital Advisors).

**Trading Performance:**
- Bearish: Traded as low as $164.82, closing at $165.58.

**Earnings Estimate:**
- Neutral: Analysts predict EPS of 6.54 for the current fiscal year.

**Net Tilt:** Bearish due to production halt, price cut, and downgrade, offset by positive product launches and increased institutional holdings."
2024-04-22,64,"**Revenue & Earnings:** Bearish; sales slowing (revenue down).

**Analyst Actions:** Mixed; Rakers upgrades to Overweight, Morgan Stanley downgrades to Neutral and lowers PT to $210 (from $220).

**Product Launches & Enhancements:** Bullish; iPhone 15 launch in India, new FineWoven cases, M2 Mac mini updates, Vision Pro India launch planned.

**Acquisitions:** Bullish; multiple AI acquisitions to bolster capabilities.

**Regulatory & Legal:** Bearish; antitrust suits filed, Ukraine requests gambling app withdrawal.

**Supply & Production:** Bullish; plans to scale up iPhone production.

**Investor Sentiment & Ownership:** Mixed; some investors increasing holdings, others considering buys.

**Net Tilt:** Mixed signals, but bullish on product launches and AI acquisitions, bearish on revenue and legal issues."
2024-04-23,101,"**Revenue and Guidance:** Bearish. Apple’s June guidance will miss estimates, and iPhone sales are declining globally, including a 15.7% market share in China, falling to third place.

**Acquisitions and Product Launches:** Bullish. Apple acquired French AI startup Datakalab and is expected to launch new iPads, iPad Pro models, and potentially new Mac mini and MacBook Air M3 variants on May 7.

**Sanctions and Downgrades:** Bearish. The European Commission fined Apple €1.8 billion, and Morgan Stanley downgraded Apple’s price target from $220 to $210."
2024-04-24,54,"**Bullish Signals:**
- **Product Release:** iPad Air and iPad Pro likely to launch on May 7; new Vision Pro release planned for 2025.
- **Analyst Action:** Jim Cramer is bullish on Apple.

**Bearish Signals:**
- **Earnings Guidance Down:** Shipment estimates slashed for the year.
- **Revenue Volume Down:** Sales drop in China; iPhone sales slip to lowest.
- **Demand Decrease:** iPhone and Vision Pro demand has slowed.
- **Legal Issues:** Faces Dutch claim; legal case ongoing.
- **Insider Sell:** CFO and COO sold shares.
- **Supply Decrease:** Vision Pro production scaled back.
- **Price Target Downgrade:** JP Morgan reduced price target from $215.00 to $210.00.

**Net Tilt:** Bearish due to multiple negative signals outweighing positive ones."
2024-04-25,34,"**Product Price Cut:** Bullish (Iphone 15 price drops by 9%).  
**Acquisition:** Bullish (Apple acquires French computer vision startup).  
**Price Target Downgrade:** Bearish (Morgan Stanley trims price target from $220.00 to $210.00).  
**Product Outage:** Bearish (iMessage outage for some users).  
**Product Release/Catalysts:** Bullish (multiple AI model releases, expected iOS 18, new visionOS, potential iPad Air and Apple Pencil announcements).  
**Regulatory Investigation:** Bearish (Apple questioned by Congo).  
**Ownership Changes:** Mixed (Llc increases position by 69%, Heartland Bank & Trust Co lowers by 6.1%).  
**Stock Performance:** Neutral (Aapl opens at $169.02, trading 0.3% higher).  
**Net Tilt:** Bullish (more positive catalysts outweigh negative signals)."
2024-04-26,28,"**Revenue and Market Share Decline:** Bullish signals include new product releases like the iPad Air 2024 and M3 MacBook Air. However, bearish signals dominate with revenue decline, South Korea banning iPhones, dropping to fifth place in China, and legal issues in the Netherlands.

**Analyst Actions:** Bearish with Erste downgrading to Hold and Morgan Stanley lowering price target to $210.00. Positive sentiment from Snap upgrade mentioned but not directly related to AAPL.

**Insider Trading and Ownership Changes:** Mixed signals with CEO Cook selling shares and some institutions increasing holdings while others decrease stakes.

**Product and Legal Updates:** Bearish with AI app removal and increased pricing for Apple Watch, offset slightly by new features in WhatsApp and Safari Technology Preview.

**Net Tilt:** **Bearish** due to multiple negative signals outweighing positive ones."
2024-04-27,17,"**Integration Talks with OpenAI:** Bullish; Apple is exploring collaboration with OpenAI to enhance iPhone features, potentially boosting product appeal.

**Price Cuts:** Bearish; Apple slashed prices on the Apple Watch Series 9, indicating softer demand or competitive pressures.

**Ownership Decreases:** Bearish; multiple institutions reduced their Apple holdings, including Birch Capital Management LLC and Peoples Financial Services CORP., signaling investor caution.

**Export Growth:** Bullish; iPhone exports doubled, suggesting strong international demand.

**Stock Performance:** Bearish; Apple traded as low as $168.47, reflecting market sentiment.

**Earnings Preview:** Neutral; Apple’s Q2 earnings are scheduled for May 2, providing a key catalyst for future stock movement."
2024-04-28,15,"**Insider Activity:** COO Jeffrey E. Williams sold 59,162 shares (bearish).

**Product Updates:** Three apps removed from App Store (bearish); Apple Stores opening in India (bullish).

**Ownership Changes:** Multiple firms increased holdings (bullish): Inc., Llc (14,395.4%), Barclays (6.0%), Llc (118.0%). Some reduced holdings (bearish): Asset Management One Co. Ltd. (-3.8%), Corp.

**Analyst Actions:** Barclays reissued ""underweight"" with $158 price target (bearish).

**Net Tilt:** Mixed signals with slight net bullish bias due to multiple increases in holdings outweighing reductions."
2024-04-29,80,"**Analyst Actions:**  
- **Bullish:** Bernstein upgrades Apple to Outperform from Market Perform.
- **Bearish:** Loop Capital decreases price target from $185 to $170; Citigroup adjusts target from $220 to $210.

**Product Releases & Delays:**  
- **Bullish:** Cheaper Vision Pro, HomePod mini launch in Malaysia, new iPads and iPad Pro 2024 expected soon.
- **Bearish:** Vision Pro delayed until 2026.

**Legal Issues:**  
- **Bearish:** DOJ files antitrust suit; EU considers $40B fine.

**Stock Performance:**  
- **Mixed:** Stock down but gains reported.

**Net Tilt:** Mixed, with some bullish analyst upgrades and product launches offset by legal risks and delays."
2024-04-30,67,"**Analyst Actions & Guidance:**
- **Bullish:** Sanford C. Bernstein upgraded Apple from ""market perform"" to ""outperform,"" citing a positive outlook. (Evidence: Analyst upgrade)
- **Bearish:** Oppenheimer downgraded Q3 sales estimates, and Apple’s Q3 guidance is expected to miss consensus. (Evidence: Downgraded estimates, missed guidance)

**Product News:**
- **Bullish:** Apple plans multiple product launches including AI-enabled Safari, iPhone 16, and Beats Solo Buds. (Evidence: Multiple product announcements)
- **Bearish:** Vision Pro headset delayed until 2026. (Evidence: Product delay)

**Market Trends:**
- **Bearish:** Apple’s market share is declining. (Evidence: Market share drop)
- **Mixed:** Price cuts on older iPhone models like iPhone 15 and 14 series. (Evidence: Multiple price cut announcements)

**Net Tilt:** Mixed, with some bullish signals from product launches and analyst upgrades offset by bearish guidance and market share concerns."
2024-05-01,35,"**Revenue Guidance and Performance:**
- **Bearish:** Wells Fargo upgrades Apple to ""Overweight"" while Barclays downgrades to ""Underweight."" Morgan Stanley lowers price target from $220 to $210.
- **Bearish:** Apple anticipates drops in iPhone and iPad revenue; iPhone sales fell 19%.
- **Bullish:** Apple’s revenue rose 2% in the December quarter; iPhone sales in China increased.

**Market Trends and Competition:**
- **Bearish:** Apple faces declining market share and increased competition from Huawei.
- **Bullish:** Analysts predict Apple may regain market share.

**Product Releases and Enhancements:**
- **Neutral:** Multiple product releases including Beats Solo Buds, Beats Solo 4, and iOS updates.
- **Bullish:** Barclays sees potential for better Mac and iPad performance.

**Regulatory and Legal Issues:**
- **Bearish:** EU and US regulators scrutinizing Apple for antitrust violations.

**Stock Movement:**
- **Bearish:** Apple shares slid nearly 10%; EPS guidance suggests production cuts.
- **Bullish:** Apple stock gained 49% last year.

**Net Tilt:** Bearish due to revenue and market share concerns, regulatory scrutiny, and analyst downgrades outweighing positive product releases and past stock performance."
2024-05-02,201,"**Revenue Guidance:** Mixed. Bullish signals include services and iPad revenue growth, total revenue up, and return to sales growth (up). Bearish signals indicate major sales decline, iPhone and Mac sales down, and Q3 revenue growth low (down).

**Earnings:** Bullish. Consistently beating expectations over the past four quarters, with Q2 GAAP EPS of $1.53 beating by $0.03.

**Product Performance:** Mixed. iPhone sales and revenue down, but iPad revenue growth and iPhone demand ahead of expectations.

**Catalysts:** Positive. USD110 billion share buyback and dividend increase.

**Net Tilt:** Bullish due to strong earnings performance and positive catalysts outweighing product and revenue concerns."
2024-05-03,173,"**Revenue & Earnings:**
- Bullish: Apple’s Q2 revenue and EPS beat expectations, with Q3 guidance indicating low-single-digit revenue growth and a potential iPad surge. (Evidence: Revenue above expectations, EPS above expectations, Q3 revenue guidance up)
- Bearish: iPhone sales dropped significantly, and iPad sales were below expectations. (Evidence: iPhone sales down, iPad sales below expectations)

**Analyst Actions:**
- Mixed: BBA upgraded Apple to Market Perform from Underperform, while Piper Sandler downgraded the price target to $190 from $205. (Evidence: BBA upgrade, Piper Sandler downgrade)

**Catalysts:**
- Bullish: Apple announced a $110 billion buyback program and increased its quarterly dividend. (Evidence: $110 billion buyback, higher dividend)
- Bearish: Piper Sandler downgraded the price target, indicating some skepticism. (Evidence: Downgrade to $190 from $205)

**Net Tilt:** Net bullish due to strong earnings, positive guidance, and significant buyback/dividend actions outweighing analyst downgrade concerns."
2024-05-04,37,"**Analyst Actions:** Bullish (Sanford C. Bernstein upgraded to Outperform, Canaccord Genuity raised PT to $215, JPMorgan raised PT to $225, Bank of America raised PT to $230); Bearish (Berkshire reduced stake, Buffett sold $20B).

**Revenue/Earnings:** Bearish (Apple Watch sales disappointed); Bullish (robust buyback approved).

**Product Updates:** Mixed (iPhone alarm issues, AirPods price drop; iPad unveiling May 7, new Apple TV+ series release).

**Ownership Changes:** Bearish (multiple reports of reduced stake by Berkshire Hathaway); Bullish (Wealth Inc. increased stake).

**Net Tilt:** Neutral with slight bullish bias due to multiple upgrades and buybacks outweighing ownership reductions."
2024-05-05,30,"**Earnings & Revenue:** Bullish. Apple reported Q2 EPS up and revenue of $90.8B, down 4% YoY.

**Product Releases:** Bullish. New iPad Air models, MacBook Air M3, and potential MR headset launch scheduled.

**Buybacks & Ownership:** Mixed. Massive buyback program announced; however, significant stake reductions by major investors like Berkshire Hathaway.

**Price Adjustments:** Bearish. AirPods price cut in India; MacBook Air M3 launched in Manila at P76,990.

**Analyst Actions:** Neutral. Rosenblatt Securities maintains ""Neutral"" rating.

**Catalysts:** Bullish. Expected intelligent search feature and Safari/Siri updates."
2024-05-06,59,"**Product Releases & Enhancements (Bullish):**
- Apple launches new Pride edition Watch and 2024 Pride Collection.
- New iPads and Apple Pencil 3 launching soon.
- Apple announces five new games for Apple Arcade.

**Revenue & Earnings (Bullish):**
- Services revenue growth.
- Profits jump.

**Analyst Actions (Mixed):**
- Itau BBA raises rating to ""Market Perform.""
- Citigroup downgrades target price from $220 to $210.
- Monness Crespi & Hardt upgrades target price from $200 to $205.

**Legal & Regulatory (Bearish):**
- Masimo sues Apple.
- Apple grilled by US senators.

**Stock Actions (Mixed):**
- Shares dip.
- Largest stock buyback announced.
- Ownership increased by significant holders.

**Price Cuts (Bearish):**
- iPhone 14 price drops by 26%.

**Net Tilt:** Mixed, with some bullish signals from product launches and earnings, offset by bearish legal/regulatory issues and price cuts."
2024-05-07,157,"**Analyst Ratings & Targets:** Bullish; Helena Wang at Phillip Securities upgraded Apple to Accumulate from Neutral. Canaccord Genuity raised its price target to $215.00.

**Earnings & Revenue:** Mixed; Q2 earnings and EPS beat expectations, but iPad sales missed estimates. Apple aims to boost iPad revenue, indicating a positive outlook.

**Product Releases:** Bullish; Apple unveiled refreshed iPad Pro and iPad Air, with enhancements like M3 chips and OLED displays.

**Legal & Buybacks:** Bearish; Apple found guilty in a legal case. However, the board approved a $110B stock repurchase program.

**Net Tilt:** Bullish due to strong analyst upgrades, product releases, and earnings beats outweighing revenue misses and legal issues."
2024-05-08,86,"**Product Releases:** Bullish. Apple introduced multiple products including enhanced iPad Air, new iPad Pro models, new iPad chips, and updated software like WatchOS 10 and Final Cut Pro for iPad.

**Revenue Trends:** Mixed. Bullish signals include revenue growth in China and India, while bearish signals indicate overall sales decline and iPhone sales downturn.

**Analyst Actions:** Bullish. JPMorgan upgraded Apple’s price target from $210.00 to $225.00.

**Regulatory & Legal:** Mixed. Bullish with FDA approval for Apple Watch; bearish with EU rejection of App Store proposal and a fine from the EU.

**Executive Changes:** Bearish. Apple Design Executive Duncan Kerr reportedly left the company."
2024-05-09,30,"**Revenue & Earnings:**
- Bullish: Revenue above expectations, driven by iPad sales exceeding estimates and App Store revenue up 10%. EPS of $1.53.
- Bearish: iPhone sales slump, revenue down.

**Product Updates:**
- Bullish: Announced 5 new iPhone models, released macOS Sonoma, and updated iTunes.
- Bearish: Price cuts on iPad in Malaysia, MacBook hit by malware.

**Analyst Actions:**
- Bearish: Citigroup downgraded price target from $220 to $210.

**Strategic Moves:**
- Bullish: Board authorized stock buyback program.
- Neutral: Potential partnership with Samsung Display discussed.

**Regulatory & Legal:**
- Bearish: US judge grilling Apple exec over regulatory investigation.

**Ownership Changes:**
- Mixed: Various funds increased or decreased holdings, with some buying and others selling shares.

**Net Tilt:** Mixed, but slightly **Bearish** due to iPhone sales slump, price cuts, and regulatory scrutiny."
2024-05-10,41,"**Revenue Trends:** Bullish (Iphone Sales Soar); Bearish (iPad sales dropping).

**Analyst Actions:** Bullish (Canaccord Genuity, Barclays, Morgan Stanley upgraded price targets to $215.00, $164.00, $216.00 respectively); Neutral (mixed insider buying/selling).

**Product Launches:** Bullish (AI-powered iPads, iPad Pro, Apple Pencil launched; Vision Pro 2 potential 2026 debut).

**Supply/Production:** Bullish (deal with Samsung for supplies).

**Legal/Catalysts:** Bearish (FDA recall on iOS, lawsuit filed); Neutral (CEO pay cut).

**Buybacks:** Bullish ($110B repurchase authorization).

**Ownership Changes:** Mixed (multiple firms increasing stakes, some decreasing).

**Net Tilt:** Bullish."
2024-05-11,24,"**Price Target Upgrade:** JPMorgan raised Apple’s price target from $210.00 to $225.00 (Bullish).

**Product Launches:** Apple unveiled new iPad Pro, iPad Air, and announced iOS updates (Bullish).

**Collaboration:** Apple nearing a deal with OpenAI to integrate ChatGPT into iOS (Bullish).

**Price Cut:** Significant price reduction on iPad (Bearish).

**Ownership Changes:** Seascape Capital Management increased holdings (+3.7%), while Berkshire Hathaway cut stake (-12.9%) and other firms reduced holdings (Bearish overall).

Net Tilt: **Mixed**, with Bullish signals slightly outweighing Bearish ones."
2024-05-12,21,"**Product Launches:** Bullish. Apple launched 2 new iPads, three new macOS versions, and updated watchOS and tvOS.

**Buybacks:** Bullish. Apple approved a $110B buyback program.

**Ownership Changes:** Mixed. Multiple firms increased holdings (Capital Advisors, Llc, Financial, Sumitomo Life Insurance), while others decreased (Phocas Financial, Nottingham Advisors).

**Analyst Ratings:** Neutral. Wedbush reaffirmed ""outperform"" with a $250 target.

**Stock Performance:** Bearish. Apple traded down 0.7-1%.

**Worker Strike Authorization:** Bearish. Apple store workers voted to authorize a strike."
2024-05-13,62,"**Earnings & Analyst Actions:**
- Bullish: Q2 earnings beat expectations.
- Bearish: Citigroup downgraded Apple to $210 from $220; Morgan Stanley upgraded to $216 from $210.

**Product News:**
- Bullish: Positive reviews for iPad Pro; new iOS 18, M4 Macs, and other product launches planned.
- Neutral: Partnership with Google for AI; WhatsApp update unrelated to Apple.

**Legal & Financial:**
- Bearish: EU fined Apple €1.8B; DOJ filed antitrust suit; potential staff strike; board approved share repurchase program.
- Neutral: Apple faces ongoing legal issues in Europe.

**Net Tilt:** Mixed, with positive earnings and product reviews offset by legal challenges and mixed analyst actions."
2024-05-14,46,"**Price Target Upgrades:** Canaccord Genuity upgraded price target from $200.00 to $215.00; Barclays from $158.00 to $164.00; Monness Crespi & Hardt from $200.00 to $205.00 (Bullish).

**Product Launches/Catalysts:** Vision Pro headset launch planned globally and in India; new iPad Pro with M4 chip; iOS 17 and iPadOS updates; potential touchscreen Macs in 2025 (Bullish).

**Market Share Gain:** Apple increased market share by 19% (Bullish).

**Partnerships:** Apple-Google cross-platform launch; Apple-Netflix-Comcast partnerships (Bullish).

**Product Fault:** iPad Pro display issue (Bearish).

**Ownership Changes:** Multiple firms increased holdings; some decreased (Mixed).

**Stock Performance:** Apple gained 19% and 1.8% (Bullish).

**Net Tilt:** Bullish."
2024-05-15,35,"**Product Releases and Enhancements (Bullish):**
- JPMorgan upgraded AAPL’s price target to $225 from $210.
- Apple introduced a new battery, foldable iPhone (2026), and OLED iPad Pro.
- iOS 18 previewed with 14 new features; CarPlay updates announced.

**Partnerships (Bullish):**
- Apple partners with OpenAI to enhance Siri.

**Ownership Changes (Mixed):**
- Inc. increased stake by 27.7%; others like Cardinal Strategic Wealth Guidance and Berkshire Hathaway decreased stakes.

**Price Adjustments (Neutral):**
- M4 starts at £999; M3 MacBook Air at £1,099.
- iPhone 15 available at 11% discount."
2024-05-16,32,"**Buybacks:** Bullish; Apple approved a $110B buyback plan.

**Product Issues:** Bearish; iPhone users face problems, iMessage outages reported.

**Product Releases & Enhancements:** Bullish; new iPad Air, HomePod updates, accessibility features, and CarPlay enhancements announced.

**Price Cuts:** Mixed; iPad price cut in India, Apple Watch and Siri discounts, but also promotional discounts on AirPods Max and iPad Air.

**Analyst Actions:** Bullish; Street raised price target to $180 from $175.

**Ownership Changes:** Mixed; multiple firms increased holdings, while others decreased stakes.

NET TILT: **Bullish**."
2024-05-17,34,"**Product Releases and Enhancements (Bullish):**
- Apple to launch iPhone 16 in September with new A-series chipsets.
- New iPad Air and iPad already launched; thinnest iPad released last week.
- New iPad Pro and iPhone models announced.

**Analyst Actions (Bullish):**
- Barclays upgraded price target from $158.00 to $164.00.
- Morgan Stanley raised target from $210.00 to $216.00.
- Monness Crespi & Hardt increased target from $200.00 to $205.00.
- Needham & Company LLC reaffirmed “buy” with $220.00 target.
- Wedbush reaffirmed “outperform” with $250.00 target.

**Ownership Changes (Mixed):**
- Multiple firms increased holdings in Apple.
- Some firms decreased holdings in Apple.

**Settlement (Neutral):**
- Apple agreed to $35 million settlement.

**Outage (Bearish):**
- Brief iMessage outage occurred."
2024-05-18,17,"**Buybacks & Product Releases (Bullish):** Apple approved a share repurchase plan and launched multiple products including Vision Pro in new markets, iPad models, and iOS updates.

**Analyst Actions (Bullish):** Bank of America upgraded Apple’s price target from $225.00 to $230.00.

**Ownership Changes (Mixed):** Multiple firms increased holdings (Atlantic Union Bankshares, Columbus Macro), while others reduced stakes (Ag, Pbc). Insider Chris Kondo sold shares.

**Stock Performance (Neutral):** Apple stock was flat at 0.0%.

**Net Tilt:** Bullish due to product launches and positive analyst action outweighing mixed ownership signals."
2024-05-19,15,"**Buybacks and Product Updates:**
- Bullish: Apple approved a $59 billion stock buyback program.
- Bearish: Delayed Mac Studio launch.
- Bullish: Announced Airtag release later this year.
- Bullish: Redesigning iPhone 16 series with capacitive buttons.

**Ownership Changes:**
- Bullish: Multiple firms increased stakes (Inc., Capital Advisors Inc., LLC).
- Bearish: One firm decreased stake (Inc.).

NET TILT: **Bullish** due to significant buyback approval and product enhancements outweighing the single product delay."
2024-05-20,56,"**Product Releases & Enhancements (Bullish):**
- Apple rolled out refreshed AirTags, announced AI tools for MacOS, iOS 18, and new iPads.
- Apple plans to launch iPhone 16 in September and enhance Siri with AI.

**Revenue & Market Share (Bearish):**
- Q2 smartphone sales declined; revenue fell 37%.
- Smartphone market share dropped to 16% from 21%.

**Price Cuts & Promotions (Mixed):**
- Price cuts on iPhone 15 models in China and ahead of iPhone 16.
- Deep discounts and trade-in promotions on iPhones.

**Ownership Changes (Mixed):**
- Multiple firms increased holdings (e.g., Builders +8.2%, Morgan Stanley +1.0%), while one firm decreased holdings (-0.8%).

**Net Tilt:** Bearish due to significant revenue decline and market share loss, offset slightly by product enhancements and price cuts."
2024-05-21,42,"**Revenue and Guidance:**
- Bullish: JPMorgan upgraded Apple’s target price to $225 from $210.
- Bearish: iPhone sales fell 8%, and China revenue dropped 8%. Revenue guidance suggests a mixed outlook.

**Legal and Regulatory:**
- Bearish: EU fined Apple $1.8B in March, and Apple faces another $1.95B fine, challenging it in court.
- Neutral: Apple sued EU over $1.9B antitrust fine.

**Product and Promotions:**
- Bullish: Aggressive iPhone discounts in China, iPadOS 17, and new software releases.
- Neutral: TVOS 17 and minor updates, expected iPhone 16 launch.

**Ownership and Insider Actions:**
- Mixed: Multiple firms increased holdings, while some decreased; insider Chris Kondo sold shares.

**Net Tilt:** Bearish due to revenue declines and legal challenges outweighing product promotions and upgrades."
2024-05-22,30,"**Product Launches and Enhancements (Bullish):**
- VisionOS app launching May 30.
- Foldable iPhone debut.
- iOS 17 release with minor updates and an urgent fix.

**Buybacks and Investment (Bullish):**
- Board authorized $110B share repurchase program.
- Invested over $200M in unspecified project.

**Analyst Upgrades (Bullish):**
- Barclays raised PT from $158 to $164.
- Morgan Stanley raised PT from $210 to $216.
- Monness Crespi & Hardt raised PT from $200 to $205.

**Legal Issues (Bearish):**
- Challenging DOJ’s antitrust case.
- Sued by American costume designer.

**Ownership Changes (Mixed):**
- Columbus Macro increased stake by 0.5%.
- EFG Asset Management lowered stake.
- Handelsbanken Fonder acquired 366,165 shares.

**Price Cuts (Bearish):**
- Phone prices slashed (exact figure not provided).

**Net Tilt:** Bullish due to multiple analyst upgrades, significant buyback authorization, and product launches outweighing legal challenges and price cuts."
2024-05-23,22,"**Product Price Cut:** Bullish (Iphone 14 Plus price drops by 19%).  
**Embargo:** Bearish (Harvard Blocks 13 Pro).  
**Antitrust Investigation:** Bearish (Antitrust Judge Questions Apple's practices).  
**Price Target Upgrades:** Bullish (Wedbush raises price target from unspecified to $250; Bank of America raises from $225 to $230).  
**Product Releases:** Neutral-Bullish (Multiple new product launches including iPhone 17, Vision Pro availability, MacBook with 20-inch foldable display planned for 2026).  
**Ownership Changes:** Mixed (Capital Advisors increases holdings by 1.6%, while Lee Danner & Bass and Leuthold Group sell shares).  
NET TILT: **Bullish**."
2024-05-24,28,"**Product Reviews and Upgrades:** Bullish. Positive reviews for MacBook Pro M3 and Apple Watch Band highlight product quality.

**Analyst Actions:** Bullish. JP Morgan upgraded Apple’s target price from $210.00 to $225.00.

**Buybacks and Ownership Changes:** Mixed. Apple approved a new stock repurchase plan, while some funds increased holdings, others decreased. Net tilt slightly bullish.

**Revenue and Market Performance:** Bearish. Apple reported a 25% decline in Chinese sales and a recent negative quarter. Stock closed down 2.1%.

**Future Product Launches:** Bullish. Rumored launches of OLED iPad Mini and Air in 2026, along with potential MacBook release in 2026, suggest continued innovation.

**Market Entry and Competition:** Neutral. Garmin’s entry into ECG apps indicates growing competition.

**Stock Price Movements:** Bearish. Recent stock performance shows declines, with shares opening at $186.88 and closing down 2.1%."
2024-05-25,18,"**Analyst Actions:** Bullish; Sanford C. Bernstein upgraded Apple to Outperform, while Wedbush raised the price target from $250.00 to $275.00.

**Ownership Changes:** Mixed; Kansas and Barclays increased holdings, while Texas and others reduced positions.

**Product Updates:** Neutral; Vision Pro yet to release in the UK.

**Earnings Estimates:** Neutral; forecasted Q3 EPS at $1.28 and FY2024 EPS at $6.57.

**Other:** Neutral; Apple reached a settlement and saw a 1.7% stock gain."
2024-05-26,16,"**Earnings & Estimates:** Analysts cut earnings estimates for Apple, bearish (-0.62).

**Product Launches & Upgrades:** Apple introduced new iPad Pro, plans foldable MacBook and AI tools, bullish (0.52).

**Price Adjustments:** Mac and Apple Watch prices slashed, bearish (-0.44).

**Ownership Changes:** Multiple firms increased stakes while others decreased, mixed signals (0.37 vs -0.34).

**Stock Performance:** Shares traded up, bullish (0.47).

**Net Tilt:** Mixed signals overall, slightly bullish."
2024-05-27,18,"**Revenue & Sales:**
- Bullish: iPhone sales surged, indicating strong demand.
- Bearish: iPhone 14 saw a price cut, potentially signaling weaker demand.

**Product Launches & Features:**
- Bullish: iPhone 15 launched in India, ""Safety Button"" unveiled, and partnerships with OpenAI announced.
- Neutral: Speculation around iOS 18 release.

**Promotions & Discounts:**
- Bullish: Promotions on iPads and Macs, flagship store openings in India.
- Bearish: Amazon discount on iPhone 15.

**Partnerships & Deals:**
- Bullish: Apple partners with OpenAI and seeks Google collaboration.

**Ownership Changes:**
- Mixed: Multiple firms increased stakes, while New Jersey Common Pension Fund decreased holdings.

**Stock Performance:**
- Bullish: Shares up 1.7% following analyst upgrade."
2024-05-28,52,"**Revenue Trends:** Bullish (sales climbing, iPhone sales up 52%, China sales rebounding); Bearish (sales dropped 37% YoY in Q1).

**Product Launches & Enhancements:** Bullish (M4 iPad Pro, AI game, OLED MacBook Pro, AirPods Pro 2, iOS 18 updates).

**Analyst Actions & Buybacks:** Bullish (Barclays upgraded price target to $164, $110B buyback approved); Bearish (Warren Buffett sold $21B).

**Ownership Changes:** Mixed (management and multiple funds increased stakes; Penobscot Wealth, Stanley Laman, Overbrook, and Berkshire reduced stakes).

**Net Tilt:** Bullish."
2024-05-29,39,"**Analyst Actions & Price Targets:** Bullish. Wedbush upgraded target from $250 to $275; Morgan Stanley from $210 to $216; Bank of America from $225 to $230; Tigress Financial raised by $5. **Product Releases & Promotions:** Mixed. Positive: OLED MacBook Pro, foldable devices, iPad Air M2, Peacock & Apple TV+ launches, Beats Solo Buds, Apple TV app for Android. Negative: iPhone 14 Plus price drop, iPhone price cuts in China. **Revenue Trends:** Bearish. Overall sales drop noted, but News+ subscriptions growing. **Legal & Business:** Bullish. Won legal battles in China, developing Apple TV app for Android. **Ownership Changes:** Mixed. Vanguard, Morgan Stanley, Columbus Macro increased stakes; one firm decreased. **Stock Performance:** Bullish. Stock traded 2.4%, 0.84%, and 0.01% higher. **Net Tilt:** Bullish."
2024-05-30,39,"**Product Releases & Enhancements (Bullish):** Apple TV Plus launches on Android, iPhone becomes available in Italy, Beats Solo Buds unveiled, new AI App Store planned, iPad with unspecified features revealed, rigorous iPhone updates announced, and Siri upgrades with AI enhancements.

**Legal Developments (Mixed):** Apple wins anti-monopoly lawsuit, court rules in favor of Apple, but faces ongoing DOJ lawsuit since March 2024 and EU fine from last month.

**Price Adjustments (Bearish):** M4 receives a $120 price cut, and M2 sees a 23% price reduction.

**Analyst Actions (Mixed):** Citigroup downgrades price target from $220 to $210, while Tigress raises target to $245 from $240. Bank of America and Needham maintain “buy” ratings.

**Ownership Changes (Mixed):** Headlands Technologies, Nordea Investment Management, and management increase stakes, while Fulton Breakefield Broenniman and another entity reduce holdings."
2024-05-31,21,"**Dividends & Buybacks:** Bullish. Apple raised its dividend for the 13th year and approved a $110B stock buyback plan.

**Product Launches:** Bullish. Launched iPad Pro, Vision Pro set for June 29 in France, and Apple TV+ returns in August.

**Analyst Actions:** Bullish. Tigress Financial upgraded price target from $240 to $245.

**Ownership Increases:** Bullish. Barclays, Llc., Corporation, Ut, and Inc. all increased holdings or initiated positions.

**Mixed Signals:** Neutral. BofA Securities maintained a Buy rating, but no change in price target.

**Net Tilt:** Bullish. Multiple positive catalysts outweigh neutral analyst action."
2024-06-01,18,"**Revenue & Product Enhancements:**
- Bullish: Potential boost in device sales due to enhanced Siri capabilities (revenue-up).
- Bullish: Expected new version of Siri and Apple TV revamp (product-release, product-enhancement).

**Partnerships & Reorganizations:**
- Bullish: Likely partnership with Microsoft (partnership).
- Neutral: Possible integration talks with Google (business-combination-opinion).
- Neutral: Plans to revamp operations (reorganization).

**Stock Performance & Ownership Changes:**
- Bearish: Year-to-date stock performance negative (stock-loss).
- Bearish: COO Jeffrey E. Williams sold shares (insider-sell).
- Bullish: Barclays upgraded price target to $164.00 (price-target-upgrade).
- Neutral: Various investors increasing holdings (ownership-increase-held).

**Price Adjustments:**
- Bearish: Certain iPhone prices reduced (product-price-cut).

**Earnings & Guidance:**
- Neutral: Analysts expect EPS of 6.57 for FY (earnings-per-share-estimate)."
2024-06-02,16,"**Price Target Upgrade:** Wedbush upgraded Apple’s target price from $250.00 to $275.00 (Bullish).

**Product Reviews & Enhancements:** Positive MacBook Air M3 review; latest iOS update released (Bullish).

**Market Expansion:** Apple plans to open its first official store in Malaysia (Bullish).

**Product Launches:** New iPhone series expected in September (Bullish).

**Ownership Changes:** Increased ownership by LLC and management, offset by decreases from Avaii Wealth Management, Anchor Capital Advisors, and NA (Net Neutral).

**Discounts & Competition:** IPhone 15 series discounts; Nvidia competing with Apple (Mixed).

**Stock Performance:** Traded as low as $191.06, last at $191.25 (Bearish)."
2024-06-03,29,"**Product Pricing & Release:**
- **Bearish:** iPhone 14 price drops by 21%, iPhone 15 price cut to Rs 65,000, Apple Watch Series 9 price slashed, Apple TV 4K drops to $89.99.
- **Bullish:** Apple announces Vision Pro launch, releases iPadOS 17, iOS 17.5.1, and new YouTube videos; unexpected new device previewed.

**Ownership Changes:**
- **Bullish:** Nordea Investment Management, Inc., Barclays, and Llc increase stakes.
- **Bearish:** Director sells $14.4M in common stock, multiple firms reduce stakes.

**Other:**
- **Bullish:** Stock buyback plan of $110B approved, deal with OpenAI signed.
- **Neutral:** Analysts maintain ""buy"" rating with $230 target.

**Net Tilt:** Mixed signals, but pricing cuts and insider sell suggest caution."
2024-06-04,32,"**Product Releases & Upgrades (Bullish):**
- 13 Pro series launching in India and China.
- iPadOS 17.5.1 rollout.
- New AI-powered hardware/software updates.
- Foldable iPhone and iOS/iPadOS releases planned.

**Revenue & Sales Trends (Mixed):**
- Positive: UBS notes App Store revenue growth.
- Negative: Wearable sales down 19% in Q1.

**Analyst Actions (Bearish):**
- Citigroup downgraded AAPL to $210 from $220.
- Tigress Financial upgraded AAPL to $245 from $240.

**Insider Activity & Ownership Changes (Mixed):**
- Bearish: Arthur D. Levinson sold 75,000 shares.
- Bullish: Various firms increased positions in AAPL.

**Litigation & Support (Bearish):**
- Patent infringement lawsuit against Apple and Google.
- Netflix discontinuing support for older Apple TVs."
2024-06-05,30,"**Analyst Ratings and Price Targets:** Bullish. Morgan Stanley upgraded to ""Overweight"" with a $216.00 target, while Needham reaffirmed ""Buy"" with a $220.00 target. Wedbush raised its target to $275.00.

**Product Reviews and Launches:** Bullish. Positive reviews for iPhone 15 Plus, iPad Pro, iPad Air, and Apple Pencil Pro. Expected iPhone 16 launch in September, new iPad Air release, and visionOS 2 unveiling.

**Partnerships and Enhancements:** Bullish. Exclusive partnerships with Club and OpenAI. Major AI upgrades planned for iOS.

**Ownership Changes:** Mixed. Financial and Service increased holdings, while multiple firms reduced positions or sold shares.

**Price Adjustments:** Bearish. Flipkart slashed iPhone prices.

**Net Tilt:** Bullish. Positive analyst ratings, product reviews, and enhancements outweigh ownership reductions and price cuts."
2024-06-06,37,"**Product Releases & Enhancements (Bullish):**
- Apple unveils iPhone 15 series software, Applegpt, and a new password manager.
- iOS 18 and macOS updates reveal significant AI enhancements.

**Price Adjustments (Bearish):**
- iPhone 15 price cut by 11%, Flipkart reduces iPhone 15 Pro price.

**Partnerships & Collaborations (Bullish):**
- Apple collaborates with OpenAI and negotiates with Google for AI integration.

**Legal & Regulatory Issues (Bearish):**
- Lawsuit by 1,500 tech developers moves forward; Turkey and India investigate Apple’s App Store.

**Buybacks & Ownership Changes (Mixed):**
- Board authorizes $110B repurchase program; multiple institutions sell AAPL shares.

**Revenue Trends (Bullish):**
- Apple App Store revenue up 11% in Q3.

**Net Tilt:** Mixed, with significant bullish product news offset by bearish legal/regulatory pressures and mixed ownership signals."
2024-06-07,45,"**Product Releases & Upgrades:**
- Bullish: Apple is set to unveil a new Passwords app, competing with 1Password, and a new AI system on June 10th (multiple sources).
- Bullish: Apple introduced AI enhancements for Siri and started selling refurbished M3 MacBook Air models.

**Analyst Actions & Price Targets:**
- Bullish: Tigress Financial upgraded Apple’s target price from $240 to $245.
- Neutral: Monness Crespi & Hardt reaffirmed “Buy” rating on Apple.

**Ownership Changes:**
- Bullish: Multiple firms increased stakes in Apple (Llc, Adv, M&G Investment Management, Lp, Aegon ASSET MANAGEMENT UK, Columbus Macro LLC).
- Bearish: Some firms reduced holdings (Mutual LIFE INSURANCE Co, Cornerstone Advisors LLC, Associated Banc Corp, Llc).

**Net Tilt:** Bullish due to product launches and upgrades, positive analyst actions, and overall increased ownership."
2024-06-08,21,"**Revenue & Sales:**
- Bullish: iPhone sales and overall device sales expected to boost revenue (revenue-up, revenue-volume-up).
- Bearish: Netflix discontinuing service on Apple TV (business-contract-terminated).

**Product Releases & Promotions:**
- Bullish: Introduction of new MacBook Air with M3 chip, AI service, and OS updates (product-release).
- Bullish: Discounts on 5th gen iPad, iPad Air, and 6th gen iPad Mini (product-promotion).

**Insider Activity & Ownership Changes:**
- Bearish: Director Arthur D. Levinson sold 75,000 shares (insider-sell).
- Bullish: Multiple firms increasing holdings or purchasing shares (ownership-increase-held, stake-acquiree).

**Stock Performance:**
- Mixed: Recent gains (stock-gain) contrast with modest annual growth (stock-gain).

NET TILT: **Bullish** due to product launches and promotions outweighing insider selling."
2024-06-09,9,"**Product Enhancement:** Bullish. Apple’s iOS 18 update will enhance Siri with AI features.

**Ownership Changes:** Mixed. United Services Automobile Association (+9.6%), Bank (+9.4%), LLC (+16.1%) increased stakes; Staley Capital Advisers Inc. (-0.2%) decreased stake.

**Analyst Ratings:** Neutral. Morgan Stanley maintained “overweight” with $216 PT; DZ Bank reaffirmed “hold” with $180 PT.

NET TILT: **Bullish** due to multiple increases in ownership and positive analyst action."
2024-06-10,165,"**Revenue & Earnings:**
- Bullish: Apple reported an increase in profits and saw double-digit growth in App Store revenue.
- Bearish: The company experienced a slump in overall sales.

**Analyst Actions:**
- Bullish: Wedbush upgraded Apple’s price target from $250.00 to $275.00.

**Product Releases & Upgrades:**
- Bullish: Apple plans to introduce advanced photo editing tools, unveil AI capabilities, and release Vision Pro in multiple countries. Additionally, the company previewed watchOS 11, iOS 18, and other software updates.
- Bearish: The iPhone 14 Plus price dropped by 23%.

**Corporate Actions:**
- Bullish: Apple raised its dividend for the 13th consecutive year and approved a $110 billion share buyback plan.

**Net Tilt:** Bullish, despite mixed signals, due to positive product launches, upgrades, and financial actions."
2024-06-11,148,"**Analyst Ratings & Price Targets:** Bullish. DA Davidson upgraded Apple to Buy from Neutral, citing a positive outlook. However, Citigroup downgraded their price target from $220 to $210.

**Revenue Guidance & Growth:** Mixed. Apple reported slowing global sales but also indicated revenue growth.

**Product Releases:** Bullish. Apple unveiled multiple new features and products including advanced Siri, a new spatial audio system, a Clean Up tool, iOS 18, macOS, Vision Pro headset, and a 7.9-inch foldable iPhone.

**Buybacks:** Bullish. Apple announced a large stock buyback program.

**Legal Issues:** Bearish. A lawsuit against Apple was mentioned, though details were not provided."
2024-06-12,47,"**Analyst Actions:** Bullish (Needham & Co., Da Davidson upgraded to Buy; Neil reinstated Buy). Bearish (Barclays downgraded to Underweight).

**Sanctions/Fines:** Bearish (Google, Apple fined in multiple regions).

**Regulatory Approval:** Bullish (Japan forces Apple to allow iOS).

**Price Targets:** Bullish (multiple firms raise price targets).

**Product Releases:** Bullish (next-gen iPhones, iOS/iPadOS updates, Vision Pro demos, foldable iPhone 2026, CarPlay redesign, ReaLM app).

**Stock Performance:** Mixed (shares fall premarket, soar post-market).

**Supply/Cutbacks:** Bearish (iPhone production cuts, Vision Pro production issues).

**Partnerships:** Bullish (Affirm partnership).

**Legal Issues:** Bearish (pricing complaints).

**Ownership Changes:** Bullish (multiple institutions increase holdings).

**Net Tilt:** Bullish, despite mixed signals."
2024-06-13,43,"**Analyst Actions:** Securities upgraded Apple to Market Perform; Barclays reissued Underweight with $164 target; Morgan Stanley reaffirmed Overweight with $216 target; Needham reaffirmed Buy with $220 target; Bank of America reaffirmed Buy.

**Financial Moves:** Apple authorized $110B share repurchase; stock gained 23% since early May, reached new 12-month high at $201.05; Morgan Stanley, Llc, Swedbank, and others increased holdings.

**Product News:** Apple Watch Cellular launched in Ireland; Vision Pro launched in U.S.; new-gen CarPlay released; iPhone’s upcoming Messages via Satellite feature showcased; iPhone 13 price cut.

**Legal Issues:** Fined $1.95B by Korean Communications Commission; faced multiple class action lawsuits including one over gender discrimination.

**Net Tilt:** Bullish due to upgrades, financial moves, and product launches; bearish due to legal issues and price cuts."
2024-06-14,36,"**Analyst Actions:** Bullish; Erste Group upgraded Apple to Buy from Hold, and Wedbush raised its price target from $250.00 to $275.00.

**Legal Issues:** Bearish; Apple faces multiple lawsuits including a gender pay gap lawsuit, a massive discrimination lawsuit, and EU charges, agreeing to pay a $175,000 penalty.

**Product News:** Mixed; Vision Pro to be released in the UK, but iPhone 15 price drops in India and subtle AirPods Pro updates discontinued.

**Financials:** Bearish; Apple traded down $2.08 to $212.16, and a director sold shares.

**Other:** Neutral; Apple approved a $110B share repurchase program and settled hiring discrimination claims for $25M."
2024-06-15,36,"**Product Releases:** Bullish. Apple introduced a dedicated Passwords app, announced iOS 18, MacOS, and watchOS 11, and unveiled new products for iPhone, iPad, and Mac.

**Analyst Actions:** Mixed. Erste Group upgraded Apple to a positive outlook and raised the price target to $245.00 from $240.00, while UBS maintained a neutral stance with a $190.00 target.

**Legal Issues:** Bearish. Apple faces a lawsuit in the UK for EUR5 million and a security warning from the Indian government regarding Vision Pro.

**Ownership Changes:** Mixed. Texas boosted its stake, management increased holdings, and Covenant Partners LLC invested, while others sold shares.

**Earnings Guidance:** Neutral. Analysts expect EPS of 6.58 for the current fiscal year, with revenue growth of 1%.

**Net Tilt:** Neutral to Slightly Bullish."
2024-06-16,19,"**Analyst Ratings:** Bullish; Erste Group Bank upgraded AAPL to Buy (positive).

**Product Updates:** Bullish; 'Significantly skinnier' iPhone next year, macOS Sequoia update, Safari major update, redesigned iPhone and MacBook Pro, new Pencil Pro features, improved Mac Chess.

**Price Actions:** Bearish; 15 Pro Max prices dropped.

**Legal Issues:** Bearish; Man sues Apple.

**Ownership Changes:** Mixed; Lp and Llc increased stakes, while Kampmann Melissa and another Llc decreased positions.

**Trading Performance:** Bearish; AAPL traded as low as $212.62, closing at $213.17."
2024-06-17,50,"**Buybacks & Capital Allocation:** Bullish. Apple approved a $110B share repurchase program.

**Product Releases & Enhancements:** Mixed. Positive signals include new iPad Pro, M2 iPad Air, and upcoming thinner iPhone 17 (2025); negative signals involve potential discontinuation of iOS 17 and Apple Pay, and price cuts across multiple products.

**Legal Issues:** Bearish. Apple faces potential EU fines up to A$75.72M daily and legal challenges in Europe and India.

**Demand & Production:** Bearish. Reduced production due to low demand.

**Stock Performance:** Bearish. AAPL stock declined to $212.49.

**Analyst Actions & Ownership Changes:** Mixed. Barclays maintained ""underweight"" with a $164 target; several institutions increased holdings while one sold shares."
2024-06-18,65,"**Analyst Actions:** Erste Group upgraded AAPL to ""buy"" from ""hold""; JPMorgan raised price target to $245 from $225. Phillip Securities downgraded AAPL to ""neutral."" **Regulatory Developments:** Japan approved third-party app stores; EU may impose up to 10% penalties. **Product Releases:** Vision Pro launch planned in multiple markets; iOS 17.6, watchOS 10, and other updates released. **Legal Issues:** Potential lawsuit and charges from Brussels. **Net Tilt:** Mixed, with bullish analyst upgrades and product launches offset by regulatory risks and legal issues."
2024-06-19,44,"**Price Target Upgrades:** Wedbush raised price target from $250.00 to $275.00; JPMorgan raised from unspecified to $245.00 (Bullish).

**Revenue Outlook:** Analysts expect revenue boost in coming quarters (Bullish).

**Product Releases:** M4 iPad Pro, M3 chip, Vision Pro, M4 MacBook Pros, and other tools/websites launched or expected (Bullish).

**Supply Issues:** Vision Pro 2 halted production (Bearish).

**Ownership Changes:** Multiple firms increased stakes; some decreased (Mixed, slightly Bullish).

**Stock Performance:** Stock surged over 12%, but traded as low as $213.00 (Mixed).

**Net Tilt:** **Bullish**."
2024-06-20,46,"**Product Launches/Cuts:** Bullish (M4 Macs, M4 iMac, new Final Cut Pro, pro video app); Bearish (iPhone 13 price drop, iPad Pro price drop, Apple Watch Series 9 price cut).  
**Analyst Actions:** Mixed (Needham upgraded to Buy/$220, Barclays downgraded to Underweight/$164).  
**Ownership Changes:** Bullish (multiple insiders and institutions increased stakes); Bearish (some institutions decreased stakes).  
**Other:** Bearish (potential $50M fine, UK store closure); Bullish (Malaysian store opening, Affirm partnership, Back to School discounts).  
**Net Tilt:** Slightly Bullish."
2024-06-21,44,"**Analyst Upgrades and Price Target Increases:** Erste Group Bank upgraded Apple to ""buy"" from ""hold,"" while Bernstein and JPMorgan raised their price targets to $240 and $245, respectively (Bullish).

**Product Launches and Enhancements:** New M2 iPad Air, Final Cut Pro updates, and AI features for iPhone and iPad were announced (Bullish).

**Buybacks and Stake Adjustments:** Apple approved a new buyback plan, while multiple institutions increased stakes (Bullish). However, some insiders and institutions reduced holdings (Bearish).

**Regulatory Approval and Partnership:** PTA approved iPhone 12, and Apple partnered with OpenAI (Bullish).

**Stock Performance:** Apple hit all-time highs but also saw recent losses of 1.1% and 2.2% (Mixed).

**Net Tilt:** Bullish, with strong analyst support and product launches outweighing minor insider sales and stock dips."
2024-06-22,27,"**Price Target Upgrades & Downgrades:**
- **Bullish:** Sanford C. Bernstein upgraded price target from $195.00 to $240.00; Bank of America reissued buy rating with $230.00 target.
- **Bearish:** Analysts set average PT at $208.06.

**Product Releases & Promotions:**
- **Bullish:** iOS 18, MacBook Pro models, M4 chip expected Q4 2024; significant iPad Air discounts.
- **Bearish:** Amazon drops Apple Watch Series 9 to $299; price cuts on M3 iMacs.

**Ownership Changes:**
- **Bullish:** Vanguard, Capital Advisors, Farmers Trust Co., Columbus Macro increased stakes.
- **Bearish:** Hampshire Trust sold shares.

**Legal Issues:**
- **Bearish:** Lawsuit against Apple.

**Stock Performance:**
- **Bullish:** Shares up 0.7% following analyst upgrade.

**Net Tilt:** Bullish, driven by upgrades, product releases, and stake increases outweighing legal issues and price cuts."
2024-06-23,27,"**Product Launches and Enhancements (Bullish):**
- Apple unveiled new AI systems and features for services.
- Rumored iPhone 16 series launch in India in September 2024.

**Partnerships (Bullish):**
- Meta and Apple in talks to integrate technologies and collaborate on AI.

**Analyst Actions (Mixed):**
- Needham reaffirmed ""buy"" rating with $220 target.
- Mixed ownership changes: multiple firms increased positions (Fulton Bank, Perpetual Ltd, Llc, and others), while some decreased (Llc, Bank, Conrad Siegel Investment Advisors Inc., Enterprise Bank & Trust).

NET TILT: Bullish"
2024-06-24,66,"**Bullish Signals:**
- Price target upgrades: Melius Research to $260 (from $227); JPMorgan to $245 (from $225).
- Potential Vision Pro launch in late 2025.
- Partnerships discussed with Meta and OpenAI.

**Bearish Signals:**
- EU warnings and investigations into App Store practices.
- Legal battles and potential fines: EU antitrust probe, $30 billion fine speculation, US DOJ lawsuit.
- Cybersecurity issues: Vision Pro hack.
- Layoffs: 50% iPhone production workforce cut.
- Sanctions: EUR1.8 billion fine from European Commission.

**Net Tilt:** Bearish due to multiple regulatory and legal challenges outweighing positive analyst actions and product developments."
2024-06-25,58,"**Price Target Upgrades:** Evercore raised price target to $250 from $220; Maxim Group raised to $195 from lower previous target (Bullish).

**Product Releases & Enhancements:** Stable iOS release, Apple Watch FDA approval, multiple software updates, new partnerships discussed (Bullish).

**Regulatory & Sanctions:** EU investigating App Store practices, Vestager orders €13B repayment (Bearish).

**Investor Activity:** Wealth Inc., Swedbank, and Vanguard increase positions (Bullish).

**Supply & Layoffs:** Supply brakes applied, potential layoffs (Bearish).

**Net Tilt:** Mixed signals, but product releases and upgrades outweigh regulatory concerns. **HOLD** recommended."
2024-06-26,46,"**Analyst Actions & Price Targets:** Bullish. Erste Group Bank, Rosenblatt, and Sanford C. Bernstein upgraded Apple to Buy, raising price targets to $260, $240, and $250 respectively. Maxim Group also increased its target to $195.

**Revenue & Market Share:** Bullish. Reports indicate Apple’s revenue growth and Mac market share surge.

**Product Launches & Enhancements:** Mixed. Positive signals include the launch of Self Service Repair tool in Europe, iOS 18/iPadOS, and new features like Chapter Segments on iOS. Negative signals include price cuts on iPhone 15 Plus and Apple Watch 9.

**Ownership Changes:** Net negative. While some firms increased holdings, others like Optimum Investment Advisors and Clarus sold shares.

**Net Tilt:** Bullish. Positive analyst upgrades and price target increases outweigh ownership decreases and product price cuts."
2024-06-27,22,"**Analyst Actions & Buybacks:** Bullish. Bank of America and Da Davidson upgraded AAPL to “Buy,” while Tigress Financial raised its price target to $245. Apple also approved a $110B share repurchase program.

**Product Launches & Enhancements:** Mixed. Bullish signals include the upcoming iPhone 16 launch in September, Vision Pro sales in China, and updates for AirPods/AirPods Pro. Bearish signals involve price cuts for iPhone 14 Plus and MacBook Air.

**Ownership Changes:** Net Bullish. Multiple entities increased their stakes in AAPL, including Llc, Management, and Ma, while one entity (Matthew Goff Investment Advisor LLC) reduced its stake.

**Stock Performance:** Bullish. AAPL traded up 2.0%."
2024-06-28,34,"**Bullish Signals:**
- **Revenue Growth:** iPhone sales surged globally and in China (+39.6%). 
- **Price Target Upgrades:** Melius Research raised PT to $260; Oppenheimer to $250.
- **Product Launches:** Vision Pro launched in multiple markets; iPhone 14 Plus in India.
- **Major Discounts:** Significant discounts on iPhone 14 Plus and Mac.
- **Institutional Ownership:** Multiple firms increased holdings (Capital Advisors, Wellington Management, Morgan Stanley, Vanguard, Rheos Capital).
- **Stock Performance:** Apple’s stock gained 40.1% recently.

**Bearish Signals:**
- **Revenue Decline:** Sales fell 37% in Q1 2023.
- **Ownership Reduction:** Some firms reduced holdings (Forbes J M & Co., Cooper Financial Group, Llc, Fort Pitt Capital Group).

**Net Tilt:** Bullish due to strong revenue growth, price target upgrades, and significant product launches outweighing the bearish revenue decline and ownership reductions."
2024-06-29,19,"**Analyst Actions:** Bullish. Evercore ISI and Oppenheimer upgraded AAPL’s price target to $250.00 each. Needham maintained a “buy” with a $220.00 target, while Morgan Stanley reiterated “overweight” with a $216.00 target. UBS maintained “neutral” with a lower $190.00 target.

**Ownership Changes:** Mixed. Several firms increased stakes (Inc., Ga), while others decreased holdings (Murphy Pohlad Asset Management LLC, Premier Bank).

**Product News:** Neutral-Bullish. Positive on upcoming iPhone launch in Europe, negative review of macOS.

**Antitrust Investigation:** Bearish. Apple faced scrutiny in an Australian antitrust case.

**Net Tilt:** Bullish, driven by multiple upgrades and increased ownership despite some bearish signals."
2024-06-30,13,"**Product Releases and Enhancements:** Bullish. Apple launched its VR headset in China and announced the iPhone 15 series in India. Additionally, plans for a foldable iPhone 16 and major upgrades to CarPlay and iPhone 16 design were revealed.

**Price Target Upgrades:** Bullish. Maxim Group raised its target price from $178.00 to $195.00.

**Price Cuts and Ownership Changes:** Bearish. The iPhone 15 price dropped to Rs 65,000, and multiple institutions reduced their stakes in Apple.

**Supply Updates:** Neutral. Apple began mass production of AirPods.

**Net Tilt:** Mixed, with some bullish signals from product launches and upgrades offset by bearish signals from price cuts and reduced ownership."
2024-07-01,45,"**Analyst Upgrades:** Melius Research upgraded AAPL’s target price to $260.00 from $227.00; Sanford C. Bernstein raised their target to $240.00 from $195.00 (Bullish).

**Revenue & Sales Declines:** iPad sales and overall sales dipped (Bearish).

**Product Releases:** User-replaceable iPhone batteries, iOS 18, and Apple Intelligence announced (Bullish).

**Buybacks:** Board authorized $110B share repurchase plan (Bullish).

**Partnerships:** Potential partnership with Google, existing with OpenAI (Neutral-Bullish).

**Ownership Changes:** Multiple firms increased holdings; some decreased (Mixed).

**iPad Sales Specifics:** Q1 2024 iPad sales declined by 8.8%, selling 4.92M units (Bearish).

**Net Tilt:** Bullish, despite revenue declines, due to upgrades, product launches, and buybacks."
2024-07-02,44,"**Bullish Signals:**
- **Analyst Upgrades:** Evercore ISI raised PT to $250 from $220; JPMorgan raised PT to $245 from $225.
- **Revenue Growth:** iPhone sales climbed 0.9% YOY.
- **Product Launches:** Vision Pro officially launched globally; iPhone 16 series expected in September; second macOS Sonoma released.
- **Ownership Increases:** Vanguard, Wellington Management, and Inc. increased stakes.

**Bearish Signals:**
- **Price Cuts:** iPhone 14 price dropped by 15%; MacBook Air M1 priced below Rs. 70,000.
- **Market Share Loss:** Apple reportedly lost Chinese market share.
- **Cyberattack:** iOS apps potentially hit by cyberattack.
- **Ownership Decreases:** Exchange Bank, First Financial Corp IN, and Ayalon Insurance reduced stakes.

**Net Tilt:** Mixed, with some bullish analyst upgrades and product launches offset by price cuts and market share losses."
2024-07-03,29,"**Analyst Actions & Price Targets:** Bullish. Oppenheimer upgraded target from $200 to $250; Maxim Group raised target from $178 to $195.

**Product Reviews & Enhancements:** Bullish. Positive reviews for iPhone 12 and Apple Watch; new macOS 14, Siri upgrade, and unique iPhone 16 feature announced.

**Legal Settlement:** Neutral. Settled class-action lawsuit for $50 million.

**Ownership Changes:** Mixed. Multiple firms increased stakes (657.1%, 0.3%, 5.3%), while others decreased (0.8%).

**Price Adjustments:** Bearish. Retail price cuts planned; Amazon dropped MacBook and AirPods prices.

**Catalysts:** Bullish. Four iPhone 16 models launching, Apple Intelligence in fall, and Back to School sale.

**Net Tilt:** Bullish."
2024-07-04,16,"**Product Releases:** Bullish. Apple unveiled new iPads and announced the 12 Pro launch in India, with leaks hinting at three new iPads for 2025.

**Product Discontinuations/Cuts:** Bearish. Apple removed 25 VPN apps from its store and cut prices on iPhone 14 Plus.

**Ownership Changes:** Mixed. Llc increased holdings by 15.4%, Inc. bought a new stake, while another Llc sold shares. GoalVest Advisory LLC purchased shares.

**Analyst Ratings:** Neutral. Monness Crespi & Hardt reaffirmed a buy rating with a $205.00 target, UBS reaffirmed neutral with a $190.00 target.

**Stock Performance:** Bullish. Apple stock gained 0.6%."
2024-07-05,34,"**Analyst Actions & Price Targets:** Erste Group Bank upgraded Apple to ""Buy"" from ""Hold,"" while Melius Research raised its price target to $260 from $227. **Product Launches:** Apple launched the iPhone 15 series and hinted at upcoming AI-powered devices and tvOS updates. **Supply & Production:** Increased production reported. **Legal Issues:** Trademark infringement lawsuit against Egyptian retailers. **Ownership Changes:** Multiple firms increased stakes, while Scharf Investments sold shares. **Stock Performance:** Apple hit a new 1-year high at $221.23, closing at $225.40, up 1.74%. **Earnings Estimate:** Analysts expect EPS of 6.59 for the current year. **Price Adjustments:** iPhone 15 received a price cut. **Net Tilt:** Bullish, driven by upgrades, higher targets, and strong stock performance, despite legal and ownership concerns."
2024-07-06,23,"**Price Target Upgrade:** Bullish; Oppenheimer raised price target from $200.00 to $250.00.

**Cyber Attacks:** Bearish; hackers targeted Apple.

**Board Appointment:** Bullish; Apple appointed observer seat on OpenAI’s board.

**Product Price Cuts:** Bearish; iPhone 15 and 15 Pro received significant price cuts in India.

**Ownership Changes:** Mixed; major investors like Canada Pension Plan Investment Board increased positions, while others like Courier Capital LLC decreased holdings.

**Analyst Ratings:** Neutral; Needham and Bank of America maintained “buy” ratings with $220.00 and $230.00 targets respectively.

**Earnings Release:** Neutral; Q3 2024 earnings scheduled, with $81.8 billion in revenue reported previously."
2024-07-07,18,"**Maxim Group upgraded Apple’s price target from $178.00 to $195.00 (Bullish)**

**Product Enhancements & Future Releases:**
- Apple unveiled a major overhaul to its Photos app (Bullish)
- Apple Intelligence expected in Spring 2025 (Bullish)

**Ownership Changes:**
- Multiple firms increased stakes (Norwood Financial, Insight Partners, P., Ga, Inc.) (Bullish)
- Some firms decreased stakes (LongView Wealth Management, Addenda Capital, Llc) (Bearish)
- Net tilt slightly Bullish due to multiple increases outweighing decreases.

**Analyst Ratings:**
- Morgan Stanley maintained “overweight” with $216.00 target (Bullish)
- UBS maintained “neutral” with $190.00 target (Neutral)"
2024-07-08,51,"**Price Target Upgrade:** Bullish; Melius Research raised target from $227.00 to $260.00.

**Product Launches & Enhancements:** Mixed; Siri upgrades planned for 2025, new iPads tipped, affordable Apple Watch SE announced, but iOS 18 criticized in reviews.

**Legal & Operational:** Bearish; employee wins tribunal case against Apple, Swedish store closure, COO sells shares.

**Buybacks & Ownership Changes:** Bullish; $110B repurchase approved, Wellington Management and others increase holdings.

**Supply & Support:** Bearish; discontinuation of VPN apps, but resumption of iPad production in India."
2024-07-09,52,"**Price Target Upgrades:** Piper Sandler raised price target to $225 from $190; Oppenheimer raised to $250 from $200 (Bullish).

**Product Releases:** iOS 17.5.2 rollout, desktop robot launch expected (Bullish).

**Revenue Growth:** App Store revenue up 13%, gaming revenue up 7% (Bullish).

**Ownership Changes:** Multiple firms increased positions (Vanguard, Morgan Stanley, others); some reduced (Partners, Chemung Canal Trust Co., others) (Mixed).

**Stock Performance:** Shares up 30% since April, trading higher by 0.12% (Bullish).

**Product Cuts/Pulls:** Apple Watch Series 9 slashed to $300, AirPods Max price drops by $150, 25 VPN apps pulled (Bearish).

**Analyst Ratings:** Reaffirmations and reissues of Buy ratings with varied price targets (Neutral-Bullish)."
2024-07-10,47,"**Bullish Signals:**
- **Revenue Growth:** Long-term revenue growth, iPhone 16 sales boost, Q2 earnings beat.
- **Analyst Upgrades:** Needham upgrades price target to $260, maintains buy rating.
- **Product Launches:** iOS 18, macOS Sonoma, new Apple TV+ episodes.
- **Stock Performance:** Shares ticked up, gained 23% YTD.

**Bearish Signals:**
- **Price Cut:** iPhone 14 Plus price drops by 29%.
- **Regulatory Warnings:** Indian government issues alert for iPhones.
- **Partnership Terminations:** Apple drops Intel, OpenAI board seats, steps back from AI partnership with Microsoft.
- **Ownership Decreases:** CRA Financial Services LLC decreases stake in Apple.

**Net Tilt:** Mixed, but slightly bullish due to strong revenue growth and analyst upgrades outweighing regulatory and partnership concerns."
2024-07-11,52,"**Price Target Upgrades:** Bullish; Piper Sandler raised PT to $225, Bernstein to $240, and BofA to $256.

**Revenue Guidance & Volume:** Bullish; Mac sales expected to jump, computer sales skyrocket.

**Product Releases:** Bullish; macOS 15, 13 Pro series, new Apple Watch marketing, and Apple Pencil availability.

**Government & Legal:** Mixed; EU deal positive, but $2B fine and ongoing legal issues negative.

**Ownership Changes:** Mixed; major increases by Wellington Management, Adv, and others vs. Blue Zone Wealth Advisors reducing stake.

**Stock Performance:** Bullish; Apple shares up 20.6%.

**Net Tilt:** Bullish."
2024-07-12,72,"**Analyst Ratings & Price Target:** Wedbush upgraded AAPL to ""Outperform"" and Needham raised the price target to $260 (Bullish).

**Revenue & Market Share:** iPhone sales and market share lagged (Bearish); however, overall market share gains noted (Bullish). Vision Pro expansion to new markets (Bullish).

**Legal & Regulatory:** Apple won antitrust class action suit (Bullish), but DOJ and EU continue antitrust probes (Bearish). Multiple regulatory investigations ongoing (Bearish).

**Product Releases & Buybacks:** Vision Pro launched globally, 12 Pro in India (Bullish). Board approved $110B buyback (Bullish).

**Net Tilt:** Mixed signals, but Bullish bias due to product launches, legal wins, and buybacks outweighing revenue and market share concerns."
2024-07-13,17,"**Price Target Upgrades:** Bullish; Piper Sandler raised target from $190 to $225, Needham from $220 to $260, and another analyst to $256.  
**Market Share Concerns:** Bearish; UBS analyst noted Apple is losing market share.  
**Product Pricing Adjustments:** Mixed; iPhone 14 Plus prices slashed (bearish), while iPhone 15 is on sale (neutral).  
**Institutional Ownership Changes:** Mixed; Vanguard increased holdings (+1.4%), while multiple firms reduced positions (Stordahl Capital, Claro Advisors, Oak Thistle).  
**Analyst Ratings:** Neutral; Bank of America reissued ""buy"" with $230 target, Evercore ISI reaffirmed ""buy"" at $250.  
**Net Tilt:** Neutral to Slightly Bullish due to multiple upgrades and institutional buying outweighing market share concerns and price cuts."
2024-07-14,22,"**Price Target Upgrade:** Bullish; Sanford C. Bernstein raised their price target from $195.00 to $240.00.

**Product Launches:** Bullish; Apple launched Apple Watch for Kids, a new product, and enhanced Apple Intelligence. Additionally, Apple and Google introduced a new photo transfer tool.

**Ownership Changes:** Mixed; multiple firms increased stakes (Llc, Ep Wealth Advisors LLC, Inc.), while others decreased (Lp, Beach, Llp, Farmers & Merchants Investments Inc., System). Net tilt slightly bearish due to larger decreases.

**Analyst Ratings:** Neutral; Morgan Stanley maintained an ""overweight"" rating with a $216.00 price objective."
2024-07-15,105,"**Analyst Actions & Price Targets:** Loop Capital upgrades Apple to Buy from Hold with a new price target of $300, while Morgan Stanley boosts its target to $273 from $216. (Bullish)

**Revenue Trends:** Apple reports strong iPhone sales in India, with annual sales surging to $8 billion, and expects record sales. However, China sales plunged to $72.6 billion. (Mixed)

**Product Launches:** The iPhone 13 Pro+ series launches in India on July 30, while the iPhone 16 series is expected in September. (Bullish)

**Market Dynamics:** Apple CEO Tim Cook expresses optimism about India’s growing market. (Bullish)"
2024-07-16,72,"**Analyst Ratings and Price Targets:** Bullish. Loop Capital upgraded Apple to ""buy"" from ""hold."" Needham raised the target price to $260 from $220. Piper Sandler increased the target price to $225 from $190.

**Revenue Trends:** Mixed. Revenue in China declined, but iPad sales boomed, and overall device sales increased. Apple Intelligence is expected to further boost sales.

**Product Releases:** Bullish. Multiple product launches including iOS 18, iPadOS 18, new iPads, MacBook Air, and watchOS updates.

**Market Share and Legal Issues:** Bearish. iPhones continue to lose market share, and Apple faces a sex bias lawsuit and potential antitrust issues.

**Price Cuts and Enhancements:** Mixed. Several products like iPhone 14 Plus, AirPods Pro, and MacBook Pro saw price cuts, while others received feature enhancements."
2024-07-17,39,"**Buybacks and Ownership Changes:** Bullish; Apple approved a $110B buyback plan (May 2). Multiple firms increased stakes (Llc, Ep Wealth Advisors, Fcf Advisors), while others reduced holdings (Lake Street, Valley National Advisers, Kellett Wealth Advisors, Ca, Management, Counselors, Private Wealth LLC).

**Product Releases and Enhancements:** Mixed; new iPhone, tvOS 18, HomePod Mini in India, iPad mini launch expected, MacBook 2025 speculation, Safari campaign, iOS 18 features. Negative: Rumored iPhone discontinuation, price cuts on M3 Pro, AirPods, iPads.

**Analyst Ratings:** Neutral; Monness Crespi & Hardt maintained ""buy"" with $205 PT, Barclays reaffirmed ""underweight"" with $164 PT, CFRA maintained ""buy.""

**Patents:** Bullish; patent awarded for folding glass display, filing for new patent.

**Net Tilt:** Bullish due to significant buybacks and stake increases outweighing product price cuts and analyst downgrades."
2024-07-18,30,"**Price Target Upgrades:** Morgan Stanley raised price target from $216.00 to $273.00 (Bullish); CFRA increased from $240.00 to $260.00 (Bullish); Goldman Sachs raised to $265.00 (Bullish).

**Product Releases:** iPhone 17, thinpossible iPhone 17, new iPad Mini, and Apple Immersive Videos planned (Bullish).

**Cyber Attacks:** Mac targeted by hackers (Bearish).

**Ownership Changes:** Wellington Management, P., Exchange Traded Concepts, and others increased positions (Bullish); Kaye Capital Management trimmed position (Bearish).

**Stock Performance:** Closed at $228.88, opened at $228.88, traded down to $228.21 (Mixed).

**Other:** HomePod mini update discontinued, Apple Pencil Pro price cut, Safari Technology dropped, AirPods promotions, patent filing, and business deals (Mixed signals)."
2024-07-19,29,"**Price Target Upgrades:** Goldman Sachs upgraded Apple’s price target from $238.00 to $265.00; Sanford C. Bernstein raised it from $195.00 to $240.00; Piper Sandler lifted it from $190.00 to $225.00. **Bullish**

**Revenue and Earnings:** Annual sales hit record levels; FY2025 EPS estimates increased. **Bullish**

**Product Price Cuts & Promotions:** iPhone 14 price dropped by 23%; Apple Watch Ultra and M3 MacBook Pro are discounted. **Bearish**

**Demand Shifts:** iPhone 15 demand weakened. **Bearish**

**Ownership Changes:** Multiple firms increased holdings (Llc, Harbor Capital Advisors); others decreased (Wealth, P., Advisors). **Mixed**

**Analyst Ratings:** Wedbush and Evercore ISI maintained “outperform” and “buy” ratings with respective targets of $275.00 and $250.00. **Neutral**

**Stock Performance:** Apple stock down 2.1%. **Bearish**"
2024-07-20,15,"**Analyst Actions:** Bullish; Loop Capital upgraded Apple from Hold to Buy, Needham raised PT from $220 to $260, and Oppenheimer raised PT from $200 to $250.

**Product Updates:** Mixed; iPhone 16 launch in 2 months (Bullish), but iPhone 15 received a significant price cut (Bearish).

**Ownership Changes:** Net Bullish; Swedbank, Summit Global, Vanguard, and another unnamed firm increased stakes, while Newtown decreased holdings.

**Earnings Estimates:** Neutral; Zacks forecasts Q3 2025 EPS of $1.51 and FY2026 EPS of $7.56.

**Stock Performance:** Slightly Bullish; Apple stock gained 0.3% and traded up 0.1%, now above $300."
2024-07-21,26,"**Price Target Upgrade & Analyst Opinions:** CFRA upgraded Apple’s price target from $240.00 to $260.00, indicating a **bullish** stance. Another analyst suggested Apple’s shares as a compelling buy, reinforcing the **bullish** view.

**Product Updates & Promotions:** Apple is set to launch its latest iPhone series with significant upgrades, **bullish**. However, there’s reluctance to launch a foldable iPhone, **bearish**. The company also rolled out new Apple Maps and offered big discounts on older iPhone models, mixed signals.

**Ownership Changes:** Multiple firms increased holdings in Apple, **bullish** (Argent Capital, unnamed firm). Conversely, some reduced positions, **bearish** (Greenleaf Trust).

**Patents & Rumors:** Apple received patents for electronic devices, **bullish**. A rumor about AirPods causing brain cancer emerged, **bearish**.

**Net Tilt:** Mixed signals, but slightly **bullish** due to analyst upgrades and product enhancements."
2024-07-22,23,"**Price Target Upgrade:** Morgan Stanley upgraded Apple’s price target from $216.00 to $273.00 (Bullish).

**Product Launches:** New iPhones expected in September; iOS 18 rollout in fall (Bullish).

**Price Cuts:** iPhone 15 prices dropped on Flipkart and in India (Bearish).

**Ownership Changes:** Mixed ownership trends—significant increase by one firm, decreases by others (Neutral).

**Analyst Ratings:** Reaffirmations from Wedbush ($275.00 target) and Evercore ISI ($250.00 target) (Bullish).

**Net Tilt:** Bullish, driven by product launches and price target upgrades, despite some bearish signals from price cuts and mixed ownership trends."
2024-07-23,56,"**Analyst Upgrades:** Goldman Sachs, Needham, Piper Sandler, and JPMorgan upgraded Apple’s price targets to $265, $260, $225, and $245 respectively, indicating **bullish** sentiment.

**Revenue Guidance:** Apple may guide lower on Q4 revenue, signaling **bearish** sentiment.

**Product Releases:** Multiple reports suggest upcoming releases including iPhone SE 4, foldable iPhone by 2026, and iOS/macOS updates, all **bullish**.

**Supply and Pricing:** Reports of increased iPhone production and potential price cuts in India are **mixed**, with some **bullish** (production increase) and some **bearish** (price cuts).

**Cost Reductions:** Apple is cutting costs, which is **bullish**.

**Discontinuations:** Discontinuation of the “Plus” model in 2025 is **bearish**.

**Stock Performance:** Apple’s stock surged by 30-35%, indicating **bullish** momentum.

**Investor Sentiment:** Increased ownership by Vanguard is **bullish**."
2024-07-24,48,"**Price Target Upgrades:** Barclays raised price target to $187, CFRA to $260, and JP Morgan to $265 (Bullish).

**Regulatory Investigations:** Spain’s competition regulator and EU investigating Apple for potential anticompetitive practices (Bearish).

**Product Launches:** Apple Vision Pro in China, Apple Watch for Kids in India, iPhone 16 launch announced (Bullish).

**Ownership Changes:** Swedbank increased holdings significantly while some funds reduced positions (Mixed).

**Stock Performance:** Apple shares down 2%, trading at $219.49 (Bearish).

**Net Tilt:** Mixed signals with regulatory risks and ownership shifts offsetting positive product launches and upgrades."
2024-07-25,64,"**Revenue and Earnings Growth:** Bullish; Apple reported ""meaningful"" revenue and earnings growth, with services revenue increasing 14.2% and Mac revenue up 4%.

**Legal and Antitrust Issues:** Bearish; Apple was found guilty in a legal verdict and faces another antitrust lawsuit.

**Guidance and Market Share:** Bearish; Apple suspended formal guidance since 2020, and iPhone is losing market share in key markets like China.

**Product Releases and Upgrades:** Bullish; upcoming product launches include the Flip iPhone, iPhone 17, and an in-house 5G chip. Analysts upgraded price targets to $240, $273, and $187.

**Stock Performance:** Mixed; shares dipped but also rose on Thursday.

**Supply Chain Changes:** Bearish; Apple plans to ditch Qualcomm 5G chips but extended its contract until 2026.

**Net Tilt:** Mixed, with significant bullish signals from product launches and upgrades offsetting bearish signals from legal issues and market share losses."
2024-07-26,61,"**Revenue and Guidance:** Bullish. Apple saw significant revenue growth, with iPhone sales rebounding and revenue from India jumping 42%. Analysts at JPMorgan, Raymond James, and Robert W. Baird upgraded price targets to $265, $250, and $240 respectively.

**Market Share and Sales:** Bearish. Apple lost market share in China, dropping to sixth place, while iPhone sales faced pressure there.

**Product Updates:** Mixed. Positive signals include the upcoming iOS 18 beta release and a new PlayStation Apple TV+ launch. Negative signals involve price cuts across multiple iPhone models and a rumored folding phone launch in 2026.

**Supply and Exports:** Bullish. Production ramped up for the upcoming iPhone 16, and iPhone exports from India reached a record high.

**Net Tilt:** Bullish, with strong revenue growth and upgrades outweighing market share losses and price cuts."
2024-07-27,23,"**Analyst Upgrades & Price Target Increases:** Bullish. Erste Group Bank upgraded Apple from Hold to Buy. Barclays, Goldman Sachs, Raymond James, and CFRA all raised their price targets to $187, $265, $250, and $260 respectively.

**Revenue & Market Share:** Mixed. iPhone sales declined, and Apple lost market share in China, but gained market share in another country and saw iPhone exports hit a new high.

**Product Releases & Pricing:** Neutral-Bullish. New iPhone SE (2022) is available, and traditional flagship iPhone introductions are expected. However, iPhone prices dropped in India.

**Strategic Moves & Ownership Changes:** Neutral-Bullish. Partnerships and agreements were announced, including a labor pact with a union. Multiple firms increased their stakes in Apple, while one decreased slightly.

NET TILT: **Bullish**."
2024-07-28,25,"**Price Target Upgrade:** Piper Sandler upgraded Apple’s target price from $190.00 to $225.00 (Bullish).

**Sanctions & Regulatory Risks:** Apple faces potential fines up to 10% of its global annual turnover following a March fine of €1.84 billion and ongoing investigations in Spain (Bearish).

**Product Releases & Delays:** Apple Watch For and iOS 18 scheduled for release, though iOS 18 overhaul is delayed (Mixed).

**Ownership Changes:** Multiple firms increased stakes in Apple, while one reduced its stake (Net Bullish).

**Contracts & Investigations:** Apple signed its first union contract and faces investigation into its App Store (Mixed)."
2024-07-29,65,"**Bullish Signals:**
- **Revenue Growth:** iPhone sales rose 44% from April 2024; Q2 revenue expected to grow 4% YoY.
- **Analyst Upgrades:** TD Cowen upgraded price target to $250 from $220; Maxim Group raised target to $195 from $178.
- **Product Launches:** New iPhone 13 Pro series launches July 30; Apple Intelligence AI strategy unveiled in June.
- **Share Repurchase Program:** Board approved $110B buyback.

**Bearish Signals:**
- **Stock Performance:** Aapl stock declined sharply YTD; slight gain as of Monday afternoon.
- **Product Delays:** Apple Intelligence launch delayed multiple times.
- **Price Cuts:** iPhone 16 and iPhone 15 prices reduced.

**Net Tilt:** Bullish, driven by strong revenue growth, analyst upgrades, and significant buyback approval, despite product delays and price cuts."
2024-07-30,65,"**Analyst Actions:** Bullish; Morgan Stanley raised PT to $273.00, Baird to $240.00, JPMorgan to $265.00, Raymond James to $250.00. **Earnings Guidance:** Bullish; Q3 2024 earnings forecasts increased. **Product Releases:** Bullish; 13 Pro series, iOS 18, Apple Intelligence, kid’s watch in India, iOS Student Developer Program announced. **Supply Changes:** Bearish; iPhone SE 4 production to be slashed. **Price Cuts:** Bearish; iPhone prices reduced in India, AirPods and Apple Watch discounts offered. **Conflicting Signals:** Analyst upgrades and positive product releases vs. production cuts and price reductions. **Net Tilt:** Mixed, but slightly bullish due to multiple analyst upgrades and new product launches."
2024-07-31,31,"**Earnings:** Missed estimates (bearish).

**Analyst Actions:** Td Cowen upgraded price target to $250.00; Barclays raised target to $187.00 (bullish).

**Product Updates:** Enhanced recording capabilities, iOS 18.1, iPadOS, AI assistant, TPUv5p chips (bullish).

**Market Trends:** Revenue growth in China, but market share in China declined (mixed).

**Ownership Changes:** Vanguard increased holdings by 1.4%; STAR sold shares (mixed).

**Partnerships:** Partnership with OpenAI (bullish).

**Updates:** Major iOS 17 rollout, urgent iPhone update (bullish).

**Year-to-Date Performance:** Shares up 17% YTD (bullish). 

**Net Tilt:** Bullish."
2024-08-01,151,"**Earnings & Revenue:**
- **Bullish:** Apple reported Q2 EPS of $1.40, beating estimates of $1.35. Revenue topped expectations, with services revenue hitting a record high. Mac and iPad sales improved, and Q4 revenue is forecasted to grow.
- **Bearish:** Revenue guidance was lowered, and iPhone sales volume declined year-over-year, particularly in China.

**Analyst Actions:**
- **Bullish:** CFRA upgraded Apple’s target price from $240.00 to $260.00.

**Net Tilt:** Bullish due to strong earnings and revenue beats, offset by revenue guidance cut and iPhone sales decline."
2024-08-02,124,"**Bullish Signals:**
- **Analyst Upgrades:** Goldman Sachs upgraded to Buy with PT raised to $265; Raymond James raised PT to $250; Citigroup raised PT to $255; Monness Crespi Hardt raised PT to $245; Independent raised PT to $235; JPMorgan raised PT to $265.
- **Earnings Beat:** Q3 EPS and earnings beat forecasts.
- **Revenue Growth:** Record quarterly revenue reported; growth in India.
- **Product Launches:** Major new iPad, Vision Pro, M4 chip, iPhone 16 announced.
- **Buybacks:** Regular share repurchases.

**Bearish Signals:**
- **Legal Issues:** Facing a lawsuit.
- **Embargo:** iOS block in Russia.

**Net Tilt:** Bullish due to multiple analyst upgrades, earnings beat, and product launches outweighing legal issues and embargo concerns."
2024-08-03,36,"**Bullish Signals:**
- **Analyst Upgrades:** Morgan Stanley ($273), Needham ($260), Robert W. Baird ($240), Monness Crespi & Hardt ($245), Maxim Group ($203).
- **Earnings:** Reported $21.4B profit.
- **Buybacks:** Approved $110B repurchase program.
- **Product Launches:** iOS 18, MacBook Air M3, Apple Account cards.
- **Ownership Increases:** Multiple firms increased stakes.

**Bearish Signals:**
- **Price Cuts:** MacBook Air M3, iPhone, M3 Max processor.
- **Ownership Decreases:** Berkshire Hathaway sold stake, other firms reduced holdings.
- **Downgrade:** Price target cut to $186.
- **Embargo:** Apple Intelligence blocked in China.

**Net Tilt:** Mixed, with more bullish signals outweighing bearish ones."
2024-08-04,33,"**Revenue and Earnings:** Bullish. Apple posted record second-quarter sales and beat earnings estimates.

**Analyst Actions:** Mixed. Td Cowen, Piper Sandler, CFRA, and Citigroup upgraded price targets to $250, $225, $260, and $255 respectively. Barclays downgraded to $186. Goldman Sachs increased to $275. Net tilt bullish.

**Product Updates:** Bullish. Preparations for new iPhone models and enhancements like the iPhone 16 Pro’s upgrade. Bearish: End of iPhone 16 production and Amazon’s AirTag price cut.

**Regulatory and Supply:** Bearish. Government warning for iOS and end of iPhone 16 production.

**Ownership Changes:** Mixed. Swedbank and other firms increased holdings while Berkshire and others decreased stakes. Net tilt slightly bullish.

**Stock Performance:** Bearish. Shares fell 1.08% in after-hours trading."
2024-08-05,83,"**Revenue and Earnings:** Bearish - Apple reported weaker-than-expected revenue, despite net income rising to $21.4bn.  
**Analyst Actions:** Bullish - Citigroup upgraded Apple’s price target from $210.00 to $255.00; Goldman Sachs raised it from $265.00 to $275.00.  
**Product Launches:** Mixed - Multiple reports indicate upcoming launches of iPhone 16 series, M4-powered MacBook Pro, iMac, and potential foldable iPhone in September/October, with some delays noted for AI hardware and Safari updates.  
**Stock Performance:** Bearish - Apple stock got crushed on Monday, though Buffett remains bullish."
2024-08-06,57,"**Analyst Upgrades & Price Targets:** Morgan Stanley upgraded Apple to ""Overweight,"" while Monness Crespi & Hardt, Robert W. Baird, and Wedbush raised their price targets to $245, $240, and $285 respectively (Bullish).

**Revenue & Guidance:** Apple reported record Q3 revenue and seeks to revive iPhone sales with positive reviews for the 13 Pro+ (Bullish). However, its market share shrank to 14% in Q2 (Bearish).

**Product Launches & Enhancements:** Multiple product releases and enhancements including the 13 Pro+, iOS 18.1 beta, and potential early iPhone 16 launch in Korea (Bullish). Apple faces embargo issues in China (Bearish).

**Net Tilt:** Bullish, despite some bearish signals."
2024-08-07,49,"**Bullish Signals:**
- **Price Target Upgrades:** Raymond James raised PT from $200 to $250; Wedbush increased PT from $275 to $285.
- **Product Enhancements & Releases:** iOS 18, macOS Sonoma, new iPhones, Apple Maps expansion.
- **Positive Reviews:** Multiple positive reviews for iPhone 16 and iOS devices.
- **Insider Buying & Stake Increases:** Management repurchasing shares, Vanguard increasing stake.
- **Revenue Growth:** App Store revenue up 11% YOY.

**Bearish Signals:**
- **Market Share Loss:** Apple losing market share.
- **Insider Selling:** Katherine L. Adams sold 100,000 shares.
- **Stake Decreases:** Some investors reducing positions.

**Net Tilt:** Bullish, due to multiple upgrades and product launches outweighing market share concerns."
2024-08-08,40,"**Analyst Actions:** Bullish (CICC initiated with Outperform, Loop Capital upgraded to Buy, StockNews.com upgraded from Hold to Buy, TD Cowen raised PT to $250, JP Morgan raised PT to $265).

**Product Releases:** Bullish (macOS Sonoma released, iOS 17.7 expected in September, iPhone Flip launch in September, larger iPhone Pro displays planned, Mac Mini updates).

**Legal & Cyber:** Mixed (Apple won bid for two trials against Masimo, hackers attacked Mac).

**Supply & Ownership:** Bullish (iPhone 16 OLED panel production boosted, multiple funds increased stakes).

**Price Adjustments:** Bearish (iPhone 14 Plus price drop, MacBook price cuts).

**Net Tilt:** Bullish."
2024-08-09,38,"**Product Launches/Catalysts:**
- Bullish: Multiple product launches planned including AI-powered Mac Mini M4, new iMacs, and iPhone 16 (fall 2024). (Evidence: ""Mac mini, set to release later this year"", ""Apple plans to roll out M4-powered iMacs"", ""Iphone 16 launch date is not confirmed"")
- Bearish: MacBook Air and iPhone 15 prices cut, Apple Watch Ultra 2 price reduced. (Evidence: ""Apple MacBook Air price drops"", ""Apple iPhone 15 Price in India"", ""Apple Watch Ultra 2 has a $100 price cut"")

**Analyst Actions:**
- Bullish: Monness Crespi & Hardt, Piper Sandler, Maxim Group, and Goldman Sachs upgraded price targets. (Evidence: ""Monness Crespi & Hardt boosted their price objective on shares of Apple from $205.00 to $245.00"", ""Piper Sandler boosted their price objective on shares of Apple from $190.00 to $225.00"", ""Maxim Group boosted their price target on Apple from $195.00 to $203.00"", ""The Goldman Sachs Group raised their target price on Apple from $265.00 to $275.00"")

**Ownership Changes:**
- Mixed:"
2024-08-10,25,"**Product Launches/Cuts:** Bullish; Apple set to launch new Mac Mini and two new iPads, while MacBook Air received a significant price cut (mixed signals).

**Analyst Actions:** Bullish; Baird upgraded price target to $240.00, Needham reaffirmed ""buy"" at $260.00, Rosenblatt raised target to $261.00. Bearish; Barclays downgraded target to $186.00.

**Ownership Changes:** Mixed; Llc increased holdings by 17.9%, while Inc. sold 15,000 shares and Planning Directions Inc. sold shares as well.

**Stock Performance:** Bullish; Apple stock traded up 1.4%.

**Net Tilt:** Bullish."
2024-08-11,21,"**Analyst Upgrades and Price Target Increases:** Bullish. Stocknews.com upgraded Apple to ""buy"" from ""hold."" Citigroup, Td Cowen, and JPMorgan raised their target prices to $255, $250, and $265 respectively.

**Product Launch and Supply:** Bullish. Rumored September iPhone 16 series launch; iPhone 16 production ramping up.

**Price Cuts and Promotions:** Bearish. iPhone 15 Plus and AirTags price cuts; massive discount ahead of iPhone 16 launch.

**Ownership Changes:** Mixed. Vanguard, Inc., and Wellington Management increased stakes; others reduced holdings.

**Dividends:** Bullish. Apple increased dividends by 5.6% annually over three years and declared a quarterly dividend of $0.25.

**Net Tilt:** Bullish."
2024-08-12,39,"**Product Releases & Enhancements:**
- Bullish: Positive review of AirPods Pro 2nd Gen; iOS 18, iOS 18.1 beta 2, and watchOS 11 beta released.
- Bearish: Potential mediocre iPhone release; AI launch delayed.

**Supply & Pricing:**
- Bullish: iPhone 16 display production ramps up; historical trend of display upgrades.
- Bearish: iPhone 14 price cut; AirTags and Apple Watch Series 9 discounts.

**Analyst Actions & Insider Moves:**
- Bullish: Wedbush upgrades price target to $285.00; Apple aims to lower costs.
- Bearish: SVP Katherine Adams sells shares; 1ST Source Bank trims position.

**Conflicting Signals:** Mixed signals on product quality and financial actions, but net tilt slightly bullish due to positive reviews and enhancements."
2024-08-13,34,"**Bullish Signals:**
- **Price Target Upgrade:** Raymond James raised target from $200 to $250.
- **Positive Product Reviews:** Ipad Air and AirPods Max received positive reviews.
- **Revenue Growth:** Apple TV+ revenue growth noted.
- **Buybacks Approved:** Board authorized $110B repurchase plan.
- **Patent Awarded:** Smart ring patent granted.
- **Product Launches:** New iOS 18, Apple Intelligence, and new iPhone chips announced.

**Bearish Signals:**
- **Insider Sell:** Exec sold $1.12M in common stock.
- **Price Cuts & Promotions:** Significant price drops for iPhone 15 and sales promotions noted.
- **Ownership Decreases:** Multiple entities reduced stakes.

**Neutral Signals:**
- **Analyst Ratings Neutral:** Bank of America, Morgan Stanley, and Evercore ISI maintained ratings with varied targets.
- **Stock Performance:** Shares up 1.72%.

**Net Tilt:** Mixed, but slightly bullish due to major upgrades and product launches outweighing minor bearish signals."
2024-08-14,33,"**Bullish Signals:**
- **Analyst Upgrades:** Piper Sandler, Citigroup, Monness Crespi & Hardt, and Goldman Sachs upgraded price targets to $225, $255, $245, and $275 respectively.
- **Product Enhancements:** New iPhone models expected soon; home screen management added to iPhone.
- **Ownership Increases:** Multiple firms increased stakes in AAPL.
- **Foxconn Profit Beat:** Indicates strong demand for AAPL products.

**Bearish Signals:**
- **Price Cuts & Discounts:** iOS price drop; iPhone 13 and 14 Plus discounts.
- **Downgrade:** Barclays downgraded price target to $186.
- **Insider Sell:** Chris Kondo sold shares.
- **Ownership Decreases:** Some firms reduced holdings in AAPL.

**Net Tilt:** Bullish, with significant analyst upgrades and product enhancements outweighing price cuts and insider selling."
2024-08-15,41,"**Analyst Actions & Price Targets:** Bullish. Stocknews.com upgraded AAPL to ""Buy"" from ""Hold."" Td Cowen raised target price to $250.00 from $220.00; Robert W. Baird to $240.00 from $200.00; Maxim Group to $203.00 from $195.00.

**Product Launches:** Bullish. Multiple reports indicate upcoming launches including iPad, iPhone 16 series, iPhone 17 series, new MacBook Pro, and new color options for Beats headphones.

**Legal Issues:** Bearish. Apple hit with class action lawsuit.

**Ownership Changes:** Mixed. Positive: Thornburg Investment Management, Vanguard Group, and others increased positions. Negative: Berkshire Hathaway sold 50% stake, Bessemer Group, P., Seven Eight Capital, and Goepper Burkhardt sold shares.

**Net Tilt:** Bullish."
2024-08-16,21,"**Price Target Upgrade:** Raymond James upgraded Apple’s target price from $200.00 to $250.00 (Bullish).

**Dividend Increase:** Apple raised its dividend for the 12th consecutive year (Bullish).

**Product Releases:** Apple will launch iPhone 16 series in September 2024 and MacBook Pro M4 in October 2024 (Bullish). Conflicting reports suggest MacBook Pro M4 might launch in Spring 2025 (Net Neutral).

**Limited Edition Product:** Apple launched a Kim Kardashian limited edition Beats Studio (Neutral).

**Price Cuts:** App Store prices were cut (Bearish).

**Analyst Ratings:** Morgan Stanley reiterated “overweight” with a $273.00 price target, Goldman Sachs maintained “Buy” with a $275.00 price target (Bullish).

**Ownership Changes:** Multiple institutions reduced holdings (Bearish), while some increased positions (Bullish). Net tilt slightly Bearish due to multiple reductions."
2024-08-17,28,"**Price Target Upgrades:** Citigroup upgraded Apple’s price target from $210.00 to $255.00; Wedbush raised theirs from $275.00 to $285.00 (Bullish).

**Revenue Growth:** Sales and profit expected to grow rapidly (Bullish).

**Product Launches:** MacBook Pro, MacBook Air, new iPhone, and Apple Watch launches anticipated (Bullish).

**Supply Increase:** iPhone production growth reported (Bullish).

**Buybacks Approved:** Board approved $110 billion share repurchase plan (Bullish).

**Insider Sell:** Chris Kondo sold 5,178 shares (Bearish).

**Ownership Changes:** Multiple firms increased holdings while others decreased (Mixed).

**Stock Performance:** Shares up 1.5% (Bullish).

**Product Price Cut:** MacBook Air M3 price drop (Bearish).

**Analyst Ratings:** Bank of America, Needham & Company LLC, and Evercore ISI maintained “buy” ratings (Neutral-Bullish).

NET TILT: Bullish."
2024-08-18,21,"**Product Launches:** Bullish. Apple is launching entry-level AirPods, two new AirPod models, and a new HomePod smart speaker.

**Analyst Actions:** Mixed. Monness Crespi & Hardt upgraded target price from $205 to $245; Rosenblatt Securities slightly increased target from $260 to $261. Barclays downgraded from $187 to $186.

**Ownership Changes:** Net Bullish. Multiple large investors increased stakes (Capital International, Inc., Wellington Management, Canada Pension Plan, Vanguard), while some reduced positions (Gabelli Funds, 1832 Asset Management).

**Product Reviews:** Bullish. Positive review of the 13 Pro model highlights solid performance."
2024-08-19,45,"**Product Launches & Upgrades (Bullish):**
- Rumored iPhone 16 series launch in September.
- Expected AirPods 4 and other earbud models launch alongside iPhone 16.
- New Apple Watch introduction planned.
- watchOS 10.6.1, tvOS 17.6.1, iOS 17.6.1, and iPadOS 17 releases.

**Analyst Actions (Bullish):**
- Goldman Sachs upgraded AAPL to $275 from $265.

**Ownership Changes (Mixed):**
- Trust sold 1,459 shares; LLC sold 235 shares.
- Bellevue Group AG purchased 2,200 shares.

**Other (Neutral):**
- No price increases for products.
- MoffettNathanson initiated coverage at Neutral."
2024-08-20,42,"**Product Launches and Enhancements (Bullish):**
- Apple to launch multiple products including iPhone 16 series, AirPods, and Beats Studio.
- Collaboration with Kim Kardashian.
- AI enhancements and camera upgrades for iPhone 16 series.

**Supply and Market Expansion (Bullish):**
- Increase production in India.
- Tata Group to launch iPhone assembly plant in India.

**Price Target Upgrades (Bullish):**
- Robert W. Baird upgraded price target from $200 to $240.
- Wedbush raised price target from $275 to $285.

**Analyst Actions and Ratings (Mixed):**
- Morgan Stanley maintained overweight rating with $273 price target.
- Insiders like Chris Kondo sold shares while others like Jacobs Levy Equity Management bought.

**Price Cuts and Termination (Bearish):**
- iPad Air price cut to $720.
- iPhone 16 Pro & Pro Max likely to get 10% price cut in India.
- Apple cuts ties with Qualcomm.

**Ownership Changes (Mixed):**
- Captrust Financial Advisors reduced holdings.
- Zurich Insurance Group sold shares.
- LLC increased stake by 28.3%.

**Net Tilt:** Bullish due to multiple product launches and upgrades, positive analyst actions, and market expansion efforts outweighing price cuts and ownership reductions."
2024-08-21,37,"**Product Release/Certification:**
- Bullish: Apple unveiled new iPhone models, released tvOS, and revealed MacBook Pro M3 (previously).
- Bearish: Redmi Note 14 Pro got certified.

**Price Target Upgrades:**
- Bullish: Oppenheimer raised price target from $200.00 to $250.00; Maxim Group increased from $195.00 to $203.00.

**Ownership Changes:**
- Bullish: Multiple firms increased holdings (Llc, Hancock Whitney Corp, Inc., Truist Financial Corp).
- Bearish: Meiji Yasuda Life Insurance Co sold shares, Comerica Bank reduced position.

**Analyst Ratings:**
- Neutral: Evercore ISI and Needham & Company LLC maintained “buy” ratings with targets of $250.00 and $260.00 respectively.

**Supply/Catalysts:**
- Neutral: Apple began production trials for iPhone 16.
- Neutral: UK’s CMA closed probes into Apple’s practices.

**Insider Activity:**
- Bearish: SVP Katherine L. Adams sold 100,000 shares.

**Stock Performance:**
- Bearish: Shares down 1%.

**Net Tilt:** Mixed, slightly bullish due to multiple upgrades and increased holdings outweighing insider sales and stock decline."
2024-08-22,49,"**Price Target Upgrades:** Citigroup, Raymond James, and Monness Crespi & Hardt upgraded AAPL price targets to $255, $250, and $245 respectively (Bullish).

**Product Price Cuts:** iPhone 14 price dropped by 22%, and iPhone 16 series may see price reductions in India (Bearish).

**Buybacks Approved:** Apple authorized a $110B share repurchase program (Bullish).

**Executive Resignation:** App Store head resigning (Bearish).

**Sanctions:** EU fined Apple €1.8B (Bearish).

**Product Launches/Catalysts:** Series 5G, iPhone 16, Apple Watch Series 10, foldable iPad, and new AirPods models expected soon (Bullish).

**Stock Performance:** Shares opened at $226.40 (Neutral).

**Product Delays:** MacBook and foldable MacBook delays announced (Bearish).

**Supply Issues:** MacBook production drops (Bearish).

**Ownership Changes:** Various institutions increased holdings while others decreased (Mixed).

**Net Tilt:** Bullish with significant upgrades and product launches offsetting price cuts and delays."
2024-08-23,47,"**Product Launches & Enhancements (Bullish):**
- Apple anticipates higher iPhone demand, raising FY2024 EPS estimates.
- Multiple reports confirm Apple’s September product launches: iPhone 16, AirPods 4, and macOS.
- Apple plans EU app store and browser updates.

**Revenue & Guidance (Bullish):**
- Revenue growth guidance raised to ~5%.

**Market Positioning (Mixed):**
- Gains market share with iPad sales up 24%, loses it with Podcasts.

**Other (Neutral-Bullish):**
- Patent awarded, potential price cut on iPad Pro, Meta discontinues Vision Pro."
2024-08-24,26,"**Product Launches:**
- **Bullish:** Apple plans to launch new iPhones, Apple Watches, and AirPods on September 10 (multiple sources).
- **Bearish:** Apple Intelligence may be delayed.

**Analyst Actions:**
- **Neutral:** Multiple analysts (Evercore ISI, Bank of America, Needham & Company LLC, Morgan Stanley) maintain “buy” ratings with price targets ranging from $230.00 to $273.00.

**Ownership Changes:**
- **Bullish:** Institutional investors like Oh, LLC, and Swedbank AB increased their positions in Apple.

**Conflicting Signals:**
- Product launches are bullish, while potential delays in specific products are bearish. Overall, the net tilt is **slightly bullish** due to multiple confirmed product launches and institutional support."
2024-08-25,18,"**Supply and Production:**
- Bullish: Apple increasing iPhone production and ramping up for the iPhone 16 series launch on September 10 (multiple sources).

**Analyst Actions:**
- Bullish: Wedbush upgraded Apple’s target price from $275.00 to $285.00.

**Ownership Changes:**
- Mixed: Strategic Wealth Partners and another firm increased holdings, while Services, Livelsberger Financial Advisory, and Northwest Bank & Trust Co reduced stakes. Virtu Financial and FSA Advisors acquired shares.

**Insider Activity:**
- Bearish: Insider Chris Kondo sold 8,706 shares.

**Earnings Estimate:**
- Neutral: Analysts expect EPS of 6.61 for the current year."
2024-08-26,70,"**Revenue and Earnings:**
- Bullish: Citigroup upgraded Apple’s price target to $255 from $210.
- Bearish: iPhone revenue fell, with a 12% price cut. Total revenue declined by 48% YoY.

**Executive Changes:**
- Bearish: CFO Luca Maestri steps down in January 2025; Kevan Parekh appointed as successor.

**Product Launches:**
- Bullish: Apple plans multiple launches, including iPhone 16 series on September 10, MacBook Pro and Mac Mini in October, and new AirPods on September 9.

**Net Tilt:** Mixed, with significant bearish signals on revenue and executive changes, but bullish on product launches and price target upgrade."
2024-08-27,84,"**Bullish Signals:**
- **Price Target Upgrade:** LBBW raises Apple’s price target to $225 from $185.
- **Partnerships:** Airtel and Bharti Airtel partnerships enhance streaming services and offer exclusive access to Apple TV+.
- **Buybacks:** Apple’s share repurchase program increased to $90 billion.
- **Product Launches:** Multiple product launches planned including iPhone 16 series, Apple Watch Series 10, AirPods, and new iPads.

**Bearish Signals:**
- **Legal Issues:** Apple faces a consumer class action lawsuit.
- **Executive Changes:** CFO Luca Maestri leaving, Kevan Parekh appointed as new CFO.

**Net Tilt:** Bullish due to significant positive financial and strategic moves outweighing legal concerns."
2024-08-28,92,"**Bullish Signals:**
- **Revenue:** Record revenue and sales growth noted.
- **Analyst Upgrades:** Multiple upgrades from Citigroup, Raymond James, Monness Crespi & Hardt, and Tigress Financial Partners LLC, raising price targets to $250-$295.
- **Product Launches:** New iPhone, AirPods, potential iPad mini 7, and iOS 18 updates scheduled for release.
- **AI Acquisitions:** Continuous acquisition of AI startups.

**Bearish Signals:**
- **China Ban:** China bans certain Apple products.
- **Project Cancellation:** Self-driving car project canceled.
- **Layoffs:** Multiple rounds of layoffs totaling over 700 jobs across various divisions.

**Net Tilt:** Mixed, but slightly bullish due to strong revenue and multiple analyst upgrades outweighing product bans and layoffs."
2024-08-29,43,"**Product & Market Dynamics:**
- **Bullish:** iPhone sales rose globally and in China (modest increase); new audio products launched in India; AI tool unveiled; partnership with OpenAI announced (D+).
- **Bearish:** iPhone 14 price cut by 16%; US sales down despite market growth; MacBook review negative; AirPods review negative; potential iPhone 15 Pro discontinuation; market share slumped (D-).

**Ownership Changes:**
- **Bullish:** Multiple institutions increased stakes (Vanguard, Wellington, Hilltop, etc.) (D+).
- **Bearish:** Some institutions reduced stakes (Grassi Investment, Professional Advisory Services) (D-).

**Analyst Actions:**
- **Neutral:** Citigroup reaffirmed ""buy"" with $255 PT; KeyCorp maintained ""hold"" with $247.61 PT; Rosenblatt raised PT to $261 (D+/-).

**Net Tilt:** Mixed signals suggest cautious optimism."
2024-08-30,32,"**Price Target Upgrades:** Bullish; Tigress Financial raised PT from $245 to $295, Robert W. Baird from $200 to $240.

**Downgrade:** Bearish; Analyst downgraded Apple to Hold from Buy.

**Product Launches:** Neutral-Bullish; iPhone 16 series expected in September, iPhone SE 4 in March.

**Volume Control Issues:** Bearish; Spotify confirms issues with iOS.

**Price Cuts & Promotions:** Bearish; Airtags dropped to $18.75, iPhone 15 price cut, discounts on MacBook Air and Apple Watch.

**Ownership Changes:** Mixed; P. and LLC increased holdings, while Exchange Bank and others reduced positions.

**Revenue Guidance:** Neutral; No specific guidance provided.

**Stock Performance:** Bullish; Apple traded 2.5% higher.

**Net Tilt:** Neutral-Bullish."
2024-08-31,26,"**Product Launches:** Bullish. Apple is expected to roll out iOS 18 and launch the iPhone 16 soon.

**Ownership Changes:** Mixed. Multiple firms increased holdings (Hutchinson, Swedbank AB, Ga, Beach, Valley National Advisers Inc.), while others decreased stakes (Boston Standard Wealth Management LLC, Stillwater Capital Advisors LLC, Norman Fields Gottscho Capital Management LLC, First Financial Corp IN).

**Analyst Ratings:** Neutral. Morgan Stanley, Melius Research, Evercore ISI, Bank of America, and Needham & Company LLC maintained positive ratings with varied price targets ($250-$273).

**Other:** Bearish. Apple is discontinuing support for the X platform and cutting jobs."
2024-09-01,33,"**Product Releases:** Bullish. Multiple product launches scheduled: iPhone 16 series (September 10), new Apple Watch models, M4 Macs (November), and new Apple TV this year. Additionally, 6 new AI features with iPhone 16.

**Ownership Changes:** Mixed. Positive: Various entities increased stakes (e.g., Inc., Llc, Vanguard Group). Negative: Some reduced positions (Strategic Advisors LLC, First National Bank).

**Analyst Ratings:** Neutral. Citigroup maintained a ""buy"" rating with a $255 target; KeyCorp and Piper Sandler reiterated ""hold"" and ""neutral"" ratings respectively.

**Legal Issues:** Bearish. Apple mentioned in legal issues related to IBM and Telegram CEO charges."
2024-09-02,52,"**Price Target Upgrade:** Raymond James upgraded Apple’s price target from $200.00 to $250.00 (Bullish).

**Product Releases:**
- Refreshed MacBook Pro planned (Bullish).
- Two new iPad models launching next week (Bullish).
- Potential new Mac models and Apple Watches (Bullish).
- M3-series devices launching on November 7th (Bullish).

**Price Cuts:**
- iPhone 15 price drop by 17% (Bearish).
- iPhone 15 Plus price slashed on Flipkart (Bearish).
- AirTags prices slashed on Amazon (Bearish).

**Partnerships:**
- Apple teams up with Bharti Airtel in India (Bullish).

**Supply Issues:**
- Mac supply dwindling (Bearish).

**Conflicting Signals:** Bullish signals from product launches and price target upgrades contrast with bearish signals from price cuts and supply issues.

**Net Tilt:** Mixed, leaning slightly Bullish due to multiple product launches and price target upgrade."
2024-09-03,45,"**Product Launches & Enhancements (Bullish):**
- Tigress Financial upgraded Apple’s target price to $295 from $245.
- Positive reviews for 12 Pro and AirTags.
- Expected iPhone 16 Pro Max launch on September 9.
- M4 chip launch planned.

**Revenue Growth (Bullish):**
- App Store revenue surged, up 12% in August.

**Discontinuations (Bearish):**
- Apple plans to discontinue several older models including iPhone 15 Pro Max and AirPods.

**Analyst Actions (Mixed):**
- Neutral ratings maintained by Morgan Stanley, Melius Research, Bank of America, and Evercore ISI with varied price targets ($250-$273).

**Ownership Changes (Mixed):**
- Increased holdings by UT and Swedbank.
- Decreased holdings by ADV and Optimum Investment Advisors.

**Stock Performance (Bearish):**
- Shares opened at $229 and closed at $222.41, down 2.93%."
2024-09-04,46,"**Price Target Upgrades:** UBS raised Apple’s price target to $236 from $190, indicating **bullish** sentiment.

**Product Launches/Catalysts:**
- **iPhone SE 4** to launch on September 9.
- **iOS 18** expected on September 16.
- **iPhone 16 series** launches globally, including India, with substantial improvements.
- **visionOS** and **Apple Intelligence** releases.
- New Mac models in November 2024.
- **Apple Watch SE 2** may be discontinued, **bearish**.

**Analyst Actions/Ratings:**
- Multiple analysts maintain “Buy” ratings with targets up to $260.
- Mixed ownership changes: increased positions by P. and Dimensional Fund Advisors, decreased by others.

**Promotions/Discounts:**
- Discounts on iPhone 15 and MacBook Air, potentially **bearish** on pricing power.

**Net Tilt:** **Bullish**, driven by product launches and upgrades, despite some bearish signals on pricing and discontinuations."
2024-09-05,40,"**Analyst Ratings & Ownership:**  
- **Bullish:** Erste Group Bank upgraded Apple from Hold to Buy; multiple institutions increased stakes in AAPL.  
- **Neutral:** BofA maintained Buy rating; KeyCorp reissued Hold rating with $247.61 PT.

**Revenue & Sales:**  
- **Bullish:** Foxconn’s Aug sales up; iPhone maker sales climbed 33%.  
- **Bearish:** Smartwatch sales declined.

**Product Updates & Pricing:**  
- **Bullish:** New iPad/iPad Mini expected; iPhone 15 Pro/Max launched in India; iOS updates planned.  
- **Bearish:** iPhone 14/15 Pro Max price drops; some iPhone variants to be discontinued.

**Net Tilt:** Bullish due to upgrades, increased ownership, and positive product launches outweighing revenue declines and pricing cuts."
2024-09-06,46,"**Earnings & Analyst Actions:** UBS upgraded Apple’s price target to $236 from $190, citing strong Q3 earnings that beat expectations. **Product Releases:** Apple plans rapid rollout of in-house 5G modem and AI tools, with the iPhone 16 series launching on Sept. 9. **Demand & Revenue:** Higher demand for Apple services and a 12% increase in App Store revenue. **Supply & Layoffs:** 100 workers laid off. **Ownership Changes:** Mixed ownership trends with significant increases by some funds and decreases by others, including Buffett reducing his stake. **Price Adjustments:** Deutsche Telekom cut Apple TV+ subscription price. **Net Tilt:** Bullish due to earnings beat, product launches, and positive analyst action."
2024-09-07,30,"**Product Launches & Enhancements:** Bullish. Apple is set to launch four new iPhone models next week, along with other products like the iPod Nano 19 years ago and AirPods. The iPhone 16 Pro is getting significant upgrades.

**Price Target Upgrades:** Bullish. Maxim Group upgraded Apple’s price target from $195 to $203, while Goldman Sachs raised it from $265 to $275.

**Ownership Increases:** Bullish. Wellington Management, Swedbank, and several other investors increased their stakes in Apple.

**Ownership Decreases:** Bearish. Some investors, including Oh and Ks, reduced their positions in Apple.

**Analyst Ratings:** Neutral. Morgan Stanley, Bank of America, Evercore ISI, and Melius Research maintained or reaffirmed positive ratings with various price targets.

**Stock Price:** Bearish. Apple opened at $220.82 on Friday, slightly down from previous days.

**Net Tilt:** Bullish. Despite some ownership reductions and a slight stock price drop, the overall sentiment is positive due to product launches, upgrades, and price target increases."
2024-09-08,19,"**Product Releases & Enhancements (Bullish):**
- Apple unveiled iPhone 16 with AI chip and expects to launch it along with Apple Watch Series 10.
- Apple upgraded its processor.

**Market Share & Sales (Bearish):**
- iPhone market share fell.

**Ownership Changes (Mixed):**
- LLC boosted holdings by 23,076.4%, NA increased by 2.0%.
- ADV sold 54 shares, another entity cut stock position.

**Analyst Ratings (Bullish):**
- Citigroup reiterated ""buy"" rating with $255.00 target price.

**Earnings Estimate (Neutral):**
- Analysts expect EPS of 6.7 for the current year.

**Net Tilt:** Mixed, with some bullish signals from product launches and analyst ratings offset by bearish signals from market share loss and ownership decreases."
2024-09-09,290,"**Price Target Upgrade:** UBS upgraded Apple’s target price from $190.00 to $236.00 (Bullish).

**Product Releases:**
- AirPods 4 launched in India (Bullish).
- iPhone 16 and other products unveiled (Bullish).

**Revenue Growth:** Revenue increase in India (Bullish).

**Antitrust Suit:** DOJ filed an antitrust lawsuit against Apple (Bearish).

**Conflicting Signals:** Bullish signals from product launches and revenue growth contrast with the bearish antitrust suit. **Net Tilt:** Slightly Bullish due to multiple product releases and revenue growth."
2024-09-10,182,"**Analyst Ratings and Price Targets:** Bullish. Needham & Company LLC, JPMorgan Chase & Co., and Da Davidson upgraded AAPL to ""Buy"" or ""Overweight."" Tigress Financial raised the price target from $245.00 to $295.00, while Wedbush increased it to $300 from $285.

**Revenue Guidance and Sales Growth:** Bullish. Apple expects Q4 FY2024 revenues to grow, and reports increased sales in India and higher phone sales.

**Legal Battles:** Bearish. Apple lost a significant EU tax case, ordered to pay €13 billion ($14.4 billion).

**Product Releases:** Neutral. Apple launched new products including iPhone 16, AirPods Pro 2, and Apple Watch Series 10, but these were expected.

**Net Tilt:** Bullish, despite legal setbacks, due to strong analyst support and positive revenue outlook."
2024-09-11,42,"**Analyst Actions:** Stocknews.com upgraded Apple to Buy from Hold (Bullish); Oppenheimer, Rosenblatt Securities, JPMorgan maintained ratings with price targets ($250, $261, $265 respectively) (Neutral); Piper Sandler set Neutral rating (Bearish).

**Revenue & Sales:** iPhone sales have slowed (Bearish).

**Legal Issues:** Lost antitrust case in Europe (Bearish); received illegal State aid from Ireland (Mixed).

**Product Releases:** Launched iPhone 16 models in China (Bullish); introduced Apple Intelligence in iOS 18, new MagSafe charger (Bullish); planning Apple Watch Ultra 3 in 2025 (Bullish).

**Discontinuations:** Discontinued iPhone 8, X, and other older models (Bearish).

**Ownership Changes:** Dimensional Fund Advisors, Addenda Capital, LLC, Vanguard increased holdings (Bullish); PGGM Investments, Murphy Middleton Hinkle & Parker, Cascade Investment Group decreased stakes (Bearish).

**Net Tilt:** Mixed, leaning slightly Bearish due to slowing iPhone sales and legal setbacks."
2024-09-12,38,"**Product Enhancements & Approvals (Bullish):**
- FDA approved AirPods Pro 2 for hearing aid functionality.
- iOS 18.1 and new hardware releases announced.
- iPhone 16 series full rollout set for October.

**Revenue & Demand (Bullish):**
- iPhone sales up 28% YoY.
- Orders for iPhone 16 lineup reported.

**Price Adjustments & Discontinuations (Bearish):**
- Multiple product price cuts including iPhone 15 Pro Max, iPad, and iPhone 14.
- Charging cables removed from some products.
- Support discontinued for three Apple Watch models.

**Ownership Changes (Mixed):**
- LLC increased stake by 14,145.8%, while others like Chemung Canal Trust Co. decreased holdings by 3.2%.

**Analyst Actions (Neutral):**
- Analyst reiterates ""Hold"" rating on AAPL."
2024-09-13,41,"**Analyst Ratings and Price Targets:** Bullish. Rosenblatt Securities upgraded AAPL to Buy; Erste Group Bank raised rating from Hold to Buy. UBS increased PT from $190 to $236.

**Regulatory Approvals:** Bullish. FDA cleared AirPods Pro 2 and authorized OTC hearing aid software.

**Product Releases:** Neutral-Bullish. New software, iOS 18.2 expected in Dec; Apple Watch Series 10 launches in SA; M1 iPad Air available in US; iPhone 16 and 'Apple Intelligence' unveiled.

**Supply/Demand Shifts:** Bearish. iPhone 16 Pro Max deliveries delayed to Oct; Netflix discontinues iPhone support; iPhone 16 price cut in SA.

**Ownership Changes:** Mixed. CPPIB, Inc., Wellington Management, and others increased positions; Javer, Wedge Capital, and Shulman DeMeo reduced stakes; multiple firms bought AAPL shares."
2024-09-14,38,"**Product Releases:** Bullish; Apple released iPhone 16, Apple Watch 10, and new ads highlighting ""Apple Intelligence."" Analysts like Needham, Morgan Stanley, and Rosenblatt maintained positive ratings with price targets ranging from $245 to $285.

**Analyst Actions:** Mixed; StockNews.com downgraded Apple from ""buy"" to ""hold,"" while other firms like Maxim Group maintained neutral ratings. 

**Supply Issues:** Bearish; Pro Max deliveries delayed to October.

**Legal and Support:** Neutral; Apple seeks to withdraw a legal case against Pegasus spyware creator, while Netflix phases out support for older iOS devices.

**Ownership Changes:** Mixed; Swedbank and Trust increased holdings, while Atticus Wealth Management reduced stake.

**Price Movements:** Bearish; Apple stock traded down 0.5%."
2024-09-15,33,"**Demand:** Bearish — iPhone 16 pre-orders down 12.7%, but iPhone 16 Plus pre-orders up (net tilt slightly bearish).

**Supply:** Bullish — iPhone 16 reportedly delivers 30% more power.

**Guidance:** Bullish — Demand guidance increased.

**Market Share:** Bullish — Expected to gain market share.

**Product Releases:** Neutral — iOS 18 rollout in India, Macs next month, no specific date for AI launch.

**Ownership:** Mixed — Major stakeholders like Vanguard and LLC increasing stakes, while others trimming or selling (net tilt neutral).

**Analyst Ratings:** Neutral — Citigroup, Oppenheimer, Bank of America maintain positive ratings, Piper Sandler neutral (net tilt neutral).

**Price Cuts:** Bearish — iPhone 15 series to get huge price cut."
2024-09-16,134,"**Revenue and Demand:** Bearish. iPhone 16 sales disappointed, pre-orders were lower, and overall revenue declined by 48% (revenue below expectations, demand guidance decrease, revenue volume down).

**Product Releases and Enhancements:** Bullish. Apple released iOS 18, MacOS Sequoia, and the new iPhone 16 series. Positive reviews for MacOS Sequoia and promising updates from iOS 18. FDA approvals for AirPods Pro and Apple Watch sleep apnea detection.

**Analyst Actions:** Bullish. Tigress Financial upgraded Apple’s price target from $245 to $295.

**Regulatory:** Mixed. EU court rejected appeals from Apple and Google, ordering Apple to pay €13 billion. However, FDA granted multiple approvals for Apple products (AirPods Pro, Apple Watch sleep apnea detection).

**Net Tilt:** Neutral to Slightly Bullish."
2024-09-17,60,"**Bullish Signals:**
- **Revenue Growth:** UBS upgraded Apple’s price target to $236 from $190, citing continued revenue growth.
- **Market Share Gains:** Apple outsold Samsung in India and widened its revenue lead.
- **Product Launches:** New iOS 18, iPad Mini, and 2nm chips scheduled for 2025.
- **Demand Increase:** Pre-booking demand for iPhone 16 is higher.

**Bearish Signals:**
- **Product Rollout Issues:** iPadOS 18 rollout paused and then pulled, before being re-released.

**Net Tilt:** Bullish due to strong revenue growth expectations, market share gains, and robust product pipeline outweighing minor product rollout hiccups."
2024-09-18,50,"**Product Reviews and Enhancements:** Bullish. Positive reviews for iPhone 16 and Ultra 2, new iOS and iPadOS releases, and enhancements like AI integration and photo app redesign.

**Legal Issues:** Bearish. Meta wins lawsuit against Apple; EU fines and class actions against Apple.

**Analyst Actions:** Mixed. Stocknews downgrades to Hold; Citigroup, Morgan Stanley, Monness Crespi & Hardt, Bank of America maintain or reissue Buy ratings with varied targets.

**Ownership Changes:** Mixed. Swedbank, Llc, and Dimensional Fund Advisors increase holdings; Sumitomo Mitsui Trust Holdings and others decrease stakes.

**Demand and Pricing:** Bearish. iPhone demand softer YOY; price cuts on 2024 models.

**Stock Performance:** Mixed. Shares gap down to $222.50 but close up 1.80% at $220.69, up 18.9% YTD."
2024-09-19,45,"**Revenue and Exports:** Bullish. T-Mobile sees surge in iPhone 16 sales; Apple’s iPhone vendors saw a 21.8% export growth.

**Regulatory Issues:** Bearish. EU warns Apple on OS; EC starts probe and threatens fines.

**Product Launches:** Neutral. iPhone 16 series launches globally; iPhone SE 4 announced for March 2025.

**Legal Issues:** Bearish. Apple sued in EU; EC initiates proceedings.

**Ownership Changes:** Mixed. Major investors like Wellington Management increased holdings, while some reduced stakes.

**Analyst Ratings:** Neutral. Oppenheimer reaffirms outperform with $250 PT; Needham reiterates rating.

**Earnings Forecast:** Bullish. Analysts predict FY EPS of 6.7.

**Stock Performance:** Bullish. Stock up over 15%, recently at $226.47."
2024-09-20,71,"**Analyst Actions & Price Target:** Bullish. Stocknews.com upgraded AAPL to ""Buy"" and Tigress Financial raised the target price from $245.00 to $295.00.

**Revenue & Sales Performance:** Bearish. iPhone 16 Pro series sales missed expectations, and iPhone 13 prices were cut by 18%.

**Product Releases & Reviews:** Mixed. Multiple global releases of iPhone 16, AirPods 4, and Apple Watch Series 10 occurred, with positive reviews for the Apple Watch Series 10. However, Anker recalled MagSafe iPhone batteries.

**Antitrust & Sanctions:** Bearish. A lawsuit against Apple for antitrust violations and EU warnings about potential fines if iOS remains closed to rivals.

**Demand Shifts:** Bullish. Rising demand for iPhone 16 was noted, while partnerships like Chunghwa Telecom’s work with Apple suggest continued support.

**Net Tilt:** Neutral to Slightly Bullish. Positive analyst actions and product reviews balance against revenue misses and legal risks."
2024-09-21,30,"**Analyst Actions:** Bullish – Loop Capital upgraded Apple from Hold to Buy; UBS raised target price from $190 to $236. Neutral – JPMorgan, Citigroup, Monness Crespi & Hardt, Maxim Group, and Piper Sandler maintained ratings with varied price targets.

**Product Releases:** Bullish – AirPods 4, iOS 18, and iPhone 16 launched. Bearish – Weak iPhone 16 debut noted.

**Ownership Changes:** Bullish – Neo Ivy Capital, Swedbank, and LLC increased stakes. Bearish – Natwest and Counsel reduced stakes.

**Price Movements:** Bearish – Shares opened at $228.20.

**Conflicting Signals:** Analyst upgrades and product launches are bullish, while weak iPhone debut and share price movement are bearish. **Net Tilt:** Mixed."
2024-09-22,26,"**Product Issues & Enhancements:**
- **Bullish:** Apple Intelligence released via iOS 18, available in German; new AirPods Pro 2 and AirPods 4 launched; first wide-angle OLED screen introduced.
- **Bearish:** iPhone 16 Pro users face touchscreen issues; iPadOS 18 update pulled back.

**Price Changes:**
- **Bullish:** Apple raises battery service prices.
- **Bearish:** Amazon cuts $49 off Apple Watch Ultra 2.

**Ownership Trends:**
- **Net Bullish:** Multiple firms increase stakes (Commerzbank, Trust, Inc., Investors).
- **Net Bearish:** Some firms decrease positions (Ltd., Llc, Wealth, Krilogy).

**Analyst Ratings:**
- Neutral: Bank of America, Morgan Stanley, Oppenheimer maintain positive ratings with price targets ($256, $273, $250).

**Legal & Partnership:**
- **Bullish:** Meta wins lawsuit against Apple; Apple partners with OpenAI.

**Net Tilt:** Mixed signals, slightly bullish due to product launches and stake increases outweighing price cuts and ownership decreases."
2024-09-23,50,"**Analyst Ratings:** Bullish; Goldman Sachs upgraded to Buy, Stocknews.com from Hold to Buy.

**Product Launches & Enhancements:** Bullish; multiple product releases including iPhone 16 series, new Macs, and AI-powered Siri updates scheduled. However, Macs could be delayed until November.

**Price Cuts & Glitches:** Bearish; iPhone 14 Plus price drop by 15%, iPhone 16 Pro glitches reported.

**Regulatory Alert:** Bearish; government issued alert for iPhones.

**Ownership Changes:** Mixed; Dimensional Fund Advisors and others increased positions, while Pacific Wealth Strategies Group and others trimmed stakes."
2024-09-24,44,"**Product Recalls and Lawsuits:** Bearish. Apple withdraws HomePod (recall) and faces EU antitrust proceedings.

**Product Launches and Enhancements:** Bullish. Apple Pay in Oman, potential Mac mini M4 launch, iPhone 15 Pro in India, Apple Intelligence in India by 2025, iOS 18, watchOS 11.1, tvOS releases, iPhone 16 Pro launch, Siri upgrade, and iOS 18 features.

**Price Cuts and Promotions:** Mixed. Price cuts for iPhone 15 and discounts on iPhone 15 Pro.

**Ownership Changes:** Mixed. Increased holdings by Llp, Bank, and Vanguard; decreased by Capital, management, and Eastern Bank; new acquisitions by Rockland Trust, First Bancorp, Busey Bank, and Fortis.

**Analyst Ratings:** Neutral. Multiple analysts maintain ""outperform,"" ""buy,"" or ""hold"" ratings with varied price targets.

**Stock Performance:** Bearish. Open at $226.47, traded as low as $225.73, closed at $226.11."
2024-09-25,43,"**Product Reviews & Enhancements:** Bullish. Positive reviews for iPhone 16 Pro and Apple Watch Series 10 highlight strong product performance. New features and updates like iOS 18 and enhanced Siri boost user experience.

**Market Dynamics:** Mixed. Apple’s PC market share drops, while new iPhone models and AirPods 4 launches indicate ongoing product innovation. However, price hikes and discontinued support for older Macs may deter some users.

**Legal & Ownership Changes:** Neutral. Legal suit against NSO Group dismissed. Ownership sees mixed activity with increases by Swedbank AB and others, offset by decreases from some firms.

**Analyst Ratings:** Neutral. Analysts maintain “buy” ratings with varied price targets ($203-$256), while one firm sets a neutral rating."
2024-09-26,34,"**Revenue & Sales:**
- **Bearish:** iPhone 16 sales falling.

**Product Launches & Enhancements:**
- **Bullish:** FDA approval for AirPods Pro 2 hearing aid functionality.
- **Bullish:** M4 Macs and iPads launch in October.
- **Bullish:** New standalone Apple Music and Apple TV apps launched.
- **Bullish:** Major revamp planned for next iPhone SE.
- **Bullish:** iOS 18 and multiple firmware/security updates released.

**Ownership Changes:**
- **Bullish:** Multiple firms increased holdings in Apple.
- **Bearish:** Some firms reduced their stakes.

**Analyst Ratings:**
- **Neutral:** Oppenheimer maintained “Outperform” with $250 PT.
- **Neutral:** Morgan Stanley maintained “Overweight” with $273 PT.
- **Neutral:** Piper Sandler maintained “Neutral” with $225 PT.

**Net Tilt:** Mixed, slightly bullish due to product launches and enhancements outweighing revenue concerns."
2024-09-27,41,"**Product Releases and Enhancements (Bullish):**
- Apple released iPhone 16 with iOS 18.
- Apple Watch Series 10 launched.
- New A18 series chip introduced.
- Health Canada approved Apple Watch and watchOS 11.
- AirPods 4 received positive reviews.

**Analyst Ratings and Price Targets (Neutral-Bullish):**
- JPMorgan, Needham, Rosenblatt Securities, Citigroup, Wedbush, Melius Research maintained “buy” ratings with targets ranging from $255-$285.
- KeyCorp maintained a “hold” rating with a $247.61 target.

**Ownership Increases (Bullish):**
- Multiple firms increased stakes in AAPL.

**Promotions and Dividends (Bullish):**
- Apple initiated annual Back to School promotion.
- Dividend raised for 12 consecutive years.

**Stock Performance (Bullish):**
- AAPL rose at end of Q2, opening at $227.52."
2024-09-28,21,"**Analyst Actions:** Stocknews.com upgraded Apple to ""buy"" from ""hold""; Monness Crespi & Hardt reaffirmed ""buy"" with a $245 price target. **Bullish**.

**Production Issues:** Multiple fires at iPhone production plants in India and potential delays. **Bearish**.

**Product Releases:** Latest iPad Pro models launched; iPad 11 release speculated. **Neutral**.

**Ownership Changes:** CPPIB increased stake by 158.3%; multiple entities reduced stakes. **Mixed**.

**Legal Issues:** Privacy lawsuit against Apple. **Bearish**."
2024-09-29,21,"**Product Launches/Cuts:** Bullish; Apple may release an iPad and a new Apple TV, and is developing a smart display (2025) and a new OS. Bearish; Apple cut the starting price of the Apple TV 4K.

**Analyst Actions:** Neutral; Bank of America upgraded to Buy with a $256 target, while Maxim Group maintained Hold at $203.

**Ownership Changes:** Mixed; Atlantic Union Bankshares, Stockton, and Swedbank increased stakes, while Ag, Nichols & Pratt, Sa, and Argent Capital decreased stakes. Banque Pictet & Cie and another firm increased holdings.

**Earnings Estimate:** Neutral; analysts expect EPS of 6.7 for FY2024."
2024-09-30,37,"**Product Reviews:** Positive reviews for iPhone 11 Pro, AirPods 4, and Beats Solo Buds (Bullish).

**Product Releases:** Introduction of iPhone 16 in India, potential new iPad-like device in 2025, iOS 18 launch (Bullish).

**Supply Issues:** Tata Electronics suspends iPhone production (Bearish).

**Ownership Changes:** Multiple firms increase holdings in Apple (Bullish); some sell shares (Bearish).

**Analyst Ratings:** Morgan Stanley and Needham maintain positive ratings ($273 and $260 targets respectively), Piper Sandler neutral ($225 target) (Mixed).

**Other:** Apple granted a new patent, removed Beddit apps, and faced a patent infringement lawsuit (Neutral overall)."
2024-10-01,46,"**Analyst Ratings and Price Targets:** Bullish. Oppenheimer upgraded AAPL to Buy with no specific target mentioned. UBS raised its target from $190 to $236. JPMorgan, Oppenheimer, Wedbush, Evercore ISI, and Citigroup maintained positive ratings with targets ranging from $250 to $285. Barclays downgraded to Sell with a $186 target.

**Product Launches:** Bullish. Apple unveiled iPhone 16, Apple Watch Series 10, and AirPods 4. Multiple upcoming product releases like new iPads, iPhone SE, and M4 Macs are scheduled.

**Supply Changes:** Bearish. Apple cut production by three million units.

**Stock Performance:** Bearish. AAPL shares dipped 3.6%, driven by mixed analyst opinions and supply cuts.

**Investor Activity:** Neutral. Duff & Phelps and Llc increased holdings, while Raymond James and PA invested further.

**Net Tilt:** Mixed, but slightly bullish due to strong analyst upgrades and multiple product launches outweighing the supply cut."
2024-10-02,80,"**Analyst Ratings:** Bullish; Erste Group Bank and Stocknews.com both upgraded AAPL to ""Buy"" from ""Hold.""

**Revenue & Sales:** Bearish; iPhone 16 pre-sales lagged expectations.

**Product Launches:** Neutral-Bullish; Multiple reports indicate upcoming releases including iPhone SE 4, new iPad Air models, and budget iPhone in 2025.

**Legal Issues:** Bearish; Complaint filed against Apple by board and legal action initiated against Hungary.

**Supply Changes:** Bearish; Production cuts for iPhone 16 noted.

**Insider Activity:** Bearish; CEO Tim Cook sold significant shares.

**Net Tilt:** Mixed, leaning slightly bearish due to revenue disappointment and negative legal/supply signals."
2024-10-03,59,"**Earnings & Revenue:** Bullish; Apple’s Q3 earnings beat expectations, and services revenue grew.

**Product Pricing & Support:** Bearish; Amazon slashed AirPods Max prices by 20%, and Apple discontinued support for multiple products including iPadOS 18 and a faulty update.

**Analyst Actions & Executive Changes:** Bearish; Stocknews.com downgraded Apple to Hold, and CFO Luca Maestri is stepping down.

**Product Launches & Updates:** Neutral; Multiple product launches and updates planned, including new iPhone SE, macOS Sequoia 15, and various Mac updates.

**Legal Issues & Accidents:** Bearish; NLRB filed a complaint against Apple, and a fire hit an iPhone component plant.

**Insider Trading:** Bearish; Tim Cook sold $50M worth of AAPL shares.

**Ownership Changes:** Mixed; Various investors increased their positions in Apple, while others like Tim Cook sold shares."
2024-10-04,73,"**Revenue and Guidance:** Bullish. Apple expects Q4 revenue growth and reported a net income of $23.63bn.

**Product Releases and Enhancements:** Mixed. Positive reviews for iPhone 16 Pro and macOS updates, but negative feedback on WatchOS 11 battery issues. Multiple product launches including iOS 18, macOS 15, and new iPhones.

**Legal and Regulatory:** Bearish. Sound sues Apple, and government investigates Apple and Google.

**Insider Activity:** Bearish. CEO Tim Cook, COO Jeff Williams, and SVP Katherine Adams sold shares.

**Partnerships and Price Cuts:** Neutral. Apple partners with Foxconn and Pegatron; iPhone 13 price cut in India.

**Facility Expansion:** Bullish. Plans to open four new retail stores in India."
2024-10-05,27,"**Analyst Actions:** Stocknews.com downgraded Apple from ""buy"" to ""hold"" (bearish). Barclays maintained ""underweight"" with a $186 target (bearish). Citigroup, Evercore ISI, Wedbush, Oppenheimer, Rosenblatt Securities, and Monness Crespi & Hardt all reaffirmed positive ratings with various price targets (bullish).

**Ownership Changes:** Multiple firms increased holdings (bullish): De, LLC, Llc, Investors, Lp, Advisory. Some reduced positions (bearish): LLC, Group, West Branch Capital LLC.

**Product Updates:** iPhone 16 family launched (neutral); urgent iOS 18 patch released (neutral); MacBook promotions announced (neutral).

**Demand Signals:** iPhone 16 demand lower (bearish).

**Net Tilt:** Mixed signals; slight net bearish due to downgrade and lower demand."
2024-10-06,32,"**Product Issues & Enhancements:**
- **Bearish:** Apple Watch users report various issues.
- **Bullish:** iOS 18.01 and iPadOS 18 released; M4 Macs and iPad mini 7 launching Nov 1; AI features rolling out Oct 28.

**Product Launches/Delays/Cuts:**
- **Bullish:** iPhone SE 4 expected Spring 2025; MacBook Air, iPad Air refreshes early 2025; iPad Mini 7 Nov 1.
- **Bearish:** MacBook Air delay; price cuts on AirPods Max, AirPods Pro 2, iPhone 15 in India.

**Ownership Changes:**
- **Mixed:** Management and LLC increase holdings; Hamilton, Zevin Asset Management, others reduce positions."
2024-10-07,61,"**Product Launches & Upgrades (Bullish):**
- Apple to launch M4-powered MacBook Pro, iMac, iPad Mini on Nov 1.
- iOS 18.1 with AI features launching Oct 28.
- iPhone SE4 already launched.

**Price Competition & Analyst Downgrade (Bearish):**
- Amazon cuts iPad 9 price by 40%.
- Jefferies downgrades Apple to Hold from Buy.

**Executive Changes (Bearish):**
- CFO Luca Maestri stepping down by end of year.
- Multiple VP departures.

**Legal (Mixed):**
- Apple wins legal battle against Identity Security.
- Lawsuit filed by Musi against Apple."
2024-10-08,63,"**Price Target Upgrade & Analyst Actions:** Citi upgraded Apple’s price target to $132 from $118.50, while Jefferies downgraded it to Hold. (NET TILT: NEUTRAL)

**Earnings & Guidance:** Apple is expected to beat earnings estimates, with earnings growing. (BULLISH)

**Product Updates & Promotions:** iPhone 15 price cut by 15%, iPhone 16 Pro reviewed positively, and new services, watchOS, and MacBook Pro models announced. (BULLISH)

**Legal Issues & Insider Sales:** Spotify rival Musi sues Apple; COO Jeffrey E. Williams, CEO Tim Cook, and CFO Luca Maestri sold shares. (BEARISH)

**Supply Chain & Facility News:** Apple’s global supply chain procurement chief is retiring; plans to open four new retail stores in India by late 2025. (NET TILT: NEUTRAL)"
2024-10-09,46,"**Revenue and Sales:** Bearish. Mac and iPad Pro sales dropped significantly, indicating weak demand (Mac sales drop, iPad Pro sales plunge).

**Analyst Actions:** Mixed. Stocknews.com downgraded Apple from ""buy"" to ""hold,"" while Oppenheimer maintained a ""buy"" with a $250 target (downgrade vs. hold/reiterate).

**Executive Changes:** Bearish. Multiple high-level executives including CEO Tim Cook are leaving, signaling potential leadership instability (executive departures).

**Product Launches:** Bullish. New product releases like the AirTag model, Apple Watch Series 10, and iPad mini indicate ongoing innovation (multiple product launches).

**Legal Issues:** Bearish. Legal challenges persist with a developer suing Apple (lawsuit).

**Ownership Changes:** Mixed. Some institutions increased holdings (e.g., Llc, Sumitomo Mitsui), while others decreased (Adv) (mixed ownership trends).

**Net Tilt:** Bearish. Revenue declines and executive departures outweigh positive product launches and some bullish analyst views."
2024-10-10,38,"**Product Releases and Enhancements (Bullish):**
- Apple TV+ launches in US.
- iOS 18, iPad Mini 7, and M4 Macs expected soon.
- Vision Pro film debut in Australia.

**Ownership Changes (Mixed):**
- Bullish: Dimensional Fund Advisors, Ameriprise Financial, and others increased stakes.
- Bearish: Moloney Securities Asset Management decreased position.

**Analyst Ratings (Bullish):**
- Citigroup, Evercore ISI, Needham & Company maintained “buy” ratings with targets of $255, $250, and $260 respectively.
- Maxim Group and KeyCorp maintained “hold” ratings with targets of $203 and $247.61 respectively.

**Price Movements (Bearish):**
- Pre-market losses noted; stock traded as low as $227.17.

**Supply Chain (Neutral):**
- Tamil Nadu government approved Foxconn’s iPhone production.
- Walmart slashed prices on Apple products.

NET TILT: **Bullish** due to multiple product launches and analyst upgrades outweighing ownership decreases and price drops."
2024-10-11,33,"**Product Reviews:** Positive reviews for iPhone and AirPods 4th generation (Bullish).

**Analyst Actions:** Jefferies downgraded to Hold (Bearish); Morgan Stanley, JPMorgan, Bank of America maintained Overweight/Buy ratings with price targets of $273, $265, and $256 respectively (Neutral).

**Insider Sales:** COO Jeffrey E. Williams and CEO Tim Cook sold shares (Bearish).

**Price Adjustments:** Flipkart slashed iPhone 15 prices by up to Rs 27,000 (Bearish).

**Facility Openings:** Apple opened a large R&D lab in Shenzhen, China (Bullish).

**Ownership Changes:** Multiple firms reduced stakes in AAPL (Bearish).

**Catalysts:** Indonesia banned iPhone 16 imports (Bearish); iPad Air and Magic Keyboard launches delayed or announced (Mixed).

**Net Tilt:** Bearish due to multiple insider sales, price cuts, and ownership reductions outweighing positive product reviews and facility openings."
2024-10-12,22,"**Product Releases & Upgrades:**
- Bullish: Positive reviews for iPhone 16 Plus, iOS 18 launch imminent, new iPad Air planned, and potential iPhone 17 leak.
- Bearish: Price cuts on iPad Air and MacBook Air.

**Ownership Changes:**
- Bullish: Multiple firms (Llp, Banque Cantonale Vaudoise, Investing, Lazard Asset Management) increased holdings.
- Bearish: V2 Financial group LLC sold shares.

**Analyst Ratings:**
- Neutral: Wedbush reaffirmed ""outperform"" with $285 PT, Oppenheimer reissued ""buy"" with $250 PT, Melius Research reaffirmed ""buy"" with $265 PT.

**Earnings & Revenue:**
- Neutral: Analysts expect EPS of 6.65 for the current year; August sales data pending.

**Price Movements:**
- Mixed: Apple Pencil Pro at all-time low ($89.99), Apple Pencil priced at $65.00."
2024-10-13,20,"**Analyst Ratings:** Negative tilt; Stocknews.com downgraded Apple from ""buy"" to ""hold"" (bearish). Rosenblatt Securities and Monness Crespi & Hardt maintained ""buy"" ratings with price targets of $261.00 and $245.00 respectively (neutral-bullish). Maxim Group maintained a ""hold"" rating with a $203.00 target (neutral-bearish).

**Insider Activity:** Bearish; CFO Luca Maestri sold 59,305 shares (bearish). Multiple firms increased holdings (bullish).

**Product News:** Bearish; Apple headset delay (bearish); Amazon slashed AirPods Max prices (bearish). New Shenzen research lab opened (neutral-bullish).

**Ownership Changes:** Mixed; several firms increased positions (bullish), while others reduced positions (bearish).

**Net Tilt:** Net bearish due to downgrade and product delays, offset by positive ownership increases."
2024-10-14,42,"**Product Launches:** Bullish. Smart glasses, AI-powered MacBooks, new Mac/iPad models, and iOS/iPadOS updates announced (multiple sources).

**Revenue/Earnings:** Mixed. Vision Pro sales plunged 80% (bearish); earnings beat expectations (bullish).

**Stock Performance:** Mixed. Recent cooling off (bearish); Monday surge (bullish).

**Analyst Actions:** Bullish. Evercore, Citigroup, Needham maintain ""buy"" ratings with targets ($250-$260); Barclays downgraded to ""underweight"" with $186 target.

**Ownership Changes:** Bullish. Multiple firms increased stakes or acquired new positions.

**Catalysts:** Bearish. Potential sales ban on iPhone 16 in Indonesia; AirPods 4 negative review. Bullish. Positive earnings surprise, product launches, and ownership increases."
2024-10-15,62,"**Product Releases & Enhancements (Bullish):**
- Apple launched a refreshed iPad mini with A17 Pro chip and AI enhancements.
- New iPads and MacBook Pros expected soon.
- AI upgrades across products, including iPhone and Siri.

**Revenue & Earnings (Bullish):**
- Smartphone sales rose in Q3.
- iPhone 16 expected to boost Q4 sales.
- Financial performance forecasted to improve.

**Stock Performance (Bullish):**
- Apple stock hit an all-time high at $237.23.

**Insider Activity (Bearish):**
- SVP Katherine L. Adams sold 61,019 shares.

**Net Tilt:** Bullish due to multiple product launches and revenue growth forecasts outweighing insider selling."
2024-10-16,56,"**Product Launches & Enhancements:** Bullish. Apple launched the upgraded iPad mini and released iOS 18 with advanced capabilities. The iPhone 16 series also launched in India, while the new macOS Sequoia 15 was unveiled.

**Revenue & Sales Trends:** Bearish. iPhone sales are slowing down, and the iPhone 16 series launch was delayed in Indonesia.

**Analyst Actions:** Mixed. Stocknews.com downgraded Apple to ""hold"" from ""buy,"" while Oppenheimer, Rosenblatt Securities, and Bank of America maintained ""buy"" ratings with price targets of $250, $261, and $256 respectively.

**Executive Changes & Outages:** Bearish. Apple’s chief people officer Carol Surface is leaving, and there were outages in the App Store and other services.

**Ownership Changes:** Mixed. Lazard Asset Management LLC, Vanguard Group Inc., and others increased their stakes, while some reduced theirs."
2024-10-17,28,"**Product Reviews and Enhancements:** Bullish. Positive iPhone 16 Pro review highlights amazing camera; iPad Mini gets a huge upgrade; cheaper Vision Pro headsets planned for 2025.

**Price Adjustments:** Bearish. Apple reduces iPad prices, with iPad Air dropping to $529 and Beats Studio Buds to $99.

**Sanctions and Outages:** Bearish. EU fines Apple $17 billion; major outage hits Apple Music.

**Executive Moves and Insider Activity:** Mixed. Inductev names CEO from Apple; Cook sells shares; Fiera Capital, Primoris, and others reduce positions; Advisory and others increase stakes.

**Analyst Actions:** Neutral. Citigroup downgrades Sony due to iPhone 16; Melius, Needham, and UBS maintain ratings with mixed targets."
2024-10-18,49,"**Product Reviews & Releases:** Bullish. Positive reviews for new AirPods 4 and iPhone 16 Pro Max; upcoming M4 Macs and MacBook Pro models expected.

**Revenue & Sales:** Mixed. iPhone sales jumped 20% in China, but overall smartphone sales in China fell 19.1%. 

**Executives & Legal Issues:** Bearish. CFO Luca Maestri stepping down and selling shares; EU fines imposed ($785M class action lawsuit).

**Partnerships & Facility Openings:** Bullish. Partnerships with Klarna, Baidu, and China Mobile; data center launch in Iowa.

**Analyst Actions:** Neutral. Wedbush and Evercore ISI maintain positive ratings; Barclays downgraded to ""underweight.""

**Net Tilt:** Mixed, leaning slightly bearish due to executive departures and legal issues."
2024-10-19,13,"**Revenue and Product Performance:** Bullish. iPhone sales increased 20%, driving revenue growth.

**Management Actions:** Bullish. Management increased holdings by 1.4%.

**Analyst Ratings:** Neutral. Bank of America reaffirmed a ""buy"" rating with a $256.00 target price.

**Institutional Ownership:** Mixed. Positive actions include Sage Financial Group purchasing 977 shares and Markel Group holding a significant position. Negative actions involve Aveo Capital Partners selling 7,141 shares and other institutions reducing holdings.

**Stock Price:** Bullish. Apple stock rose, opening at $235.00."
2024-10-20,18,"**Analyst Ratings:** Stocknews.com downgraded Apple to ""hold"" from ""buy,"" while Oppenheimer, Citigroup, Needham & Co., Rosenblatt Securities, and Melius Research maintained ""buy"" ratings with price targets ranging from $250-$265. **Product Updates:** Apple launched an AI-upgraded iPad Mini. **Ownership Changes:** Multiple firms increased stakes (Inc., Nordea Investment Management, Swedbank, LLC, Advisory), while others decreased (LLC, Inc.). **Net Tilt:** Mixed signals with a slight bearish bias due to the downgrade from Stocknews.com."
2024-10-21,49,"**Product Reviews:** Positive reviews for iPhone 16 and AirPods 4; negative for Beats Solo Buds (mixed).

**Revenue/Growth:** Bullish on iPhone revenue growth and 16 Pro/Max sales up 44%; bearish on iPad 11 launch delay and price cuts on iPhone models.

**Product Launches:** Multiple new product launches including iPhone 16 series, AirPods Pro 2 hearing protection, and upcoming iPhone SE 4 in early 2025; mixed sentiment on potential new USB-C release.

**Analyst Actions:** Neutral analyst ratings with mixed ownership changes (increases and decreases).

**Sanctions/Fines:** Bearish due to $17B EU fine.

**Net Tilt:** Mixed signals, slightly bullish due to positive product reviews, revenue growth, and multiple product launches outweighing bearish factors like delays and price cuts."
2024-10-22,63,"**Revenue & Earnings:** Bearish; Apple reported revenue slipping, EPS missing estimates.

**Product Reviews & Launches:** Bullish; positive reviews for iPad mini 7, upcoming M4 Macs, new AirPods, and iOS updates. Apple announced AI integration and new hearing health features for AirPods Pro 2.

**Price Actions & Analyst Views:** Mixed; Loop Capital upgraded price target to $300, but CFO Luca Maestri sold shares. Price cuts for iPhone 16 in China and India.

**Partnerships & Contracts:** Bearish; Spotify and Hulu terminating contracts with Apple.

**Net Tilt:** Neutral to Slightly Bearish due to conflicting signals."
2024-10-23,86,"**Analyst Ratings:** Bullish; StockNews.com upgraded Apple from ""Hold"" to ""Buy.""

**Revenue & Sales:** Bullish; reports suggest Apple will increase sales.

**Product Releases:** Bullish; new iPad mini 7, cheaper HomePod mini, and Vision Pro production planned.

**Sanctions & Fines:** Bearish; CFPB fined Apple and Goldman Sachs $89M.

**Supply Changes:** Bearish; Vision Pro production cuts announced.

**Demand Shifts:** Bearish; iPhone 16 orders cut, leading to stock declines.

**Net Tilt:** Mixed, with significant bullish signals from product launches and analyst upgrades offset by bearish sanctions and supply/demand issues."
2024-10-24,78,"**Revenue & Guidance:**
- **Bearish:** iPhone 16 sales forecast cut, reduced orders affecting market outlook (ess-0.75, ess-0.61).
- **Bullish:** Domestic revenue surpasses Rs 65,000 crore, robust sales growth in India (ess0.65, ess0.65).

**Regulatory & Sanctions:**
- **Bearish:** Slapped with $89M and $25M fines from US and CFPB (ess-0.57, ess-0.57).

**Product Launches & Delays:**
- **Mixed:** New creative tools, AI software, iOS updates, M4 Macs announced; delays in M4 Macs and Mac Studio (ess0.52, ess-0.48).

**Partnerships & Acquisitions:**
- **Mixed:** JPMorgan to take over Apple Card operations, potential end to Goldman Sachs partnership (ess0.58, ess-0.46).

**Insider Activity:**
- **Bearish:** COO Jeffrey E. Williams sold shares (ess-0.49).

**Net Tilt:** Bearish due to revenue cuts, regulatory fines, and delays outweighing positive product launches."
2024-10-25,67,"**Analyst Actions:** Bearish; Keybanc downgraded Apple to Underweight. Bullish; Citigroup raised PT to $185.00, Loop Capital to $300.00.

**Revenue & Sales:** Mixed; iPhone 16 sales missed expectations globally but surged in China. Vision Pro sales forecasted at 370,000 units. iPhone SE sales rose. China smartphone sales declined. Indonesia banned iPhone 16.

**Market Share:** Mixed; iPhone 16 demand dropped, market share fell in some regions but increased in Taiwan.

**Product Releases:** Bullish; new Macs, MacBook Pros, M4 chip MacBook Airs, and iMacs confirmed. Supply concerns; Luxshare halting Vision Pro production.

**Legal & Verdicts:** Bullish; Apple won a patent infringement case against Masimo.

**Stock Performance:** Bullish; Apple stock gained 35% YTD."
2024-10-26,26,"**Analyst Ratings & Recommendations:**
- **Bearish:** Keybanc downgraded Apple to Sell, citing concerns.
- **Neutral:** Bank of America reaffirmed Buy with a $256 target; Piper Sandler maintained Neutral with a $225 target.

**Product Launches & Acquisitions:**
- **Bullish:** Apple unveiled new iPhone, M4 MacBook Pro, and iPad Pro; reported interest in acquiring Intel.
- **Bearish:** Apple faces iPhone 16 ban.

**Legal Developments:**
- **Bullish:** Won $250M in Masimo smartwatch patent case.
- **Bearish:** Masimo sued Apple in 2021.

**Insider Trading & Ownership Changes:**
- **Bearish:** SVP Katherine Adams sold shares; First Foundation Advisors, Harrington Investments, and LSV Asset Management reduced positions.
- **Bullish:** Several firms increased holdings.

**Net Tilt:** Mixed signals, but overall slightly **bearish** due to analyst downgrades and insider selling."
2024-10-27,34,"**Analyst Ratings:** Bullish – Stocknews.com upgraded Apple from ""hold"" to ""buy""; Maxim Group and UBS maintained ""hold"" ratings with unchanged price targets.

**Product Releases/Catalysts:** Bullish – Apple preparing to launch next-gen iPhone SE, smart home display in early 2025, iPad in spring, and new Macs on Monday; M2 chip introduced in June 2023; WatchOS 11 rolled out on Sept 17.

**Ownership Changes:** Mixed – Jennison Associates, Swedbank, Mitsubishi UFJ, Nordea, and others increased positions; Motco, Corp, and Insight Inv LLC decreased positions.

**Supply/Production:** Bearish – Apple may scale back Vision Pro production.

**Price Adjustments:** Bearish – Apple Watch Series 10 price cut to INR44,900; iPhone 15, 14, and other models discounted."
2024-10-28,156,"**Earnings:** Bullish; Apple reported EPS of $1.46, beating consensus estimates.

**Regulatory & Legal:** Bearish; Indonesia blocked iPhone 16, Apple Watch 10, and iPhone 15 Pro price cut by 22%. FDA approved AirPods Pro 2 software. Apple won smartwatch case.

**Analyst Actions:** Mixed; KeyCorp downgraded Apple, while Citigroup raised price target to $185.

**Product Launches:** Bullish; Apple unveiled iPads, iMacs, and AirPods, and released iOS 18.1, iPadOS 18, tvOS 18, and macOS Sequoia. New M4 iMac and MacBook launches imminent.

**Executives:** Bearish; Apple’s Chief Product Officer stepped down."
2024-10-29,110,"**Revenue Guidance & Earnings:** Bullish. Apple expects the largest revenue growth in two years, with Q4 revenues projected to rise significantly. Earnings beat expectations.

**Product Launches:** Bullish. iOS 18 and iOS 18.2 with expanded AI features have been released. Multiple Mac models including the M4 Mac Mini and M4 iMac are launching, along with new iPad variants.

**Regional Performance:** Mixed. Mac sales are declining, while sales in India are expected to soar. Q3 China smartphone sales slipped.

**Legal & Regulatory:** Bearish. EU antitrust charges and a negative ruling in Europe impact Apple. Patent infringement lawsuit ongoing.

**Analyst Action:** Bearish. KeyCorp downgraded Apple to Underweight.

**Net Tilt:** Neutral to Slightly Bullish. Positive revenue outlook and product launches offset legal/regulatory challenges and regional sales declines."
2024-10-30,87,"**Product Releases:** Bullish. Apple unveiled multiple products including eco-friendly Mac Mini, M4 chips across MacBook Pro models, and new iPhone 16 Pro variants.

**Revenue Guidance & Sales Growth:** Bullish. Expected iPhone sales growth and increased exports from India by 33%.

**Market Dynamics:** Mixed. Gained market share through product launches but lost market share in China and exited China-India operations.

**Supply Changes:** Bullish. Increased iPhone production in India.

**Catalysts:** Bullish. New products going on sale November 8, 2024.

**Risks:** Bearish. Cyber-attack threat and Iran lifting ban on iPhone imports could impact sales."
2024-10-31,147,"**Analyst Ratings & Guidance:** Stocknews.com upgraded Apple to ""buy"" from ""hold."" Apple’s Q3 revenue guidance is positive, but it suspended formal guidance.

**Earnings & Revenue:** Apple beat Q4 earnings and revenue estimates, with EPS at $1.59 and net income at $14.74B. However, year-end earnings fell.

**Product Performance:** iPhone 16 sales grew, but AirPods 4 received mixed reviews. iPhone revenue rose to $46.22B, while China sales dipped.

**Capital Expenditure:** CapEx for Q4 increased to $2.43B vs. $2.16B, but FY2024 capex dropped to $9.11B from $10.96B.

**Catalysts:** Indonesian government banned iPhone 16 sales; Apple faces a €13B fine in Ireland. 

**Net Tilt:** Mixed, with strong earnings and product performance offset by revenue dips and regulatory challenges."
2024-11-01,154,"**Earnings & Guidance:** Bullish on current earnings, bearish on future guidance. Apple beat EPS and revenue expectations but issued weak Q1 guidance, missing estimates.

**Revenue Trends:** Mixed. Revenue exceeded forecasts overall, with iPhone sales dipping slightly but services revenue hitting an all-time high. Chinese sales missed despite iPhone rebound.

**Analyst Actions:** Bullish. BNP Paribas, Maxim, and Independent upgraded price targets to $225, $215, and $250 respectively.

**Product & Acquisitions:** Bullish. Positive reviews for iPhone 16 Pro and new health features in Apple Watch Series 10. Multiple acquisitions suggest strategic investments.

**Net Tilt:** Bearish due to weak guidance overshadowing positive earnings and revenue beats."
2024-11-02,38,"**Revenue & Earnings:** Bullish. Q4 revenue beat expectations; EPS was $1.46, above estimates.

**Product Updates:** Mixed. New AI-powered App Store and MacBook Air upgrades positive; AirPods Pro 2 price cut negative.

**Ownership Changes:** Bearish. Berkshire Hathaway sold significant shares, while some funds increased stakes.

**Analyst Actions:** Neutral-Bearish. StockNews.com downgraded to Hold; Barclays lowered price target to $184.00; Rosenblatt upgraded to $262.00.

**Cyber Attacks:** Negative. Hackers targeting Apple devices.

**Investments & Acquisitions:** Positive. Apple investing $1.1B and considering Intel acquisition; raised dividend.

**Net Tilt:** Neutral-Bearish. Revenue and earnings strong, but product pricing cuts and major shareholder sales weigh negatively."
2024-11-03,28,"**Price Target Adjustments:** Maxim Group upgraded Apple’s price target to $215.00 (bullish); Barclays downgraded it to $184.00 (bearish); Stocknews.com downgraded rating to hold (bearish).

**Product Updates:** Next Generation Vision Pro set for 2025 (neutral); cheaper headset delayed (bearish).

**Insider Activity:** Warren Buffett sold 100m shares (bearish); multiple firms increased holdings (bullish).

**Net Tilt:** Mixed signals with net slightly bearish due to major insider sell and product delay overshadowing positive analyst upgrades and increased holdings."
2024-11-04,63,"**Revenue & Earnings:**
- **Bearish:** Missed revenue expectations; insider sells.
- **Bullish:** Q3 earnings beat; full-year earnings met expectations; EPS estimates upgraded; price targets raised by Loop Capital ($300) and Citigroup ($185).

**Product News:**
- **Mixed:** Multiple product launches and enhancements (iOS 18, MacBook Pro updates, iPad Mini); Vision Pro delay to 2027.

**Regulatory & Partnerships:**
- **Bearish:** EU Commission investigating iPadOS; potential regulatory scrutiny.
- **Bullish:** Acquisition of photo editing app; partnership with Globalstar.

**Net Tilt:** Bullish due to earnings beat, upgrades, and positive product news outweighing revenue miss and delays."
2024-11-05,54,"**Product Releases and Delays:**
- Bullish: M4 Mac Mini, iPhone 15 series, and Apple Pay in Paraguay launched.
- Bearish: iPad and iPad Mini delayed to December, affordable Vision Pro delayed.

**Price Targets and Ratings:**
- Bearish: Loop Capital downgraded price target to $275 from $300.
- Bullish: Rosenblatt upgraded price target, maintaining Buy rating.

**Revenue and Dividends:**
- Bullish: Q3 revenue up 6% YoY to $94.9B, dividend increased for 13 consecutive years.

**Sanctions and Fines:**
- Bearish: Potential EU fine, Russian court fined Apple, and Indonesia banned iPhone 16 series.

**Ownership Changes:**
- Mixed: Multiple institutions increased holdings, while others decreased positions.

**Net Tilt:** Neutral to Slightly Bearish due to mixed signals on product launches, price targets, and sanctions."
2024-11-06,53,"**Revenue & Earnings:**
- Bullish: Q4 revenue beat expectations, with iPhone sales up 6% to $46.2B, iPad up 8%, and Mac up 2%. Service revenue also grew.
- Bearish: Net income dropped significantly.

**Product Reviews & Releases:**
- Bullish: Positive reviews for iPhone 16 series, Vision Pro, and A17 Pro chip.
- Bearish: Vision Pro delayed, facing challenges.

**Legal & Regulatory:**
- Bearish: Lost EU court battle, facing a $38B fine, and EU antitrust probe initiated.

**Analyst Actions:**
- Mixed: Maxim Group upgraded price target to $215 from $203; Stocknews.com downgraded from Buy to Hold.

**Ownership Changes:**
- Mixed: Multiple firms increased holdings (E Fund, American Century, Swedbank, William Blair, Fonden), while others decreased (Ct, Meiji Yasuda).

**Net Tilt:** Bearish due to legal issues, earnings drop, and product delays, despite positive revenue growth and analyst upgrades."
2024-11-07,55,"**Product Reviews & Releases (Bullish):** Positive reviews for M4 MacBook Pro, Mac mini, and iMac highlight strong performance. New iOS and iPadOS 18 releases, along with the M4 chip announcement for 2025, indicate ongoing innovation.

**Revenue Trends (Bullish):** App Store revenue increased 14%, signaling robust demand.

**Sanctions & Cyber Attacks (Bearish):** Apple faces potential EU fine and cyber attack concerns, impacting sentiment.

**Ownership Changes (Mixed):** Somerset Group LLC increased holdings, while other firms reduced positions, showing mixed investor confidence.

**Net Tilt:** Bullish, driven by positive product reviews and revenue growth, despite regulatory risks."
2024-11-08,38,"**Product Launches/Catalysts:**
- **Bullish:** New MacBook Pro launched, positive reviews for iPad mini 7, new film release.
- **Bearish:** OLED delay, North Korean hackers targeting macOS.

**Analyst Actions:**
- **Bearish:** Loop Capital downgrades price target from $300 to $275.
- **Neutral:** Bank of America, Evercore ISI, Needham & Co., Oppenheimer maintain ""buy"" ratings with mixed price targets ($250-$260).

**Ownership Changes:**
- **Mixed:** Multiple firms increase holdings (e.g., Inc., Alliance, Smh Capital Advisors), while others decrease (e.g., Colorado, Hollencrest Capital Management).
- **Bearish:** Insider sell by SVP Katherine L. Adams.

**Net Tilt:** Bearish due to downgrade and insider sell, offset by product launches and analyst neutral ratings."
2024-11-09,20,"**Cost Cuts and Mixed Signals:**
- **Bearish:** Loop Capital downgraded Apple’s target price from $300 to $275, while Barclays reduced theirs from $186 to $184.
- **Neutral:** Analysts’ EPS forecast is $7.43 for the current year.
- **Bullish:** Apple unveiled new iMac with M4 chip and Vision Pro, updated MacBook Pro, and set up its first Indian subsidiary. Multiple firms increased stakes (Llp, Sei Investments, Ltda., Capital Advisors, Westwood Holdings).
- **Bearish:** Some investors decreased stakes (ASB Consultores, Sompo Asset Management).

**Net Tilt:** Bearish due to multiple downgrades and cost-cutting signals, despite product launches and stake increases."
2024-11-10,27,"**Mergers & Acquisitions:** Bullish; Apple is acquiring Blackmagic (multiple sources).

**Analyst Actions:** Mixed; Stocknews.com downgraded Apple to ""hold"" from ""buy,"" while Citigroup raised its price target to $185.00.

**Product Releases & Enhancements:** Bullish; Vision Pro was released this year, and Apple may release iOS 18.2 soon.

**Ownership Changes:** Mixed; Swedbank AB, William Blair, CPPIB, and Lazard increased holdings, while Hancock Whitney, Profund Advisors, Gabelli Funds, and Warren Buffett decreased holdings.

**Earnings:** Neutral; Apple reported Q4 and FY2024 earnings in October, no specific details provided.

**Price Movement:** Bearish; Apple traded down 0.1%."
2024-11-11,42,"**Product Enhancements & Launches (Bullish):**
- Apple Watch Series 10 praised; WatchOS 11 adds health features.
- iPhone 16 released; Vision Pro 2 rumored for 2025.
- New Mac mini, iMac, MacBook Pro, and M4 Max chips launched.

**Analyst Actions (Bullish):**
- Maxim Group upgrades price target from $203 to $215.
- Needham reiterates “buy” with $260 price target.

**Price Adjustments (Mixed):**
- Apple Watch Series 10 price slashed to $349; iPhone 15 Plus and AirPods Pro prices drop.
- Potential iPhone price increase discussed.

**Partnerships & Market Entries (Bullish):**
- Teams with airlines for AirTags feature; enters smart glasses market.

**Ownership Changes (Mixed):**
- Synergy Asset Management increases stake; insider sells shares; other investors acquire stakes."
2024-11-12,54,"**Product Launches & Enhancements (Bullish):**
- Apple launched a home smart security camera.
- Announced Vision Pro headset at $3499.
- Released iOS 18.2, iPadOS 18, and updated AirTags.
- Expected to launch iPhone SE 4, AI-powered devices, and AirPods with IR cameras in 2025.

**Revenue & Profit Growth (Bullish):**
- Apple India’s revenue and profit grew significantly in FY24.

**Legal Issues (Bearish):**
- EU takes action against Apple.
- Faces a 'Fortnite' case in China.
- EU threatens fines if issues persist.

**Ownership Increases (Bullish):**
- Multiple institutional investors increased stakes in AAPL.

**Conflicting Signals:**
- Bullish signals from product launches and revenue growth contrast with legal and regulatory risks. **Net Tilt:** Neutral to Slightly Bullish."
2024-11-13,46,"**Product Performance & Pricing:**
- Bullish: iPad remains popular; iPhone 14 price cut by 14% (mixed signal).
- Bearish: MacBook Air delay to 2028; discontinuation of soldered storage and iCloud-connected devices.

**Analyst Actions & Price Targets:**
- Bullish: UBS upgrades price target to $236 from previous.

**Product Launches & Upgrades:**
- Bullish: Multiple new product launches planned including smart displays, iOS 18, and AI-powered devices.
- Bearish: No new products in 2024 after December releases.

**Legal & Security Issues:**
- Bearish: Potential class action lawsuit; North Korean hackers target macOS.

**Ownership Changes:**
- Mixed: Various institutional investors increase holdings while others decrease positions.

**Net Tilt:** Bullish due to multiple product launches and positive analyst actions outweighing legal and production concerns."
2024-11-14,63,"**Analyst Downgrades & Ratings:** Loop Capital downgraded Apple to a $275 price target from $300. Stocknews.com also downgraded Apple from ""buy"" to ""hold."" **Bearish**

**Legal Issues:** Multiple lawsuits filed against Apple, including a £3B UK class action and a Rs 32,182 crore lawsuit in India. **Bearish**

**Market Share & Product Releases:** Apple’s market share increased to 8.6% from 5.7%. New product launches include Apple Arcade games, Resident Evil 2, and the Vision Pro. **Mixed**

**Price Changes:** iCloud prices increased in the UK, while iPhone 16 prices dropped in India. **Mixed**

**Other:** Apple announced new store openings and promotions, and is reportedly partnering with LG Innotek. **Bullish**"
2024-11-15,27,"**Product Launches/Benefits:**
- Bullish: Apple Intelligence and iOS 18 launches expected soon (December 9th and unspecified date respectively).
- Bullish: Vision Pro now available in South Korea.

**Legal Issues:**
- Bearish: Facing EUR3.6 billion lawsuit.
- Bearish: Watchdog sues for $3.75 billion.
- Neutral: Settling one case.

**Stock Performance/Analyst Actions:**
- Bearish: Shares dip to $225.5 premarket.
- Neutral: Needham & Evercore maintain “buy” ratings with $260 and $250 targets respectively.
- Neutral: Jefferies sets neutral rating.
- Bearish: Berkshire Hathaway sells 100 million shares.
- Bearish: Insider sale by SVP Katherine L. Adams.
- Mixed Ownership: Multiple firms increase holdings while others decrease.

NET TILT: **Bearish** due to legal issues, insider sales, and major shareholder divestment outweighing product launches and positive analyst ratings."
2024-11-16,13,"**Revenue & Volume (Bullish):** iPhone sales soared in India.

**Analyst Actions (Mixed):** Maxim Group upgraded price target from $203.00 to $215.00; Barclays downgraded from $186.00 to $184.00; Oppenheimer reaffirmed ""buy"" at $250.00.

**Product Updates (Bullish):** iPhone SE 4 expected in 2025; Mac Mini received major update; Siri got smarter.

**Ownership Changes (Bearish):** Covington Investment Advisors and LP significantly reduced stakes; Capital maintained $30.68M position.

**Net Tilt:** Bullish."
2024-11-17,26,"**Product Releases:** Bullish. New smart home display launching soon; iPhone-like designs debut Nov 25; AirTag rumored for mid-2025; Vision Pro now available in Dubai.

**Analyst Actions:** Mixed. Loop Capital downgraded price target to $275; UBS upgraded to $236.

**Legal Issues:** Bearish. Facing $4B lawsuit in UK; multiple class-action lawsuits filed.

**Ownership Changes:** Bullish. Multiple firms increased stakes in AAPL.

**Supply Changes:** Neutral. More production in India; Tata group buying into India operations; Pegatron stake acquisition discussed."
2024-11-18,43,"**Product Updates:**
- Bullish: Apple plans to launch iPhone SE 4, new iPad, and AirTag 2 in mid-2025 (multiple sources).
- Bearish: iPhone 16 Pro review negative, iCloud support discontinued for older iOS versions.

**Price Adjustments:**
- Bearish: iPhone 15 price cut by INR 15,000, AirPods Pro 2 slashed by Amazon, iPhone 15 Pro and MacBook discounts announced.

**Ownership Changes:**
- Bullish: Multiple firms increased stakes in Apple (Geode Capital, Dana Investment Advisors, William Blair, Swedbank, Lazard Asset Management, Fred Alger Management).
- Bearish: SVP Katherine L. Adams sold 61,019 shares.

**Analyst Actions:**
- Neutral: Bank of America, Morgan Stanley, and Needham & Co. maintained “buy” ratings with price targets of $256, $273, and $260 respectively.

**Net Tilt:** Mixed, with product launches offsetting price cuts and mixed insider activity."
2024-11-19,50,"**Revenue and Earnings:** Bullish. iPhone 16 sales and carrier survey results exceeded expectations, with App Store revenue growth noted.

**Product Launches and Enhancements:** Bullish. New iPad Mini, Vision Pro expansion, and various software updates were announced.

**Analyst Actions:** Mixed. MoffettNathanson downgraded price target to $202, while Evercore ISI maintained a ""buy"" rating at $250.

**Dividends and Investments:** Bullish. Dividend raised for 13 consecutive years, with $100M investment in Indonesia.

**Insider Activity:** Bearish. Multiple executives sold significant amounts of stock.

**Ownership Changes:** Mixed. Several firms increased stakes, while others decreased holdings.

**Net Tilt:** Neutral to Slightly Bullish."
2024-11-20,57,"**Revenue and Earnings:**
- **Bearish:** Sales dip, smartphone sales fell in China, Loop Capital downgraded price target to $275 (from $300).
- **Bullish:** Revenue grew 47.8%, India profits surged, Indian revenue rose 36%.

**Analyst Actions:**
- **Bearish:** Loop Capital downgraded price target.
- **Bullish:** UBS upgraded price target to $236.

**Product News:**
- **Bullish:** MacBook Pro M4 review positive, iPhone SE 4 launch in March 2025, iOS 18 updates released.
- **Bearish:** Flaws in iPadOS, iOS, and MacOS Sonoma, iPhone 17 launch mentioned (likely error).

**Legal and Regulatory:**
- **Bullish:** Won landmark court case in Shanghai.
- **Bearish:** European regulators considering fine, lawsuit against Qualcomm.

**Other:**
- **Bullish:** Investment in India, production increase, security updates.
- **Bearish:** Insider sale, potential supply issues with Qualcomm.

**Net Tilt:** Mixed, slightly bearish due to revenue dips and regulatory risks."
2024-11-21,50,"**Revenue and Sales:** Bearish. Sharp decrease in iPhone sales reported.

**Analyst Actions:** Mixed. Maxim upgraded price target to $215.00; Nathanson downgraded to $202.00; Stocknews downgraded from Buy to Hold; Needham, Bank of America, and Wedbush maintained positive ratings.

**Product Releases:** Bullish. New iPhone 16 series and Apple Watch Series 10 launched; iPhone SE 4 expected in 2025.

**Price Adjustments:** Bearish. iPhone 16 prices slashed; Apple Watch Series 10 discounted at Amazon.

**Investment and Partnerships:** Bullish. Apple investing $100m in ID and Indonesia plant; partnerships with merchants.

**Ownership Changes:** Mixed. Major investors like CPPIB increased stakes; others like Rockland Trust decreased positions."
2024-11-22,40,"**Regulatory & Legal:**
- **Bearish:** EU fined Apple $2B in March 2024.
- **Bearish:** UK CMA recommends investigating Apple; EU also investigating.

**Product Releases & Enhancements:**
- **Bullish:** Apple introduced new Siri with advanced AI for 2026.
- **Neutral:** iPhone 17 and iPhone 16 series launches noted.

**Price Adjustments & Promotions:**
- **Bearish:** iPhone 14 price cut to Rs.50,999.
- **Neutral:** Various discounts on iPhone 15 models and Apple Watch Series 9.

**Analyst Actions & Ownership Changes:**
- **Mixed:** JPMorgan reaffirmed ""overweight"" at $265; multiple firms reduced holdings.
- **Neutral:** UBS maintained ""Hold"" rating.

**Net Tilt:** Bearish due to regulatory fines and price cuts, offset by product enhancements and analyst support."
2024-11-23,18,"**Product Updates & Discontinuations:** Bullish - iPhone SE relaunched; Bearish - SE model to be discontinued, iCloud backup support for iOS 8 ending, iPhone 15 Pro Max price cut, iPhone 15 discounts offered.

**Regulatory & Reorganization:** Bearish - Potential UK investigation proposed by CMA under DMCC Act; revamp plans announced.

**Ownership Changes:** Mixed - Multiple firms increased holdings (Wealth Advisors LLC, Ameriprise Financial, Fulton Bank, Llc), while one firm decreased stake.

**Dividends & Price Target:** Neutral - Stock price target set at $245.06; dividends payout in 2025 confirmed.

**Net Tilt:** Bearish due to regulatory risks and product discontinuations outweighing bullish product launches and ownership increases."
2024-11-24,15,"**Price Target Adjustments:** Loop Capital downgraded Apple’s target price to $275.00 from $300.00 (Bearish). UBS upgraded Apple’s price objective to $236.00 (Bullish).

**Cybersecurity Issues:** Phishing scams targeting Apple IDs and reported Face ID hacks (Bearish).

**Ownership Changes:** Multiple institutions increased stakes (Bullish): China Universal Asset Management (+127.4%), American Century Companies (+3.2%), Jennison Associates (+1.7%). Some reduced holdings (Bearish): Elevate Inc., Security National, Stonebridge Capital Management.

**Product Pricing:** Amazon lowered AirTags prices (Bearish). Mac mini priced at Rs. 59,900 (Neutral).

**Net Tilt:** Mixed signals with slight overall Bearish tilt due to cybersecurity issues and price cuts."
2024-11-25,49,"**Product Enhancements & Launches:**
- Bullish: Advanced conversational features for Siri announced (DIRECTION: BULLISH).
- Bearish: AirPods Max 2 release delayed to 2025 (DIRECTION: BEARISH).

**Revenue & Sales:**
- Bullish: Apple India sales hit $8B (DIRECTION: BULLISH).

**Regulatory & Legal:**
- Bearish: CCI rejects Apple’s appeal regarding app store (DIRECTION: BEARISH).
- Bearish: Setback in CCI antitrust case (DIRECTION: BEARISH).
- Neutral: EU drops Apple audiobook antitrust probe (DIRECTION: NEUTRAL).

**Supply & Production:**
- Bearish: Apple to stop making AirPods Max (DIRECTION: BEARISH).

**Stock Performance & Ownership:**
- Bullish: Apple shares reach record highs (DIRECTION: BULLISH).
- Mixed: Multiple firms increase holdings in Apple, while some reduce positions (NET TILT: SLIGHTLY BULLISH).

**Price Adjustments:**
- Bearish: iPhone 15 price slashed on Flipkart (DIRECTION: BEARISH).
- Bearish: M4 iMac price dropped to $1,149 (DIRECTION: BEARISH).
- Bearish: AirPods Pro 2 massive discount (DIRECTION: BEARISH).

**Net Tilt:** Mixed"
2024-11-26,32,"**Bullish:**
- EPS beat: Adjusted earnings of $1.64 per share.
- Positive product reviews: Latest AirPods Pro, Mac mini.
- New product releases: 45 App Store updates, ultra-thin iPhone, AI rollout in China.
- Stake increases: Ameriprise Financial, Advisory, LLC increased holdings.
- Price target upgrade: Rosenblatt Securities raised target to $262.00.

**Bearish:**
- Price target downgrade: Nathanson lowered to $202.00.
- Product delays and enhancements: Potential iOS delay, Siri overhaul planned.
- Regulatory issues: Brazilian antitrust investigation.
- Supply chain disruptions: iPhone 16 ban in Indonesia.
- Price cuts and promotions: Multiple discounts on iPhone 16 Pro, iPad Mini, Apple Watch.
- Facility closure: Apple Farm closed after 28 years.
- Expense increase: R&D expenses up 5%.

**Net Tilt:** Mixed, with some positive signals offsetting negative ones."
2024-11-27,37,"**Product Recalls and Revenue Declines:**
- **Bearish:** Urgent recall for an Apple accessory.
- **Bearish:** Apple sees drop in smartphone sales in China.

**Revenue Guidance and Analyst Actions:**
- **Bearish:** UBS upgrades Apple’s target price to $236.00 but revenue declines indicate weakening demand.
- **Neutral:** Bank of America, Oppenheimer, and Needham maintain “buy” ratings with respective targets of $256.00, $250.00, and $260.00.

**Product Launches and Enhancements:**
- **Bullish:** Plans to launch iPhone SE4, M4 MacBook Air, and AI for iPhones in China.
- **Bullish:** Secured patent for advanced security camera.

**Ownership Changes:**
- **Mixed:** Oak Capital LLC and others increase stakes, while multiple entities reduce holdings.

**Market Expansion:**
- **Bullish:** Expanding into smart home market.

**Net Tilt:** Mixed, with significant bearish signals from product recalls and revenue declines offsetting bullish product launches and analyst upgrades."
2024-11-28,29,"**Revenue Prospects:** Bullish; Apple retains Buy rating with AI-driven iPhone upgrades boosting revenue prospects.

**Product Launches/Cuts:** Mixed; M4 Macs launched in Taiwan, Mac Studio delayed to early 2025, iPhone 16 price drops to Rs 70,900, iPad and Mac sales discounted.

**Ownership Changes:** Net Bullish; multiple firms increase stakes (Ark Investment, Dimensional Fund Advisors, Swedbank, Lazard Asset Management, Smh Capital Advisors, Swedbank again), while some decrease (Private Wealth LLC, Advisors, Sabic, Llc, Cornerstone Management).

**Patents:** Bullish; Apple secures smart home patent."
2024-11-29,31,"**Product Price Cuts:** Bullish (mixed). iPhone 15 Plus price dropped by 18%, iPhone 15 Pro now Rs 89,900, iPhone 16 drops to $10, and AirPods have major discounts. Evidence suggests increased affordability but could indicate lower margins.

**Product Launches:** Bullish. New MacBook Pro, Mac Mini, and iMac launched globally, with Malaysian release confirmed. Screen Apple Watch Ultra 2 also released.

**Ownership Changes:** Mixed. CPPIB increased holdings by 158.3%, Ep Wealth Advisors raised by 5.2%, while Private Advisory Group, Alpha Capital Management, and Capital Insight Partners trimmed stakes.

**Analyst Actions:** Neutral. Melius Research, Morgan Stanley, Monness Crespi & Hardt, and Evercore ISI maintained or reaffirmed positive ratings, though Barclays downgraded price target from $186.00 to $184.00.

**Stock Performance:** Bullish. Apple stock advanced 3.25%."
2024-11-30,26,"**Product Launch/Cut:** Bullish - UBS upgraded Apple’s price target to $236.00; iPhone SE 4 expected in early 2025, iPad Pro in late 2025. Bearish - Amazon slashed AirPods Max prices; Apple Store in Seattle closed; Intel chip discontinuation noted.

**Ownership Changes:** Mixed - Multiple firms increased stakes (Ameriprise, William Blair, etc.), while others decreased (Strong Tower, TAP Consulting, Bank).

**Analyst Actions:** Neutral - Wedbush, Needham, and Bank of America maintained positive ratings with respective targets of $300.00, $260.00, and $256.00.

**Insider Activity:** Bearish - SVP Katherine Adams sold shares; some institutional sales noted.

**Net Tilt:** Mixed signals suggest a balanced view, leaning slightly bearish due to product pricing pressures and insider selling."
2024-12-01,16,"**Product Updates & Promotions:** Bullish. Apple released iOS 18.2 and visionOS 2, resumed iPad Air stock, and offered promotions on AirPods and Apple Watch. AirPods Pro 2 price cut to $154.

**Ownership Changes:** Mixed. Trust and Llc increased stakes by 7.1% and 34.9%, respectively; Paragon Capital reduced stake. First Affirmative Financial Network and Code Waechter LLC bought shares.

**Analyst Actions:** Neutral. Wedbush reaffirmed Outperform rating.

**Facility Expansion:** Bullish. Apple expanded offices in New York.

**Earnings Estimate:** Neutral. Analysts expect EPS of 7.43 for the current year."
2024-12-02,40,"**Analyst Actions:** Keybanc downgraded Apple to ""underweight"" (bearish); Morgan Stanley maintained ""overweight"" with a $273 target (neutral); Piper Sandler maintained ""neutral"" with a $225 target (neutral).

**Product Launches & Reviews:** Apple Watch Series 10 received positive reviews; new titanium models and iPhone 17 announced (bullish).

**Revenue & Pricing:** Revenue growth noted; price cuts on M3 MacBook Air and Beats Studio (mixed).

**Legal Issues:** Multiple lawsuits against Apple for spying and other issues (bearish).

**Ownership Changes:** Mixed ownership changes with increases by several firms and decreases by others (net neutral).

**Net Tilt:** Bearish due to downgrade and legal issues outweighing product launches."
2024-12-03,42,"**Product Launches/Catalysts:**
- **Bullish:** Vision Pro expanding globally, including Taiwan (launch Dec 17), Australia, Canada, France; new foldable iPhone expected H2 2026; WatchOS app launching this month; Apple Music Replay for 2024; Beats Solo Buds release.
- **Bearish:** WhatsApp ending support for iPhone 5s; iPhone 15 Pro price cut.

**Analyst Actions:**
- **Bearish:** Nathanson downgraded AAPL to $202 from $211.
- **Neutral:** Wedbush maintained “outperform” with $300 PT; UBS reaffirmed “neutral” with $236 PT.

**Legal Issues:**
- **Mixed:** Patent dispute win; facing UK class action over App Store (£785M claim).

**Revenue/Ownership Changes:**
- **Bullish:** App Store revenue up 15%; multiple investors increased positions in AAPL.
- **Bearish:** Armstrong Advisory Group lessened stake in AAPL.

**Net Tilt:** Mixed, leaning slightly bullish due to product launches and revenue growth, offset by analyst downgrade and legal issues."
2024-12-04,59,"**Revenue & Earnings:** Bullish. Apple’s Q4 earnings beat expectations, and it forecasts revenue growth. EPS rose 12%, and App Store revenue grew strongly.

**Product Launches & Enhancements:** Mixed. Positive: Foldable iPhone 2026, new display tech, HomePod with display, SE 4 March 2025, AI features, iCloud updates. Negative: Potential delays in HomePod and Apple Intelligence in China.

**Legal Issues:** Bearish. Facing privacy lawsuit, class action, and appeal against Nebraska tax ruling.

**Market Trends:** Bearish. Lost market share, stock fell post-Q4 results, iPhone 14 price cut.

**Strategic Moves:** Bullish. Collaboration with Samsung, $1B investment in Indonesia, ownership increases by major investors.

**Catalysts:** Mixed. Cyber-attacks, executive resignations, supply scaling, and production adjustments."
2024-12-05,43,"**Product Price Cuts & Embargoes:** Bullish (Iphone 15 price slashed by 15%) vs Bearish (Indonesia bans iPhone 16 sales).

**Revenue & Market Entry:** Bearish (China revenue decline) vs Bullish (Baidu brings Apple Intelligence to China).

**Executive Changes & Legal Issues:** Bearish (Tim Cook ready to step down, $1B class action lawsuit) vs Neutral (Apple acquiring third-party assets).

**Analyst Actions & Ownership Changes:** Bullish (Bank of America upgrades price target to $256.00, multiple investors increasing stakes) vs Bearish (Some investors decreasing stakes).

**Product Launches & Investments:** Bullish (Multiple new product launches, $1B investment in manufacturing plant).

**Net Tilt:** Mixed signals, but overall slightly bullish due to price cuts, acquisitions, and positive analyst actions."
2024-12-06,32,"**Product Price Cuts & Discontinuations:** Bearish. MacBook Air M1 price drops by 36%, iPhone 13 discontinued, and receives a massive price cut.

**Product Launches & Enhancements:** Bullish. Apple to launch iPad Pro with M5 chip in H2 2025, debut in-house 5G modem chip, and release iOS 18.2 with new features.

**Legal & Executive:** Neutral to Bullish. Apple beats iCloud storage claims verdict, and executives' past successes noted.

**Investment & Ownership Increases:** Bullish. Apple plans $1B manufacturing plant in Indonesia, and multiple investors increase stakes.

**Analyst Ratings:** Neutral. Wedbush reiterates ""outperform"" with a $300 target price.

**Net Tilt:** Bullish."
2024-12-07,11,"**Maxim Group upgraded Apple’s price target from $203.00 to $215.00 (bullish).** Lazard Asset Management LLC increased its stake by 161.2% (bullish). UBS and Piper Sandler maintained neutral ratings with targets of $236.00 and $225.00 respectively (neutral). Apple is set to launch its first iPhone model with unspecified features and cellular Macs (bullish). The company also opened new stores in the UAE (bullish). However, Capital Advisors Wealth Management LLC reduced its holdings (bearish). **Net tilt: Bullish.**"
2024-12-08,26,"**Price Target Upgrade & Legal Victory:** Bullish. Bank of America upgraded Apple’s target price to $256.00. Apple won a key antitrust case in Brazil.

**Product Developments & Partnerships:** Bullish. Apple plans three new phone modems by 2027 and collaborates with Sony on Vision Pro and PlayStation VR2.

**Institutional Ownership Changes:** Mixed. Multiple firms increased holdings (Llc, Advisory, Ep Wealth Advisors, Dimensional Fund Advisors, American Century Companies, Inc.), while others decreased (Peoples Financial Services, Bos Asset Management, Vontobel Holding, Co, Llc).

**Analyst Ratings:** Neutral. Morgan Stanley reaffirmed an “overweight” rating with a $273.00 target price.

**Net Tilt:** Bullish. Positive developments outweigh minor ownership decreases."
2024-12-09,64,"**Product Releases & Enhancements (Bullish):**
- New iPhone SE launching in 2025.
- MacBook Pro with OLED display planned.
- iOS 18 rollout.
- M4 chip with up to 25% performance boost.
- Safety tools introduction.

**Earnings & Legal Issues (Bearish):**
- Profits off.
- $1.2B lawsuit.
- Found liable in a legal verdict.

**Market Expansion (Mixed):**
- Online store launch in Saudi Arabia 2025.
- Apple Pay expansion in Riyadh.
- Investment in Saudi Arabia.
- Plans to expand in Middle East.

**Stock Performance (Bullish):**
- Shares hit all-time high at $244.68 YTD.

**Net Tilt:** Mixed, with significant bullish signals from product releases and market expansion offset by bearish earnings and legal issues."
2024-12-10,37,"**Product Cuts and Releases:** Bullish. iPhone 13 price cut by 24%, expanding affordability (bearish); new iPhone launches in UAE, Australia, Chile, and Egypt, plus iOS 18.2 rollout imminent (bullish).

**Legal Issues:** Bearish. Facing multiple lawsuits over iCloud and other issues, potential $1.2B fine (bearish).

**Analyst Actions:** Mixed. Wells Fargo upgrades price target to $275 (bullish); Wedbush reiterates ""outperform"" at $300, UBS sets neutral at $236 (mixed).

**Ownership Changes:** Mixed. Multiple firms increase stakes, while others decrease (mixed).

**Stock Performance:** Neutral. Stock up 0.21% at $247.28, analysts forecast EPS of 7.43 for FY (neutral).

**Net Tilt:** Mixed signals suggest holding AAPL for now."
2024-12-11,83,"**Revenue/Guidance:** Bullish (mixed); Apple aims to boost smartwatch sales but DBS analyst downgraded to Hold.

**Product Reviews/Launches:** Bullish; positive 14 Pro review, multiple product launches including iOS 18.2, new smartwatch features, and AI integrations.

**Patents:** Bullish; Apple secures two patents.

**Analyst Actions:** Bearish; DBS analyst downgraded Apple to Hold.

**Partnerships:** Bullish; Apple partners with Broadcom on AI chip development.

**Demand Trends:** Bullish; growing demand for Apple TV+ content.

**Net Tilt:** Mixed, slightly bullish due to product launches and partnerships outweighing analyst downgrade."
2024-12-12,43,"**Analyst Actions:** Bullish (Needham upgrades to Buy, $260 target); Mixed (Bank of America raises to $256, Nathanson cuts to $202).

**Product Releases:** Bullish (iOS 18, Intelligence OS, iPadOS 18.2, watchOS 11, Apple Intelligence in Australia and UK, Mac update, iPhone update in UK).

**Revenue/Catalysts:** Bearish (Vision Pro sales fall); Neutral (Apple TV and HomePod Mini launching in 2025, Apple Watch Ultra 2 price drop, iPhone 16 Pro discount).

**Ownership Changes:** Bullish (multiple firms increase holdings); Bearish (one firm decreases position).

**Other:** Neutral (facilities opening in Saudi Arabia and UAE, multi-year deal with Broadcom, movie rights acquisition)."
2024-12-13,32,"**Supply and Production:**
- Bullish: Apple to increase local production (supply boost).
- Bullish: Foxconn to start AirPods production in India early next year.

**Product Releases and Discontinuations:**
- Bullish: HomePod mini, 14 Pro+, and new iPhone SE launching in 2025.
- Bearish: Discontinuing iPhone SE and iPhone 14 in Europe and Northern Ireland.

**Analyst Actions:**
- Bullish: Wells Fargo upgraded target price to $275.00.
- Neutral: Wedbush reaffirmed “outperform” with $300.00 target.
- Neutral: UBS reiterated “neutral” with $236.00 target.

**Ownership Changes:**
- Mixed: Various firms increased or decreased holdings.

**Price Adjustments:**
- Bearish: MacBook Air M3 price drop in India.
- Bearish: Price cut for iPhone 15 series in July 2024.

**Market Expansion:**
- Bullish: Mastercard brings Apple Pay to Egypt.

NET TILT: **Bullish** due to production increases and product launches outweighing discontinuations and price cuts."
2024-12-14,17,"**Product Launch/Collaboration:**
- Bullish: Apple is rolling out Apple Intelligence (DIRECTION: Bullish).
- Bearish: Apple will discontinue selling iPhone 14 (DIRECTION: Bearish).

**Legal Issues:**
- Bearish: BBC files complaint against Apple (DIRECTION: Bearish).

**Ownership Changes:**
- Bullish: Multiple firms increased holdings in AAPL (DIRECTION: Bullish).
- Bearish: Baron Financial Group LLC sold shares of AAPL (DIRECTION: Bearish).

**Analyst Actions:**
- Neutral: JPMorgan reiterated ""overweight"" with a $265 price target (DIRECTION: Neutral).
- Neutral: Consensus target price at $236.78 (DIRECTION: Neutral).

**Earnings Estimate:**
- Neutral: Analysts predict EPS of 7.43 for FY (DIRECTION: Neutral). 

**NET TILT:** Mixed signals, slightly bullish due to product launches and increased ownership."
2024-12-15,20,"**Price Target Upgrade:** Bullish; Bank of America upgraded price target to $256.00.

**Product Launches:** Bullish; Apple Pay launches in Egypt, foldable iPad and iPhone expected in 2028 and 2026 respectively.

**Legal Issues:** Bearish; Facing $1.2 billion lawsuit in California.

**Ownership Changes:** Mixed; Multiple institutions increased holdings (e.g., Bank of America, Canada Pension Plan Investment Board), while others decreased (e.g., Eagle Capital Management LLC, Berkshire Hathaway).

**Analyst Ratings:** Neutral; Morgan Stanley and Needham reaffirmed positive ratings with $273.00 and $260.00 targets respectively.

**Stock Performance:** Bullish; Shares gained 9%.

**Supply Updates:** Neutral; Mass production of iPhone and AirPods reported.

**Net Tilt:** Slightly Bullish."
2024-12-16,43,"**Revenue/Guidance:** Bearish; iPhone sales declined (-0.68), while Apple hopes new models will boost sales (+0.72).

**Analyst Actions:** Bearish; Nathanson downgraded Apple’s price target from $211.00 to $202.00.

**Product Releases:** Bullish; multiple new products planned (2025-2028), including thinner/foldable iPhones, iPad Mini with OLED, and new MacBooks.

**Ownership Changes:** Mixed; several firms increased holdings (Truist, Ep Wealth, Swedbank, Td Asset, American Century, Ameriprise, Dimensional Fund Advisors) while others decreased (Clarus, Castleview Partners, Llc).

**Other:** Bearish; iPhone SE and iPhone 14 discontinued in EU (-0.45); TikTok removal requested (-0.45); price cuts on iPhone 16 Pro (-0.44)."
2024-12-17,50,"**Product Releases & Upgrades (Bullish):**
- Stable iOS 18 launch.
- New Home products, iOS 18.2, macOS Sequoia 15, and visionOS 2 releases.
- 14 Pro global launch Dec 19.
- Expected 2026 OLED MacBook Pros, thinner iPhone, foldable model.

**Revenue & Pricing (Mixed):**
- Bullish: iPhone sales forecast to rise.
- Bearish: iPhone 13 price slashed by 24%.

**Legal Issues (Bearish):**
- Congo and DRC file criminal complaints and lawsuits against Apple in Europe.

**Stock Performance (Bullish):**
- Stock surges, reaches record high, gains nearly 30% YTD.

**Analyst Actions (Neutral):**
- Wedbush reiterates “outperform” with $300 price target.

**Ownership Changes (Mixed):**
- Institutional investors increase stakes; others decrease holdings."
2024-12-18,32,"**Bullish:** Daiwa upgraded price target to $275 from $255; Wells Fargo also raised target to $275. Positive reviews for M4 Mac Mini. New product launches and enhancements. Multiple firms increased stakes in AAPL.

**Bearish:** Morgan Stanley reiterated overweight with $273 target; UBS maintained neutral with $236 target. Some firms reduced holdings slightly.

**NET TILT:** Bullish

**Catalysts:** New smart home devices in 2025, iOS 18.3 release, iPhone 15 discount.

**CONFLICTS:** Neutral ratings and reduced holdings contrast with upgrades and positive reviews."
2024-12-19,39,"**Revenue & Guidance:** Bullish; Apple’s revenue remains strong, making up over half of its business.

**Product Launches/Cancellations:** Mixed; Apple plans new AI tools for China, foldable iPad Pro in 2027, and iPhone SE 4 in Q1 2025, but has abandoned iPhone subscription plans and halted iPhone development.

**Legal Issues:** Bearish; Apple faces a UK class-action lawsuit from app developers and potential EU fines.

**Partnerships:** Bullish; Apple partners with Nvidia, Affirm, Klarna, Tencent, and ByteDance.

**Stock Performance:** Bearish; Apple shares fell 2.14% to $248.05.

**Ownership Changes:** Mixed; Westwood Holdings and TD Asset Management increased holdings, while SA and Argus Investors Counsel trimmed positions."
2024-12-20,31,"**Product Reviews & Enhancements:** Bullish. Positive reviews for the 16 Pro Max and 13 Pro highlight battery performance and design.

**Legal Issues:** Bearish. Criminal charges filed in Congo and potential spyware identification pose risks.

**Price Target Downgrade:** Bearish. Nathanson downgraded Apple’s price target from $211.00 to $202.00.

**Investments & Partnerships:** Bullish. Apple invests $4.51 billion in Indonesia and partners with NVIDIA and nonprofits.

**Product Launches & Discontinuations:** Mixed. Latest iPhone 15 lineup launched, but iPhone SE and 14 are being discontinued in EU.

**Ownership Changes:** Mixed. Multiple firms increased holdings, while others decreased positions. Net tilt slightly bullish due to larger increases."
2024-12-21,17,"**Product Promotion:** Bullish. iPhone 15 Plus receives a significant discount in India, potentially boosting sales.

**Ownership Increases:** Bullish. Multiple firms increased their stakes in Apple, including Virtu Financial (+57.3%), Strategic Wealth Partners (+9.4%), and others.

**Ownership Decreases:** Bearish. Some firms reduced their stakes, such as Lake Street.

**Analyst Ratings:** Neutral. Morgan Stanley reaffirmed an ""overweight"" rating with a $273.00 price target.

**New Acquisitions:** Bullish. Iron Horse Wealth Management and Heartland Bank bought Apple shares.

**Net Tilt:** Bullish. Ownership increases outweigh decreases."
2024-12-22,21,"**Product Releases and Approvals:** Bullish. Apple received Australian approval for AirPods Pro 2 and plans to launch the U.S. wireless 14 Pro series next month, with a foldable iPhone by 2026. (Evidence: Regulatory approval, product launches)

**Analyst Actions:** Mixed. Wells Fargo upgraded Apple’s price target to $275, while UBS maintained a neutral stance with a $236 target. Wedbush reaffirmed an outperform rating with a $300 target. (Evidence: Price target upgrades/downgrades, ratings)

**Ownership Changes:** Net Neutral. Multiple firms increased holdings (Wells Fargo, Westwood), while others decreased positions (Grimes & Company, Charles, Capital Investment). (Evidence: Ownership increases/decreases)

**Product Enhancements and Discontinuations:** Mixed. Paymob enhanced Apple Pay in Egypt, but Apple discontinued iCloud support. (Evidence: Service enhancements, discontinuations)

**Promotions and Pricing:** Bearish. Amazon offered discounts on iPhone 14, indicating potential demand issues. (Evidence: Discount promotions)"
2024-12-23,41,"**Earnings & Revenue:** Bullish. Apple exceeded earnings estimates and reported revenue growth in the UK.

**Product Releases & Enhancements:** Bullish. Multiple product releases and enhancements announced, including the smart doorbell camera, iOS 18.2, new MacBook Air models, and iPad 11 launch plans.

**Stock Performance:** Bullish. Apple stock hit an all-time high and edged up.

**Ownership Changes:** Mixed. Several firms increased positions in Apple, while some decreased stakes. Net tilt slightly bullish.

**Analyst Actions:** Bullish. Needham & Company LLC reaffirmed a ""buy"" rating with a $260.00 target price, and Rosenblatt Securities upgraded the price target to $262.00."
2024-12-24,28,"**Product Releases:** Bullish; Apple plans to launch multiple products including a smart home device, iPad 11 with iPadOS 18, and possibly a refreshed iPhone SE and HomePod (DIRECTION: BULLISH).

**Price Adjustments:** Bearish; Flipkart slashes iPhone 15 prices (DIRECTION: BEARISH).

**Insider Activity:** Mixed; COO Jeffrey E. Williams sells 100,000 shares (BEARISH), while several institutions increase their stakes (BULLISH).

**Partnerships:** Bullish; Apple joins Google in antitrust fight to protect $20B search partnership (DIRECTION: BULLISH).

NET TILT: MILDLY BULLISH"
2024-12-25,18,"**Product Launches:** Bullish. Apple plans new iPad 11, Apple TV, and several other products in H1 2025.

**Institutional Ownership:** Mixed. Ameriprise, American Century, Boston Common, Dimensional Fund Advisors, and Swedbank increased holdings, while one major investor sold 10% stake and another reduced stake.

**Analyst Ratings:** Neutral. Morgan Stanley reaffirmed ""overweight"" with a $273.00 target price.

**Investment Activity:** Bullish. Apple invested billions in Globalstar, and Sigma Investment Counselors acquired shares."
2024-12-26,30,"**Revenue & Sales:** Bullish. Rising iPhone sales and potential FY2025 unit sales of over 240M iPhones indicate strong revenue growth.

**Product Releases:** Mixed. Positive signals include upcoming MacBook Air, Mac Pro, and 11th Gen iPad launches; negative signals involve delayed Mac Studio and price cuts in India and possibly for Apple TV.

**Analyst Actions:** Bullish. Multiple upgrades with new targets ($325 from Wedbush) and positive ratings (Outperform, Overweight).

**Ownership Changes:** Mixed. Increased positions by Mirae Asset and others contrast with decreases by Farrow Financial and Parcion Private Wealth.

**Stock Performance:** Mixed. Recent all-time high and 11% gain offset by slight easing to $358.07.

NET TILT: **Bullish**."
2024-12-27,27,"**Product Releases & Upgrades:** Bullish. Apple launched limited edition AirTags in Japan and the iPhone 16 series globally, including India. Analysts expect a foldable iPhone in 2026 and a new display introduction soon. However, the iPhone 14 and iPhone SE sales were discontinued in more EU countries.

**Ownership Changes:** Mixed. Multiple firms increased stakes (e.g., LLC, William Blair, Hilltop National Bank, Oak Capital), while others reduced holdings (SRN Advisors, Inc., Ltd.).

**Price Target & Earnings:** Bullish. Bank of America upgraded Apple’s price target to $256.00. UBS maintained a neutral stance with a $236.00 target. Analysts predict FY EPS of 7.43.

**Cyber Attacks:** Bearish. Hackers targeted iOS more than Android.

**Stock Performance:** Neutral. Apple stock opened at $259.02."
2024-12-28,30,"**Product Discontinuation & Bans:** Bearish. EU bans iPhone 14 and iPhone SE; Apple discontinues sales of these models online.

**Product Launches & Enhancements:** Bullish. Apple launches new products like Apple Intelligence in China and plans to introduce HomePod mini 2 next year.

**Price Adjustments:** Mixed. iPhone 15 and 16 Pro are discounted, while new products have set prices.

**Analyst Actions & Ownership Changes:** Mixed. Wells Fargo upgrades Apple to $275, while COO Jeffrey E. Williams sells shares and some firms adjust holdings.

**Stock Price Movement:** Neutral. AAPL stock price slightly up during mid-day trading."
2024-12-29,24,"**Price Target Adjustments:** Wedbush upgraded Apple’s price target to $325 from $300 (Bullish). Nathanson downgraded Apple’s price target to $202 from $211 (Bearish).

**Product Updates:** Apple is launching AirTag 2 and iPhone SE 4 next year (Bullish). Ohio banned AirTags (Bearish). Apple discontinued iPhone 14 and iPhone SE (Bearish). Amazon issued steep price cuts on Apple Watch (Bearish).

**Ownership Changes:** Multiple firms increased holdings in Apple (Bullish). Some firms decreased holdings (Bearish).

**Analyst Ratings:** Needham reaffirmed “buy” with a $260 target. Morgan Stanley reiterated “overweight” with a $273 target (Neutral).

**Net Tilt:** Mixed signals with some bullish and bearish trends."
2024-12-30,34,"**Product Launches/Cuts:**
- **Bullish:** Apple unveiled iPhone 16 and iPhone 16 Pro series, and plans a foldable phone in 2026 (ESS 0.52). 
- **Bearish:** iPhone 14 and SE models phased out in various regions (ESS -0.45).
- **Mixed:** Price cuts on iPhone 15, MacBook Air, and Apple Watch Series 10 (ESS -0.44).

**Ownership Changes:**
- **Bullish:** Wealth Advisors LLC and others increased stakes in Apple (ESS 0.37).
- **Bearish:** Some firms reduced their stakes (ESS -0.34).

**Stock Performance:**
- **Bearish:** Shares fell 1.2% to $252.50 in midday trading (ESS -0.11).

NET TILT: Mixed, with some bullish product launches offset by bearish price cuts and stock performance."
2024-12-31,27,"**Product Launches/Catalysts:**
- **Bullish:** Apple plans new iPhone models, foldable iPad, and foldable iPhone in autumn (multiple sources).
- **Bearish:** CarPlay missed its 2024 release date (1 source).

**Legal Issues:**
- **Bearish:** Dr Congo files criminal charges against Apple (1 source).

**Ownership Changes:**
- **Mixed:** Oak Capital LLC increased stake by 252.3%, while multiple firms sold shares (3 sell, 1 buy).

**Analyst Ratings:**
- **Neutral:** UBS reaffirmed neutral rating with $236.00 target price (1 source).

**Price Movements:**
- **Bearish:** AAPL opened at $252.20, down from previous close (1 source).

**Net Tilt:** Mixed signals with slight bias towards bearish due to legal issues, delayed product launches, and share sales outweighing positive product announcements and increased stake."
2025-01-01,19,"**Product Release:** Bullish - Apple to introduce foldable iPad Pro and new iPhone features.

**Supply Issues:** Bearish - Production halt for Apple Vision Pro.

**Insider Activity:** Bearish - COO Jeffrey E. Williams sold 100,000 shares.

**Ownership Changes:** Bullish - Multiple firms increased stakes in Apple.

**Analyst Ratings:** Neutral - Morgan Stanley and Needham maintained positive ratings with price targets of $273.00 and $260.00 respectively.

**Stock Price:** Bearish - Shares opened at $250.42."
2025-01-02,80,"**Revenue and Earnings:** Bearish. Analysts downgraded revenue estimates, citing iPhone sales dropping double digits and missing expectations. However, Apple reported a net income of $93.74 billion, which is positive.

**Analyst Actions:** Mixed. Wedbush upgraded Apple’s price target from $300 to $325, while another analyst cut revenue estimates.

**Product News:** Neutral. Multiple product releases and updates were announced, including the iPhone 16 series and Vision Pro, alongside rare discounts and a new A18 chip launch.

**Market Dynamics:** Bearish. Apple lost market share and faced legal issues, including a class-action lawsuit over Siri privacy, leading to a stock plunge despite a settlement agreement.

**Net Tilt:** Bearish. Revenue and market share concerns outweigh positive analyst upgrades and product launches."
2025-01-03,70,"**Product Releases & Enhancements (Bullish):**
- Apple introduced new iPhones, Mac Mini, and MacBook Air.
- New workout programs and limited edition AirPods released.

**Revenue & Market Share (Bearish):**
- App Store revenue growth, but China sales slumped 47.4%.
- Market share slipping in China.

**Analyst Actions (Bullish):**
- Bernstein upgraded price target to $260.
- Wells Fargo raised price target to $275.

**Legal Issues (Bearish):**
- Found guilty of privacy violations; fined EUR1.8 billion.
- Facing antitrust charges in India.

**Executives (Mixed):**
- CFO Luca Maestri stepped down; Kevan Parekh appointed.
- Arthur Levinson sold shares.

**Settlements (Neutral):**
- Paid $153m, $95m in various settlements."
2025-01-04,34,"**Revenue & Guidance:** Bearish; Apple sales dip, with no clear guidance direction (DIRECTION: BEARISH).

**Price Targets & Analyst Actions:** Mixed; Bernstein upgrades price target to $260.00, while Nathanson downgrades to $202.00 (NET TILT: BULLISH).

**Product News:** Mixed; M4 chipset launch positive, Vision Pro discontinued negative (NET TILT: SLIGHTLY BEARISH).

**Legal & Settlements:** Bearish; Apple settles eavesdropping lawsuit for $153 million (DIRECTION: BEARISH).

**Ownership Changes:** Bullish; multiple firms increase stakes in Apple (DIRECTION: BULLISH).

**Miscellaneous:** Neutral; includes executive appointment, product price cuts, and donations (NET TILT: NEUTRAL)."
2025-01-05,9,"**Analyst Actions & Price Targets:** Bullish. Bank of America upgraded AAPL to Buy. Wedbush raised PT from $300 to $325.

**Ownership Changes:** Mixed. Positive: American Century, William Blair, and another firm increased holdings; negative: F M Investments and Advisors reduced positions.

**Settlement:** Bearish. AAPL agreed to pay $95M to settle a Siri eavesdropping lawsuit."
2025-01-06,47,"**Revenue Growth:** Bullish; App Store revenue grew 13% in December, and overall revenue increased 2.02% YOY.

**Product Releases:** Mixed; AirPods 4 launched in Malaysia, Series 5G and 14 Pro series scheduled for India on Jan 16, while iPhone SE4 and iPhone 17 Air launches are uncertain. iOS 18.2.1 and iPadOS 18.2.1 released.

**Analyst Actions:** Bullish; Argus upgraded price target to $280 from $250, Needham reissued Buy at $260, multiple firms maintained positive ratings.

**Ownership Changes:** Bullish; several firms increased stakes, including Oak Capital LLC by 252.3%, State Street Corp by 10.6%.

**Sanctions/Fines:** Bearish; ordered to pay Rs 800 crore for privacy case.

**Price Cuts:** Bearish; iPhone 16 and 14 prices reduced on Flipkart, 16 Pro Max price cut noted.

**Stock Performance:** Bearish; stock down, though trading 1.2% higher later.

**Net Tilt:** Bullish."
2025-01-07,41,"**Analyst Actions:** Bearish - MoffettNathanson downgraded Apple to Sell from Neutral; Bernstein raised price target to $260 from $240.

**Regulatory & Legal:** Bearish - UK antitrust watchdog to probe Apple and Google over App Store practices; Apple agreed to pay $95m to settle a lawsuit.

**Product Releases & Enhancements:** Bullish - Multiple product launches planned including iPhone SE 4, iPad 11 by April, MacBook Air models before spring, iOS 18.3, macOS Sequoia 15, and iPadOS 18.

**Partnerships:** Neutral - Apple partners with Strava and CSA; Samsung and Apple collaboration ongoing.

**Layoffs:** Bearish - Apple dismissed 185 employees.

**Stock Performance:** Bearish - Apple shares slipped, down 0.2%.

**Net Tilt:** Bearish due to analyst downgrade, regulatory scrutiny, and layoffs outweighing positive product news."
2025-01-08,53,"**Investment & Production:**
- Bullish: Apple plans to invest $1B in Indonesia and set up AirTag production there.
- Bearish: iPhone 16 sales blocked in Indonesia.

**Product Releases:**
- Bullish: Reports suggest Apple will launch iPhone SE 4, new iPads, and possibly new MacBook Air models in Q1-Q2 2025.
- Neutral: Conflicting reports on specific dates and products (e.g., iPhone 16e).

**Legal & Regulatory:**
- Bearish: Government warns Apple of potential sanctions in Indonesia.
- Neutral: Tata Electronics approved to buy stake in Apple supplier.

**Other:**
- Neutral: Layoffs reported among Apple employees.
- Neutral: Partnerships with Nvidia and Meta for cloud services."
2025-01-09,48,"**Revenue & Earnings:** Bullish. Apple set a new revenue record and reported EPS of $1.64, both positive signals.

**Analyst Actions:** Bearish. Barclays and MoffettNathanson downgraded Apple to 'Sell'.

**Product Updates:** Mixed. Positive with multiple product launches and enhancements like iOS 18.4, iPhone SE, and potential new models. Negative with halted subscription plans and layoffs.

**Legal & Fines:** Bearish. Apple fined $3.1M and settled a $95M lawsuit related to Siri privacy.

**Ownership Changes:** Net negative. While some increased holdings, major institutions like Gulf International Bank decreased their positions.

**Net Tilt:** Bearish due to analyst downgrades, legal issues, and mixed product news."
2025-01-10,31,"**Revenue & Earnings:** Bullish. Apple reported Q4 EPS of $1.64, beating expectations.

**Product Releases:** Mixed. Positive signals include the rollout of Apple CarPlay, potential April release of iPhone SE, and unveiling of limited edition AirPods 4. Negative signals come from price cuts on iPhone 16 Plus, MacBook Air M3, and MacBook Pro M4.

**Market Trends:** Bearish. Apple is losing market share in China.

**Executive Actions:** Mixed. CEO Tim Cook’s pay increased to $74.6M, while layoffs occurred at HQ.

**Ownership Changes:** Mixed. Multiple firms increased their positions in Apple, while one firm decreased by 10.5%.

**Stock Performance:** Bearish. Apple shares fell 2.4%, trading as low as $235.47.

**Analyst Ratings:** Neutral. UBS reaffirmed a neutral rating with a $236.00 price target."
2025-01-11,32,"**Bullish Signals:**
- **Analyst Upgrades:** Wedbush raised PT to $325 from $300; Sanford C. Bernstein to $260 from $240; Barclays to $184.
- **Product Launches:** New iPhone app, iPad 11, and first 5G modems announced.
- **Settlement:** Resolved a $95M lawsuit.
- **Ownership Increases:** Advisory and LLC increased stakes.
- **Analyst Ratings:** Bank of America, Needham, Morgan Stanley maintained “buy” ratings.

**Bearish Signals:**
- **Financial Penalties:** Potential significant financial penalties.
- **Discontinued Products:** Stopped selling iPhone 15 Pro and Pro Max.
- **Price Cuts:** AirPods Pro 2 dropped to $179.99.
- **Ownership Decrease:** Private Wealth LLC sold shares.
- **Stock Performance:** Apple stock down 2.4%.

**Net Tilt:** Mixed, with more bullish signals outweighing bearish ones."
2025-01-12,21,"**Product Launches:** Bullish. Apple is set to introduce M4 Max and M4 chips, with potential Mac Studio unveiling soon, indicating continued innovation (ESS 0.52).

**Analyst Upgrade:** Bullish. Wells Fargo upgraded Apple’s price target to $275.00 (ESS 0.54).

**Ownership Changes:** Mixed. Multiple firms increased stakes (William Blair, Ameriprise, Olympiad Research, Management, Group), while some decreased (Droms Strauss Advisors, Administrators, Bridgewater Advisors) (ESS 0.37 vs ESS -0.34).

**Antitrust Suit:** Bearish. Apple faces its first UK antitrust trial (ESS -0.58)."
2025-01-13,60,"**Revenue & Volume:**
- **Bearish:** iPhone sales slipped, contributing to revenue decline (-0.68).
- **Bullish:** Retail sales increased (+0.65); India growth expected (+0.72).

**Market Share:**
- **Bearish:** iPhone market share fell to 18% (-0.56).

**Product Releases:**
- **Bullish:** Multiple product launches planned including iPhone 17, iPad Air, and MacBook Air (0.52).

**Legal Issues:**
- **Bearish:** Facing significant lawsuits (£1.5 billion, historic UK lawsuit) (-0.52).

**Regulatory:**
- **Bearish:** Facing EU scrutiny (-0.47).

**Stock Performance:**
- **Bearish:** Shares fell in morning trading (-0.51).

**Net Tilt:** Bearish due to revenue declines, legal issues, and regulatory scrutiny outweighing positive retail sales and product launches."
2025-01-14,46,"**Revenue and Sales:** Bearish. iPhone sales declined globally and in India, with significant price cuts and discounts (ess-0.68, ess-0.44, ess-0.44). Overall sales dipped by 2% for the year (ess-0.24).

**Market Share:** Bearish. Apple lost market share to Chinese competitors (ess-0.56, ess-0.56).

**Product Launches:** Bullish. Apple plans multiple product launches in 2025, including the potential release of Apple Watch SE 3 (ess0.52, ess0.52).

**Analyst Actions:** Mixed. Barclays upgraded price target to $184 (ess0.54); Bank of America and Needham maintained ""buy"" ratings (ess0.34, ess0.34).

**Investor Sentiment:** Mixed. Several firms increased holdings (ess0.37), while others decreased stakes (ess-0.34).

**Legal and Regulatory:** Bearish. Facing legal battles and EU investigations (ess-0.52, ess-0.47)."
2025-01-15,39,"**Supply Increase:** Bullish; Tata’s iPhone production surges 180%.

**Analyst Upgrade:** Bullish; Sanford C. Bernstein upgraded Apple’s target price from $240.00 to $260.00.

**Acquisition:** Bullish; Apple to buy a premium audio company.

**Product Launches:** Bullish; 14 Pro series launching in India, new MacBook, new Mac Studio, new HomePod, and iPhone SE expected in 2025.

**Price Cuts & Promotions:** Bearish; iPhone 15 Plus, iPhone 16, MacBook Air see significant price drops.

**Legal Issues:** Bearish; Apple TV+ sued for $81 million over copyright infringement.

**Executive Resignation:** Bearish; Apple Chief People Officer Carol Surface steps down.

**Ownership Changes:** Mixed; multiple firms increase holdings while others decrease, net tilt neutral."
2025-01-16,43,"**Supply & Production:** Bullish; iPhone production surged 180% in 2024.

**Analyst Actions:** Bullish; Wedbush upgraded price target from $300 to $325.

**Revenue & Market Share:** Bearish; Apple saw its largest annual sales decline in China and market share losses.

**Product Releases:** Neutral; multiple product releases and updates, including iOS 18 and potential Vision Pro 2 in 2026.

**Stock Performance:** Mixed; Apple stock gained 1.97% on Wednesday but fell 3.2% in the afternoon and 4.04% on Thursday.

**Other:** Neutral; manufacturing cost improvements noted, but crypto app removal and layoffs mentioned."
2025-01-17,47,"**Revenue & Demand:**
- Bullish: Services revenue soared 433% in a decade; Mac sales climbed; demand for devices rising.
- Bearish: Largest annual smartphone sales decline; iPhone sales in China fell 25%.

**Product Releases:**
- Bullish: Multiple product launches including iPhone models, Apple Watch, iOS 18.3, and new apps.

**Market Position:**
- Bearish: Expected to slip to third place in Chinese smartphone market share.

**Stock Performance:**
- Mixed: Shares sharply declined (-9.5% over three weeks); slight rebounds noted.

**Strategic Moves:**
- Bullish: Expanding production with Foxconn; increasing investments in India; opening new stores in India.

**Analyst Actions:**
- Neutral: Bank of America reaffirmed ""buy"" rating with $256.00 target price.

**Net Tilt:** Mixed, with significant bullish signals on product launches and strategic moves offset by bearish revenue declines and market share loss."
2025-01-18,10,"**Settlement:** Apple agreed to pay $95M to settle a class action lawsuit (bearish).

**Ownership Changes:**
- **Increases:** Service increased holdings by 14.0%, American Century Companies Inc. by 3.2%, and Proffitt & Goodson Inc. bought shares (bullish).
- **Decreases:** Paragon Capital Management LLC and VeraBank N.A. reduced positions (bearish).

NET TILT: Mixed ownership signals with slight bullish bias."
2025-01-19,27,"**Price Target Upgrades:** Sanford C. Bernstein upgraded Apple’s price target from $240.00 to $260.00; Barclays raised their target to $184.00 (Bullish).

**Product Reviews and Releases:** Positive reviews for the 14 Pro model; new MacBook Air models incoming; macOS Sequoia 15 released (Bullish).

**Financial Performance:** Apple Card reported an $859 million net loss (Bearish).

**Partnerships:** Synchrony replacing Goldman Sachs as Apple Card partner; Hermès collaboration announced (Neutral).

**Ownership Changes:** Multiple firms increased holdings in Apple, while some decreased (Mixed).

**Product Updates:** TikTok removed from App Store; AirPods Pro 2 expected to get new upgrades (Mixed).

**Earnings Guidance:** Apple set to report Q4 results on Jan 30 (Neutral)."
2025-01-20,32,"**Analyst Ratings & Revenue Guidance:** Jefferies downgraded Apple to Underperform from Hold, citing expected revenue miss. **Bullish:** Bank of America maintained Buy with a $256 price target. **Bearish:** Revenue growth guidance miss anticipated.

**Product Pricing & Promotions:** iPhone 15 price cut by 15%, iPhone 16 price slashed in China, India sees discounts on iPhone 16 Plus and Apple Watch. **Bearish:** Price cuts indicate weak demand.

**Product Launches & Delays:** MacBook Air with OLED, Ultra XDR Retina Display iPad Pro launched; MacBook Pro 2026 announced; OLED iPhone launch delayed. **Mixed:** New product launches vs. delays.

**Legal & Regulatory Issues:** Criminal complaint filed in DRC, Belgian probe initiated. **Bearish:** Legal/regulatory pressures.

**Ownership Changes:** Oversea Chinese Banking Corp, Trustee, Sumitomo Mitsui Trust increased stakes; Missouri Trust & Investment, First Heartland Consultants, LLC reduced stakes. **Mixed:** Net tilt slightly negative."
2025-01-21,70,"**Bearish Signals:**
- **Downgrades & Price Targets:** Jefferies downgraded Apple to ""Underperform"" with a lowered price target to $200.75; Barclays downgraded to ""Underweight."" (Evidence: Multiple downgrades, price target reduction)
- **Revenue Decline:** iPhone sales in China fell 18%, contributing to overall Q4 China sales decline of 18.2%. (Evidence: Specific figures showing significant drop)
- **Market Share Loss:** Apple fell to third place in China. (Evidence: Market share data)
- **Legal Issues:** Criminal complaints filed against Apple in the Democratic Republic of Congo. (Evidence: Legal action)

**Bullish Signals:**
- **Product Launches:** Expected launches include iPhone 16 Pro in February, iPhone SE 4 in March, iPad Pro, and new iPad Air models. (Evidence: Multiple product announcements)
- **Investment Plans:** Apple plans a ""massive investment"" in the U.S. (Evidence: Positive investment news)
- **Ownership Increases:** Several investors increased stakes in Apple. (Evidence: Increased ownership)

**Net Tilt:** Bearish due to multiple downgrades, revenue declines, and legal issues outweighing positive product launches and investment plans."
2025-01-22,57,"**Analyst Actions:** Jefferies downgraded Apple to ""underperform"" from ""hold,"" while DBS Bank downgraded it to ""fully valued."" Barclays upgraded the price target to $184.00. **Revenue Outlook:** Apple is expected to miss Q1 FY25 revenue, but iPhone 16 sales surged. **Product Releases:** Rumored iPhone 17 launch in April, Vision Pro already launched, and iOS 18 early release. **Market Dynamics:** Apple lost some market share, with legal issues and a potential lawsuit. **Ownership:** Multiple firms increased stakes in Apple. **Price Adjustments:** iPhone 16 sales end, Apple Watch Series 9 price drops, and iPhone prices cut in China.

**Net Tilt:** Bearish due to revenue misses and downgrades outweighing positive product releases and ownership increases."
2025-01-23,47,"**Analyst Actions:** Jefferies downgraded AAPL to Underperform; Goldman Sachs cut price target to $280 (bearish). Monness Crespi & Hardt raised price target to $245, Raymond James to $250 (bullish).

**Earnings:** Reported EPS of $2.35, inline with expectations (neutral).

**Legal & Regulatory:** Facing multiple antitrust investigations in the UK (bearish); sued over 'forever chemicals' and in a class-action lawsuit (bearish).

**Product News:** Launched iPhone SE 4, iPad 11, iPad Air; delayed CarPlay; released beta firmware updates for AirPods Pro 2 (mixed).

**Ownership Changes:** Sumitomo Mitsui Trust Group, William Blair, and Portfolios Inc. increased holdings; Mutual LIFE Insurance sold shares (mixed).

**Net Tilt:** Bearish due to multiple downgrades and legal/regulatory issues outweighing positive product launches and price target upgrades."
2025-01-24,39,"**Analyst Actions:** Bullish - Bank of America upgrades to Buy with PT cut to $253; Bearish - Jefferies and Loop Capital downgrade AAPL.  
**Product Releases:** Bullish - New Advanced Commerce API, Ultra-thin iPhone, Apple TV launch; Bearish - Price cuts on iPhone 16 Pro, M2 iPad Air, Apple Watches.  
**Executives:** Bullish - New executive appointments.  
**Ownership Changes:** Mixed - Ark Investment increases stake; multiple firms decrease holdings.  
**Financials:** Neutral - Revenue estimate at $124B; no EPS details provided.  
**Stock Performance:** Bearish - Shares down 14%, open at $223.66.  

NET TILT: Mixed, leaning slightly bearish due to multiple downgrades and price cuts outweighing positive analyst actions and product launches."
2025-01-25,23,"**Revenue Growth:** Bearish; Apple reported slower revenue growth.

**Product Releases:** Bullish; iOS 18, iPadOS, and HomePod mini 2 announced.

**Share Price:** Bearish; shares slumped 8.64%, trading down to $222.76.

**Analyst Actions:** Mixed; JPMorgan downgraded target from $265 to $260, while Morgan Stanley maintained ""overweight"" with a $273 target. Barclays trimmed target from $184 to $183.

**Ownership Changes:** Mixed; C., Seizert Capital, and Llc increased holdings, while Lp decreased by 25.1%.

**Other:** Bullish; new store opened in China, and stake purchased by Natixis Advisors.

**Net Tilt:** Bearish due to revenue slowdown and share price drop, despite product launches and some positive ownership changes."
2025-01-26,18,"**Product Expansion and Release:** Bullish. Apple Pay expanding in Korea, previewing Q1 iPhone focus, and planning new Apple TV 4K and games for Apple Arcade this year.

**Ownership Changes:** Mixed. Multiple firms increased stakes (Dimensional Fund Advisors, Partners, Inc., Va, Ameriprise Financial, American Century Companies) while others decreased (Ritter Daniher Financial Advisory, Chesapeake Capital).

**Analyst Actions:** Bearish. Barclays downgraded price target from $184.00 to $183.00; Needham maintained ""buy"" with $260.00 target.

**Earnings Estimate:** Neutral. Analysts predict EPS of 7.43 for the current year."
2025-01-27,41,"**Analyst Actions & Price Targets:**  
- **Bullish:** Rosenblatt Securities upgraded AAPL to ""Buy"" (Direction: Bullish); Monness Crespi & Hardt raised PT to $245 (Direction: Bullish).  
- **Bearish:** Goldman Sachs downgraded PT from $286 to $280 (Direction: Bearish).

**Legal Developments:**  
- **Bullish:** Apple won trial over Apple TV+ (Direction: Bullish).  
- **Bearish:** Sued over 'Forever Chemicals' (Direction: Bearish).

**Product Launches & Enhancements:**  
- **Bullish:** Multiple product launches including iOS 18.4, new Apple Watch models, and software updates (Direction: Bullish).  
- **Bearish:** IPhone 15 price cuts and discounts (Direction: Bearish).

**Investor Sentiment:**  
- **Bullish:** Oak Capital LLC, Quest Partners LLC, and others significantly increased stakes in AAPL (Direction: Bullish).  
- **Neutral:** Citi maintained ""Buy"" rating (Direction: Neutral).

**Net Tilt:** Bullish due to multiple positive analyst actions, legal victories, and product launches outweighing price cuts and legal issues."
2025-01-28,49,"**Analyst Actions:** Bearish - Downgraded by one firm; Neutral - Reaffirmed ratings by others; Bullish - Price targets increased by Sanford C. Bernstein ($260.00) and Raymond James ($250.00).

**Product News:** Bullish - Multiple product launches including 'Unity Rhythm' collection, new Apple Intelligence features, macOS 14, and Apple Watch SE models; enhancements like iOS 18.3 and watchOS 11.3 updates.

**Legal & Financial:** Bearish - Shyamalan wins copyright trial against Apple; mixed ownership changes with increases by Ark Investment Management and Truist Financial Corp., but decrease by another entity; price target cut by JPMorgan Chase to $260.00.

**Net Tilt:** Mixed, leaning slightly bullish due to multiple product launches and price target upgrades outweighing legal setbacks and downgrades."
2025-01-29,71,"**Revenue and Guidance:** Bearish. iPhone sales and exports to China are below expectations, with iPhone market share falling and demand slowing. However, iPad and Mac sales are expected to rise, and overall revenue is forecasted to grow modestly.

**Analyst Actions:** Bearish. Oppenheimer downgraded Apple from Outperform to Perform.

**Legal Issues:** Bearish. Apple faces an antitrust suit from Meta and a $20M settlement over the Apple Watch battery lawsuit.

**Product Releases:** Bullish. Apple plans to launch 5 new devices, including the iPhone SE 4 and M4 MacBook Air, and has partnerships with SpaceX and Globalstar for satellite services.

**Net Tilt:** Mixed, but slightly **Bearish** due to revenue and export concerns, analyst downgrade, and legal issues outweighing product release optimism."
2025-01-30,134,"**Revenue:** Mixed (NET TILT: Bearish)  
- iPhone sales and overall revenue missed expectations, with declines noted in China and during the holiday season.  
- However, Apple projects higher sales and expects Q2 revenue growth.

**Earnings:** Bullish  
- Apple beat earnings expectations by $0.04 EPS, reporting $2.42 per share, and exceeded profit forecasts.

**Analyst Actions:** Bearish  
- Oppenheimer downgraded Apple from ""outperform"" to ""market perform.""

**Product Performance:** Mixed (NET TILT: Bullish)  
- iPad sales increased to $8.1 billion, while Mac sales skyrocketed.  
- iPhone sales fell short of expectations."
2025-01-31,148,"**Revenue:** Bullish. Apple exceeded revenue expectations and guided for continued growth across Mac and iPad sales, despite iPhone sales dipping marginally. Evidence includes Q1 revenue beating estimates and guidance for March quarter growth.

**Earnings:** Bullish. Apple beat earnings forecasts, reporting record-breaking quarterly net income and EPS of $2.40. 

**Analyst Actions:** Mixed. KeyBanc downgraded to Sell while TD Cowen, D.A. Davidson, and Goldman Sachs raised price targets to $290, $290, and $294 respectively. Net tilt slightly bullish due to higher price targets.

**Capex:** Bullish. Capex increased to $2.94B from $2.39B, indicating investment in future growth.

**Net Tilt:** Bullish. Revenue and earnings beat expectations, offsetting analyst downgrade concerns."
2025-02-01,28,"**Revenue and Earnings:** Bullish. Apple exceeded revenue expectations.

**Price Target Upgrades:** Bullish. Citigroup upgraded to $275, Goldman Sachs to $294, Bank of America to $265.

**Price Target Downgrades:** Bearish. JPMorgan downgraded to $260.

**Analyst Ratings:** Mixed. Oppenheimer cut to ""Market Perform,"" Td Cowen and Needham maintained ""Buy"" ratings, KeyCorp reiterated ""Underweight.""

**Project Abandonments:** Bearish. Apple canceled AR glasses and a Mac project.

**Ownership Changes:** Mixed. Multiple firms increased stakes (Banco Santander, Charles Schwab, etc.), while others decreased (Alesco Advisors, Biltmore Family Office).

**Net Tilt:** Neutral to Slightly Bearish."
2025-02-02,37,"**Analyst Actions:** Jefferies cut Apple to ""Underperform,"" while Needham set a ""Buy"" rating. KeyCorp downgraded to ""Underweight."" Barclays raised the price target to $197.00. Citigroup, Raymond James, and Monness Crespi & Hardt increased targets to $275.00, $250.00, and $245.00 respectively. **Product Releases:** iPhone 16 series launches in India on September 20; new iCloud service and iOS 18.3/iPadOS 18 released; Powerbeats Pro 2 wireless earbuds launch on February 11. **Revenue:** Global revenue surges. **Ownership Changes:** Mixed, with significant increases by some firms offset by slight decreases by others. **Price Adjustments:** Amazon cuts Apple Studio Display price by $299; AirPods 4 now $99.99. **Net Tilt:** Bullish on product releases and price target upgrades, bearish on analyst downgrades."
2025-02-03,61,"**Revenue & Earnings:** Bullish. Apple reported record revenues of $124.3 billion, beating estimates by $0.65, and EPS of $7.34, slightly missing estimates by $0.68. iPhone sales declined modestly.

**Product Launches:** Bullish. Multiple launches planned: Powerbeats Pro 2 (Feb 11), new iCloud feature (this week), macOS 15.3, 2025 Black Unity collection, potential iPhone SE 4 (Mar-May), and other unspecified products.

**Analyst Actions:** Bullish. BofA upgraded target to $265, JPMorgan to $270, and Evercore ISI to $260.

**Other Catalysts:** Mixed. Tax break in India, partnership with T-Mobile and SpaceX, price cuts on some products, and a settlement of $20M for swollen watch batteries."
2025-02-04,42,"**Earnings:** Bullish. Apple reported a $180bn profit, beating expectations.

**Analyst Actions:** Mixed. Goldman Sachs upgraded price target from $280 to $294; Morgan Stanley raised target from $273 to $275. Neutral ratings maintained by Wedbush, Needham, BofA, and JPMorgan.

**Product Updates:** Mixed. iPhone SE 4 launch expected; Apple Invites app released. Price hikes and cuts noted (e.g., Apple Music subscription price cut).

**Revenue/Catalysts:** Bullish. App Store revenue up 18%. Discounts on AirPods Pro 2 and AirPods 4.

**Ownership Changes:** Mixed. Oak Capital, A.S., and Charles Schwab increased stakes; Associated Banc and Horizon Financial trimmed positions.

**Settlement:** Neutral. Agreed to a $20M settlement.

**Insider Activity:** Bearish. Arthur Levinson sold $343k in stock."
2025-02-05,50,"**Price Target Upgrades:** Barclays raised price target from $183 to $197; Bank of America increased from $253 to $265 (Bullish).

**Legal & Regulatory Issues:** DOJ filed antitrust lawsuit; EU fined $2 billion; China investigating App Store (Bearish).

**Product Releases:** New iPhones, event planning app, MacBook Air in India, Apple TV+ content, Apple Music promo (Bullish).

**Stock Performance:** Shares dipped amid various pressures (Bearish).

**Revenue & Earnings:** Operational revenue grew 14%; distributor Redington posted 18% profit rise (Bullish).

**Ownership Increases:** Multiple firms increased holdings (Bullish).

**Net Tilt:** Mixed signals with significant bullish upgrades and product releases offset by legal/regulatory risks and stock dips."
2025-02-06,27,"**Analyst Actions:** Bullish - Citigroup upgraded price target from $255.00 to $275.00; Evercore ISI raised target from $250.00 to $260.00. Bearish - Oppenheimer downgraded rating from ""outperform"" to ""market perform""; Daiwa Securities lowered target from $275 to $270.

**Product News:** Bullish - Positive reviews for AirPods 4 ANC; expected launches of MacBook Pro, MacBook Air, and iPad Pro; release of 'Apple Invites' app.

**Ownership Changes:** Mixed - Multiple firms increased holdings (e.g., Inc., Equity Partners, Vinva Investment Management); others decreased (Rockefeller Capital Management, Suvretta Capital Management).

**Other:** Bearish - Stock dropped amid unspecified reasons; Mac Studio price cut; iPhone 16 discount. Bullish - Regulatory focus on Apple; investment in Indonesia; dividend announcement; various acquisitions of shares by institutional investors."
2025-02-07,71,"**Revenue and Guidance:** Bullish. Apple aims to boost sales, with iPhone sales spiking recently.

**Government Actions:** Bearish. UK orders Apple to create a backdoor, potentially impacting security and privacy.

**Market Share:** Bearish. Global smartphone market share dropped in Q4.

**Analyst Actions:** Mixed. Monness Crespi & Hardt upgraded target to $245, while JPMorgan raised target to $270. However, one analyst advised selling Apple stock.

**Product Releases:** Bullish. Multiple reports indicate imminent iPhone SE 4 launch, alongside potential new iPad and in-house modem.

**Regulatory and Legal:** Bearish. Regulatory investigation possible; Apple settles iPhone 7 lawsuit for $20M.

**Net Tilt:** Neutral to Slightly Bullish. Positive revenue and product news offset by regulatory risks and market share decline."
2025-02-08,25,"**Analyst Upgrades:** Barclays upgraded AAPL to $197.00, Goldman Sachs to $294.00, and Bank of America to $265.00 (Bullish).

**Product Updates:** iOS 18.4 beta launching next week, Apple Intelligence rollout in certain regions, potential foldable iPhone in 2026 (Bullish).

**Legal Issues:** Ongoing cases against Simon Lancaster and another unspecified party (Bearish).

**App Changes:** Removal of unregistered crypto apps from App Store (Bearish).

**Price Adjustments:** AirPods Pro 2 price slashed (Bearish).

**Ownership Changes:** Increased stake by Inc., decreased stakes by Llc and Community Bank N.A. (Neutral).

**Analyst Ratings:** Needham & Company and Td Cowen reaffirmed “buy” ratings, Keycorp reissued “underweight” with $200.00 target (Mixed).

**New Acquisitions:** Multiple firms increased holdings in AAPL (Bullish).

**Earnings Estimate:** Analysts predict EPS of 7.33 for FY (Neutral).

**Net Tilt:** Bullish."
2025-02-09,7,"**Product Launches:**
- **Bullish:** iPhone SE 4 set to launch in a few days, potentially priced under Rs.50,000 in India, with sales starting in February.
- **Neutral:** Speculation about a foldable iPhone, though no firm date or details provided.

Conflicting signals exist between immediate product launches and future speculation, but the net tilt is **Bullish** due to concrete near-term launches."
2025-02-10,52,"**Product Launches & Upgrades (Bullish):** Apple is set to launch the iPhone SE 4, new MacBook Air, and PowerBeats Pro. Additionally, it has released iOS 18.3.1, watchOS 11.3.1, and macOS 15.

**Supply & Exports (Bullish):** MacBook production is ramping up, and iPhone exports surged to Rs 1 trillion in FY25. Samsung is increasing iPhone OLED display production.

**Analyst Actions (Bullish):** Citigroup upgraded Apple’s target price from $255.00 to $275.00.

**Ownership Increases (Bullish):** Multiple firms increased their stakes in Apple, including Llc, Ark Investment Management LLC, State Street Corp, Stifel Financial Corp, Corp, and Charles Schwab Investment Management Inc.

**Price Cut (Bearish):** The iPhone 16 price dropped by Rs 12,000."
2025-02-11,70,"**Earnings:** Bullish; Apple beat expectations with strong revenue growth, driven by iPhone sales (DIRECTION: Bullish).

**Revenue:** Bullish; Q1 revenue grew significantly (DIRECTION: Bullish).

**Product Releases:** Bullish; multiple product launches including iPhone SE, Powerbeats Pro 2, and iOS/iPadOS updates (DIRECTION: Bullish).

**Partnerships:** Bullish; Apple partners with Alibaba for AI development in China (DIRECTION: Bullish).

**Price Target Upgrades:** Bullish; Bank of America raised target from $253 to $265, JPMorgan raised from $260 to $270 (DIRECTION: Bullish).

**Market Share:** Bullish; iPhones gained market share in Switzerland (DIRECTION: Bullish).

**Cyber Attacks:** Bearish; Apple faces malware and hacking challenges (DIRECTION: Bearish).

**Profit Hit:** Bearish; potential profit decline mentioned (DIRECTION: Bearish).

**Net Tilt:** Bullish; positive signals outweigh negative ones."
2025-02-12,67,"**Revenue Guidance:** Bullish; Apple expects March-end quarter revenues to grow in low double digits.

**Price Target Upgrades:** Bullish; Barclays raised PT to $197.00, Goldman Sachs to $294.00, and Evercore ISI to $260.00.

**Product Price Cuts & Discontinuations:** Bearish; Amazon cuts iPad 10 price by 20%, iPhone sales drop, and iPhone 16 price slashed.

**Analyst Downgrade:** Bearish; Oppenheimer downgraded Apple from ""outperform"" to ""market perform.""

**Product Launches & Enhancements:** Bullish; multiple product launches and AI feature rollouts planned, including M4 MacBook Air, iPhone SE 4, and AI enhancements.

**China Revenue Decline:** Bearish; Apple’s China revenues have fallen.

**Conflicting Signals:** Mixed signals on product launches (multiple positive mentions vs. delays and price cuts).

**Net Tilt:** Net bullish due to strong revenue guidance and multiple upgrades, despite analyst downgrade and revenue decline in China."
2025-02-13,55,"**Revenue Guidance:** Mixed signals; bullish (projected strong sales growth) vs. bearish (sales declining in key markets).

**Antitrust Issues:** Bearish; German regulator charges Apple, increasing antitrust scrutiny.

**Market Share:** Bearish; losing market share in Europe.

**Product Releases:** Bullish; multiple upcoming launches including iPhone SE 4, M4 MacBook Air, and AI innovations with Alibaba.

**Partnerships:** Bullish; strategic partnership with Alibaba for AI.

**Price Adjustments:** Bearish; price cuts on older iPhone models.

**Analyst Actions:** Neutral; UBS increased stake in AAPL.

**Net Tilt:** Mixed, but slightly **bearish** due to revenue decline and antitrust issues outweighing positive product releases and partnerships."
2025-02-14,60,"**Revenue Growth & Market Share:**
- Bullish: Modest revenue growth and increasing iPhone sales suggest positive momentum (revenue-up).

**Product Launches:**
- Bullish: Multiple product launches scheduled, including iPhone SE 4 on Feb 19, potential iPad 11, and AI features in China (product-release).

**Partnerships:**
- Bullish: Strategic AI partnerships with Alibaba and Baidu enhance competitive edge (partnership).

**Price Target Upgrade:**
- Bullish: JPMorgan upgraded Apple’s price target to $270 from $260 (price-target-upgrade).

**Ownership Increases:**
- Bullish: Several institutional investors increased holdings in AAPL (ownership-increase-held).

**Conflicting Signals:**
- Bearish: Price cuts for iPhone 16 series indicate competitive pressure (product-price-cut).

**Net Tilt:** Bullish, with multiple positive catalysts outweighing price cut concerns."
2025-02-15,35,"**Product Pricing & Release:**
- **Bullish:** Apple Watch prices dropped by 60%, potentially boosting sales (multiple mentions).
- **Neutral:** New Apple Watch SE and Series 9 released; AirPods Max and iPhone 16 Pro Max previously launched; AI Siri assistant planned for April 2025, but delay possible.

**Analyst Actions:**
- **Bullish:** Citigroup upgraded price target from $255 to $275; Goldman Sachs raised target from $280 to $294.

**Legal & Ownership Changes:**
- **Bearish:** DOJ lawsuit mentioned.
- **Bullish:** Multiple firms increased holdings or acquired stakes in Apple.

**Net Tilt:** Bullish due to price cuts, positive analyst upgrades, and increased ownership."
2025-02-16,17,"**Analyst Actions:** Barclays upgraded Apple’s target price from $183.00 to $197.00 (Bullish); Oppenheimer downgraded from “outperform” to “market perform” (Bearish); Bank of America raised target price from $253.00 to $265.00 (Bullish).

**Ownership Changes:** Multiple firms increased stakes (Sas, Group, Fsb, Ms) (Bullish); Some decreased stakes (Fidelity D & D Bancorp Inc., Synovus Financial Corp, 1ST Source Bank) (Bearish).

**Product Updates:** Vision Pro enhancements with AI features (Bullish); New name for iPhone SE 4 (Neutral).

**Net Tilt:** Bullish due to multiple upgrades and stake increases outweighing downgrades and decreases."
2025-02-17,28,"**Product Releases & Enhancements:**
- **Bullish:** iPhone SE 4 expected to launch on Feb 19, M4 MacBook Air models by March, iOS 19 stable in Aug, AI humanoid robots, and new products teased by CEO (Evidence: Multiple sources confirm launches).
- **Bearish:** Siri AI launch delayed (Evidence: Reports indicate delay).

**Investments & Ownership Changes:**
- **Bullish:** Apple ramping up investments in India, Spx Gestao de Recursos Ltda and South increasing stakes (Evidence: New investments and increased holdings).
- **Bearish:** MS lowering position (Evidence: Decreased holdings).

**Net Tilt:** Bullish due to multiple product launches and investment activities outweighing ownership decreases."
2025-02-18,41,"**Product Launches:** Bullish. Multiple reports indicate Apple will launch several new products including Smart Glasses, M4 MacBook Air, M5 MacBook Pro, and iPhone SE4 (D1).

**Analyst Actions:** Mixed. Evercore ISI upgraded price target to $260 from $250 (Bullish); KeyCorp downgraded to Underweight with $200 target (Bearish).

**Ownership Changes:** Net Bullish. Several firms increased stakes (Nordea, LLC, State Street), while some decreased (Kozak & Associates, Bath Savings Trust Co).

**Price Adjustments:** Bearish. Price cuts noted for iPhone 14 and 16 Plus.

**Stock Performance:** Bearish. AAPL stock down 2.57% YTD."
2025-02-19,103,"**Product Releases:** Bullish. Apple launched a budget-friendly iPhone 16 and the iPhone SE 4, aiming to boost affordability and appeal. Additionally, it unveiled a new custom modem chip and the M1 chip.

**Revenue & Guidance:** Mixed. Apple reported record quarterly sales but missed Wall Street’s expectations for iPhone revenue. Despite this, the company forecasts higher sales growth.

**Analyst Actions:** Bullish. Citigroup upgraded Apple’s target price to $275.00 from $255.00, while Bank of America raised its target to $265.00 from $253.00.

**Market Trends:** Bearish. Apple lost market share and saw iPhone revenue decline, with the iPhone 16 experiencing a 13% price drop."
2025-02-20,65,"**Product Releases & Enhancements:** Bullish. Apple unveiled multiple products including a new lower-priced iPhone, iPhone 16e, and updated iOS versions, expanding affordability and availability (Evidence: ""Apple unveils new lower-priced iPhone"", ""Apple Inc. (AAPL) Unveils iPhone 16e: Affordable Power"").

**Revenue Guidance & Analyst Actions:** Mixed. Revenue guidance was upgraded, while one analyst downgraded Apple’s price target (Evidence: ""Apple Inc.: the company seeks to revive sales"", ""Moffettnathanson Adjusts Price Target on Apple to $184 From $188"", ""The Goldman Sachs Group increased their target price on shares of Apple from $280.00 to $294.00"").

**Market Share & Supply Changes:** Bullish. Apple gained market share in India and increased production, but also discontinued some older models (Evidence: ""Apple increase its market share in India"", ""Apple Increases iPhone Production"", ""Apple stops selling three iPhone models"").

**Price Adjustments:** Mixed. While Apple raised prices on some phones, others received discounts (Evidence: ""Apple Increases Price Of Lowest Price Phone By 40%"", ""Amazon Takes $30 Off Apple Pencil Pro"")."
2025-02-21,47,"**Revenue & Sales:**
- Bullish: Record sales and $11B revenue reported (revenue-up).
- Bearish: iPhone sales fell 1% annually in Dec quarter (revenue-down).

**Product Launches & Enhancements:**
- Bullish: Low-cost iPhone, iPhone 16e, new C1 modem, iOS/iPadOS/tvOS updates, in-house iPhone, VisionOS 2, new service, Vision Pro enhancements (product-release).
- Bearish: Withdraws data protection tool and encrypted iCloud storage in UK (product-recall).

**Price Adjustments:**
- Bullish: Massive US investment, price target upgraded to $260 by Evercore ISI (price-target-upgrade).
- Bearish: Price hike by 9%, iPhone 16 price drop by Rs 7,500 (product-price-raise, product-price-cut).

**Ownership Changes:**
- Bullish: Multiple firms increase stakes (ownership-increase-held).
- Bearish: One firm reduces stake (ownership-decrease-held).

**Net Tilt:** Mixed, but slightly bullish due to revenue growth, multiple product launches, and increased stake by major investors."
2025-02-22,19,"**Revenue & Volume Expansion:** Bullish. Apple iPhone sales expected to grow in India.

**Analyst Upgrades:** Bullish. Maxim Group raised target to $215.00; Raymond James to $250.00.

**Product Launches:** Bullish. AI-powered iPhone 16e launched; Apple Intelligence arriving in EU and India in April.

**Market Strategy:** Mixed. Expanding in India, exiting UK. Net tilt slightly bullish due to India focus.

**Ownership Changes:** Mixed. Increased holdings by Llc, Fmr LLC, Geode Capital; decreased by others. Net tilt slightly positive.

**Stock Performance:** Bearish. Shares opened at $245.55.

**Supply Guidance:** Neutral. iPhone 16e to be manufactured in India."
2025-02-23,26,"**Earnings:** Bullish; Apple’s overall profit exceeded forecasts.

**Product Launches:** Bullish; iPhone 16e launched, M4 MacBook Air expected in March, streaming service for Android announced.

**Ownership Changes:** Mixed; Spx Gestao, Charles Schwab, and others increased holdings, while Kwmg LLC and others decreased stakes.

**Analyst Ratings:** Mixed; Needham maintained a “buy” rating with a $260 price target, Jefferies reiterated an “underperform” rating.

**Stock Performance:** Bullish; Apple’s stock rose 30% over the past year."
2025-02-24,105,"**Analyst Ratings and Price Targets:** Bullish. Citigroup upgraded Apple’s target price from $255.00 to $275.00; Monness Crespi & Hardt raised their target from unspecified to $245.00.

**Product Releases and Enhancements:** Bullish. Apple previewed new intelligence features for iPads, launched iOS 18, and is set to release new MacBook Air, updated HomePod mini, refreshed Apple TV 4K, and new AI functionalities across various regions.

**Financial Performance:** Bearish. Apple dipped due to a hefty spending plan.

**Net Tilt:** Bullish, driven by multiple positive analyst actions and product launches outweighing the financial performance concerns."
2025-02-25,41,"**Product Launches/Collaborations:** Bullish. Apple launched new AirPods Max, introduced AI services in Hungary and EU, and plans next-gen MacBook Air and iPhone 17. Partnerships with Chinese AI firms and Dassault Systèmes enhance capabilities.

**Legal Issues:** Bearish. Facing $1.9B trial and unspecified legal challenges.

**Investments:** Bullish. Announced $1B investment in Indonesia and tech investment in Arizona.

**Stock Actions:** Mixed. Evercore ISI upgraded price target to $260, while Wedbush maintained ""outperform"" at $325. Stock prices up 0.7-1.2%.

**Supply Chain:** Bearish. Indonesia initially banned Apple but reached a deal; production of AirTags in Indonesia.

**Price Adjustments:** Bearish. Price cuts on iPhone 15 Pro Max and iPhone 16 Pro in India, and AirPods Pro discount by Amazon.

**Net Tilt:** Neutral to Slightly Bullish. Positive product launches and investments offset legal issues and price adjustments."
2025-02-26,39,"**Product Launches & Enhancements (Bullish):**
- Vision Pro headset launching this summer.
- Foldable device planned for 2026.
- AirPods Pro and refurbished M4 iMacs launching soon.

**Revenue & Sales (Bullish):**
- Mac sales surged.
- iPhone 16 sales resume in Indonesia after 5-month ban.

**Analyst Upgrades (Bullish):**
- Maxim Group raised price target to $215.
- UBS lifted target to $236.

**Government Contracts & Embargos Lifted (Bullish):**
- Agreement with Indonesia to lift iPhone ban.

**Ownership Changes (Mixed):**
- Multiple firms increased holdings (e.g., Kinsale Capital, LLC).
- Some firms reduced holdings (e.g., Peoples Financial Services).

**Stock Performance (Bearish):**
- Shares opened at $247.04, down from previous close."
2025-02-27,48,"**Product Launches & Enhancements (Bullish):**
- New budget-friendly iPhone 16e praised for battery life.
- Introduction of in-house designed C1 modem and potential 5G modem.
- Expected iPad Air, MacBook Air, and iPad 11 launches.
- New beta firmware for AirPods Pro 2 and AirPods 4.

**Legal & Regulatory Issues (Bearish):**
- Indonesian government bans iPhone 16 series sales.
- Likely French antitrust fine and ongoing investigation.
- South Korean fine pending.
- US lawsuit accuses Apple of greenwashing.

**Ownership Changes (Mixed):**
- Multiple firms increase positions in Apple.
- Some firms decrease holdings.

**Analyst Ratings (Neutral):**
- Reaffirmations of ""buy"" ratings with price targets of $260-$262."
2025-02-28,35,"**Product Launches & Reviews:** Bullish. Positive reviews for iPhone 16e; launches in India, Malaysia. Expected iPhone 17e release in Feb 2026.

**Legal Issues:** Bearish. Antitrust charges in Germany; multiple lawsuits including carbon neutrality claims.

**Market Entry & Partnerships:** Bullish. Beats by Dre enters Indian market; NHL collaboration announced.

**Ownership Changes:** Mixed. Multiple firms increase holdings, while others reduce stakes. Net tilt slightly bullish.

**Price Adjustments:** Bearish. Price cut for iPhone 16 Pro Max by Rs 11,200.

**Stock Performance:** Bullish. AAPL stock gains 5% over six months."
2025-03-01,13,"**Ownership Changes:** Bullish (Llp, Llc, State Street Corp, Zions Bancorporation increased holdings); Bearish (West Coast Financial LLC, Gateway Investment Advisers reduced holdings).

**Analyst Actions:** Neutral (Wedbush maintained ""outperform"" with $325 price target).

**Other:** Neutral (Samsung's acquisition of a building unrelated to Apple; Trump's involvement in Apple's legal case in the UK; Advisors and Sebold Capital Management investing in AAPL).

**Net Tilt:** Mixed signals from ownership changes, neutral analyst action, and other events."
2025-03-02,16,"**Product & Market:**
- Bullish: Positive review of Powerbeats Pro 2; expanded U.S. market focus.
- Bearish: iPads hacked.

**Analyst Actions:**
- Bullish: Maxim Group upgraded price target to $215.00; Evercore ISI to $260.00.
- Neutral: Jefferies reaffirmed ""underperform""; KeyCorp reissued ""underweight"" with $200.00 target.

**Investment & Ownership:**
- Bullish: Over $500B investment plan; multiple firms increased holdings.
- Bearish: Several firms decreased holdings.

**Net Tilt:** Bullish."
2025-03-03,56,"**Analyst Ratings and Price Target:** Wedbush upgrades Apple to Outperform; JPMorgan raises price target from $260 to $270.

**Product Releases/Catalysts:** iPhone 16e launches in India; M4 MacBook Air, iPad with M3 chip, and new AI chatbot expected soon; iOS 18 released.

**Revenue and Legal:** iPhone sales growth in China; Apple wins first round in iCloud antitrust litigation.

**Price Adjustments:** Cheapest iPhone price raised; Studio Display price cut by $300.

**Ownership Changes:** Multiple firms increase Apple holdings.

**Net Tilt:** **Bullish** due to positive analyst ratings, product launches, and legal victories, despite some price adjustments."
2025-03-04,96,"**Product Releases:**
- **Bullish:** Apple unveiled a faster AI-enhanced iPad Air with M3 chip, new Magic Keyboard, and Pencil Pro. The company also plans to launch a new MacBook Air with M4 chip and new colors for iPhone 16 silicone case and Apple Watch. Additionally, Apple is expected to introduce new Mac Studio and Vision Pro apps.
- **Bearish:** Reports indicate Apple has lost market share.

**Net Tilt:** Bullish due to multiple product launches outweighing market share loss concerns."
2025-03-05,124,"**Product Releases:** Bullish. Apple launched multiple products including a refreshed iPad Air, upgraded 11th-gen iPad, enhanced MacBook Air (cheaper and faster), and a high-end Mac Studio. These releases suggest strong product pipeline and innovation.

**Revenue & Supply:** Bullish. Apple reported a spike in App Store revenue and expects increased supply, indicating robust demand and production capacity.

**Analyst Action:** Bullish. Maxim Group upgraded Apple’s price target to $215.00.

**Net Tilt:** Strongly Bullish."
2025-03-06,50,"**Revenue Guidance:** Bullish; Apple anticipates total sales reaching a positive figure.

**Analyst Upgrades:** Bullish; Evercore ISI, UBS, and Bank of America upgraded price targets to $260.00, $236.00, and $265.00 respectively.

**Product Releases:** Bullish; Apple launched M4 MacBook Air, Mac Studio, iPhone 16, and seventh-generation iPad. Future products include a new custom modem in 2026 and a foldable iPhone in late 2026 or 2027.

**Legal Issues:** Bearish; Apple faces legal issues in the UK.

**Price Adjustments:** Mixed; MacBook Air and iPhone 15 prices were cut, while iPhone 16 received discounts.

**Investor Activity:** Net Neutral; multiple firms increased holdings, while some decreased stakes."
2025-03-07,34,"**Market Share and Legal:** Bullish. Apple is seen increasing market share (0.55). Won a copyright lawsuit (0.53). Sued for copyright infringement (−0.54).

**Product Releases and Enhancements:** Mixed. Launched iPhone 16 Plus in India (0.52), new iPad Air (0.52), iOS 18 (0.52), M4 Max chip (0.52), new iPhones (0.52), and AI features (0.44). Siri and AI product delays (−0.48, −0.43, −0.45).

**Price Adjustments and Promotions:** Bearish. Price cuts on iPhone 16 Plus and 16 Pro (−0.44, −0.44). MacBook Air discounted (−0.44, −0.41).

**Ownership Changes:** Mixed. Increased holdings by P, Trust, Fmr LLC (0.37). Reduced by Company, Steigerwald Gordon & Koch Inc., SeaTown (−0.34).

**Analyst Ratings:** Neutral. Needham reissued “buy” with $260 target (0.34)."
2025-03-08,25,"**Product Releases and Enhancements:** Bullish. Apple unveiled the most powerful Mac Studio and a faster MacBook Air, indicating strong product innovation. The iPhone 16 series with 5G modem was also highlighted, set for a March 20th launch in Philippines.

**Price Adjustments:** Bearish. The iPhone 16e and Apple Watch Series 10 saw price cuts, suggesting potential demand issues or strategic pricing adjustments.

**Analyst Actions:** Mixed. Wedbush maintained an ""outperform"" rating with a $325 price target, while KeyCorp downgraded to ""underweight"" with a $200 target. 

**Ownership Changes:** Bearish. Multiple firms reduced their stakes in Apple, including Gilman Hill Asset Management and Sarasin & Partners, while some small increases were noted by Trust Investment Advisors and Community Bank of Raymore.

**Net Tilt:** Bearish due to mixed analyst ratings and multiple ownership reductions outweighing positive product releases."
2025-03-09,18,"**Product Launches & Promotions (Bullish):**
- Revolutionary MacBook launched.
- Series 5G with color-changing design launching in Philippines on March 20.
- New MacBook Air unveiled.

**Revenue & Guidance (Bearish):**
- Revenues grew marginally recently.
- Facing $40,000 daily fines in Brazil.

**Ownership Changes (Mixed):**
- Bullish: State Street Corp, Sei Investments Co., Truist Financial Corp, and Spx Gestao de Recursos Ltda increased stakes.
- Bearish: Bank sold 649 shares, Cox reduced stake by 6.8%, and FLC Capital Advisors trimmed position.

**Stock Performance (Bearish):**
- AAPL stock fell 30.8% from previous levels.
- Analyst opinion suggests potential further decline of 30%."
2025-03-10,69,"**Revenue and Sales:**
- Bullish: iPhone sales expected to boost revenue; global revenue reached $365B.
- Bearish: iPad Pro sales fell short of expectations.

**Product Releases and Upgrades:**
- Bullish: Multiple product launches including M4 MacBook Air, new iPad Air with M3 chip, and iOS/iPadOS updates.
- Bearish: Delays in Siri personalization, smart home products, and discontinuation of some MacBook Air models.

**Sanctions and Fines:**
- Bearish: EU considering fines against Apple, though expected to be modest.

**Analyst Actions:**
- Bullish: Maxim Group upgraded price target to $215 from unspecified previous target.

**Net Tilt:** Mixed, but slightly bullish due to strong product lineup and revenue outlook offsetting minor regulatory risks and product delays."
2025-03-11,63,"**Product Reviews:** Multiple positive reviews for iPhone 16e, MacBook Air M4, and Mac Studio suggest strong product performance (Bullish).

**Earnings & Revenue:** Apple lost $174 billion in one day despite no significant revenue beat or miss mentioned (Bearish). Smartwatch sales did not improve (Bearish).

**Sanctions & Legal:** EU fines looming over Apple (Bearish).

**Analyst Actions:** Evercore ISI upgraded Apple’s price target to $260 (Bullish).

**Product Launches & Enhancements:** Numerous product launches and enhancements including new MacBook Air, iOS updates, and Vision Pro availability (Bullish). Price cuts on iPhone 16 Pro Max and price raises on Mac in Canada (Mixed).

**Net Tilt:** Bullish due to positive reviews and product launches outweighing earnings loss and potential EU fines."
2025-03-12,57,"**Price Target Downgrades:** Morgan Stanley downgraded Apple’s price target to $252 from $275, citing bearish sentiment.

**Legal Battles:** Apple won a legal battle against Match Group but faces a class action lawsuit and antitrust scrutiny over Safari.

**Product Releases:** Apple launched multiple products including the M3 iPad Air, Mac Studio, and iOS/iPadOS updates, indicating ongoing product momentum.

**Product Delays:** Siri’s advanced AI features have been delayed.

**Stock Performance:** Shares declined marginally due to the downgrade.

**Net Tilt:** Bearish due to downgrades and legal issues, offset slightly by positive product releases and legal wins."
2025-03-13,28,"**Price Target Downgrade:** Morgan Stanley downgraded Apple’s price target from $275.00 to $252.00 (Bearish).

**Regulatory Issues:** UK warns Apple and Google over browser concerns; EU investigates and fines Apple (Bearish).

**Product Launches & Enhancements:** New MacBook Air M4, Air M3, and iPad 11 Gen launched in India; iPad Air 2020 mentioned (Bullish). Sonos scraps Apple TV plans; smart home display delayed (Bearish).

**Ownership Changes:** Mixed ownership signals: LSV Asset Management and others increased positions while Westside Investment Management and others decreased (Net Neutral).

**Price Adjustments:** iPhone 13 price cut to Rs 44,999; Amazon slashes MacBook Air to $699.99 (Bearish)."
2025-03-14,42,"**Revenue and Sales:** Bearish. iPhone 16 sales declined.

**Regulatory Approvals:** Bullish. Indonesia granted permits for 20 Apple products, including all five iPhone 16 models.

**Product Issues:** Bearish. iPhone 16e users face issues.

**Analyst Actions:** Bullish. Maxim Group upgraded Apple’s target price to $215 from previous.

**Product Releases:** Bullish. Apple released new iPads, plans new AirPods, launched iOS 19, and Surveyor app.

**Popularity Trends:** Bearish. Apple Watch’s popularity is declining.

**Ownership Changes:** Mixed. Multiple firms increased holdings, while some decreased. Net tilt slightly bullish due to larger increases.

**Stock Performance:** Bearish. Apple stock dropped 14% YTD but gained 0.8% mid-day Friday.

**Net Tilt:** Mixed, with slight bullish bias."
2025-03-15,17,"**Product Releases:** Bullish. Apple unveiled the iPhone 17 and released new versions of the MacBook Air, iPad, iPad Air, and Macs, indicating strong product momentum.

**Analyst Actions:** Neutral. Wedbush reaffirmed ""outperform"" with a $325 target, while Needham maintained ""buy"" with a $260 target.

**Ownership Changes:** Mixed. Llc and Charles Schwab increased positions, while Century Financial Group and Cardinal Capital reduced stakes, showing varied investor sentiment.

**Promotions:** Bullish. The iPhone 16 is now available with a significant discount, potentially boosting sales."
2025-03-16,16,"**Product Updates & Price Adjustments:**
- **Bullish:** Apple unveiled a new iPad Air (ESS0.52).
- **Bearish:** Prices for new MacBook Airs were cut (ESS-0.44).

**Analyst Actions:**
- **Bullish:** Evercore ISI upgraded Apple’s target price to $260.00 (ESS0.54); Rosenblatt Securities reaffirmed “buy” with a $262.00 target (ESS0.34).

**Ownership Changes:**
- **Mixed:** Multiple firms increased holdings (ESS0.37), while others reduced positions (ESS-0.34).

**Net Tilt:** Bullish due to product launches and upgrades, offset by price cuts and mixed ownership trends."
2025-03-17,50,"**Product Releases and Enhancements:** Bullish. Apple launched iPhone 17, Series 5G, and iOS 18.4 beta 4. Upcoming products include foldable devices in 2026 and iPad in 2026. However, iPhone Plus and Pro Max lines may be discontinued.

**Supply and Guidance:** Bullish. Apple expanding production and issuing updates for iPhones and iPads.

**Analyst Actions:** Mixed. Morgan Stanley downgraded AAPL to $252 from $275. Wedbush remains bullish with ""Outperform"" rating. Adage Capital Management sees AAPL as top stock to buy.

**Ownership Changes:** Mixed. Institutions like Harel Insurance and Truist Financial increased holdings, while others like Gradient Investments reduced positions.

**Price Adjustments:** Bearish. iPhone 16 and AirPods Pro 2 prices cut, and Studio Display dropped to $1,299.

**Net Tilt:** Neutral to Slightly Bullish."
2025-03-18,41,"**Product Releases & Enhancements:** Bullish; Apple introduced MacBook Air, debuted a short film, and released beta updates for iPadOS 18.4 and visionOS 2. (Evidence: [product-release|ess0.52], [product-enhancement|ess0.44])

**Legal Issues:** Bearish; Apple lost appeals and faces antitrust scrutiny in Germany, with a court dismissing its appeal. (Evidence: [legal-verdict-disfavored|ess-0.62], [legal-issues-dismissed-defendant|ess-0.5], [antitrust-investigation|ess-0.55])

**Revenue & Ownership Changes:** Mixed; iPhone sales dropped 21%, while some firms increased stakes in Apple, others decreased. (Evidence: [revenue-down|ess-0.4], [ownership-increase-held|ess0.37], [ownership-decrease-held|ess-0.34])

**Outages & Sanctions:** Bearish; Apple Music experienced an outage, and the company anticipates EU sanctions. (Evidence: [product-outage|ess-0.54], [sanctions-guidance-target|ess-0.47])"
2025-03-19,30,"**Product Launches/Catalysts:**
- Bullish: Positive iPad 11 review, foldable iPhone launch expected, Powerbeats Pro 2 launched in India, Someday short film for AirPods 4 unveiled.
- Bearish: iCloud email problems reported.

**Revenue/Growth:**
- Bullish: Broadcom reports Apple chip revenue gains, Mac sales up.

**Analyst Actions:**
- Bullish: Evercore ISI upgrades price target from $260.00 to $275.00, Wedbush reaffirms outperform with $325.00 target.
- Neutral: Rosenblatt Securities reiterates buy with $262.00 target.
- Bearish: KeyCorp downgrades to underweight with $200.00 target.

**Ownership Changes:**
- Mixed: Llc increases position by 0.2%, Group reduces by 1.9%.

**Regulatory/Legal:**
- Bearish: EU orders Apple to make unspecified product, initiates investigation, hits Apple with regulatory action.

**Stock Performance:**
- Bullish: Shares up 1.6%, Apple Watch Series 10 price drops."
2025-03-20,37,"**Price Target Downgrade:** Morgan Stanley downgraded Apple’s price target from $275.00 to $252.00 (Bearish).

**Earnings & Revenue:** Apple loses $1 billion annually (Bearish).

**Regulatory Approval:** EU and PTA approved port-less iPhone (Bullish).

**Product Outage:** Apple Watch charger issues (Bearish).

**Legal Issues:** Apple faces false advertising lawsuit (Bearish).

**Stock Performance:** Shares slide due to unspecified reasons, but also up 1.1% post-upgrade (Mixed).

**Ownership Changes:** Multiple institutions increased holdings while some reduced positions (Mixed).

**Product Enhancements & Cuts:** iPhone 15 price drops in India and US, but also received positive reviews (Mixed).

**Facility Expansion:** Plans to open a large manufacturing facility in Texas (Bullish).

**Net Tilt:** Bearish due to multiple negative signals outweighing positive ones."
2025-03-21,37,"**Product Reviews and Launches:** Bullish. Positive M4 MacBook Air review; iOS 19 and Apple Intelligence launches planned for June.

**Executive Changes:** Mixed. Bullish: new Siri chief appointed. Bearish: previous Siri boss fired due to failures.

**Legal Issues:** Bearish. Facing multiple lawsuits including one over Apple Intelligence.

**Price Adjustments:** Bearish. iPhone 16 Pro Max price drop, iPhone 16e price cuts, and discounts on iPhone 16 and MacBook Air.

**Ownership Changes:** Mixed. Multiple firms increasing stakes (bullish), while others selling shares (bearish).

**Analyst Ratings:** Neutral. Needham reaffirmed ""buy"" rating with $260 target.

**Stock Performance:** Bearish. Apple stock down over 12%.

**Supply and Production:** Neutral. Plans to produce AirPods and export components to Vietnam."
2025-03-22,16,"**Morgan Stanley downgraded Apple to a lower price target of $252 from $275 (Bearish)**. **Quent Capital LLC and Inc. increased stakes (Bullish)**, while multiple institutions like Advisors, Bankers Trust CO, Cascade Investment Advisors Inc., Bay Rivers Group, IRON Financial LLC, and Epiq Partners LLC reduced positions (Bearish). **Wedbush maintained an ""outperform"" rating with a $325 price target (Bullish)**. **FSC Wealth Advisors LLC, Berkshire Bank, and Sound Stewardship LLC acquired shares (Bullish)**. The mixed signals suggest a net tilt towards Bearish due to the higher number of reductions compared to increases."
2025-03-23,12,"**Product Launches:** Bullish; Evercore ISI upgraded Apple’s price target to $275 from $260. Apple is expected to launch iPhones with 2nm chips by 2026 and the iPhone Fold in 2026, while gearing up for the iPhone 17 launch.

**Ownership Changes:** Mixed; Spx Gestao de Recursos Ltda increased holdings by $71,000, while Curbstone Financial Management Corp, Llc, and RIA reduced their stakes. Hutchens & Kramer Investment Management Group LLC also increased its position.

Net Tilt: **Bullish** due to product launches and upgrades outweighing ownership reductions."
2025-03-24,37,"**Legal Issues & Investigations:** Multiple lawsuits and investigations (fraud, phishing scam, hack) are ongoing, **bearish**.

**Product Releases & Enhancements:** New products like iPhone 16 Pro Max, AirPods with cameras, and updates to existing products, **bullish**.

**Price Adjustments:** Price cuts on AirPods 4, iPhone 16e, and MacBook Air, **bearish**.

**Investments & Ownership Increases:** Apple investing in clean energy and multiple institutions increasing holdings, **bullish**.

**Analyst Actions:** Keycorp reiterates ""underweight"" with a $200 price target, **bearish**.

**Net Tilt:** Mixed signals, but **slightly bearish** due to legal issues and price cuts outweighing product launches and investment news."
2025-03-25,45,"**Product Launches/Bullish:** Apple unveiled multiple new products including iOS 18.4, M4-powered Mac Mini, Hearing Aid service, and announced plans for AI tools and a foldable iPhone. The company also launched five new products this year, including two new iPads and two new Macs.

**Ownership Changes/Mixed:** Multiple firms increased their stakes in Apple, while others decreased holdings. Notably, Ab increased its stake by 21.1%, contrasting with Bank’s 1.6% reduction.

**Analyst Actions/Bullish:** Wedbush maintained an “outperform” rating with a $325.00 target price.

**Price Adjustments/Bearish:** Apple cut iPhone prices in Israel and offered discounts on Mac mini M4.

**Legal Issues/Bearish:** Apple was sued alongside Google, and faced EU sanctions.

**Net Tilt:** Bullish due to numerous product launches and positive analyst actions outweighing ownership reductions and price cuts."
2025-03-26,40,"**Price Target Adjustments:** Bearish - Morgan Stanley downgraded AAPL’s price target to $252 from $275; Bullish - Evercore ISI upgraded AAPL’s price target to $275 from $260.

**Revenue and Sales:** Bearish - Apple faces iPhone sales slump in China; Bullish - Apple expands investment in China.

**Product Releases:** Bullish - Apple unveils M3 iPad Air & Magic Keyboard, launches iPhone 16 lineup in Indonesia on April 11, and introduces new hardware.

**Ownership Changes:** Mixed - LSV Asset Management increased holdings while Trust sold 3,106 shares and Gestion cut stock position.

**Earnings:** Mixed - Strong Q4 2024 financial results vs. losing $1 billion annually.

**Catalysts:** Bearish - Indonesia blocks iPhone 16; Bullish - Apple donates to coding education in China and partners locally for Apple Intelligence launch."
2025-03-27,41,"**Analyst Ratings:** JPMorgan upgrades AAPL to Overweight (Bullish).

**Product Reviews:** Positive reviews for MacBook Air and iPhone 16e (Bullish).

**Regulatory Actions:** Sales ban in Indonesia lifted, but Turkish competition board opens probe (Mixed).

**Executives/Appointments:** Vanessa Trigub named VP of retail stores (Bullish).

**Product Launches/Delays:** New Vitals app, macOS 15 release candidate, ProMotion display tech expected, partnership with MLB Network (Bullish); internal chip delays (Bearish).

**Ownership Changes:** Multiple firms increase holdings, some decrease (Mixed).

**Other:** Apple fined $152M previously, donations to Chinese institutions (Neutral)."
2025-03-28,28,"**Product Reviews:** Bullish. Positive reviews for MacBook Air M4, Air M3, and Powerbeats Pro 2 highlight product quality.

**Earnings:** Bullish. Reported 60% profit increase to $62.3 billion.

**Legal & Regulatory:** Mixed. Won patent infringement case against BillJCo; EU probe ongoing; expected minimal fines from EU.

**Ownership Changes:** Net Neutral. Increased positions by State Street Corp, Fmr LLC, and Geode Capital; decreased by others like Llc and Hunter Associates.

**Price Adjustments:** Bearish. Price cuts for iPhone 16e and 15 Pro Max in India."
2025-03-29,17,"**Product Updates & Enhancements:** Bullish. New iPad Air release and updates to Magic Keyboard, WhatsApp for iPhones, and promotional pricing on AirPods indicate product momentum.

**Price Adjustments:** Bearish. AirPods Max received a significant $180 price cut, suggesting pressure on high-margin products.

**Ownership Changes:** Mixed. Multiple firms increased holdings (China Universal Asset Management, Ab, Charles Schwab, Partners) while Verus Financial Partners decreased holdings. Net tilt slightly bullish.

**Analyst Ratings:** Neutral. Wedbush maintained ""outperform"" with a $325 target price.

**Stock Performance:** Bearish. Apple traded down 2.7%."
2025-03-30,29,"**Product Enhancements and Releases:** Bullish. Apple introduced a revamped iPad Pro with significant design changes, announced new Vitals app, and plans to release new iPad Pro and MacBook Pro later this year. Additionally, it launched watchOS 12 and a new MacBook Air.

**Analyst Actions:** Bullish. Evercore ISI upgraded Apple’s target price from $260.00 to $275.00.

**Ownership Changes:** Mixed. Multiple firms increased holdings (Bank of Kentucky, Ark Investment Management LLC, Llc, Inc.), while others decreased (Osborne Partners Capital Management LLC, Davenport & Co LLC).

**Cyber Attacks:** Bearish. Reports of iPhone and Apple ID hacks suggest cybersecurity issues.

**Investments:** Bullish. Apple invested $1 billion in AI hardware and has stakes in NVIDIA."
2025-03-31,58,"**Sanctions and Legal Issues:**
- **Bearish:** France fined Apple €150 million for antitrust violations. Additionally, Apple faces a $232 million CAD fine in France and a $1.8 billion fine from the European Commission. (Evidence: Multiple headlines confirm these fines.)

**Supply and Production Changes:**
- **Bullish:** Foxconn plans to double iPhone production in India, indicating increased manufacturing capacity. (Evidence: Headlines mention doubling production.)

**Product Launches and Enhancements:**
- **Bullish:** Apple is set to launch the M5 iPad Pro and roll out various software updates including iOS 18.4, visionOS 2.4, and macOS Sequoia 15. Additionally, there are rumors about a foldable iPhone in 2026 and enhancements like AI integration in the Health app. (Evidence: Multiple product release announcements.)

**Net Tilt:** Mixed, with significant legal headwinds offset by positive production and product news."
2025-04-01,53,"**Product Launches & Enhancements (Bullish):**
- Apple launches iOS 18.4, Vision Pro App, and new USB-C AirPods Max.
- New iPhone 16 series confirmed with potential iOS 19 release.

**Legal & Regulatory Issues (Bearish):**
- Lawsuit alleging contract breach and fraud.
- Autorité de la concurrence fines Apple €162M; French watchdog fines €150M; CNIL fines €8M over app practices.

**Ownership Increases (Bullish):**
- Multiple firms increase stakes in AAPL, including Ab, LLC, Inc., Geode Capital, Fmr LLC, and Partners.

**Price Adjustments (Bearish):**
- iPhone 16 Pro price cut in India; iPhone 16e price drop.

**Net Tilt:** Bearish due to multiple regulatory fines and legal issues outweighing product launches and ownership increases."
2025-04-02,40,"**Supply & Guidance:** Bullish. Apple plans to expand India output by 25%, indicating production optimism.

**Product Releases:** Bullish. Multiple product launches including iPhone 16 Plus, watchOS 11, and potential new iPad Pros.

**Analyst Actions:** Bullish. Evercore ISI upgraded price target to $275 from $260; Tigress Financial raised target to $300 from $295.

**Revenue:** Bullish. App Store revenue grew 15% YOY.

**Legal Issues:** Bearish. Hit with $5B class action lawsuit.

**Ownership Changes:** Mixed. State Street increased holdings, while Rheos Capital, Jennison Associates, and Adv reduced stakes.

**Stock Performance:** Bearish. After-hours drop of 7%; intraday slide up to 5.6%.

**Other:** Neutral. Various product updates and enhancements, mixed with some discontinued support services."
2025-04-03,58,"**Revenue & Earnings:** Bullish/Bearish mixed. Revenue growth is marginal (bearish); earnings miss (bearish).

**Price Target & Analyst Actions:** Bearish. BofA downgraded AAPL to $250 from $265.

**Product Releases:** Bullish. New M5 iPad Pro, MacBook Pro, and iPhone 16 models launched/released.

**Legal & Government:** Neutral/Bullish. Apple’s head cleared of bribery charges (bullish); EU may fine Apple (bearish).

**Supply & Production:** Bullish. Foxconn ramps up iPhone production; Apple increases production in India.

**Stock Performance:** Bearish. AAPL stock fell 9%, trading at $202.77, shedding $300B.

**Partnerships:** Bullish. Apple partners with State, Michigan State University, and Schroders Capital.

**Ownership Changes:** Mixed. Increased holdings by some investors, decreased by others."
2025-04-04,60,"**Bearish Signals:**
- **Revenue & EPS:** Morgan Stanley downgraded price target to $252 from $275; Bank of America cut target to $250 from $265; EPS forecast fell to $5.27 from $7.32.
- **Insider Sales:** CEO Timothy D. Cook, SVP Katherine L. Adams, and COO Jeffrey E. Williams sold shares.
- **Sanctions & Fines:** France fined Apple $132M; Brazil investigating potential penalties.
- **Stock Performance:** Apple lost $311B in value; stock tumbled, down 16.67% YTD.

**Bullish Signals:**
- **Product Launches:** New M3 iPad Air, iOS 19, iPhone 16 launched.
- **Earnings Guidance:** Q1 EPS expected at $1.61; full-year EPS forecast at $7.32.
- **Partnerships & Enhancements:** Air India partnership, Apple Music update.
- **Ownership Increases:** Vanguard, Charles Schwab increased holdings.

**Net Tilt:** Bearish due to multiple downgrades, insider sales, sanctions, and significant stock decline outweighing product launches and positive earnings guidance."
2025-04-05,27,"**Price Target Adjustments:** Bearish (BofA downgraded to $250), Bullish (Evercore ISI upgraded to $275, Maxim Group upgraded to $215).

**Product Updates:** Bullish (launch of cheaper iPhone in Israel, latest iPhone update).

**Ownership Changes:** Mixed (Fmr LLC, Lsv Asset Management, Proficio Capital, Ab increased holdings; LLC and Inc. decreased holdings).

**Cost Cuts:** Bullish (Apple has cut costs).

**Facility Expansion:** Bullish (potential expansion in Brazil).

**Stock Performance:** Bearish (trading down 7.3%-8.7%, opened at $188.38, lowest at $191.06).

**Analyst Ratings:** Neutral (Needham reissued ""buy"" with $260 target).

**Earnings Forecast:** Neutral (analysts predict EPS of 7.28 for FY).

**Net Tilt:** Mixed, slightly bearish due to multiple price target downgrades and stock performance."
2025-04-06,15,"**Product Release:** Mixed signals—Apple preparing to launch Apple Intelligence in China (bullish), but may delay iOS 18 release (bearish).

**Promotions:** Discounts on iPhone 15 Pro and 16 Pro Max in India (neutral).

**Ownership Changes:** Multiple firms increased holdings (bullish); Meritage reduced holdings (bearish). Net tilt slightly bullish.

**Analyst Actions:** Wedbush reaffirmed ""outperform"" with $325 price target (bullish); Tigress Financial upgraded target from $295 to $300 (bullish).

**Stock Performance:** Recent 14% drop over one week (bearish).

Net Tilt: **Bullish**."
2025-04-07,53,"**Price Target Downgrades & Stock Losses:** Bearish. Wedbush and Bank of America both downgraded AAPL, cutting price targets to $250 from $325 and $265 respectively. AAPL fell 5.3%, trading down to $182.71.

**Revenue & Supply Increases:** Bullish. iPhone sales surged, with exports doubling from India. Production ramping up globally to 25-30M units from 12-16M.

**Product Launches & Delays:** Mixed. New apps and features launched in India and Mac/Vision Pro, while a smart display was delayed.

**Legal & Regulatory:** Neutral. FBI issued warnings, but Apple won a legal battle against the UK Home Office.

**Ownership Changes:** Mixed. Insiders like Katherine Adams sold shares, while institutional investors like Geode Capital and State Street increased holdings."
2025-04-08,85,"**Bearish Signals:**
- **Price Target Downgrades:** Goldman Sachs cut PT to $242 from $294; Morgan Stanley to $220 from $252; Keybanc to $170.
- **Earnings Miss:** Apple will miss estimates.
- **Stock Decline:** Shares down 6.59% to $169.50.
- **Insider Sales:** CEO Timothy D. Cook and COO Jeffrey E. Williams sold shares.
- **Exports Guidance:** Apple may boost iPhone exports, but overall tone is negative.

**Bullish Signals:**
- **Product Enhancements & Releases:** New advanced chat feature for WhatsApp, MacBook Air M4 availability, new app, iPad announcement, Vision Pro 2 launch, Detroit manufacturing tech, potential Instagram iPad release.
- **Potential Price Increases:** iPhone prices up 45%, speculation of further increases.

**Net Tilt:** Bearish due to multiple downgrades, earnings miss, and insider sales outweighing product enhancements and potential price hikes."
2025-04-09,57,"**Price Targets Downgraded:** KeyCorp and Morgan Stanley lowered their price targets on Apple to $170 and $220 respectively, from $200 and $252 previously (Bearish).

**Earnings Guidance Negative:** Apple’s fiscal 2025 earnings could fall, with potential annual losses up to $33 billion (Bearish).

**Analyst Ratings Mixed:** Jefferies upgraded Apple to 'Hold' from 'Underperform', while other analysts like KeyCorp and Bank of America downgraded (Net Bearish).

**Revenue Positive:** Apple reported record quarterly sales in India (Bullish).

**Product Launches:** The iPhone 16e was released, and new iPhones are expected this year (Neutral).

**Stock Performance:** Apple shares tumbled to an 11-month low but rebounded with a 27-year high single-day gain (Mixed).

**Investment and Ownership Changes:** Apple announced a $500 billion investment in the US, while various investors increased or decreased holdings (Mixed)."
2025-04-10,38,"**Price Targets & Ratings:**
- Bearish: Wedbush downgraded price target from $325 to $250; Exane lowered from $225 to $180.
- Neutral: Jefferies upgraded to ""hold"" from ""underperform""; Rosenblatt maintained ""buy"" with $263 target.
- Bullish: Tigress Financial raised target from $295 to $300.

**Product News:**
- Bullish: New iPhone series announced for September; foldable iPad and devices planned for 2026.
- Mixed: Product reviews positive (Powerbeats Pro 2); price cuts noted (iPhone 16, AirPods Max).

**Legal & Ownership:**
- Bearish: Legal issues in Brazil and Canada; insider sale by SVP Katherine Adams.
- Bullish: Increased ownership by State Street, Spx Gestao, Ark Investment, and management.

**Revenue & Supply:**
- Bullish: Sales surged on Saturday; production setup for iPhone.
- Bearish: Stock performance weak (down 23% YTD, 4% post earnings); supply guidance unclear.

**Net Tilt:** Mixed, leaning slightly bearish due to multiple downgrades and legal issues."
2025-04-11,35,"**Price Targets & Ratings:**
- **Bearish:** Needham downgraded Apple’s price target to $225 from $260; Bank of America lowered it from $265 to $250.
- **Bullish:** Jefferies upgraded Apple to “Hold.”

**Product Releases & Enhancements:**
- **Bullish:** Official launch of ‘Apple Intelligence’ and iPhone 16 in Indonesia; revamp of Siri features planned for fall.
- **Bearish:** Siri features delayed.

**Legal & Insider Activity:**
- **Bearish:** Hit with additional class action lawsuits; COO Jeffrey E. Williams sold shares.

**Price Changes:**
- **Mixed:** Price increases globally, but iPhone 13 price drops in India; Apple TV+ price slashed in UK.

**Ownership Changes:**
- **Mixed:** Various investors increasing or decreasing positions; mixed insider activity.

**Net Tilt:** Bearish due to multiple downgrades and legal issues, offset slightly by product launches and upgrades."
2025-04-12,27,"**Price Target Downgrade:** Bearish; KeyCorp downgraded Apple’s price target from $200.00 to $170.00.

**Product Launches & Cuts:** Mixed; iPhone 16 Plus launched in India, while multiple price cuts on iPhone 16 Pro, iPad 10, and iPhone 15 Plus indicate demand concerns. 

**Legal Issues:** Bearish; Apple faces numerous lawsuits in California.

**Analyst Actions:** Mixed; Citigroup maintained a “buy” rating, while KeyCorp downgraded the price target. Ownership increased by Fmr LLC and Advisors, but decreased by HTLF Bank, OMC Financial Services LTD, Ma, and Stone Summit Wealth LLC.

**Stock Performance:** Mixed; Apple’s stock gained 4.1%, but also saw a 22% drop at one point."
2025-04-13,24,"**Morgan Stanley downgraded Apple’s target price to $220 from $252, bearish.** Apple introduced performance upgrades to MacBook Air, bullish. Sales in India hit nearly $8B, bullish. iPhone production increased in India, bullish. However, iPhone 16 Pro and iPhone 15 saw price cuts due to Amazon deals, bearish. Various entities increased holdings in AAPL, slightly bullish. Needham maintained a “buy” rating with a $260 target, neutral. Inc. sold shares, bearish. Overall, mixed signals with net tilt slightly **bearish**."
2025-04-14,77,"**Price Targets Downgraded:** Multiple firms downgraded AAPL price targets: Wedbush to $250, DA Davidson to $230, Citigroup to $245, JPMorgan to $245 (bearish).

**Revenue & Earnings:** Revenue expected to increase, Q1 earnings beat projections, Mac revenue surged 15.5%, EPS up 10% YOY, but 2025 EPS forecasted to fall 28% (mixed).

**Analyst Actions:** KeyBanc upgraded to hold (bullish), multiple downgrades (bearish).

**Supply & Production:** Focus on India production ramp-up, increased iPhone production in India/Vietnam (bullish).

**Product Updates:** New iPadOS release, Apple Maps beta, iPhone 15 pricing adjustments, software overhaul (neutral).

**Insider Activity:** SVP Adams and CEO Cook sold shares (bearish).

**Stock Performance:** Shares rallied post-Trump, recovered from dip, but also tumbled 23% (mixed).

**Net Tilt:** Bearish due to multiple downgrades and insider sales outweighing positive earnings and production news."
2025-04-15,57,"**Price Target Downgrades:** Multiple firms downgraded AAPL’s price targets: Da Davidson ($230 from $290), Citigroup ($245 from $275), JPMorgan Chase & Co. ($245 from $270), Evercore ISI ($250 from $275), and Bank of America ($250 from $265). **Bullish:** KeyCorp upgraded AAPL from “underweight” to neutral. **Bearish:** Executives Rogers and enterprise sales VP departed. **Neutral:** Mixed ownership trends with Vanguard, Geode, Oh, and P. increasing holdings while Texas and Index Fund Advisors reducing stakes. **Bullish:** Apple stock gained significantly, peaking at $33, with five consecutive days of gains. **Mixed:** Product releases and enhancements like iOS 18.5, iPadOS 18, and new Beats cables vs. iPhone 16 Plus price drop. **Bullish:** Supply increase in iPhone production and partnerships with LG Display and Samsung for foldable iPhones. **Bearish:** Rumors of exiting China."
2025-04-16,42,"**Revenue and Earnings:**
- Bullish: Global smartphone sales boost Apple’s performance (revenue-up).
- Bearish: Wedbush downgrades FY2025 EPS estimates (earnings-per-share-estimate-downgrade).
- Bullish: KeyCorp upgrades Q2 2025 EPS estimates (earnings-per-share-estimate-upgrade).

**Product Releases and Enhancements:**
- Bullish: Multiple product launches including foldable devices, iOS 18.4, macOS 15, and HomePod (product-release).
- Neutral: Speculation on future iPhone and foldable device launches (product-release-opinion).

**Legal and Regulatory:**
- Bearish: Legal challenges in Washington and UK (legal-issues-defendant).

**Ownership Changes:**
- Mixed: Increased ownership by several firms (ownership-increase-held) vs. decreased by others (ownership-decrease-held).

**Analyst Actions:**
- Neutral: Needham maintains “buy” rating with $225 price target (analyst-ratings-change-neutral).

**Net Tilt:** Mixed, leaning slightly bullish due to positive revenue trends and product launches outweighing legal and analyst downgrade concerns."
2025-04-17,31,"**Product Launches/Catalysts:**
- **Bullish:** Expected iPhone 17 and new Apple TV 4K launches in 2025 (multiple sources).
- **Bearish:** M2 chip price drop (1 source).

**Supply Changes:**
- **Bullish:** Increased iPhone and iPad production (2 sources).

**Price Adjustments:**
- **Bullish:** Potential iPhone price hikes (2 sources).
- **Bearish:** Current promotions and discounts on existing models (2 sources).

**Analyst Actions:**
- **Mixed:** Wedbush downgrades EPS estimates; Tigress Financial raises price target from $295 to $300; Rosenblatt and Evercore maintain positive ratings (3 sources).

**Ownership Changes:**
- **Mixed:** Significant increases in stake by LLC and State Street Corp; decreases by Stanley Laman Group and AFT Forsyth & Co (4 sources).

**Net Tilt:** Mixed signals with slight bullish bias due to product launches and supply increases."
2025-04-18,27,"**Bearish Signals:**
- **Price Target Downgrades:** Morgan Stanley downgraded from $252.00 to $220.00; Citigroup from $275.00 to $245.00.
- **Earnings Estimate Downgrade:** DA Davidson reduced FY2025 EPS estimates.
- **Market Share Loss:** Apple lost 9% market share.
- **Demand Decrease:** iPhone demand dipped in China.
- **Revenue Decline:** iPhone sales dropped 9%.
- **Legal Issues:** Apple challenged a claim.
- **Ownership Decrease:** Counsel and Vontobel Holding cut positions.

**Bullish Signals:**
- **Product Review Positive:** IPhone 16e received positive reviews.
- **Supply Increase:** Apple ramped up iPhone and iPad production.
- **Ownership Increase:** Multiple firms increased stakes in Apple.
- **Stock Gain:** Apple rose 1.4%.

**Net Tilt:** Bearish due to multiple analyst downgrades, revenue declines, and legal issues outweighing positive product reviews and increased ownership."
2025-04-19,15,"**Price Target Downgrades:** Da Davidson downgraded Apple’s price target from $290 to $230; JPMorgan Chase reduced it from $270 to $245 (Bearish).

**Product Launch:** Apple launched new products (Bullish).

**Stock Price Movement:** Apple’s stock price increased (Bullish).

**Promotions:** Massive discount on iPhone 16 Pro Max (Bullish).

**Ownership Changes:** Australiansuper boosted stake by 26.5%, while multiple firms reduced stakes (Mixed, Net Tilt Bearish).

**Analyst Forecasts:** Analysts issued forecasts for FY2026 earnings (Neutral)."
2025-04-20,10,"**Product Releases:** Bullish. Series 5G launching April 29; iPhone 2026; foldable handset by year-end 2026.

**Ownership Increases:** Bullish. LLC increased holdings by 25,285.2%, Hartford Investment Management Co. increased stake by 3.6%, Spx Gestao de Recursos Ltda acquired new stake worth $71,000.

**Analyst Ratings:** Neutral. Needham & Co. reiterated ""buy"" with $225 target price.

**Stock Performance:** Bullish. AAPL share price up 1.3%.

Signals are predominantly bullish with no conflicting evidence."
2025-04-21,34,"**Revenue & Guidance:** Bullish; Apple expects Q2 FY25 revenues to rise in low double digits. Bearish; analysts downgrade price targets to $141 from $184.

**Market Performance:** Bearish; Apple shares tumbled nearly 30%, with a 21% YTD dip. Bullish; shares recovered 3.4%.

**Product News:** Bullish; foldable iPhone launch planned for next year. Bearish; iPhone 15 Plus price cut by Rs 8,410.

**Legal & Ownership:** Bearish; multiple lawsuits against Apple. Mixed; ownership increases by some funds offset by decreases from others.

**Earnings:** Bearish; FY25 earnings down 1.1% to $7.18."
2025-04-22,39,"**Analyst Actions:** Bullish - Huatai Securities initiated with a Buy; Neutral - Morgan Stanley maintained Overweight, Goldman Sachs reaffirmed Buy. Bearish - Citigroup, Morgan Stanley, and Bank of America downgraded price targets to $245, $220, and $250 respectively.

**Earnings & Guidance:** Bearish - Wedbush cut full-year EPS estimates.

**Product News:** Bullish - iPhone 15 release, rumours of iPhone 17 launch; Neutral - iOS 18.5, macOS Sequoia 15 releases.

**Legal & Sanctions:** Bearish - EU fined Apple and Meta; Neutral - iPhone lawsuit.

**Ownership Changes:** Bullish - Multiple firms increased stakes; Bearish - J.P. Marvel Investment Advisors LLC decreased holdings.

**Price Movements:** Bearish - Shares dropped 19% post-tariff announcement; Mixed - Rumours of price spikes vs. actual cuts.

**Net Tilt:** Mixed signals with overall slightly bearish tilt due to multiple downgrades and legal issues."
2025-04-23,68,"**Analyst Actions:** Multiple downgrades; Da Davidson, Wedbush, Wells Fargo, UBS, and JPMorgan all lowered price targets, indicating **bearish** sentiment.

**Revenue/Earnings:** Revenue tripled since 2021, and Q4 reported $36.33B in net income, showing **bullish** performance.

**Sanctions/Fines:** EU fined Apple €500M and potentially €700M, with US calling these fines ""economic extortion,"" signaling **bearish** regulatory pressure.

**Legal Issues:** Facing multiple antitrust lawsuits and ongoing EU investigations, adding **bearish** risk.

**Product Updates:** iPhone 17 leaks suggest new design, but AI features for Siri were delayed, mixed signals with slight **bullish** tilt on product innovation.

**Stock Performance:** Up 53% YTD but down 23% recently, conflicting **mixed** signals.

**Insider Trading:** COO Jeffrey E. Williams sold shares, indicating **bearish** insider activity.

**Net Tilt:** **Bearish**, due to multiple downgrades, sanctions, and legal issues outweighing positive revenue and earnings reports."
2025-04-24,34,"**Revenue and Earnings:** Bullish. Expected strong revenue growth and earnings beat with $2.36 EPS and $391B revenue.

**Analyst Actions:** Bearish. UBS downgraded price target from $236 to $210; BofA cut target from $250 to $240 and again to $240.

**Product News:** Mixed. Positive reviews for Apple Watch Series 10; iPhone 16 demand up, but iPhone 15 prices cut.

**Sanctions:** Bearish. EU fined Apple $570M under Digital Markets Act.

**Supply and Production:** Bullish. Apple plans to boost iPhone production.

**Ownership Changes:** Mixed. Multiple firms increased stakes, while others decreased holdings.

**Stock Performance:** Bearish. Year-to-date, Apple stock fell 18%, though it recently rose 3.5%.

**Net Tilt:** Bearish. Downgrades and sanctions outweigh positive product reviews and increased production."
2025-04-25,29,"**Sanctions & Fines:** EU fines Apple €500m; Meta also penalized (Bearish).

**Analyst Actions:** DBS upgrades Apple to Hold from Fully Valued (Bullish); Rosenblatt maintains Buy with $263 target (Neutral).

**Supply & Production:** Apple plans to double annual iPhone output (Bullish).

**Legal Developments:** Legal claim against Apple dismissed (Bullish); some funds reduce stakes while others increase (Mixed).

**Product & Pricing:** iPhone 16 Pro Max price cut in India (Bearish); promotional discounts offered (Bearish).

**Market Movements:** Shares fell post-fine announcement (Bearish); opening price at $208.37 (Neutral).

**Earnings & Guidance:** Q2 earnings release scheduled for May 1 (Neutral)."
2025-04-26,24,"**Price Target Downgrades:** UBS cut price target from $236.00 to $210.00 (bearish); JPMorgan lowered from $270.00 to $245.00 (bearish); Bank of America reduced from $250.00 to $240.00 (bearish).

**Insider Sell:** CFO Kevan Parekh sold 4,570 shares (bearish).

**Ownership Increases:** Multiple institutions increased holdings or initiated positions (bullish).

**Ownership Decreases:** Some institutions reduced stakes (bearish).

**Analyst Rating:** Needham maintained ""buy"" with $225.00 target (neutral).

**Net Tilt:** Bearish due to multiple downgrades and insider sell, offset by institutional buying."
2025-04-27,16,"**Price Target Downgrades:** UBS cut target from $236 to $210; Morgan Stanley from $252 to $220; Goldman Sachs from $259 to $256 (bearish).

**Product Launches & Anticipations:** MacBook Air M4 launched in March; iPhone 17 and dozens of other products expected before 2026 (bullish).

**Ownership Increases:** Multiple firms increased stakes or initiated positions in AAPL (bullish).

**Price Cuts:** AirPods 4 price slashed (bearish).

**Trading Performance:** Traded as low as $206.20, closed at $207.44 (bearish).

**Net Tilt:** Mixed signals with more bearish indicators from downgrades and price cuts outweighing bullish product launches and ownership increases."
2025-04-28,46,"**Earnings & Analyst Actions:**
- **Bullish:** Apple exceeded earnings forecasts. (Ess=0.7)
- **Bearish:** Wedbush downgraded price target from $325 to $250. (Ess=-0.82)
- **Bearish:** Citigroup downgraded price target from $275 to $245. (Ess=-0.8)
- **Bullish:** One firm upgraded price target from $220 to $235. (Ess=0.66)
- **Mixed:** Warren Buffett reportedly sees Apple as best stock to buy. (Ess=0.72)

**Sanctions & Legal:**
- **Bearish:** Apple fined EUR500M for App Store practices. (Ess=-0.57)
- **Bearish:** EU fined Apple and Meta €800M. (Ess=-0.57)
- **Bearish:** Previous EU fine of €1.8B. (Ess=-0.48)

**Product News:**
- **Bullish:** Advanced Siri features set for 2026. (Ess=0.52)
- **Neutral:** iPhone 16 models released in Sept 2024. (Ess=0.52)
- **Neutral:** iPhone SE launching late winter. (Ess=0.52)
- **Bearish:** iPhone 1"
2025-04-29,33,"**Price Target Adjustments:** Raymond James downgrades Apple to $230 from $250 (bearish); Morgan Stanley upgrades to $235 from $220 (bullish).

**Product News:** Google’s Gmail redesign for iPhone (neutral); Vision Pro Air potentially launching in 2026 (bullish); foldable iPhone in 2027 (bullish); new web feature ""Snapshot"" (bullish).

**Regulatory & Legal:** Ed and India question Apple (bearish); Apple beats claim (bullish).

**Insider Activity:** CFO Kevan Parekh sells shares (bearish); mixed ownership changes with increases by some firms and decreases by others (net neutral).

**Earnings & Guidance:** Q1 earnings report on May 1 (neutral).

**Net Tilt:** Mixed signals with slight bullish bias due to product launches and legal wins, offset by regulatory scrutiny and insider selling."
2025-04-30,64,"**Price Target Downgrades:** Multiple firms downgraded AAPL targets: Da Davidson ($230 from $290), UBS ($210 from $236), Barclays ($173 from $197), JPMorgan ($245 from $270), Loop Capital ($215 from $230), Capital ($215), and Bank of America ($240 from $250). **Bullish:** Morgan Stanley upgraded target to $235 from $220.

**Revenue and Earnings:** Q1 iPhone sales declined to $69.14B, missing revenue estimates, but Q3 is expected to beat. Revenue growth forecast at 4.1% YOY to $94.45B. **Mixed:** Revenue met expectations in one report.

**Exports and Production:** iPhone exports surged 219% in March, but overall exports remain high at 97.6%. Apple increased production and opened a new factory in India. **Bullish:** Export surge suggests strong demand.

**Guidance and Sanctions:** Forward guidance suspended post-Q1. EU fined Apple €350m. Lower demand anticipated. **Bearish:** Guidance suspension and sanctions.

**Product Releases:** Apple Pay and iPhone 17 series launch planned. **Bullish:** New product launches.

**Insider Activity and Ownership Changes:** CFO Kevan Pare"
2025-05-01,167,"**Revenue & Earnings:** Bullish. Apple exceeded Q2 revenue and earnings estimates, with strong iPhone sales and a positive Q3 revenue outlook. However, China sales and iPhone unit sales missed expectations.

**Analyst Actions:** Bearish. Wedbush and Raymond James downgraded AAPL, reducing targets to $250 and $230 respectively, while Loop Capital lowered its target to $215.

**Supply & Demand:** Mixed. iPhone supply grew 13%, but sales from China declined. iPad sales are expected to rebound.

**Legal:** Bearish. Epic Games won a legal battle against Apple.

**Net Tilt:** Bearish due to analyst downgrades and legal setbacks, despite strong earnings and revenue beats."
2025-05-02,138,"**Analyst Actions:** Jefferies downgraded Apple to Underperform with a price target reduced to $230 from $260. Baird lowered their price target to $230 from $260. Maxim Group cut their price target to $201 from $215. Td Cowen reduced their price target to $275 from $290. Citi cut their price target to $240. Rosenblatt Securities downgraded to Neutral from Buy. Ives upgraded price target to $270. **Net Tilt:** Bearish.

**Earnings & Revenue:** Apple reported better-than-expected earnings of $1.53 EPS, exceeding forecasts. Revenue grew, driven by iPhone ($46.8bn) and services at an all-time high. However, revenue guidance was mixed, with projections for low-to-mid single-digit growth and a decline in China. **Net Tilt:** Bullish.

**Catalysts:** Apple announced a $100bn buyback program. CEO Tim Cook unveiled new MacBook Air and Mac Studio models. The company plans to launch AI services in China soon. **Net Tilt:** Bullish.

**Other:** Apple’s capital expenditure increased to $2.58B. Legal verdict favored Apple in a suit. Cyber-attacks on iPhones were reported. **Net Tilt:** Mixed."
2025-05-03,25,"**Earnings & Analyst Actions:** Apple exceeded Q1 expectations but faced multiple downgrades. Barclays cut PT to $173, Raymond James to $230, and TD Cowen to $275. Wedbush and Scotiabank downgraded ratings to neutral and market perform respectively.

**Product Updates:** New iPad Air debuted, and a new MacBook Pro is set for later this year. Apple will release a new song next week and teams up with Anthropic for an AI coding tool.

**Ownership Changes:** Mixed ownership signals with funds increasing holdings (2.7% increase, 25,285.2% boost), while PA trimmed its stake.

**Net Signal:** Bearish due to downgrades and mixed ownership signals, despite earnings beat and product launches."
2025-05-04,22,"**Price Target Upgrades:** Da Davidson raised PT to $250.00; Morgan Stanley to $235.00. **Downgrades:** Loop Capital lowered PT to $215.00; Goldman Sachs to $256.00. **Analyst Ratings:** Neutral at Rosenblatt Securities; Jefferies reaffirmed Underperform; Needham reaffirmed Buy. **Product Launches:** 6 new iPhones in 2026; iPhone model in 2027. **Ownership Changes:** Increased by major investors like Vanguard, Geode Capital, and Inc.; decreased by Impax Asset Management, Synergy Financial Group. **Stock Performance:** Traded at $206.68, down 3.7%. **Net Tilt:** Mixed signals with some upgrades and launches offsetting downgrades and stock decline."
2025-05-05,84,"**Earnings & Guidance:** Bullish; Apple beat Q1 CY2025 EPS expectations, though Wedbush downgraded Q3 2025 EPS estimates. **Price Targets:** Bearish; Phillip Securities and UBS lowered targets to $200 and $210 from $235 and $236 respectively. **Product Releases:** Bullish; Apple unveiled new Pride Edition watches and plans multiple iPhone launches, including foldables by 2026. **Legal Issues:** Mixed; won a legal battle but faces new class-action suits. **Supply & Buybacks:** Bullish; ramping up iPhone production in India by $40B and approved a $100B stock repurchase program. **Net Tilt:** Neutral to Slightly Bullish."
2025-05-06,48,"**Earnings & Revenue:** Bullish; Apple beat earnings expectations and saw iPhone sales and App Store revenue rise, though overall US smartphone sales dipped 2%. Bearish; Apple faces a $900M quarterly loss and increased costs.

**Analyst Actions:** Bearish; Citigroup, JPMorgan, Raymond James, and Bank of America downgraded AAPL with lower price targets ($230-$245).

**Legal Issues:** Bearish; court rulings and ongoing litigation against Apple continue.

**Product Updates:** Mixed; iPhone 17 unveiling planned, but potential delays noted. Price cuts and new features also announced.

**Ownership Changes:** Mixed; significant increases by some funds offset by decreases from others.

**Net Tilt:** Bearish due to multiple downgrades and financial headwinds outweighing positive earnings and product news."
2025-05-07,46,"**Market Share & Sales:** Bearish. Apple’s market share fell by 8%, and smartwatch sales declined (19% YoY).

**Analyst Actions:** Mixed. Barclays downgraded to $173, Raymond James to $230, Loop Capital to $215, TD Cowen to $275, Scotiabank to “market perform,” and Wedbush to “neutral.” Da Davidson upgraded to $250.

**Product News:** Bullish. New Pride-themed products, bigger display in 2027, and potential Apple Watch Series 11 launch. Safari revamp planned.

**Partnerships:** Neutral. Apple partners with Anthropic, integrates ChatGPT into Siri, and boosts AirPods production.

**Stock Performance:** Bearish. Stock price fell after earnings miss and market share loss.

**Supply Changes:** Neutral. Potential increase in AirPods production.

**Net Tilt:** Bearish."
2025-05-08,26,"**Product Releases & Developments:** Bullish. Apple introduced the Pride Edition Watch and plans to roll out iOS 18. Analysts suggest smart glasses within two years (ESS 0.52). However, sales of the Apple Watch dropped (ESS -0.68).

**Analyst Actions & Price Targets:** Bullish. Morgan Stanley upgraded Apple’s price target from $220.00 to $235.00 (ESS 0.66).

**Buybacks & Ownership Changes:** Mixed. Apple approved a share repurchase plan (ESS 0.59). Multiple firms increased holdings, while others decreased (NET ESS ~0.03).

**Financial Performance & Guidance:** Bearish. Apple Watch sales declined (ESS -0.68). Year-to-date, stock has fallen 18%, opening at $196.26 (ESS -0.32). Additional $900M costs expected (ESS 0.0).

**Partnerships & Legal Issues:** Mixed. Partnerships with EA Sports and ChatGPT (ESS 0.49). Apple appeals a $570M antitrust fine (ESS -0.42)."
2025-05-09,28,"**Product Developments & Enhancements (Bullish):**
- Redesigned Siri and iPadOS 19 release planned.
- Vision Pro release and new ad campaign.
- iOS 19 beta release with new features.

**Analyst Actions (Bearish):**
- Monness Crespi & Hardt downgraded price target from $260 to $245.
- Bank of America downgraded price target from $250 to $240.

**Ownership Changes (Mixed):**
- Bullish: Spx Gestao, UBS, Strategists, Proficio Capital increased stakes.
- Bearish: Multiple firms sold shares.

**Other News (Neutral):**
- MacBook Air M4 positive review.
- Apple acquired Mayday Labs.
- Board approved $100B buyback plan.
- Amazon slashed prices on M4.
- Apple seeks halt on court case."
2025-05-10,18,"**Analyst Actions:** Barclays downgraded Apple to a lower price target of $173.00 (bearish); Raymond James and Td Cowen both lowered targets to $230.00 and $275.00 respectively (bearish); Da Davidson upgraded to a higher target of $250.00 (bullish); Wedbush and Scotiabank downgraded ratings to neutral (bearish); Needham maintained a buy rating with a $225.00 target (neutral).

**Supply and Production:** Apple plans to double iPhone production (bullish); MacBook Air M4 prices cut (bearish).

**Ownership Changes:** Multiple firms increased holdings (Pa, LLC, PBC) (bullish); some decreased holdings (LLC, Capital Advisors) (bearish).

**Revenue and Dividends:** Apple’s China revenue declined by 8% (bearish); announced a quarterly dividend (neutral).

**Facility Relocation:** Moving iPhone production from China to India (neutral).

**Net Tilt:** Mixed signals with a slight net bearish tilt due to multiple downgrades and revenue decline."
2025-05-11,17,"**Earnings & Revenue:** Bullish; EPS beat consensus, net income at $24.78B, but smartwatch sales are plunging (-0.68).

**Analyst Actions:** Bearish; UBS downgraded AAPL to $210 from $236.

**Product Launches:** Bullish; iPhone 16 Pro now available (+0.52).

**Legal Settlement:** Neutral; reached $95M settlement (+0.46).

**Ownership Changes:** Mixed; multiple firms increased holdings while some reduced stakes, netting slightly positive (+0.18).

**Price Target:** Bearish; UBS lowered target price to $210 from $236.

**Net Tilt:** Bearish."
2025-05-12,85,"**Exports:** Bullish; iPhone exports from India surged 116% in April.

**Analyst Actions:** Bearish; Monness Crespi & Hardt downgraded Apple’s price target from $260 to $245, and China Renaissance adjusted it from $248 to $239.

**Legal Issues:** Bearish; Apple lost a legal battle against Epic Games and faces a lawsuit from France.

**Acquisitions & Executives:** Mixed; Apple acquired a Canadian startup (bullish), but its Western Europe top executive departed (bearish).

**Product Releases:** Bullish; Apple plans multiple product launches including foldable iPhones, curved-display smartphones, and potential smart glasses in 2027. It also released iOS 18.5, iPadOS 18, and macOS 15.5.

**Stock Performance:** Bullish; Apple stock is surging, with gains attributed to various reports and reorganizations.

**Price Changes:** Bearish; there are indications Apple might raise iPhone prices.

**Insider Trading:** Bearish; Counsel LLC sold 8,715 shares of Apple. 

**Net Tilt:** Mixed, but slightly bearish due to legal setbacks, price target downgrades, and insider selling."
2025-05-13,35,"**Revenue & Buybacks:**
- **Bearish:** Revenue in China declined.
- **Bullish:** Board approved $100 billion share repurchase program.

**Product Releases & Enhancements:**
- **Bullish:** Preparing to unveil iOS 19, MacBook Air (March 2025), iPhone 17 (fall 2025).
- **Bearish:** Siri digital assistant delayed.
- **Neutral:** Multiple updates (iOS 18.4, 18.5, iPadOS 18).

**Partnerships:**
- **Bullish:** Apple partners with Synchron, Universal Music Group.

**Settlements & Lawsuits:**
- **Neutral:** Settled $95M Siri class-action lawsuit.

**Price Adjustments:**
- **Bearish:** iPhone 16e price drop, iPhone 16 prices cut in China, Beats Studio Buds dropped to $99.

**Analyst Actions & Ownership Changes:**
- **Neutral:** Average target price $235.80; Proficio Capital Partners LLC increased stake by 23,555.4%, Vanguard raised holdings by 0.4%.

**Net Tilt:** Mixed, with some bullish signals (new product launches, partnerships, buybacks) offset by bearish ones (revenue decline, price cuts, delays)."
2025-05-14,49,"**Bearish Signals:**
- **Downgrades:** Barclays downgraded AAPL to $173 from $197; Loop Capital cut to $215 from $230; TD Cowen reduced to $275 from $290.
- **Revenue Drop:** China sales plunged 50%.
- **Market Share Loss:** Market share dropped to 14.1%.
- **Product Delays:** Fortnite iOS launch delayed.
- **Discontinuations:** Project Titan killed.
- **Price Increase:** Most important product saw a price hike.
- **Ownership Decrease:** Patten Group Inc. lowered holdings.

**Bullish Signals:**
- **Upgrades:** Da Davidson upgraded to $250 from $230.
- **Buybacks Approved:** Board approved a stock buyback plan.
- **Ownership Increase:** Multiple firms increased stakes in AAPL.
- **Product Enhancements/Launches:** Various new models, features, and services announced.

**Net Tilt:** Mixed, with more bearish signals."
2025-05-15,41,"**Analyst Actions & Price Targets:** Scotiabank downgraded Apple to ""market perform"" (bearish); Bank of America cut price target from $250 to $240 (bearish).

**Supply Guidance:** Conflicting reports on production—Apple reducing (bearish) vs. boosting U.S. and stopping Indian expansion (bullish).

**Product Releases:** Multiple product rollouts including CarPlay Ultra and Apple TV+ series (neutral-bullish).

**Insider Activity & Ownership Changes:** Insider Chris Kondo sold shares (bearish); some institutions increased holdings while others decreased (mixed).

**Revenue & Market Share:** iPad sales up 14%, Apple’s market share grew (bullish).

**Net Tilt:** Mixed signals with slight net bearish tilt due to analyst downgrades and insider selling."
2025-05-16,48,"**Product Outages:** Bearish. Apple Pay experienced widespread outages, impacting user transactions.

**Product Launches:** Bullish. Apple officially launched CarPlay and is expected to release iPhone 17 this September, along with updates like iOS 19 and new camera controls.

**Buybacks:** Bullish. Apple approved a $100 billion share repurchase program.

**Settlements:** Neutral. Apple agreed to pay $95 million to settle privacy allegations related to Siri.

**Ownership Changes:** Mixed. Multiple firms increased their stakes in AAPL, while Welch & Forbes LLC decreased its stake. Net tilt slightly bullish."
2025-05-17,28,"**Product Releases & Enhancements (Bullish):** Apple launched a new music transfer tool, unveiled iOS 19, and is expected to release new iPhones in fall. It also partnered with Alibaba for AI services in China.

**Analyst Actions (Bearish):** Monness Crespi & Hardt downgraded Apple’s price target from $260 to $245. Wedbush maintained an ""outperform"" rating with a $270 target.

**Market Share & Regulatory (Bearish):** Apple is losing market share and faces scrutiny from the Trump administration.

**Ownership Changes (Mixed):** Multiple firms increased stakes (Cardano Risk Management, Zurich), while others decreased (Evergreen Private Wealth LLC, Camden National Bank, Andra AP fonden, Advisors, Marco Investment Management, Greenwoods Asset Management).

**Stock Performance (Bearish):** Apple traded down 0.1%, hitting a low of $209.54."
2025-05-18,27,"**Bullish Signals:**
- **Analyst Ratings:** Needham & Company LLC reiterated a ""buy"" rating with a $225.00 target price; Morgan Stanley maintained an ""overweight"" rating.
- **Partnerships:** Apple partnered with Alibaba on AI and hired Google’s AI head.
- **Facility Upgrades:** Boosted India’s factory and set to open another plant.
- **Ownership Increases:** Multiple institutions increased stakes, including Llc, United Community Bank, Amundi, State Street Corp, Charles Schwab Investment Management Inc., Fmr LLC, and Holdings Inc.

**Bearish Signals:**
- **Revenue Guidance:** Saw lower sales.
- **Price Target Downgrades:** UBS cut target from $236.00 to $210.00; Goldman Sachs lowered from $259.00 to $256.00.
- **Ownership Decreases:** Schaper Benz & Wise Investment Counsel Inc. and another institution sold shares.

**Net Tilt:** Mixed, leaning slightly bearish due to revenue guidance and multiple downgrades."
2025-05-19,35,"**Revenue & Guidance:** Sales from China fell, bearish. Loop Capital, Td Cowen, and Bank of America downgraded price targets, bearish. Apple increased production guidance, bullish.

**Legal & Sanctions:** Fined $93,500 by Russian court, bearish. Epic Games lawsuit ongoing, bearish. Resolved Fortnite dispute, bullish.

**Product Releases:** New CarPlay, camera-equipped AirPods, iPadOS 17 launched, bullish. Price cuts on iPhones, bearish.

**Partnerships & Market Entry:** Partners with Alibaba and OpenAI, bullish. Expanding in India, bullish.

**Ownership Changes:** Enterprise Financial Services Corp and UBS increased stakes, bullish. Apple acquired 36,187 shares, bullish. Frontier Asset Management LLC acquired shares, bullish.

**Stock Performance:** Shares down 1.5% in premarket, bearish. Opened at $211.26, neutral.

**Net Tilt:** Mixed signals, slightly bearish due to revenue decline, multiple downgrades, and legal issues."
2025-05-20,31,"**Product Releases & Enhancements:** Bullish. Apple debuted the Vision Pro and rolled out refurbished iPad Air models, with plans to unveil iOS 19 and a major software overhaul. Additionally, it released firmware updates for USB-C AirPods Max and premium headphones.

**Buybacks & Ownership Increases:** Bullish. Apple approved a $100B share repurchase plan, while multiple investors increased their stakes in AAPL.

**Downgrades & Penalties:** Bearish. Raymond James downgraded AAPL to $230 from $250, and the company faces severe penalties and previous fines.

**Settlements:** Neutral. Apple settled two cases related to Siri, paying $95M in total.

**Net Tilt:** Mixed, but slightly bullish due to product launches and buybacks outweighing the downgrade and penalties."
2025-05-21,24,"**Product Reviews & Launches:** Bullish. Positive iPhone 16 Pro review; iOS 19 launch date announced.

**Revenue & Popularity:** Bullish. High iPhone sales; Apple Pay gaining traction; leading global wireless headphone sales.

**Stock Performance & Analyst Actions:** Bearish. Stock fell 1.9%, opening at $206.86; Monness Crespi & Hardt downgraded target price to $245 from $260.

**Ownership Changes:** Mixed. Multiple firms increased holdings (Advisors, Geode Capital, PA, LLC); others decreased (P., Staley Capital).

**Regulatory & Campaigns:** Neutral-Bearish. DOJ investigating; Apple TV+ teaser released; iPhone 16 Plus price cut.

**Net Tilt:** Bearish."
2025-05-22,37,"**Product Releases:** Bullish. Apple launched iPhone 16 Pro Max in India, unveiled new CarPlay, and announced plans for smart glasses in late 2026. (Evidence: Multiple product launches and future plans)

**Analyst Actions:** Mixed. Td Cowen downgraded Apple to $275 from $290, while Goldman remains bullish. (Evidence: Downgrade vs. bullish opinion)

**Ownership Changes:** Mixed. Several firms increased holdings (Wealth, Fmr LLC, Agf Management, others), while some reduced positions (Ycg LLC, Liberty Wealth Management). (Evidence: Increased vs. decreased holdings)

**Other News:** Neutral. Bloomberg reported Apple’s investment in custom chips, and partnerships with Synchron and Aston Martin were announced. (Evidence: Investment and partnership news)"
2025-05-23,74,"**Price Target & Guidance:** Loop Capital downgraded Apple’s price target to $215 from $230. Foxconn plans to boost iPhone production, while Apple increases iPhone production in India.

**Product Releases:** Apple released its Intelligence platform last year and plans to launch foldable phones and AR glasses in 2026. However, it shelved the Apple Watch camera project.

**Stock Performance:** Apple’s stock declined significantly, closing at $201.36, due to Trump’s 25% tariff threat and broader market concerns. Ownership increased among several institutional investors.

**Supply & Pricing:** iPhones and MacBooks received price cuts, while there were promotions on iPads and AirPods. Trump threatened penalties against Apple for manufacturing locations.

**Net Tilt:** Bearish due to stock declines and regulatory threats, offset slightly by positive production and product release news."
2025-05-24,21,"**Buybacks:** Bullish; Apple approved a $100B buyback plan.

**Legal Issues:** Neutral; Epic Games sued Apple, but they settled their long-running legal battle.

**Product Releases & Price Cuts:** Mixed; Apple released new iPhones but also slashed laptop and iPhone 16 Pro prices.

**Ownership Changes:** Bearish; Parnassus Investments, Renasant Bank, and Thompson Siegel & Walmsley sold shares, while Intact Investment Management and Group increased holdings.

**Analyst Ratings:** Neutral; Wedbush maintained an ""outperform"" rating with a $270 price target.

**Stock Performance:** Bearish; Apple declined over 3%."
2025-05-25,16,"**Product Release/Cut:** Bullish. M4 MacBook Air released in March; price cut to $850 for Memorial Day.

**Ownership Changes:** Mixed. Geode Capital, Pa, Gestion, Vanguard, and Fmr LLC increased positions; Associated Banc Corp, Ca, and Capital Management Associates NY decreased positions. First National Trust Co and Van Strum & Towne Inc bought shares.

**Stock Performance:** Bearish. Traded as low as $193.46, closed at $196.36, down 2.5%."
2025-05-26,37,"**Price Target Downgrade:** Raymond James downgraded Apple’s target price from $250.00 to $230.00 (Bearish).

**Earnings Estimate Downgrade:** Zacks Research lowered FY2026 EPS estimates (Bearish).

**Buybacks Approved:** Apple authorized a $100B share repurchase program (Bullish).

**Product Launches:** Apple plans to debut a smart home hub and iOS 19 by year-end (Bullish). The AirTag is also expected soon (Bullish).

**Price Changes:** iCloud+ prices increased (Bearish); iPhone 16 Pro Max and MacBook Air M2 prices dropped (Bearish); iPhone 16 series and MacBook Air received discounts (Bullish).

**Discontinuations:** Apple may stop making iPhones in India and could discontinue some Apple Watches (Bearish).

**Analyst Actions:** Needham & Company LLC reaffirmed a “buy” rating with a $225.00 price target; Goldman Sachs reiterated a “buy” rating (Neutral).

**Ownership Changes:** Multiple firms increased stakes in Apple; Tn sold shares (Mixed).

**Net Tilt:** Mixed, leaning slightly Bearish due to multiple bearish signals outweighing bullish ones."
2025-05-27,51,"**Product Launches & Acquisitions (Bullish):**
- Apple acquired RAC7, its first video game studio.
- A dedicated gaming app is launching soon across platforms.
- Expected product launches: iPhone 17 Pro Max (September 2025), potential glasses (2026), and new smart home products.

**Stock Performance (Bearish):**
- Apple’s stock price fell from $239.07 to $209.68.

**Price Changes (Mixed):**
- Increased iCloud+ subscription prices in Brazil, Chile, and Peru.
- IPhone 16 price drops in India by Rs 13,000.

**Ownership Changes (Mixed):**
- Multiple firms increased their positions in Apple.
- Some firms decreased their positions in Apple.

**Analyst Actions (Neutral):**
- Wedbush reaffirmed “outperform” rating with a $270.00 target price."
2025-05-28,39,"**Product Releases & Enhancements (Bullish):**
- Apple acquired RAC7, a studio behind a game.
- Rumored to launch iOS 26, a new gaming app, and new iPhone designs over the next three years.
- Launched Self Service Repair for iPad and introduced AI features.

**Legal & Regulatory (Bearish):**
- Hit with an antitrust suit.
- Fined EUR500M by EU.

**Ownership Changes (Mixed):**
- Bullish: Geode Capital, Llc., and Group Capital increased holdings.
- Bearish: Baird LLC, Tocqueville Asset Management, and Delphi Management decreased holdings.

**Stock Performance (Bullish):**
- Apple stock up 2.5%.

**Net Tilt:** Mixed, with significant bullish signals from product launches and ownership increases offset by legal challenges and regulatory fines."
2025-05-29,45,"**Product Releases/Catalysts:**
- Bullish: Apple plans to double iPhone production, indicating strong demand (supply increase).
- Bullish: Potential product launches include iOS 26, iPhone 17 Pro, new Gaming hub, HomePod with screen, and updates to Logic Pro.
- Bearish: IDC cuts iPhone unit forecasts, suggesting demand concerns.

**Financial Actions:**
- Bullish: Board approved a stock buyback program.
- Neutral: Various institutional investors increased holdings, while others reduced stakes.

**Legal/Regulatory:**
- Bearish: Facing regulatory scrutiny over partnership with Google and potential DMA fines.
- Bearish: Sued by France for unspecified reasons.

**Market Performance:**
- Mixed: Apple stock dips due to IDC cuts but rises after a US judge's decision."
2025-05-30,35,"**Product Launches/Bullish:** Positive reviews for MacBook Air M4, new iOS 26, iPhone 26, and refurbished M2 iPad Air launches; TGA approval for Apple Watch; Air M3 release in March; 2024 App Store release (Bullish).

**Analyst Actions/Bearish:** Monness Crespi & Hardt downgraded AAPL to $245 from $260 (Bearish); Needham & Co. maintained Buy with $225 target; Wedbush reiterated Outperform (Net Neutral).

**Investor Activity/Bullish:** Multiple firms increased holdings in AAPL, including Gm Advisory Group LLC purchasing 3,047 shares (Bullish); some reduced positions like Sys and Lindenwold Advisors INC (Net Bullish).

**Strategic Moves/Bullish:** Apple investing $30 billion over three years, expanding retail in India, securing green corridor in Chennai, and increasing technical training in Vietnam (Bullish).

**Price Changes/Bearish:** Potential iPhone price increase; removing mechanical buttons from iPhone (Net Bearish)."
2025-05-31,17,"**Downgrade and Fines:** Loop Capital downgraded Apple, cutting the target price from $230.00 to $215.00. Apple faces additional EU fines. **Bullish:** India iPhone exports to US soar. **Mixed Ownership:** Proficio Capital Partners LLC increased stake by 23,555.4%, while other firms like Oxford Financial Group LTD. LLC decreased holdings. **Partnerships:** Apple partners with developers for content and acquires a small game studio. **Net Tilt:** Bearish due to downgrade and fines, offset by export growth and strategic acquisitions."
2025-06-01,12,"**Buybacks Approved:** Bullish; Apple announced a $100B share repurchase program.

**Product Discontinuation:** Bearish; Apple discontinuing older MacBook Air and desktop Macs.

**Ownership Changes:** Mixed; multiple firms increased holdings (Ct, Spx Gestao, Corp, Forefront Wealth Management) while American Century Companies cut stake. 

**Stock Performance:** Bearish; Apple dropped 20% YTD.

**Analyst Ratings:** Neutral; Goldman Sachs maintained a ""buy"" rating.

**Holdings Details:** Neutral; Hillsdale Investment Management, American Century Companies, and Sei Investments hold significant stakes in AAPL."
2025-06-02,28,"**Product Releases & Upgrades (Bullish):** Apple plans to launch the iPhone 17, iPad, dedicated video games app, and iOS 26. Additionally, the company released new Apple Watch Series 10 models.

**Ownership Changes (Mixed):** Multiple firms increased their stakes in Apple, including Algert Global LLC (+4035.9%), Vanguard Group Inc. (+3.7%), and others. However, some reduced their positions, such as Optimum Investment Advisors (-2.4%) and Horrell Capital Management Inc.

**Price Adjustments (Bearish):** The iPhone 16 is experiencing a price cut to INR69,999.

**Legal & Sanctions (Bearish):** Apple faces potential fines and is appealing EU interoperability rules."
2025-06-03,30,"**Product Release/Catalysts:**
- Bullish: Potential iPhone 17 series launch in Q2 and possibility of two annual launches (DIRECTION: BULLISH).
- Bearish: WhatsApp and YouTube dropping support for older iOS devices (DIRECTION: BEARISH).

**Revenue/Growth:**
- Bullish: Apple App Store revenue grew 13% in May (DIRECTION: BULLISH).

**Analyst Actions:**
- Neutral: UBS, Needham, TD Cowen, and Evercore ISI maintain positive ratings with unchanged or new price targets (DIRECTION: NEUTRAL).

**Ownership Changes:**
- Mixed: Multiple firms increased holdings (Charles Schwab, Geode Capital, USAA) while others decreased (Prudential, Corebridge) (NET TILT: SLIGHTLY POSITIVE).

**Other:**
- Bullish: Apple expanding in Egypt with store opening (DIRECTION: BULLISH).
- Bearish: IPhone 16 price cuts and discounts (DIRECTION: BEARISH).
- Neutral: Apple appealing EU rulings (DIRECTION: NEUTRAL)."
2025-06-04,53,"**Revenue & Sales:** Bullish; App Store sales jumped in May.

**Buybacks:** Bullish; Apple approved a $100B repurchase plan.

**Analyst Downgrades:** Bearish; Needham downgraded Apple to Hold from Buy.

**Sanctions & Fines:** Bearish; EC fined Apple €500M.

**Product Releases:** Bullish; Apple previewed an ultra-thin iPhone, launched new Mac, iOS 26, and macOS, and revealed CarPlay updates.

**Legal Issues:** Mixed; court denied Apple’s appeal but it settled a Siri lawsuit for $95M.

**Ownership Increases:** Bullish; multiple institutions increased their positions in Apple.

**Price Cuts & Discontinuations:** Bearish; AirDrop removed in EU, some products saw price drops or discontinuations."
2025-06-05,44,"**Revenue and Volume Growth:** Bullish. Mac and iPhone sales surged globally, especially in India, with App Store revenue accelerating.

**Legal Issues:** Bearish. Court rulings and legal setbacks against Apple continue, including a fine from China and ongoing litigation.

**Analyst Actions:** Mixed. Needham downgraded Apple to 'Hold', while BofA and Goldman Sachs maintained 'Buy' ratings.

**Product Launches and Discounts:** Bullish. Apple plans to sell refurbished devices in India and develop new health features, with significant discounts on high-end devices.

**Insider Trading:** Bearish. Multiple insiders, including SVP Katherine L. Adams, sold shares.

**Partnerships and Investments:** Bullish. Apple expanded partnerships with Tata Group and increased investments in India.

**Facility Developments:** Bullish. Apple opened new stores in India and is expanding its manufacturing base there.

**Ownership Changes:** Mixed. Various firms increased or decreased their stakes in Apple.

**Net Tilt:** Neutral to Slightly Bullish."
2025-06-06,36,"**Revenue and Sales:** Bullish; Apple sales are rising.

**Legal Setback:** Bearish; Apple lost a significant court battle against Epic Games.

**Product Releases:** Bullish; iOS 26, iPadOS, a new charger, a Games app, and other features are being introduced.

**Partnerships:** Bullish; Apple expanded partnerships with Tata Group in India.

**Price Cuts and Promotions:** Mixed; AirPods Pro 2 price cut to $170 (Bearish), but iPhone discounts and promotions (Bullish).

**Analyst Ratings:** Neutral; Morgan Stanley and UBS maintained positive ratings, Needham maintained a hold rating.

**Ownership Changes:** Net Bullish; multiple institutions increased their stakes in Apple, while one decreased slightly.

**Stock Performance:** Bearish; Apple traded down 1.1%."
2025-06-07,36,"**Buybacks & Analyst Actions:**
- Bullish: Apple approved a $100B buyback program (May 1).
- Bearish: Apple received a downgrade.
- Neutral: Evercore ISI raised PT to $250.

**Product Updates:**
- Bullish: iOS 26, MacBook Pro, revamped iPhone, and Safari updates expected.
- Bearish: M1 chip discounted on Amazon.

**Ownership Changes:**
- Bullish: Nuveen LLC, Riverfront Investment Group, Vinva Investment Management, Nomura Asset Management, Proficio Capital Partners, Fred Alger Management, Pdt Partners, and Caisse DE Depot ET Placement DU Quebec increased holdings.
- Bearish: Multiple firms reduced stakes or sold shares.

**Price Movements:**
- Bullish: AAPL share price rose 1.6% mid-day.

**Net Tilt:** Mixed, with some bullish signals (buybacks, product launches) offset by bearish analyst actions and ownership reductions."
2025-06-08,22,"**Revenue and Sales:** Bullish. App Store sales surged, with May showing significant growth.

**Product and Partnership:** Mixed. AI launch with Alibaba delayed in China (bearish); major iPhone upgrade leaked (bullish).

**Insider Activity:** Bearish. Multiple insiders sold shares, including Chris Kondo and Watchman Group Inc.

**Institutional Ownership:** Net bullish. Allstate Corp, Group Capital Management, Allianz SE, and others increased holdings, while some reduced positions like Palogic Value Management L.P.

**Stock Performance:** Bullish. Apple’s stock price gained 1.6%.

**Campaign and Promotions:** Neutral to Bullish. Back to School promo and teaser campaign released."
2025-06-09,136,"**Revenue:** Bullish. Apple’s revenue exceeded Wall Street expectations.

**Product Enhancements & Releases:** Bullish. Apple announced multiple product enhancements and releases including iOS 26, iPadOS 26, tvOS 26, watchOS 26, macOS Tahoe, a new Games app, and an updated TV app. Additionally, Apple acquired its first video game studio.

**Cyber Attacks:** Bearish. MacOS malware is targeting Apple.

**Net Tilt:** Bullish. Multiple product releases and enhancements outweigh the cyber attack concerns."
2025-06-10,61,"**Revenue & Market Share:**
- **Bullish:** Apple App Store revenue continues to rise.
- **Bearish:** Slipped to third place globally.

**Legal & Sanctions:**
- **Bearish:** Fined by Russia.
- **Bearish:** Sued by associations over practices.

**Product Releases & Enhancements:**
- **Bullish:** Multiple product launches and enhancements including iOS 26, MacOS, WatchOS 26, AI-driven software, and major upgrades to iPad, iPhone, and CarPlay.
- **Bearish:** Ends support for three unspecified devices.
- **Bearish:** Price cut for iPhone 15 by Rs 10,600.

**Analyst Action:**
- **Bullish:** Da Davidson upgraded price target from $230 to $250.

**Net Tilt:** Mixed, but bullish signals slightly outweigh bearish ones due to multiple product launches and enhancements versus limited negative financial impacts."
2025-06-11,40,"**Product Launches & Enhancements (Bullish):** Apple unveiled multiple OS updates (watchOS, macOS, iOS 26), parental controls, AI-powered App Store, and new design resources. MacBook and CarPlay also received upgrades.

**Price Target Upgrade (Bullish):** Evercore ISI raised price target to $250 from lower previous value.

**Ownership Increases (Bullish):** Multiple firms increased stakes, including Meeder Advisory Services, Berkshire Bank, Proficio Capital Partners, and Vanguard Group.

**Legal Issues (Bearish):** Korean publishers sued Google and Apple.

**Price Cut (Bearish):** iPhone 16 Pro Max price dropped by Rs 10,000.

**Analyst Ratings Neutral:** Bank of America, Citigroup, and Wedbush maintained positive ratings with mixed price targets.

**Net Tilt:** Bullish due to numerous product launches and stake increases outweighing legal issues and price cuts."
2025-06-12,30,"**Product Releases & Enhancements:** Bullish. Apple launched iPhone 16, a haptic movie, new tools, iOS updates, and personalized Siri features (delayed to iOS 18.4). Evidence: multiple product release headlines.

**Buybacks & Ownership Increases:** Bullish. Apple approved a $100B buyback program. Multiple firms increased holdings or initiated positions in AAPL. Evidence: buybacks approved, ownership increases.

**Price Cuts & Promotions:** Bearish. Amazon slashed AirPods 4 prices, iPhone 16 got a discount, and AirPods Pro 2 were on sale. Evidence: price cuts and promotions.

**Antitrust Suit:** Bearish. Voip-Pal filed an antitrust lawsuit against Apple. Evidence: antitrust suit filed.

**Net Tilt:** Mixed signals with slight bullish bias due to multiple product launches and significant buyback approval outweighing price cuts and legal issues."
2025-06-13,40,"**Revenue and Sales:**
- Bullish: iPhone sales surged to $46.84B, up 15% globally and in China.
- Bearish: iPhone 16 prices slashed in India and US.

**Product Releases and Delays:**
- Bullish: iPhone 16 launched in India, iOS 26, and new MacBook Air models released.
- Bearish: Siri launch delayed.

**Legal and Ownership Changes:**
- Bearish: Facing antitrust lawsuit over Wi-Fi.
- Mixed: Ownership increases by Aviva PLC, Pilgrim Partners Asia, Envestnet; decreases by Pioneer Trust Bank, Edward, F, Wedbush Securities, Hemenway Trust.

**Stock Performance:**
- Bearish: Shares fell 18.31% YTD, down 0.82% to $197.57 today."
2025-06-14,23,"**Product Releases & Enhancements:** Bullish. Apple launched multiple products including the 2023 Mac Mini, M4 MacBook Air, and updated iOS 26. Additionally, it upgraded CarPlay and initiated a free repair program.

**Analyst Actions:** Mixed. Evercore ISI upgraded Apple’s price target to $250, while Morgan Stanley maintained an “overweight” with a $235 target and Wedbush reaffirmed “outperform” with a $270 target.

**Ownership Changes:** Net Neutral. Increased holdings by Alpha DNA Investment Management LLC (+38.2%) and First Trust Advisors LP (+27.3%) offset decreases by Cadence Bank and Capital International Sarl (-5.5%).

**Buybacks & Stock Performance:** Bullish. Apple approved a new share repurchase program. However, the stock traded down 1.4% today, opening at $196.45."
2025-06-15,17,"**Product Releases & Enhancements:** Bullish. Apple announced updates to iOS, macOS, and iPadOS, indicating ongoing product development and innovation.

**Ownership Changes:** Mixed. Northern Trust, Vanguard, Charles Schwab, LSV Asset Management, and Allstate increased stakes, while AlTi Global and Aristotle Atlantic Partners decreased theirs. Net tilt slightly bullish due to larger increases from major investors.

**Analyst Ratings:** Neutral. Bank of America maintained a ""buy"" rating with a $235.00 price target."
2025-06-16,46,"**Revenue & Guidance:** Bullish. Apple sees iPhone sales jumping, with global iPhone sales increasing double (ess0.84, ess0.72).

**Legal & Sanctions:** Bearish. Antitrust ruling against Apple (ess-0.62); EU may fine Apple again (ess-0.47); Acm fines Apple €50M (ess-0.57).

**Product Releases:** Bullish. Launched M2 Mac Mini, iOS 26, haptic movie (ess0.52); AirPods Pro 3 rumored for 2026 (ess0.52).

**Market Trends:** Bullish. Highest market share in two months (ess0.55); iPhone exports climb (ess0.46).

**Ownership Changes:** Mixed. Multiple firms increase holdings (ess0.37); others decrease (ess-0.34).

**Net Tilt:** Bullish. Revenue growth and product launches outweigh legal and sanctions risks."
2025-06-17,39,"**Product Releases & Enhancements (Bullish):** Apple unveiled the iPhone 17, launched the Apple Watch Series 10, and debuted the M4 MacBook Air. Additionally, the company announced significant product upgrades and enhancements.

**Price Cuts & Promotions (Bearish):** Multiple products saw price cuts including the iPhone 16e, iPhone 16 Pro, iPhone 13, MacBook Air M2, and Mac Mini. Apple also offered discounts through 'Back to School' promotions.

**Legal & Regulatory Issues (Bearish):** Apple faces a lawsuit over iCloud and a EUR50M fine. Increased regulatory scrutiny is ongoing.

**Analyst Actions & Ownership Changes (Mixed):** Goldman Sachs upgraded Apple to 'Buy.' However, some institutional investors decreased their stakes while others increased them.

**Revenue Trends (Bullish):** iPhone sales surged 15% in Apr-May, indicating strong demand.

NET TILT: Mixed, with significant bullish and bearish signals."
2025-06-18,34,"**Price Target Adjustments:** Raymond James downgraded Apple’s price target from $250.00 to $230.00 (bearish); Evercore ISI upgraded Apple’s price target to $250.00 (bullish).

**Buybacks & Ownership Changes:** Apple authorized a $100B stock repurchase plan (bullish); Allstate Corp significantly increased its stake in Apple (bullish); Midwestone Financial Group reduced its stake in Apple (bearish).

**Product Launches & Enhancements:** New MacBook Air M4, limited-time Apple Card, and potential foldable iPhone launch planned (bullish); CarPlay and Apple Watch updates announced (bullish); iPhone prices often cut by Flipkart (bearish).

**Legal & Sanctions:** Apple faces a proposed class action lawsuit in California and was fined $38,141 by a court (bearish).

**Net Tilt:** Mixed signals with slight bullish bias due to product launches and buybacks outweighing legal issues and price target downgrades."
2025-06-19,19,"**Product Release:** Bullish. Apple plans to launch a foldable iPhone by 2026, with internal development spanning years.

**Price Adjustments:** Bearish. iPhone 16e price drop and significant Amazon discounts on iPhone 15 indicate pricing pressures.

**Legal Issues:** Bearish. Class action lawsuit filed against Apple over App Store policies.

**Ownership Changes:** Mixed. Multiple firms increased stakes (Vanguard, UBS, Proficio, Northern Trust, Llc), while Gestion decreased position. Net tilt slightly bullish due to major increases.

**Other:** Neutral. No significant trading signals from shooting incident or stock price open."
2025-06-20,38,"**Analyst Ratings:** Bullish; First Shanghai upgraded Apple to Buy from Hold.

**Product Launches/Delays:** Mixed; M4 MacBook Air launched, Mac Mini M4 confirmed, new AirPods expected soon, but AirPods Max delayed to 2027.

**Legal Issues:** Bearish; securities fraud lawsuit filed, shareholders sue over Siri.

**Acquisitions:** Bullish; Apple acquiring Perplexity AI.

**Outages:** Bearish; global outage of Apple Intelligence, iOS 26 issues.

**Stock Performance:** Bearish; shares down 25% since Dec 26, 2024, nearly 13% drop in the week, but up 1.45% today.

**Ownership Changes:** Mixed; LSV Asset Management increased stake, while others like Fidelity sold shares.

**Product Enhancements:** Bullish; new hearing health features in AirPods Pro 2, firmware update for AirPods Max, MacBook upgrade."
2025-06-21,27,"**Buybacks & Acquisitions:** Bullish; Apple approved a $100B buyback program and is considering acquiring Perplexity.

**Analyst Actions:** Mixed; Evercore ISI upgraded price target to $250, while Bank of America and Wedbush maintained ratings with targets of $235 and $270 respectively.

**Legal Issues:** Bearish; Apple faces a securities lawsuit over iPhone.

**Product Releases:** Bullish; Apple launched new AI, iPhone 16 Pro, MacBook Air, and MacBook Pro.

**Price Cuts:** Bearish; iPhone 16 Pro and Pro Max received price cuts.

**Stock Performance:** Bearish; Apple’s stock tumbled by nearly 25%, though it traded up 2.2% recently.

**Ownership Changes:** Mixed; Lp increased holdings by 1.7%, while B. Riley Wealth Advisors sold shares.

**Net Tilt:** Bearish due to legal issues, price cuts, and significant stock decline, despite positive analyst upgrades and product launches."
2025-06-22,24,"**Revenue:** Bullish; Apple reported its highest revenue.

**Analyst Actions:** Bearish; Woodring downgraded price target from $275 to $252, Raymond James from $250 to $230.

**Acquisition:** Bullish; Apple considering a $14B acquisition of Perplexity AI.

**Legal Issues:** Bearish; class action lawsuit filed against Apple.

**Product Releases:** Neutral; typical iPhone release and introduction of Apple Intelligence noted.

**Siri Delay:** Bearish; Siri upgrade indefinitely delayed.

**Ownership Changes:** Mixed; multiple firms increased holdings while some decreased, net slightly bullish.

**Stock Performance:** Bearish; significant weekly decline of 3.88%, daily drop of 2%, and a notable single-day fall of 4.85%.

**Net Tilt:** Bearish."
2025-06-23,28,"**Product Releases & Enhancements (Bullish):**
- Visionos 26, iOS 26, watchOS 26, and macOS Tahoe betas released.
- iPhone models, Apple Watch, and Mac expected next year.
- Apple TV and CarPlay upgrades announced.

**Price Adjustments & Delays (Bearish):**
- iPhone 16e and 16 Pro Max prices cut.
- AI software delay reported.

**Stock Performance (Bearish):**
- Stock declined $11.59.

**Ownership Changes (Bullish):**
- Multiple firms increased stakes or initiated positions in AAPL.

**Net Tilt:** Mixed, with significant bullish signals from product developments and ownership increases offset by bearish price cuts and stock decline."
2025-06-24,30,"**Product Outages and Cyber Attacks:** Bullish signals include new product launches (Apple Games app, iPad 11 in India) and potential acquisitions (AI startup, Perplexity). However, bearish signals dominate due to iCloud outages affecting multiple services and malware attacks on iOS. **Net Tilt: Bearish**

**Ownership Changes:** Mixed signals with several firms increasing holdings (Geode Capital, UBS Americas, management) while others decrease positions (Bank, Trust FSB, Division). **Net Tilt: Neutral**

**Stock Performance:** Apple’s stock is down 18% YTD but gained 0.40% today. **Net Tilt: Bearish**

**Analyst Ratings:** BofA Securities maintains a buy rating. **Net Tilt: Bullish**

**Net Overall Tilt:** Bearish"
2025-06-25,33,"**Product Releases & Reviews:** Bullish. AirPods 4 received positive reviews. iPhone 17 and 14 Pro series mid-cycle refresh were launched. Airtag 2 rumored for September.

**Buybacks & Ownership Changes:** Mixed. Apple approved a $100B buyback program. Boston Common Asset Management and Vanguard increased stakes, while First Hawaiian Bank and Sage Capital Advisors decreased holdings.

**Regulatory Approvals:** Mixed. CarPlay Ultra rejected in Germany, but iPhone approved in Taiwan.

**Analyst Actions:** Mixed. Raymond James downgraded price target to $230, while Evercore ISI upgraded to $250. Wedbush and Bank of America maintained ratings.

**Stock Performance:** Bearish. Stock declined precipitously, opening at $200.30.

**Supply & Pricing:** Mixed. High iPad Pro production noted, but iPhone 16 Pro saw a price cut."
2025-06-26,31,"**Analyst Actions & Price Targets:** Analysts maintain an average ""overweight"" rating with a mean price target of $228.26, but J.P. Morgan downgraded the price target from $240 to $230. **Bullish**

**Demand Guidance:** IPhone 17 demand is expected to slow, indicating potential weakness. **Bearish**

**Sanctions & Fines:** Apple avoided a €500 million fine from the EU. **Bullish**

**Product Launches:** Apple launched the 14 Pro in India and revealed plans to open the App Store to competitors in the EU. **Bullish**

**Ownership Changes:** Multiple institutions increased holdings in Apple, while others decreased their positions. **Mixed**

**Facility Upgrades:** Apple overhauled its EU App Store operations. **Bullish**

**Stock Losses:** Apple reported significant financial losses in various projects. **Bearish**

**Net Tilt:** Signals are mixed, with some bullish indicators (avoided fine, product launches) and bearish ones (demand slowdown, price target cuts, financial losses). **Neutral**"
2025-06-27,33,"**Product Updates & Reviews:** Bullish; positive 14 Pro review, new App Store terms, potential iPhone Fold in 2026.

**Price Targets & Downgrades:** Bearish; JPMorgan downgraded price target from $245 to $230.

**Legal Issues:** Bearish; securities class action lawsuit filed, management faces legal issues.

**Ownership Changes:** Mixed; multiple insiders increased holdings (7.3%, 13.3%, 23,555.4%), while others decreased (5.4%, 0.8%).

**Sanctions & Fines:** Bearish; potential fines mentioned, appeal planned against EU decision.

**Product Pricing:** Bearish; iPhone 13 and 15 Pro Max prices cut."
2025-06-28,18,"**Price Target Downgrade:** Raymond James downgraded Apple’s price target from $250.00 to $230.00 (Bearish).

**Regulatory & Product Issues:** Germany warns Apple over DeepSeek app; urged to remove it from German App Store (Bearish).

**Buybacks Approved:** Apple approved a $100B share repurchase program (Bullish).

**Acquisitions:** Apple acquired a two-building campus in Sunnyvale for $350M (Neutral).

**Product Promotion:** iPhone 16 now available with significant discount (Bullish).

**Ownership Changes:** Multiple firms increased holdings (Vanguard, LLC), while others decreased (Addenda Capital, LLC) (Mixed).

**Analyst Ratings:** Wedbush, Bank of America, Morgan Stanley maintained positive ratings (Neutral to Bullish).

**Stock Performance:** Apple stock flat at $201.08 (Neutral)."
2025-06-29,9,"**Price Target Upgrade:** Evercore ISI raised Apple’s price target to $250.00 (Bullish).

**Product Release:** New Apple TV+ series scheduled for July (Neutral).

**Price Cuts & Market Entry:**
- Flipkart cuts iPhone 16 prices (Bearish).
- Apple considering entry into smart ring market (Bullish).

**Ownership Increases:**
- Berkshire Bank increased holdings by 2.7% (Bullish).
- Sarasin & Partners LLP increased holdings by 1.5% (Bullish).

**Share Purchases:**
- Enterprise Bank & Trust Co purchased 506 shares (Bullish).
- Sarasin & Partners LLP purchased 41,062 shares (Bullish).

**Net Tilt:** Bullish."
2025-06-30,42,"**Analyst Ratings & Price Targets:** Average rating is overweight with a mean price target of $228.01; JPMorgan downgraded target from $245 to $230 (Bullish/Bearish).

**Product Launches:** Vision Air MR headset (2027), affordable MacBook with A18 chip, iPhone 16 Pro, cheaper MacBook, CarPlay, iOS 26 update (Bullish).

**Revenue Guidance:** Accelerating sales (Bullish).

**Legal Issues:** Monopoly case verdict against Apple, multiple antitrust suits, legal challenges (Bearish).

**Market Trends:** Gaining Mac market share, OLED production increase (Bullish); price cuts on iPhone 16 Pro (Bearish).

**Ownership Changes:** Mixed ownership trends with some institutions buying and others selling (Net Neutral).

**Net Tilt:** Bullish due to product launches and positive analyst ratings outweighing legal and price target downgrades."
2025-07-01,42,"**Product Releases & Enhancements (Bullish):**
- Apple to release more affordable MacBook.
- New budget iPhone, watchOS 26, and Siri revamp announced.
- Apple Music launches global hub and studio in LA.

**Analyst Actions (Bullish):**
- Jefferies upgrades Apple to Hold from Underperform.

**Legal & Regulatory Issues (Bearish):**
- DOJ and Swiss firm sue Apple over antitrust.
- Brazil’s antitrust authority penalizes Apple; $110M 3G patent fine.

**Ownership Changes (Mixed):**
- Northern Trust and Llp increase holdings; SS&H Financial Advisors cuts stake.

**Stock Performance (Bullish):**
- Apple stock surges 2%.

**Net Tilt:** Mixed, with significant bullish signals from product releases and analyst upgrades offset by legal and regulatory headwinds."
2025-07-02,39,"**Analyst Actions:** Bullish; Jefferies upgraded Apple to Hold from Underperform.

**Buybacks:** Bullish; Apple approved a $100B buyback plan.

**Product Launches:** Mixed; Apple Pay expanding, new iPhones and processors planned for 2026, but iPad launch delayed.

**Revenue & Sales:** Bullish; iPhone sales grew 19% Y/Y.

**Stock Performance:** Mixed; Apple stock hit a 6-week high but fell 17% YTD and nearly 8% Q2.

**Ownership Changes:** Mixed; multiple firms increased stakes while others decreased."
2025-07-03,51,"**Bullish:** Raymond James downgraded price target to $230; BofA maintained Buy at $235. Revenue up in May, App Store growth 12%, iPhone sales in China rose. Market share gained in China. New product launches planned. iPad revenue grew 24%. Discounts on iPhone 16.

**Bearish:** Stock down 15% YTD. Potential sanctions. iPhone 16 price cuts. IPhone revenue dropped 1%. iPad delay. Ownership trimmed by Salvus Wealth.

**NET Tilt:** Neutral with slight Bearish bias due to multiple downgrades and price cuts.

**Conflicts:** Raymond James downgrade vs BofA maintaining Buy rating."
2025-07-04,26,"**Market Share & Product Releases:** Bearish - Apple’s market share in China dropped to 8%. Bullish - Over 15 new devices planned for 2025, including the Apple Watch Series 10 and potential cloud services.

**Price Adjustments:** Mixed - Price cuts on iPhone 15 Pro and Apple Watch 10 offset by increased trade-in prices and discounts on MacBook Air M4.

**Revenue & Ownership Changes:** Bullish - Smartphone sales up 8% QoQ; Lsv Asset Management and LLC increased holdings. Bearish - MRA Advisory Group reduced holdings; stock fell 15% and 9.7% YOY.

NET TILT: Neutral to Slightly Bearish."
2025-07-05,16,"**Product Reviews and Launches:** Bullish; Positive HomePod review, potential AI smart glasses launch, Vision Pro headset release, iPhone 16 Pro series price drop, and promotions.

**Analyst Actions:** Mixed; JPMorgan downgrades price target to $230 from $245, Jefferies upgrades to 'Hold'.

**Ownership Changes:** Net Neutral; Increased stakes by LLC and Vinva Investment Management, offset by decreases from Affinity Wealth Management, LLC, and Counsel Inc.

**Stock Performance:** Slightly Bullish; Apple stock trading up 0.4%."
2025-07-06,22,"**Analyst Ratings & Sentiment:** Bullish; consensus rating upgraded to ""Moderate Buy"" with multiple firms increasing holdings (Vanguard, Proficio Capital, Northern Trust).

**Product Launches & Promotions:** Mixed; iOS 26 launch (bullish), iPhone 16 and AirPods price cuts on Amazon (bearish), sales promotions (neutral).

**Legal & Ownership Changes:** Bearish; class action lawsuit filed against Apple (defensive risk); mixed ownership changes with significant increases and decreases in holdings.

**Net Tilt:** Neutral to Slightly Bullish."
2025-07-07,41,"**Product Launches & Enhancements (Bullish):**
- Apple to launch affordable MacBook.
- New MacBook Pros reviewed positively.
- Launched iPhone 17, new App Store rules, and iOS 26.

**Legal Issues & Regulatory Investigations (Bearish):**
- Lawsuit filed against Apple.
- EU fined Apple $587M; Apple challenging and appealing multiple times.

**Stock Actions & Ownership Changes (Mixed):**
- Stock repurchase program for $100B.
- Multiple investors increased positions; others decreased holdings.

**Price Adjustments (Bearish):**
- Price cuts on Apple Watch Ultra 2, AirPods Pro, and iPhone 15.

**Net Tilt:** Mixed, with significant bullish product launches offset by legal challenges and price adjustments."
2025-07-08,59,"**Executive Changes:** Bearish. Apple COO Jeff Williams is stepping down, potentially weakening leadership stability (ess-0.57). However, Sabih Khan has been named as the new COO, which could stabilize operations (ess+0.53).

**Product Updates:** Bullish. Apple plans increased iPhone production and new product launches including iPhone 17e, macOS, and smart glasses (ess+0.52). The iPad mini price cut may boost sales (ess-0.44).

**Revenue & Guidance:** Mixed. App Store revenue up 12% in June (ess+0.41), but Amazon price cuts on Apple products could pressure margins (ess-0.44).

**Legal & Partnerships:** Mixed. Apple appeals a EUR500m fine (ess-0.4), but partnerships with Starlink and OpenAI suggest strategic growth (ess+0.49)."
2025-07-09,52,"**Product Releases & Acquisitions:**
- **Bullish:** Apple releases upgraded M4 chip and M4 iMac (ess0.68, ess0.76). Acquires Israeli 3D avatar company (ess0.62).
- **Bearish:** Potential acquisition of Formula 1 broadcast rights discussed (ess0.55).

**Executive Changes:**
- **Bearish:** COO Jeff Williams retires (ess-0.57); new COO Sabih Khan appointed (ess0.53).

**Financial & Market Performance:**
- **Mixed:** Revenue uptick in China (ess0.41); iPhone sales rebound 8%, Mac sales jump 21%. Stock down to $209.77 (ess-0.51); management increases stake by 14.5% (ess0.37).

**Price Adjustments:**
- **Bearish:** Price cuts on iPhone 16e, iPad Mini, and AirTags (ess-0.44).

**Regulatory Scrutiny:**
- **Bearish:** Under regulatory investigation (ess-0.47)."
2025-07-10,46,"**Product Releases & Enhancements (Bullish):**
- New iPhone 16 Pro launched in India.
- M4 chip, MacBook Pro, new iPad Air, AirPods Pro 2, and AirPods 4 released.
- VisionOS 26, Apple Arcade games, and CarPlay updates coming.

**Legal (Mixed):**
- Beat antitrust claims in payment cartel suit (Bullish).
- Class action lawsuit filed against Apple (Bearish).

**Financial Actions (Bullish):**
- Board approves $100B stock repurchase program.
- Ownership increases by Llc, Northern Trust Corp, and Hutchinson.

**Price Adjustments (Bearish):**
- IPhone 15, MacBook Air M2, and AirPods Pro 2 prices cut.

**Net Tilt:** Bullish"
2025-07-11,49,"**Price Target Downgrade:** Raymond James downgraded Apple’s target price from $250 to $230 (Bearish).

**Legal Issues:** Class action lawsuit accuses Apple of misrepresenting iPhone 16 AI features (Bearish); Judge dismisses antitrust lawsuit (Bullish).

**Product Releases:** Apple plans multiple product launches in early 2026, including MacBook Pro and new iPhones (Bullish).

**Cyber Attacks:** Hackers target Apple’s Mac (Bearish).

**Ownership Changes:** Various firms increased holdings in Apple, while one firm decreased (Mixed).

**Analyst Actions:** Raymond James downgrade (Bearish); Wedbush maintains “outperform” rating (Bullish).

**Net Tilt:** Mixed, with significant bearish signals from legal issues and price target downgrade offsetting bullish product release news."
2025-07-12,15,"**Product Launch/Cut:** Bullish - Apple plans foldable iPhone Fold launch in Sep 2026; bearish - IPhone 16, 16 Plus price cut; bullish - Vision Pro VR headset upgrade planned; bullish - IPhone 16e discounted on Amazon Prime Day.

**Legal Issues:** Bearish - Sued for securities fraud.

**Ownership Changes:** Mixed - Lsv Asset Management buys $65k stake; Inc. increases stake by 6.3%; Llc cuts stake by 5.2%, Handelsbanken Fonder AB reduces by 4.7%. Net tilt slightly bearish.

**Stock Performance:** Bearish - Stock down $2.47, trading down 0.6%.

**Supply News:** Neutral - Galaxy AI features, iPhone fold production starts."
2025-07-13,18,"**Acquisition Interest:** Bullish; Lloyd in talks to buy Apple (signal: acquisition interest).

**Product Release:** Bullish; Apple may launch new Studio Display (signal: product launch).

**Ownership Increases:** Bullish; Allstate, Vinva Investment Management, Llc, Hutchinson, and Institutional increased stakes (signal: ownership increase).

**Ownership Decreases:** Bearish; Nc, Inc., Ltd., Curbstone Financial Management Corp, and Rowlandmiller & PARTNERS reduced stakes (signal: ownership decrease).

**Analyst Ratings:** Neutral; Goldman Sachs reiterates Buy, Wedbush reissues Outperform with $270 target (signals: rating unchanged, price target).

**Net Tilt:** Bullish due to multiple ownership increases and potential product launch outweighing decreases."
2025-07-14,35,"**Executive Changes & Product Launches:**
- **Bullish:** Apple appoints Sabih Khan as COO, seen as potential successor to Tim Cook (ESS+0.53).
- **Neutral:** Cook unlikely to leave soon (ESS-0.57).
- **Bullish:** Expected iPhone 17 launch (ESS+0.52); AirTag upgrade (ESS+0.52).
- **Bearish:** Siri delay until 2026 (ESS-0.48).

**Stock Performance & Ownership:**
- **Bearish:** Stock slumps, down 18.1% YTD (ESS-0.32); 16% loss overall (ESS-0.3); 1.2% drop today (ESS-0.11).
- **Bullish:** Analysts like Bank of America maintain “buy” with $235 target (ESS+0.34); multiple firms increase stakes (ESS+0.37).

**Other Developments:**
- **Bearish:** Hornsby store closure (ESS-0.51); support ends for classic devices (ESS-0.45).
- **Bullish:** Price cuts on iPhone 16 and Apple Watch (ESS-0.44); India market entry (ESS+0.44); iOS 18 beta release (ESS+0.44).

**Net"
2025-07-15,53,"**Product Launches/Catalysts:** Bullish. Apple is expected to launch new iPhones on Sep 9, 2024, and has already released AirPods and Apple Watches in various regions.

**Partnerships/Investments:** Bullish. Apple signed a $500M deal with MP Materials for rare earth magnets and invested $500M-$640M in rare earths projects.

**Executive Changes:** Bearish. COO Jeff Williams is stepping down, while CEO Tim Cook is staying.

**Facility Changes:** Mixed. Apple is opening new stores in Miami and Detroit but closing one near Sydney and another in Bristol.

**Stock Performance:** Bearish. Shares dropped significantly after gains, reflecting mixed investor sentiment.

**Supply Chain:** Bearish. iPhone production cuts were reported, alongside increased competition from Samsung’s foldable phone ramp-up.

**Price Cuts:** Bearish. Significant discounts on iPhone 16 Pro models were announced by Amazon and other retailers."
2025-07-16,32,"**Bullish Signals:**
- **Buybacks:** Apple approved a $100 billion share repurchase plan.
- **Government Contracts:** Signed a $500 million rare earth deal with the Pentagon.
- **Product Releases:** iPad, iPhone, and Mac launches scheduled.
- **Partnerships:** Collaborating with materials suppliers and launching a recycling platform.
- **Stock Performance:** Apple stock rose marginally and closed at $209.11.

**Bearish Signals:**
- **Product Delays & Discontinuations:** MacBook Pro delay, Google drops Chrome support for macOS Big Sur.
- **Price Cuts:** iPhone 16 price cut on Flipkart, MacBook Air M3 price cut.
- **Ownership Changes:** Multiple institutions decreased their stakes in Apple.
- **Embargo Threat:** iPhones could be banned in the US.

**Net Tilt:** Mixed, with significant bullish signals from major product releases and government contracts offsetting bearish signals from delays and price cuts."
2025-07-17,31,"**Analyst Ratings and Price Targets:** JPMorgan upgraded Apple’s price target to $250 from $230, while previously downgrading it to $230 from $245. Average analyst rating remains overweight with a mean price target of $228.98. **Net Tilt:** Bullish.

**Exports and Production:** iPhone exports from India surged 53% YOY in H1 2025; Apple achieved record iPhone production. **Net Tilt:** Bullish.

**Stock Performance:** Apple’s share dipped in Q2. **Tilt:** Bearish.

**Product Releases and Promotions:** Apple launched a daily emoji game, made Apple News+ available in Australia, and cut the iPhone 16 price to Rs 63,499. **Net Tilt:** Neutral.

**Partnerships and Contracts:** Apple signed a $500M deal with American and another with MP Materials. **Net Tilt:** Bullish.

**Ownership Changes:** Multiple firms increased stakes in Apple, while some reduced positions. **Net Tilt:** Bullish."
2025-07-18,25,"**Product Launches & Upgrades (Bullish):**
- New iPhone launch cycle in September.
- Release of iOS 26 and iPadOS.
- Official UI Kit release.

**Legal Issues (Bearish):**
- Apple sues YouTuber Jon Prosser for leaking iOS 26.

**Supply & Production (Mixed):**
- Production ramp increase (Bullish).
- Store closure plans (Bearish).

**Analyst Actions (Neutral):**
- Bank of America reiterates “buy” with $235 PT.

**Ownership Changes (Bearish):**
- Multiple firms reduce stakes in AAPL.

**Price Adjustments (Bearish):**
- Amazon cuts 11-inch iPad Pro price.
- iPhone 15 temporarily priced at $550.
- Steep discounts on Apple Watch.

**Facility Changes (Mixed):**
- Store opening in Detroit (Bullish).
- Planned store closures (Bearish)."
2025-07-19,19,"**Analyst Actions & Price Targets:** Jefferies upgraded Apple from ""underperform"" to ""hold,"" while JPMorgan raised its price target to $250 (bullish).

**Product Launches & Discontinuations:** Apple preparing to launch iPhone 17 and unveiling new apps (bullish); however, iTunes phased out from iPhone (bearish).

**Legal & Regulatory Issues:** ITC bans iPhone sales (bearish); Apple facing lawsuit (bearish).

**Ownership Changes:** Multiple firms increased holdings (bullish), while some decreased (bearish).

**Price Adjustments:** iPhone 16 and 16 Pro received price cuts (bearish).

**Net Tilt:** Mixed signals with slight net bullish bias due to product launches and upgrades outweighing legal/regulatory concerns and price cuts."
2025-07-20,12,"**Product Updates:** Bullish. Apple is preparing to release a new iPhone and planning a significant upgrade, indicating strong product pipeline.

**Ownership Changes:** Mixed. Multiple firms increased holdings (Exchange Traded Concepts LLC, Pictet & Cie Europe AG, Hutchinson, Llc) while others decreased positions (Optas LLC, Atlas Private Wealth Advisors, Fairvoy Private Wealth LLC, Mn Services Vermogensbeheer B.V.). Meag MUNICH ERGO Kapitalanlagegesellschaft mbH also bought additional shares. Net tilt slightly bullish due to more increases than decreases."
2025-07-21,37,"**Product Launches:** Bullish. Multiple reports indicate upcoming product launches including a foldable iPhone by end-2025 (multiple sources), iPhone 17 Air in September (one source), and M5 iPad Pro in 2026 (two sources).

**Analyst Actions:** Bullish. JPMorgan upgraded price target from $230 to $250 (one source); Wedbush maintained “outperform” with $270 target (one source).

**Revenue and Supply:** Bullish. iPhone revenues up 28% year-over-year (one source); significant ramp-up in iPhone production (two sources).

**Ownership Changes:** Mixed. Increased stakes by several investors (five sources); decreased holdings by others (two sources).

**Price Adjustments:** Bearish. MacBook Air M4 price drop (one source); iPad price cut to $313 (one source).

**Store Closures:** Bearish. Bristol store closing (one source).

**Net Tilt:** Bullish. Positive signals outweigh negative ones."
2025-07-22,34,"**Acquisitions & Regulatory:** Bullish – Apple acquiring AI firm; EU likely to approve App Store changes. Bearish – EU fined Apple €500M.

**Revenue & Analyst Actions:** Bullish – Morgan Stanley upgraded revenue forecast, maintained ""buy"" rating with $235 target.

**Product Launches:** Bullish – New online store in Saudi Arabia, AirPods production shift to India, CarPlay, macOS 27, iOS 26, iPhone 15 Pro Max price drop.

**Ownership Changes:** Mixed – Multiple firms decreased holdings (RJA Asset Management, Janney Montgomery Scott, Mo, Grove Bank & Trust); some increased (Community Group).

**Net Tilt:** Bullish due to acquisitions, regulatory approvals, product launches, and positive analyst actions outweighing ownership decreases and price cuts."
2025-07-23,45,"**Earnings & Revenue:** Bullish; Apple reported earnings growth and iPad sales up 13%.

**Product Launches:** Bullish; Apple announced multiple product releases including new iPhones, MacBook Air M2, AppleCare services, and CarPlay.

**Legal Developments:** Bullish; Apple won a US appeal.

**Regulatory:** Bearish; Apple faces UK and EU probes.

**Stock Performance:** Mixed; Apple stock up 0.9% but down 12.5% YTD.

**Ownership Changes:** Bearish; several firms reduced stakes in AAPL.

**Price Adjustments:** Bearish; MacBook Air M2 and Beats products saw price cuts."
2025-07-24,54,"**Analyst Ratings & Price Targets:** Analysts maintain a ""Moderate Buy"" average rating with a mean price target of $229.43. Jefferies upgraded Apple from ""Underperform"" to ""Hold."" (Bullish)

**Revenue Guidance & Sales:** iPhone revenue may fall; overall sales slowdown noted. iPad sales expected to grow. (Mixed)

**Regulatory & Legal:** UK warns Apple over App Store power; faces potential big fines. Apple beats consumer suit. (Bullish/Bearish)

**Product Launches & Enhancements:** New iPhone 17, subscription service, iOS 26, and AirPods launches planned. (Bullish)

**Demand & Pricing:** iPhone demand drops; prices cut for iPhone 16 models. (Bearish)

**Ownership Changes:** Multiple firms increase stakes in Apple; some reduce holdings. (Mixed)

**Net Tilt:** Mixed, leaning slightly bullish due to positive analyst ratings and product launches, despite revenue and demand concerns."
2025-07-25,45,"**Revenue and Earnings:** Bullish; Q2 revenue beat estimates at $95.4bn (EPS not specified).

**Analyst Ratings:** Bullish; Morgan Stanley upgraded to Overweight.

**Product Releases:** Bullish; iOS 26, macOS, new AI features, Home products, Apple TV 4K, and custom wallpaper tool launched.

**Legal Issues:** Bearish; Epic Games and securities class action lawsuits against Apple.

**Ownership Changes:** Mixed; Northern Trust and others increased stakes, while IMS Investment Management Services and others decreased stakes.

**Price Movements:** Bearish; stock declined, down nearly 15% YTD.

**Demand Signals:** Bearish; moderating iPhone demand noted."
2025-07-26,10,"**Product Reviews & Enhancements:** Bullish. Positive 13 Pro review; iOS 26 update released.

**Price Target & Analyst Actions:** Bullish. JPMorgan upgrades price target from $230 to $250; Needham reiterates hold.

**Facility Changes:** Mixed. Apple Store in Michigan closing; new store opening in Detroit.

**Ownership Changes:** Mixed. LSV Asset Management increases position; Janney Capital Management and McHugh Group sell shares.

**Net Tilt:** Slightly Bullish."
2025-07-27,8,"**Cyber Attacks:** Bullish (moderate); App Store breached, but no specific impact details provided.

**Insider & Ownership Activity:** Mixed (slightly bullish); Counsel LLC buys 30,706 shares, Allstate Corp increases holdings by 3,368.2%, while Autumn Glory Partners LLC and Compass Capital Corp MA ADV sell shares.

**Analyst Ratings & Price Targets:** Neutral; Wedbush reiterates ""outperform"" with $270 price target, UBS reaffirms ""hold"", and one firm sets a $245 price target."
2025-07-28,30,"**Legal Issues:** Apple faces a securities fraud class action lawsuit (bearish).

**Buybacks & Ownership:** Board authorized $100B buyback; multiple firms increased holdings (bullish); some decreased holdings (bearish). **Net:** Bullish.

**Product:** iPhone 13 release; rumors of major camera improvements; price cuts on iPhone 16 Pro Max and MacBook Air (mixed signals). **Net:** Neutral.

**Stock Performance:** Year-to-date, stock fell 15%; recent minor decline (bearish).

**Competitors & Fundraising:** Meta competes with Apple; update may hurt fundraising (bearish).

**Net Tilt:** Bearish."
2025-07-29,79,"**Revenue and Guidance:**
- Bullish: JPMorgan upgraded AAPL’s price target to $250 from $230, citing potential revenue growth.
- Bearish: Declining sales reported, especially in China and for iPads.

**Product Launches:**
- Bullish: iPhone 16e available, iPhone 17 series expected in Sep 2025, foldable iPhone in Sep 2026.

**Legal and Sanctions:**
- Bearish: EU fined Apple €500M in April; legal issues over iPhones.

**Facility Closures:**
- Bearish: Multiple retail store closures in China and elsewhere.

**Net Tilt:** Mixed, with significant bullish signals from product launches and analyst upgrades offset by bearish revenue declines and legal/sanctions issues."
2025-07-30,48,"**Product Enhancements & Releases (Bullish):**
- Apple rolled out iOS 18.6 and other updates.
- Launched iPhone 16 lineup, iPhone 16e, and live video shopping in India.

**Legal & Antitrust Issues (Bearish):**
- Spain expanding antitrust investigation into App Store.
- Lawsuit against Apple, Visa, and Mastercard.

**Facility Changes (Mixed):**
- Closing stores in Bristol and Caesars Palace.
- Opening new stores in Shenzhen and Hefei.

**Revenue & Demand (Bearish):**
- iPhone sales dropped 18%, demand down in June.
- Revenue up 3.7% in June quarter but no guidance provided.

**Investments & Acquisitions (Bullish):**
- Investing $500B in US facilities.
- Acquired a company for $450M in 2021.

**Price Adjustments (Mixed):**
- Increased trade-in prices for older iPhones.
- Apple Watch Ultra 2 price cut to $650."
2025-07-31,126,"**Revenue & Earnings:**
- **Bullish:** Apple reported Q3 revenue and EPS above expectations, with revenue growing double-digits and EPS at $1.57, beating analyst estimates. Guidance for Q4 revenue is also above expectations.
- **Bearish:** Quarterly revenue fell slightly, and iPad sales slumped. Earnings dropped, and Apple suspended future guidance.

**Product & Services:**
- **Bullish:** iPhone 16 sales surged, driving overall revenue growth. Services revenue improved, and Apple aims to scale up production. New MacBook Air laptops were launched.
- **Bearish:** A security flaw was uncovered in macOS by Microsoft.

**Other:**
- **Neutral:** Apple acquired seven companies in 2025. Legal issues arose with Ingeniospec suing Apple. No specific mention of iPhone 17 release date, but typical September launches noted.

**Net Tilt:** Bullish due to strong revenue and earnings beats, despite minor product and legal setbacks."
2025-08-01,121,"**Revenue and Guidance:** Bullish. Apple reported Q3 revenue of $94 billion, beating estimates, with App Store revenue doubling. The company projects mid-to-high single-digit revenue growth for the next quarter, driven by strong iPhone sales and first China sales growth in two years.

**Earnings:** Bullish. Apple exceeded earnings expectations, posting a net income of $23.43 billion, up from previous quarters.

**Analyst Actions:** Bullish. Monness Crespi & Hardt upgraded Apple’s price target to $270 from $245, while Exane raised it to $205 from $190 and KGI Securities to $204 from $191. The average analyst rating is overweight with a mean price target of $231.23.

**Capex:** Neutral. Capex increased to $2.71B from $2.15B, indicating higher investment.

**Conflicting Signal:** Bearish. One headline noted a decline in Q3 2025 earnings, conflicting with other positive earnings signals.

**Net Tilt:** Strongly Bullish."
2025-08-02,14,"**Earnings:** Bullish. Apple’s profit beat expectations, with revenue up 9.6% YoY to $94B.

**Product:** Bullish. New flagship model and Apple Games previewed; Apple TV 4K updated.

**Promotion:** Neutral. iPhone 16e available at 17% discount.

**Analyst Actions:** Bullish. Citigroup upgraded price target from $240 to $245.

**Ownership:** Mixed. LSV Asset Management increased holdings by $65K, while NY reduced stake by 0.8%.

**Net Tilt:** Bullish."
2025-08-03,23,"**Analyst Ratings and Price Targets:** Bullish. Raymond James upgraded to ""Outperform,"" JPMorgan raised PT to $255, UBS to $220, and Bank of America to $240. Da Davidson reaffirmed ""Buy"" with a $250 PT.

**Ownership Increases:** Bullish. Multiple firms increased stakes: Llc (1800%), Bank (0.3%), Vanguard (0.4%), Geode Capital (1.9%), Hutchinson (24.6%).

**Product and Financial Moves:** Mixed. MacBook Pro M4 price cut (bearish); Apple Pay, Google Pay launch in PH (neutral); board member resignation (bearish); $100B repurchase plan (bullish).

**Earnings Estimates:** Neutral. Da Davidson forecasts Q4 2025 EPS at $1.80; consensus expects FY EPS at 7.28.

**Stock Performance:** Bearish. AAPL down 2.5% and 1.9%.

**Net Tilt:** Bullish."
2025-08-04,33,"**Revenue & Earnings:** Bullish. Apple reports record services revenue and strongest growth since 2021, with iPhone sales rebounding 13%. Q4 guidance indicates mid-to-high single-digit revenue growth and 46%-47% gross margins.

**Product & Supply:** Bullish. iPhone 17 launch confirmed for early September with higher production forecasts. However, delayed features and price hikes may temper enthusiasm.

**Legal & Regulatory:** Mixed. Apple wins key legal battle but faces trademark infringement lawsuit from Apple Cinemas. Bsp approval granted for Apple and Google products.

**Analyst Actions & Ownership:** Bullish. Morgan Stanley upgrades price target to $240.00. Proficio Capital Partners significantly increases stake in Apple.

**Stock Performance:** Bearish. Despite strong earnings and guidance, shares slide in 2025 and gain only slightly post-earnings."
2025-08-05,44,"**Analyst Upgrades and Revenue Beat:** Monness Crespi & Hardt upgraded AAPL’s price target to $270 from $245; Barclays raised target to $180 from $173. Apple beat Q2 revenue expectations with $94.04B vs. $88.64B estimates.

**Product Launches and Enhancements:** Series 5G launching in India on Aug 11; new Apple TV and Siri Remote expected later this year; iPhone 17 unveiling set for Sept 9; iOS 17 beta release; MacBook delayed.

**Ownership Changes:** Multiple firms increased stakes (Ulc, UBS, Patrick, Corp, Northern Trust, PA); some reduced positions (PBMares, Llc, Ltd., Ledyard National Bank, Vectors Research).

**Net Tilt:** Bullish on analyst upgrades and revenue beat; mixed on product delays and ownership changes."
2025-08-06,105,"**Product Releases & Upgrades (Bullish):**
- New foldable phone, iPhone 17 series (four models), Liquid Silicone iPhone 17, new Apple TV 4K, iOS 26, Beats Powerbeats Pro 2, refreshed AirDrop.

**Earnings & Profitability (Bullish):**
- Apple reported a quarterly profit, contributing to stock gains.

**Regulatory & Legal Issues (Bearish):**
- Indian government issues warning for iPhones.
- Massive fraud lawsuit against Apple.
- Antitrust scrutiny of iPhones.

**Partnerships (Neutral):**
- Partnerships with Corning, GlobalFoundries, Samsung, Texas Instruments.

**Stock Performance (Mixed):**
- Stock gains due to earnings and investment news.
- Shares down significantly YTD.

**Net Tilt:** Bullish, driven by product launches and earnings, despite regulatory/legal headwinds."
2025-08-07,72,"**Analyst Ratings & Price Targets:** Analysts upgraded Apple’s average rating to overweight with a mean price target of $233.35; Bank of America raised its price target to $250 from $240 (Bullish).

**Earnings & Financials:** Apple reported a $800M loss in Q2 (Bearish).

**Supply & Production:** Apple plans to boost US production and invest $600B in the US (Bullish).

**Product Releases:** MacBook Pro with OLED display set for late 2026; iPhone 17 launch confirmed for September (Bullish).

**Partnerships:** Apple deepened partnerships with Samsung, Globalfoundries, Corning, and others (Bullish).

**Legal Issues:** Apple is involved in a lawsuit over similarly-named Apple Cinemas (Bearish).

**Stock Performance:** Apple shares surged due to positive news (Bullish).

**Conflicting Signals:** Positive analyst ratings and product launches contrast with financial losses and legal issues, indicating mixed sentiment."
2025-08-08,32,"**Bullish Signals:**
- **Price Target Upgrades:** Monness Crespi & Hardt ($270→$245), Melius Research ($260→$246), UBS ($220→$210), Barclays ($180→$173), Morgan Stanley ($240→$235).
- **Revenue Growth:** QTR revenue up 9.6%.
- **Ownership Increases:** Allstate Corp, Llc, Northern Trust Corp, Geode Capital Management LLC increased positions.
- **Product Launches:** MacBook Pro expected, iPhone series history shows consistent launches.

**Bearish Signals:**
- **Legal Issues:** Sued for 'stealing' tech, sued by Texas firm.
- **Facility Closure:** Apple Stores closing.
- **Product Discontinuation/Delay:** iOS, Android shutting down, MacBook Pro delay to 2027.
- **Ownership Decreases:** C., Goldstein Advisors LLC, Inc. reduced positions.

**Net Tilt:** Mixed, with more bullish signals slightly outweighing bearish ones."
2025-08-09,24,"**Buybacks:** Bullish; Apple approved a $59B share repurchase program.

**Product Releases:** Neutral-Bullish; iPhone 16 Pro launched in India, iPhone 17 series expected next month.

**Legal Issues:** Bearish; Apple faces a new lawsuit in Georgia.

**Partnerships:** Bullish; GlobalWafers partners with Apple.

**Price Cuts:** Bearish; iPhone 16 Pro and Pro Max prices slashed in India.

**Analyst Actions:** Mixed-Bullish; JPMorgan upgraded price target to $255, Citigroup to $245; Rosenblatt maintained neutral at $217, Wedbush at $270.

**Ownership Changes:** Mixed; Nuveen and LSV increased stakes, while DLK and Perpetual reduced positions.

**Stock Performance:** Bullish; Apple stock gained 4.2%."
2025-08-10,10,"**Product Releases & Price Cuts:** Bullish - MacBook Air M4 and new iPhone models set to launch; Bearish - MacBook Air M4 price cut.  
**Partnerships:** Bullish - Deepened relationship with Globalfoundries, teaming up with Corning for iPhones.  
**Hirings:** Bullish - Plans to hire 20,000 employees.  
**Stock Performance:** Bullish - Shares opened at $229.35.  
**AI Development:** Neutral - Testing AI chatbot support assistant.  
**Ownership:** Neutral - LLC holds $1.3M in AAPL.  
**Net Tilt:** Mixed signals, but overall slightly bullish due to product launches and hiring plans."
2025-08-11,64,"**Analyst Actions & Price Targets:** Analysts upgraded Apple’s average price target to $234.36, with Loop Capital raising to $230 and UBS to $220. Barclays and Bank of America also increased targets to $180 and $250 respectively.

**Supply & Revenue Growth:** Apple’s supplies grew 21.5% to 5.9 million units in the first half of 2025. Services revenue grew 13% YoY.

**Product Releases:** Apple plans to launch revamped Siri in 2026, MacBook with iPhone 16 Pro chipset possibly in 2025, and iPhone 17 & Ultra-Thin iPhone Air on September 9, 2025.

**Investments & Partnerships:** Apple committed $100 billion to US investments, partnered with GlobalWafers to bolster US operations, and JPMorgan is in talks to take over Apple’s credit card.

**Price Hikes & Insider Sell:** Reports suggest potential price hikes for iPhone 17 due to tariffs, while insider CM sold shares.

**Net Tilt:** **Bullish** due to multiple upgrades, strong growth projections, and significant investments."
2025-08-12,61,"**Revenue:** Bullish; Apple reported record June quarter revenues.

**Legal Issues:** Bearish; Apple lost an antitrust lawsuit in Australia, fined €500 million by EU, and faces multiple threats of legal action including from Elon Musk and X.AI.

**Product Releases:** Mixed; positive reviews for iPad mini 7, OLED MacBook Pro release announced, and Apple Watch Series 11 unveiled. Negative signals include discontinued Grok app support and iPhone 15 price cut.

**Partnerships:** Neutral; partnerships expanded with Globalfoundries, Samsung, and FuturHealth.

**Price Target:** Bullish; Monness Crespi & Hardt raised price target to $270 from $245.

**Insider Sell:** Bearish; Apple exec sold $7.77M in common stock.

**Net Tilt:** Bearish due to legal and financial pressures outweighing product and partnership positives."
2025-08-13,42,"**Earnings & Analyst Actions:** Bullish. Apple’s Q2 earnings beat expectations, with EPS and revenue exceeding forecasts. Melius raised the price target to $260, while JPMorgan and Citigroup increased targets to $255 and $245 respectively.

**Product Launches & Delays:** Mixed. iPhone 17 Air launches next month, while MacBook Pros are delayed until early 2026. iPhone 17 series goes on sale September 19.

**Legal Issues:** Bearish. Fortnite developer won a case against Apple, and Apple faces potential legal actions from Elon Musk and a copyright infringement lawsuit.

**Insider Activity:** Bearish. SVP Deirdre O’Brien sold significant shares worth $7.7 million.

**Revenue Trends:** Bullish. iPhone revenue rose 13%, and Mac sales jumped 15%.

**Net Tilt:** Neutral to Slightly Bullish."
2025-08-14,40,"**Revenue and Sales:** Bullish. iPhone sales in China increased, and previously purchased Apple Watch units suggest strong acquisition.

**Analyst Actions:** Bullish. UBS upgraded price target from $210 to $220.

**Product Releases:** Bullish. Multiple product launches planned including Vision Pro headset, HomePod Mini 2, Apple TV, and new A17 Pro chip.

**Legal Issues:** Bearish. Apple filed a patent case against Masimo.

**Supply and Production:** Mixed. Store closures and production delays (iPad-like smart home) vs. new store openings and hiring.

**Ownership Changes:** Mixed. Increased positions by some investors (Lsv Asset Management, Northern Trust Corp, PA) vs. decreased positions by others (Mmbg Investment Advisors, Northcape Wealth Management, Berkshire).

**Net Tilt:** Bullish. Positive signals outweigh negative ones."
2025-08-15,35,"**Price Target Upgrades:** Monness Crespi & Hardt raised PT to $270, Bank of America to $250, Barclays to $180, Morgan Stanley to $240 (Bullish).

**Sanctions/Fines:** EU fined Apple €500m (Bearish).

**Product Launches:** iPhone 17 series on Sep 9, iPhone 16 and 16 Plus available now, HomePod mini 2 in Sep-Dec timeframe (Bullish).

**Insider Actions:** Buffett sold 20M shares, while insiders like Boss declined a buy offer (Mixed).

**Price Cuts:** iPhone 16 priced at £899, Mac Studio prices dropped (Bearish).

**Ownership Changes:** Multiple institutions increased holdings (Hutchinson, Llc), while others reduced (Florida, Valley National, New York State Teachers) (Mixed).

**Net Tilt:** Mixed, with some bullish signals from product launches and upgrades offset by bearish ones like sanctions and price cuts."
2025-08-16,12,"**Product Release:** Bullish; iPhone 17 series launch in India scheduled.

**Legal Issues:** Bearish; Xai and Elon Musk threaten legal action against Apple.

**Stock Performance:** Bearish; AAPL slips on early word of hardware reveals.

**Partnerships:** Bullish; OpenAI partners with Apple.

**Price Cuts:** Bearish; iPhone 16 Pro Max price drops by Rs 25,000.

**Ownership Changes:** Mixed; Vanguard increases holdings by 3.7%, while Enzi Wealth cuts holdings. Net tilt slightly bullish.

**Analyst Ratings:** Neutral; Wedbush reaffirms ""outperform"" with $270 price target.

**Other Ownership Actions:** Neutral; various small ownership changes reported."
2025-08-17,24,"**Product Launch/Catalysts:**
- Bullish: FDA approval for AirPods Pro 2 (Sep 12, 2024); expected new iPhone model launch in Sep.
- Neutral: Rumored AirPods 5 launch in 2027; MacBook discounts.

**Supply Changes:**
- Bullish: Plan to expand iPhone production; Foxconn boosts iPhone production.

**Analyst Actions:**
- Bullish: UBS upgrades PT to $220; JPMorgan upgrades PT to $255.
- Neutral: Evercore ISI reiterates outperform with $250 PT; BMO Capital Markets reaffirms buy; Rosenblatt Securities reiterates neutral with $217 PT.

**Ownership Changes:**
- Mixed: Northern Trust lifts holdings; Proficio Capital Partners significantly increases stake; Advisor lowers position.

**Stock Performance:**
- Bearish: Shares slip in Q2; insider sale by SVP Deirdre O'Brien.

**Net Tilt:** Bullish."
2025-08-18,50,"**Revenue and Earnings:** Bullish. iPhone revenue surged to $44.58 billion, up 10%. **Product Launches:** Mixed. Positive signals include budget-friendly MacBook, AI products, and new Apple TV planned. Negative signals involve potential delays or skips in iPhone launches. **Market Dynamics:** Bearish. Apple’s market share dropped below previous levels. **Price Adjustments:** Mixed. Price hikes for some products contrast with ongoing cuts for others. **Ownership Changes:** Mixed. Multiple firms increased holdings, while others decreased. **Stock Performance:** Bullish. AAPL shares rose by 11.58%."
2025-08-19,37,"**Product Releases & Enhancements:** Bullish. Apple unveiled iPhone 16 models in September 2024, launched M4 chip in March 2025, and released fifth-gen AirPods. The company expanded self-service repair programs to Canada and introduced a public beta program for AirPods.

**Supply & Production:** Bullish. Apple increased iPhone 17 production in India and Foxconn began manufacturing Apple handsets.

**Analyst Actions:** Mixed. Da Davidson reiterated a ""buy"" rating with a $250 target, while Wedbush maintained ""outperform"" with a $270 target. However, some investors like Investment Management reduced stakes, while others like Krane Funds Advisors LLC increased holdings.

**Stock Performance:** Bearish. AAPL stock declined 8% YTD.

**Net Tilt:** Neutral to Slightly Bullish."
2025-08-20,42,"**Product Release/Catalysts:**
- Bullish: UBS upgrades price target to $220 from $210, Bank of America raises target to $250 from $240, iOS 12 and new iPhones/Watches announced, MacBook and foldable iPhone in pipeline (multiple sources).
- Bearish: AirPods Pro 3 delay, iPhone 16 Pro Max price cut, some product delays (AirPods Pro).

**Ownership Changes:**
- Bullish: Geode Capital, Northern Trust, and Counsel Inc increase stakes.
- Bearish: Multiple firms reduce positions or sell entirely.

**Stock Performance:**
- Bearish: Apple stock dips 31%, opens at $230.56.

**Net Tilt:** Mixed, but slightly **Bullish** due to multiple upgrades and product announcements outweighing ownership reductions and price cuts."
2025-08-21,58,"**Analyst Ratings & Price Targets:** Analysts upgraded Apple’s average rating to overweight with a mean price target of $236.50; Monness Crespi & Hardt raised their target from $245.00 to $270.00 (Bullish).

**Product Releases & Enhancements:** Apple rolled out iOS 18, debuted iPhone 17 in China, and launched new beta firmware for AirPods Pro 2 and AirPods 4. The company plans to unveil more products next month (Bullish).

**Supply & Production:** iPhone production surged 53% year-over-year (Bullish).

**Regulatory Warnings:** U.S. FTC Chairman warned Apple and other tech companies (Bearish).

**Price Increases:** Apple raised the price of Apple TV+ by 30% to $12.99 (Bearish).

**Layoffs & Discontinuations:** Apple pushed out the seventh developer and the iPhone 16 Pro Max may be retired (Bearish).

**Facility Openings:** Apple is opening new stores in Bengaluru and elsewhere (Bullish).

**Conflicting Signals:** Bullish signals from analyst upgrades, product launches, and production increases contrast with bearish regulatory warnings, layoffs, and price hikes. **Net Tilt:** Mixed, leaning slightly Bullish due to stronger positive signals."
2025-08-22,27,"**Buybacks and Product Updates:** Bullish. Apple approved a new stock repurchase program and released iOS 26, enhancing product offerings.

**Insider Sales:** Bearish. SVP Deirdre O'Brien and other insiders sold shares, indicating potential concerns.

**Ownership Changes:** Mixed. Multiple institutions increased holdings (Llc, Ifm Investors, Proficio Capital Partners, Bank), while others decreased (Ma, Truist Financial Corp).

**Legal Issues:** Neutral. Apple sued Oppo over alleged theft, a standard industry practice.

**Price Adjustments:** Bearish. Apple TV+ price increased by USD 3, potentially impacting subscriber growth.

**Analyst Ratings:** Neutral. BMO Capital Markets maintained a ""buy"" rating.

**Stock Performance:** Bullish. Shares gained 1.35%, closing at $224.90.

**Net Tilt:** Mixed, with some bullish signals (buybacks, product updates, stock gains) offset by bearish ones (insider sales, price hikes)."
2025-08-23,18,"**Product Launch/Catalysts:** Bullish. Apple is launching the iPhone 17 and a new self-repair program in Canada (both positive).

**Legal Issues:** Bearish. Apple faces multiple lawsuits including one with Masimo Corp. and another against OPPO (negative).

**Price Actions:** Mixed. Barclays upgraded Apple’s price target to $180.00, while Amazon slashed iPhone 15 prices by Rs 9,000 (neutral overall).

**Ownership Changes:** Net Neutral. Multiple firms increased stakes (Catalyst Capital, unnamed Corp.), while others decreased holdings (Braun Stacey, unnamed Bank, Seascape Capital, unnamed Llc). Adell Harriman bought shares (net neutral).

**Analyst Ratings:** Neutral. Wedbush reaffirmed an “outperform” rating with a $270.00 price target (no change)."
2025-08-24,26,"**Product Release:** Bullish; Apple to unveil latest iPhone model on Sept. 9, expanding manufacturing in India, and planning major redesigns.

**Supply Changes:** Bullish; increased iPhone production in India.

**Ownership:** Mixed; Geode Capital, Hutchinson increase stakes, while Lee Danner & Bass, Meridian Investment Counsel, and Atlantic reduce positions.

**Price Actions:** Bearish; potential price drop for iPhone 16 Pro, stock expected to fall.

**Other:** Neutral; Apple to open store in Pune, invest in original content, and face legal issues with Chinese entities."
2025-08-25,75,"**Earnings & Profitability:** Bearish. Apple’s EPS missed expectations, sacrificing profits.

**Legal Issues:** Bearish. Multiple lawsuits against Apple, including antitrust scrutiny, XAI lawsuit, and DOJ action.

**Product Releases & Enhancements:** Bullish. Expected iPhone 17 launch, potential foldable phone in 2026, AirPods Pro 3 launch, and new Xcode tools.

**Partnerships & Reorganizations:** Mixed. Apple integrating with Google, partnering with OpenAI, but also facing antitrust issues and ending MLB contract.

**Insider Actions:** Bearish. Insider sell by Brass Tax Wealth Management Inc.

**Net Tilt:** Bearish."
2025-08-26,85,"**Revenue Growth:** Bullish; Apple reported its fastest quarterly revenue growth.

**Legal Issues:** Bearish; Apple lost a German case and faces multiple lawsuits from Musk, X Corp., and X.AI LLC.

**Earnings Estimates & Analyst Actions:** Bullish; Wall Street raised 2026 earnings estimates, and UBS upgraded Apple’s price target to $220 from $210.

**Product Releases:** Bullish; Apple confirmed the iPhone 17 series launch on September 9, alongside the Apple Watch Series 11, AirPods 4, and other products.

**Conflicting Signals:** Net tilt slightly bullish due to strong revenue growth, positive analyst actions, and product launches outweighing legal challenges."
2025-08-27,55,"**Revenue and Earnings:** Bullish. High iPhone sales and revenue acceleration noted.

**Product Releases:** Bullish. Expected launches include iPhone 17 series, Apple Watch Series 11, and AirPods Pro on September 9.

**Acquisitions:** Mixed. Apple acquired Beats for $3B and is exploring acquisitions of Mistral AI and Perplexity AI, but Loop Capital downgraded AAPL to $226.

**Partnerships:** Bullish. Partnerships with TuneIn and potential AI companies for Siri revamp.

**Regulatory:** Bearish. Colombia launched an antitrust probe into Apple’s App Store.

**Stock Performance:** Bullish. Stock up at $201.70 post positive news.

**Ownership Changes:** Mixed. Increased ownership by Llc and decreased by Dekabank and TradeWell Securities."
2025-08-28,39,"**Fines and Legal Issues:** Bearish. Apple fined EUR500 million and faces multiple legal actions against Xiaomi and Chinese entities.

**Product Launches/Delays:** Mixed. Positive signals include potential Airtag launch, four new models, AirPods Pro, and Powerbeats. Negative signals involve delays in AirPods Max release.

**Ownership Changes:** Mixed. Increased positions by Union Bancaire Privee, Hutchinson, and others vs. decreases by Westbourne Investment Advisors, Berkshire Hathaway, and others.

**Analyst Ratings:** Neutral. Goldman Sachs reiterates ""buy"" with a $266.00 target, while Evercore maintains ""outperform.""

**Other:** Apple’s Xcode updated, strategic investment in products noted, and significant discounts on iPhone 16 series."
2025-08-29,22,"**Antitrust & Legal Issues:** Bearish. Elon Musk files antitrust suit; authorities open investigation into App Store; Xai sues Apple.

**Product Releases & Enhancements:** Bullish. iPhone 17, Apple Watch Series 10, and new print products launched; Apple Watch Series 10 and iPhone 16 see price cuts; iconic accessory revival announced.

**Analyst Actions:** Neutral. Evercore ISI and Da Davidson maintain “outperform” and “buy” ratings with $250 price targets.

**Ownership Changes:** Mixed. LLC increases stake by 27.1%; multiple firms purchase shares.

**Net Tilt:** Neutral to Slightly Bullish."
2025-08-30,33,"**Product Launches & Promotions (Bullish):**
- Apple announces iPhone 17 series launch on September 9.
- iPhone 15 Pro Max launches in India at INR1,44,990.
- AirPods and iPads receive up to 30% discounts.

**Price Adjustments (Bearish):**
- iPhone 16 retails for Rs. 79,990.
- iPhone 15 Pro Max prices slashed in India and globally by $726.

**Analyst Actions (Mixed):**
- Bank of America reaffirms “buy” with $250 target.
- Wedbush reissues “outperform” with $270 target.
- Loop Capital downgrades price target to $226.

**Ownership Changes (Bullish):**
- Multiple institutions increase stakes: Allstate, Vanguard, Oversea Chinese Banking, LSV Asset Management, Northern Trust, Asahi Life, Patrick.
- Some reduce stakes: LLC, Dakota Wealth Management, Massachusetts Financial Services.

**Net Tilt:** Bullish due to product launches and increased institutional ownership outweighing price cuts and minor analyst downgrades."
2025-08-31,17,"**Revenue and Product Release:**
- Bullish: Apple’s Labor Day sales include promotions, with the iPhone 16e now available at a significant discount (over INR 10,900).
- Neutral: iPhone 16e launched in India priced at Rs. 53,600; Samsung Galaxy S24 and iPhone 16 may get major price cuts.

**Ownership Changes:**
- Mixed: Migdal Insurance & Financial Holdings Ltd. increased its position by 65.1%, while Dalton reduced its position by 4.1%. Pictet Asset Management Holding SA decreased its position by 3.0%, and Jennison Associates LLC sold 2,899,281 shares. Inc. increased holdings by 2.2%.

NET TILT: Bearish due to multiple large decreases in ownership outweighing increases."
2025-09-01,30,"**Product Releases & Enhancements (Bullish):**
- iPhone 17 Air launches this month.
- Watch Ultra 3 with satellite connectivity launches on Sept 9.
- iOS 18.7 release announced.
- iPhone 12 updates in EU.

**Facility Openings (Bullish):**
- Multiple Apple stores opening in various locations including Hebbal, Bengaluru, and Pune starting September 2.

**Investor Activity (Mixed):**
- Bullish: Adv, Hutchinson, Llc, and Inc. increased positions.
- Bearish: Denali Advisors LLC, Australiansuper Pty Ltd, and Beckerman Institutional LLC reduced positions.

**Regulatory & Sanctions (Bearish):**
- Previous fine of EUR500 million by European Commission.
- Colombian authority investigating Apple.

**Analyst Ratings (Neutral):**
- Goldman Sachs reaffirmed ""buy"" with $266.00 PT.
- Evercore ISI reaffirmed ""outperform"" with $250.00 PT."
2025-09-02,41,"**Revenue & Sales:** Bullish; Apple sales surged.

**Product Launches:** Bullish; new iPhone 17 series, AI models, potential Apple Watch and AirTag launches imminent.

**Executive Changes:** Bearish; Robotics AI Chief resigns to join Meta.

**Patents & Facilities:** Bullish; Apple won design patents and opened retail stores in India.

**Stock Performance:** Mixed; gains from US performance, but slight losses today (down 1.41%).

**Analyst Actions:** Neutral-Bullish; Da Davidson and Bank of America maintained “buy” ratings with $250 price targets.

**Ownership Changes:** Mixed; some firms increased holdings while others decreased.

**Price Cuts & Discontinuations:** Bearish; older iPhone and MacBook models to be discontinued; iPhone 16 prices cut."
2025-09-03,70,"**Analyst Actions & Price Targets:** Bullish. Bank of America upgrades Apple’s price target to $260 from $250, while the average analyst rating remains overweight with a mean price target of $237.46.

**Product Launches:** Bullish. Apple plans multiple launches including the iPhone 17 series on September 9, new macOS, Apple Watch, and an AI-powered web search tool for Siri.

**Stock Performance:** Bullish. Apple shares are rising pre-market and have shown buoyancy.

**Revenue Growth:** Bullish. Apple reports average annual revenue growth of 4.28% over the past five years.

**Cyber Attacks:** Bearish. Hackers plan to target Apple users.

**Net Tilt:** Bullish. Positive analyst actions and product launches outweigh cyber attack concerns."
2025-09-04,56,"**Analyst Actions & Price Targets:** Bullish. Bank of America upgraded Apple to Neutral from Sell, raising the price target from $250.00 to $260.00. Craig Moffett at MoffettNathanson also upgraded Apple to Neutral from Sell.

**Product Launches & Enhancements:** Mixed. Apple is set to launch new iPhones, iPadOS 26, and potentially an AI search engine. However, Siri’s release is delayed until 2026. MacBook Air M4 prices dropped by Rs 13,000, while iPhone prices are expected to rise.

**Legal Issues:** Bearish. Cerence filed a patent infringement complaint against Apple and is likely to win a lawsuit against it.

**Supply & Production:** Bullish. Apple plans to scale up production and boost output for iPhone 17.

**Partnerships:** Bullish. Apple is reportedly partnering with Google on AI projects and with Strava for fitness tracking.

**Revenue & Ownership Changes:** Bullish. Apple App Store revenue grew 11.4% in Q4, and several large investors increased their stakes in AAPL."
2025-09-05,47,"**Revenue & Market Share:**
- Bullish: India sales hit record $9B, annual sales in India rose.
- Bearish: iPhone’s market share fell to 14%.

**Product Launches:**
- Bullish: New iPhone 17 series, Apple Watch models, and AirPods planned for September 9.

**Legal Issues:**
- Bearish: Multiple lawsuits against Apple, including from Cerence and AI companies.

**Stock & Insider Actions:**
- Bearish: Stock slips, board chair offloads $20M stock.
- Bullish: Analysts suggest buying before earnings.

**Supply & Production:**
- Bullish: Expanding production at five factories.

**Other:**
- Bearish: EU fines, price hike for iPhone, fingerprint sensor removal.
- Bullish: Increased demand for MacBooks, retail expansion in India."
2025-09-06,36,"**Revenue:** Bullish; Apple reported nearly $9 billion in revenue.

**Legal Issues:** Bearish; faced two new lawsuits, one over copyright infringement and another in California.

**Product Releases:** Bullish; set to launch iPhone 17 lineup, new Watch, and AirPods; exclusive supplier revealed for foldable iPhone.

**Stock Performance:** Neutral; stock down 0%, then regained momentum.

**Price Cuts:** Bearish; iPhone 16 Pro and 16 prices cut in India.

**Market Expansion:** Bullish; expanded retail network and launched flagship store in India.

**AI Upgrades:** Bullish; announced AI system upgrades.

**Ownership Changes:** Mixed; multiple firms increased holdings while others decreased, including Mitsubishi UFJ Trust & Banking Corp selling shares.

**Analyst Ratings:** Neutral; Wedbush, Evercore ISI, and Da Davidson maintained ""outperform"" or ""buy"" ratings with price targets ranging from $226-$270.

**Contract Acquisitions:** Bullish; acquired Perplexity.

**Price Target Downgrade:** Bearish; Loop Capital downgraded price target from $230 to $226."
2025-09-07,35,"**Product Launches:** Bullish. AirPods Pro 3 expected this week; new Siri voice assistant in Spring 2026; latest iPhone on Sep. 9; Apple Intelligence in China by end-2025.

**Price Target Upgrades:** Bullish. Jefferies raises to $205.82; Bank of America to $260.00.

**Revenue Growth:** Bullish. iPhone sales boosted.

**Analyst Actions:** Mixed. Jefferies upgrades to $205.82; Rosenblatt Securities maintains neutral at $217.00.

**Ownership Changes:** Net Neutral. Major investors like UBS, Vanguard increase stakes; others like Y.D. More Investments sell shares.

**Insider Activity:** Bearish. Arthur Levinson sells 90,000 shares.

**Price Adjustments:** Bearish. iPhone 16 Pro price drop noted."
2025-09-08,65,"**Analyst Ratings & Price Targets:** Analysts rate Apple as overweight with a mean price target of $240.27 (bullish).

**Revenue & Sales Growth:** Apple’s India sales hit record INR79,337 crores (bullish).

**Product Launches:** Apple set to unveil iPhone 17 series with four models, iOS 26, and possibly new AirTags, AirPods, and Apple Watches (bullish).

**Legal Issues:** Apple faces a copyright class action lawsuit and another unspecified lawsuit (bearish).

**Price Cuts:** MacBook, M4 Mac mini, and some iPhone models see price reductions in various markets (bearish).

**Net Tilt:** Bullish due to strong analyst ratings, product launches, and robust sales growth outweighing legal issues and price cuts."
2025-09-09,256,"**Product Releases:** Bullish. Apple unveiled the thinner iPhone 17, Apple Watch Ultra, and new AirPods Pro 3, with iOS 26 and HomePod mini updates. (Evidence: Multiple headlines confirm product launches.)

**Revenue & Market Share:** Mixed. Revenue is up but sales are declining, and market share is reportedly falling. (Evidence: ""Apple adds revenue"" vs. ""Apple's sustained sales decline""; ""losing market share"".)

**Analyst Actions:** Bullish. Jefferies raised price target from $190.67 to $205.82; Evercore lifted target to $260. (Evidence: Price target upgrades.)

**Legal Issues:** Bearish. Apple faces a patent lawsuit from Cerence Inc. (Evidence: Patent infringement lawsuit mentioned.)"
2025-09-10,106,"**Product Launches (Bullish):** Apple unveiled multiple new products including the iPhone 17 series, AirPods Pro, Apple Watch SE 3, and new MagSafe accessories. The iPhone 17 will be available in India on Sep 19.

**Price Target Upgrades (Bullish):** Melius Research raised Apple’s price target to $290 from $260; Rosenblatt adjusted it to $241 from $223; Crockett raised it to $241.

**Stock Dip (Bearish):** Apple’s stock experienced a dip.

**Conflicting Signals:** Bullish signals from product launches and price target upgrades contrast with the bearish stock dip. **Net Tilt:** Slightly Bullish due to multiple positive analyst actions and product launches."
2025-09-11,41,"**Analyst Actions:** Bullish: Jefferies upgrades price target to $205.82; Bank of America upgrades to $270.00. Bearish: Phillip Securities downgrades from Neutral to Reduce; Da Davidson downgrades from Buy to Neutral.

**Earnings & Market Performance:** Bearish: Apple loses $52B overnight; hits five-year low post-downgrades; trades down 3.2%.

**Product Updates:** Mixed: iPhone 17 colors revealed, new iOS 26, Apple Watch Ultra 3 minimal upgrades; price hikes and cuts across products; spyware attacks notified.

**Ownership Changes:** Mixed: Nuveen LLC, Geode Capital, and BNP Paribas increase holdings; Cornerstone Select Advisors and Matthew 25 Management reduce holdings.

**Net Tilt:** Bearish due to multiple downgrades and significant market losses outweighing positive analyst upgrades and product launches."
2025-09-12,67,"**Revenue & Sales:**
- Bullish: Q3 revenue grew strongly, Mac sales expanded.
- Bearish: iPad revenue declined, iPhone sales in China fell.

**Regulatory & Product Approval:**
- Bullish: FDA approved Apple Watch for hypertension notifications.

**Product Release & Outage:**
- Bullish: iPhone 17, iPhone Air, watchOS 26, iOS updates, and new health features launched globally except in China where iPhone Air release is delayed.
- Bearish: Outage affected Android and iOS.

**Analyst Actions:**
- Bullish: Rosenblatt upgraded Apple’s price target.

**Supply & Pricing:**
- Bearish: Production down in Q2, iPhone 16 price cut in India.
- Bullish: Apple increased AirPods Max price, introduced battery enhancements.

**Ownership Changes:**
- Bullish: LLC significantly increased stake in Apple.

**Net Tilt:** Mixed, with more bullish signals outweighing bearish ones."
2025-09-13,55,"**Analyst Ratings:** Phillip Securities downgraded AAPL to ""Moderate Sell"" from ""Hold."" **Net Tilt:** Bearish.

**Product Launches & Enhancements:** IPhone Air, IPhone 17 series, Series 5G, and iOS 26 released or scheduled. **Net Tilt:** Bullish.

**Regulatory Approvals:** FDA cleared Apple Watch for hypertension monitoring. **Net Tilt:** Bullish.

**Executive Changes:** Key AI exec resigning. **Net Tilt:** Bearish.

**Price Adjustments:** IPhone 16 Pro and IPhone 16 getting price cuts. **Net Tilt:** Bearish.

**Facility Closures:** Apple Store near Sydney closing. **Net Tilt:** Bearish.

**Ownership Changes:** Mixed; some firms increased holdings while others sold shares. **Net Tilt:** Neutral.

**Stock Performance:** AAPL stock rebounded, gaining 1.7%. **Net Tilt:** Bullish."
2025-09-14,27,"**Bullish Signals:**
- **Price Target Upgrades:** Rosenblatt Securities raised target from $223.00 to $241.00; Jefferies from $190.67 to $205.82; Bank of America from $260.00 to $270.00.
- **Product Launches & Approvals:** Apple Watch Ultra 3 FDA approved; iOS 26 release on Sep 15; AirPods Pro 3 launch on Sep 19; new Macs and iPhones (17, 17 Pro, 17 Pro Max) announced.
- **Ownership Increases:** Trust, Woodline Partners LP, and Geode Capital Management LLC increased stakes.

**Bearish Signals:**
- **Product Delays & Price Cuts:** iPhone Air delayed in China; iPad mini 7 price cut by $100.
- **Ownership Decreases:** IFM Investors Pty Ltd sold 23,969 shares.

**Net Tilt:** Bullish, due to multiple upgrades and product launches outweighing delays and price cuts."
2025-09-15,87,"**Product Launches & Upgrades (Bullish):**
- Apple initiated with an Outperform rating at Bernstein.
- AirPods Pro 3 receives positive reviews, despite one negative critique.
- Apple Watch Series 11 gains FDA clearance.
- iPhone 17e, AirTag 2, iPad Pro, and AirPods Pro 3 launch.
- iOS 26, watchOS 26, macOS 26, tvOS 26, and iPadOS 26 released.

**Demand Trends (Bullish):**
- Pre-orders for iPhone 17 models show high demand, with shipments extending to October.

**Conflicting Signals:**
- Mixed reviews for AirPods Pro 3 (one negative, multiple positive).

**Net Tilt:** Bullish due to strong product launches, upgrades, and high demand signals outweighing mixed product reviews."
2025-09-16,64,"**Product Launches & Enhancements (Bullish):**
- Apple launched iPhone 17, iPhone Air, Vision Pro, iPad Pro, MacBook, new Watch models, and updated iOS, macOS, and other software platforms.
- Enhanced features include new games app, camera app revamp, and AI upgrades.

**Stock Performance (Bullish):**
- Apple stock inched higher on Tuesday.

**Investment & Ownership (Bullish):**
- Tim Cook announced $600 billion investment plan.
- Multiple firms increased stakes in AAPL, including Jones Financial Companies Lllp (+31.6%), Northern Trust Corp (+13.3%), and Nuveen LLC ($17.5B new position).

**Price Adjustments (Bearish):**
- Mac Mini M4 price dropped to $499."
2025-09-17,58,"**Analyst Actions & Ratings:** Bullish. Bernstein initiates coverage with Outperform; average analyst rating is overweight with a mean price target of $243.76. Rosenblatt Securities upgrades target from $223.00 to $241.00.

**Revenue Guidance & Earnings:** Bullish. Apple expects sales to rise.

**Product Reviews & Launches:** Mixed. Positive reviews for MacBook Air M4, iPhone 17 Pro Max, and Apple Watch Series 11; glitch affecting iPhone Air and iPhone 17 Pro. iPhone 17 launches with AI enhancements; MacBook Pro delayed until 2027.

**Demand & Pricing:** Bearish. iPhone 17 orders surge but iPhone 16 Pro Max and MacBook Air M4 see price cuts.

**Stock Performance:** Bearish. AAPL falls to multi-year lows despite potential rally of 28%.

**Ownership Changes:** Mixed. Vanguard and Swedbank increase holdings while Rainier Family Wealth decreases position."
2025-09-18,39,"**Price Target Adjustments:** Bullish – Jefferies upgraded price target from $190.67 to $205.82; Tigress Financial raised target from $300.00 to $305.00. Bearish – D.A. Davidson downgraded to Neutral.

**Product Reviews & Outages:** Bullish – Positive iPhone 17 review; FDA clearance for Apple Watch hypertension monitoring. Bearish – iPhone 17 Pro camera glitch.

**Product Launches:** Bullish – Multiple product launches including iPhone 17, new MacBook, Apple Watch Series 11, and AirPods Pro 3 scheduled for September 19.

**Price Cuts:** Bearish – Significant price drops for iPhone 15, 16 series noted.

**Analyst Actions:** Mixed – Wedbush reaffirmed “outperform” at $270.00; Goldman Sachs reiterated “buy” at $266.00; D.A. Davidson downgraded to Neutral.

**Ownership Changes:** Mixed – Various entities reducing or increasing stakes.

**Net Tilt:** Bullish due to multiple positive product reviews, launches, and upgrades outweighing price cuts and downgrades."
2025-09-19,98,"**Product Releases & Reviews (Bullish):** JPMorgan raises Apple’s price target to $280 from $255. Positive reviews for iPhone 17 and AirPods Pro 3. iPhone 17 series launches globally, with units expected to reach 236 million.

**Sanctions & Fines (Bearish):** Apple faces a €500M EU fine.

**Net Tilt:** Bullish due to strong product reception and global launches outweighing the EU fine."
2025-09-20,34,"**Revenue and Guidance:** Bullish. JPMorgan upgraded Apple’s price target to $280 from $255, citing projected sales growth. Foxconn plans to increase daily output of the standard iPhone 17.

**Product Launches:** Bullish. Apple launched the iPhone 17 and unveiled the iPhone 16 Pro series, with the iPhone 17 going on sale in Moscow.

**Ownership Changes:** Mixed. Nuveen LLC, Geode Capital, Northern Trust, and Vanguard increased stakes, while NBC and Bard Financial Services reduced holdings.

**Price Adjustments:** Bearish. The iPhone 16 saw a price drop to Rs 57,105, and there were substantial discounts on iPhones.

**Legal Issues:** Bearish. There was a bid to sue Google and Apple over unspecified issues.

**Insider Activity:** Bearish. SVP Deirdre O’Brien sold shares.

**Net Tilt:** Net bullish due to strong revenue projections and product launches outweighing legal and insider concerns."
2025-09-21,18,"**Product Release/Cuts:** Bullish - iPhone Air and iPhone 17 series launched; Bearish - Price cuts on iPhone 16 Pro Max and AirPods Pro 3.

**Ownership Changes:** Mixed - Multiple firms increased positions (Trust, LSV Asset Management, Inc.), while others decreased (Atwood & Palmer Inc., Group, Florida).

**Analyst Actions:** Neutral - Wedbush maintained ""outperform"" with reduced target to $226; UBS reaffirmed ""neutral""; Loop Capital downgraded target from $230 to $226.

**Net Tilt:** Neutral to Slightly Bearish due to mixed ownership signals and price cuts outweighing product launches."
2025-09-22,71,"**Analyst Upgrades & Price Targets:** Multiple upgrades with targets raised by Wedbush to $310, Rosenblatt to $241, and Jefferies to $205.82, indicating **bullish** sentiment.

**Revenue & Guidance:** T-Mobile expects record iPhone sales, Apple forecasts 28% YOY revenue growth, and plans to increase production by 30%, signaling **bullish** trends.

**Product Launches:** iPhone 17 series launched globally, iPhone Air set for China release, and new immersive films and software updates announced, all **bullish**.

**Stock Performance:** Apple stock surged nearly 50%, gaining across markets including India and China, reflecting **bullish** investor confidence.

**Legal & Supply Issues:** Patent lawsuit against Apple and potential iPhone 18 delay are **bearish**, but overall positive signals dominate. **NET TILT: BULLISH**."
2025-09-23,63,"**Product Reviews & Sales:** Bullish; iPhone 17 receives positive reviews, sales soar.

**Legal Scrutiny:** Bearish; EU investigates Apple over potential fraud.

**Price Targets & Analyst Actions:** Bullish; stock target raised to $310.

**Product Releases & Enhancements:** Mixed; new iPhone models launched globally, but Apple TV+ release canceled. Security updates and long-term support announced for iOS 18 and iPhone 17 Pro Max.

**Investments & Partnerships:** Bullish; Apple increases investments, partners with OpenAI, and The Conservation Fund.

**Supply & Production:** Bullish; significant production increase.

**Ownership Increases:** Bullish; multiple firms boost stakes in Apple.

**Price Adjustments:** Mixed; price cuts on AirPods, iPad Air M3, MacBook, and iPhone 15, but iPhone 17 Pro price rises in India."
2025-09-24,41,"**Bullish Signals:**
- J.P. Morgan upgrades Apple to BUY, raises PT to $280 from $255.
- Positive reviews for iPhone 17 Pro, Apple Watch Ultra 3, and iPhone Air.
- Apple ramps up iPhone 17 production.
- Apple strengthens iPhone manufacturing in India.
- Apple rolls out new parental controls and updates Apple Music.

**Bearish Signals:**
- Apple TV+ series delays.
- iPhone 15 receives a massive price cut.
- Multiple institutions reduce positions in AAPL.

**Neutral Signals:**
- Mixed ownership trends with some increasing and others decreasing positions.
- Various product launches and enhancements without clear market impact.

**Net Tilt:** Neutral to Bullish due to positive analyst actions and product reviews outweighing delays and price cuts."
2025-09-25,30,"**Product Launches:** Bullish. Apple launched iPhone 17, iPhone 17 Pro, iPhone Air, and iPhone 17 Pro Max.

**Analyst Actions:** Mixed. Jefferies upgraded price target from $190.67 to $205.82; Zacks downgraded Q3 2026 EPS estimates.

**Demand Trends:** Bullish. High demand for iPhones in used phone market.

**Regulatory:** Bearish. EU opens DSA probe into Apple.

**Facility Expansion:** Bullish. Apple opens new stores in UAE and plans Saudi Arabia entries.

**Ownership Changes:** Mixed. Northern Trust, LP, and others increased positions; Sarasin & Partners and Affinity Capital Advisors decreased stakes.

**Net Tilt:** Slightly Bullish."
2025-09-26,28,"**Price Target Upgrade:** Evercore ISI raises Apple’s price target to $290 from $260; Tigress Financial raises PT to $305 from $300. **Bullish**

**Revenue & Demand Guidance:** Analysts predict increased iPhone Air sales; Apple sees high demand for affordable iPhone 17. **Bullish**

**Product Launches:** New AirPods Pro 3, Watch Series 11, and 'Apple Intelligence' launched; MacBook Pro launch speculated. **Bullish**

**Legal & Regulatory:** Apple challenges false advertising claims; EU scrutinizes Apple, Google. **Bearish**

**Supply & Production:** China increases daily output of standard iPhone 17; Apple pauses series release. **Mixed**

**Ownership Changes:** Multiple firms increase holdings in AAPL; some reduce positions. **Mixed**

**Product Enhancements & Fixes:** Apple updates App Store, plans fixes for iPhone 17 Pro and Apple Intelligence. **Neutral**

NET TILT: **Bullish**"
2025-09-27,12,"**Product Reviews & Releases:** Bullish. Positive iPhone 17 review highlights ""Pro-level brilliance""; new Apple Watch Series 11/Ultra 3 and AirPods Pro 3 released.

**Supply & Production:** Bullish. Apple boosts iPhone production in India.

**Regulatory & Ownership:** Bearish. US Senators question Apple; Global Financial Private Client LLC lessens position in AAPL.

**Price Adjustments:** Bearish. iPhone 16 Pro Max price cut.

**Net Tilt:** Mixed signals with slight bullish bias due to product enhancements and supply boost."
2025-09-28,7,"**JPMorgan Chase & Co. upgraded Apple’s target price from $255.00 to $280.00**, bullish. **iPhone 17 sales surged**, bullish. **Walmart is offering a discount on its Wireless CarPlay adapter**, neutral. **LLC increased its stake in Apple by 209.2%**, bullish. **Pachira Investments Inc. sold shares of Apple**, bearish. **A group took a new position in Apple**, neutral. **Co maintains a $19.48 million position in Apple**, neutral. **Net tilt**: Bullish."
2025-09-29,55,"**Analyst Ratings & Price Targets:** Analysts upgraded Apple’s average price target to $247.67, with Rosenblatt raising theirs from $223 to $241. Bullish.

**Product Launches & Enhancements:** Multiple product launches including iPhone 17, MacBook Pro, and software updates like iOS 26, iPadOS 26, visionOS 26, and tvOS 26. Expected future releases include M5 MacBook Pros and new Siri. Bullish.

**Regulatory Approvals:** Health Canada approved Apple Watch. Bullish.

**Legal Issues:** Hit with multiple class action lawsuits. Bearish.

**Revenue & Investment:** Sales in India up 28%; investments in Detroit and Empowerment Plan. Bullish.

**Ownership Increases:** Various firms increased stakes in AAPL. Bullish.

**Price Increases:** Announced price hikes for Apple One and other products. Mixed impact.

**Net Tilt:** Overall, the signals lean **Bullish** due to numerous positive analyst actions, product launches, and regulatory approvals outweighing legal issues and price hikes."
2025-09-30,46,"**Price Target Upgrades:** Jefferies raised PT to $205.82; Bank of America to $270.00; Tigress Financial to $305.00 (Bullish).

**Regulatory Approvals:** FDA cleared new Apple Watch algorithm (Bullish).

**Supply Guidance:** Apple plans to double production (Bullish).

**Product Outages:** iOS 26 glitches, Apple kit down (Bearish).

**Product Releases:** New iPhone 17 series, Powerbeats Fit earbuds, ultra-thin iPhone Air (Bullish).

**Legal Issues:** Apple sued by EEOC over alleged discrimination (Bearish).

**Demand Shifts:** iPhone 17 demand cooling in U.S. (Bearish).

**Insider Sales:** Multiple insiders sell shares (Bearish).

**Ownership Changes:** Mixed; Nuveen acquires large stake, others reduce positions (Net Neutral).

**Stock Performance:** Stock down 0.5% on Monday, higher Tuesday (Mixed)."
2025-10-01,26,"**Analyst Ratings & Recommendations:** Bullish. Seaport Global initiates coverage with a Buy rating.

**Revenue & Financials:** Bullish. Reported Q3 revenue of $94 billion. Shares up 0.84%, then fell 0.44% to $253.51 in after-hours.

**Product Launches & Enhancements:** Mixed. Positive: Apple Watch Ultra 3 reviewed positively, Powerbeats Fit launched in Malaysia. Negative: Vision Pro revamp shelved.

**Legal & Regulatory:** Bearish. US agency accuses Apple of religious discrimination. Ordered by UK government to create cloud services.

**Ownership Changes:** Mixed. Northern Trust Corp increased stake by 13.3%. Lincoln Capital LLC cut holdings. Arrow Investment Advisors LLC acquired shares.

**Net Tilt:** Neutral to Slightly Bullish."
2025-10-02,44,"**Bullish Signals:**
- **Revenue Growth:** iPhone 17 sales are taking off, with Morgan Stanley raising iPhone sales estimates to 243M units (from previous lower estimates).
- **Price Target Upgrades:** JPMorgan upgraded price target from $255 to $280; Morgan Stanley raised from $240 to $298.
- **Supply Increase:** Apple poised to boost iPhone production.
- **Product Launches:** iOS 18.1 released, Vision Pro shown in 2023, and plans for future models.

**Bearish Signals:**
- **Demand Slump:** iPhone 17 orders reduced from 84-86M to a lower figure.
- **Product Discontinuation:** Vision Pro development paused and possibly discontinued in favor of glasses.
- **Price Cuts:** iPhone 16 prices cut.
- **Government Pressure:** UK orders Apple to create a backdoor for cloud services.

**Net Tilt:** Mixed, but slightly bullish due to strong revenue growth expectations and multiple price target upgrades outweighing product discontinuation concerns."
2025-10-03,56,"**Analyst Actions:** Jefferies downgraded Apple to Underperform with a lowered price target to $205.16 (bearish). Average analyst rating remains overweight with a mean price target of $250.60 (bullish).

**Earnings & Revenue:** Year-to-date earnings beat expectations (bullish). iPhone revenue rose 5.5%, and App Store revenue increased 7-10% YoY (bullish).

**Product Releases:** iPhone 17 series launched globally, along with AirPods Pro 3 and upcoming Smart Glasses in 2026 (bullish). However, Apple removed ICEBlock app from App Store and dropped Vision Pro update (bearish).

**Stock Performance:** Shares dipped following Jefferies downgrade (bearish).

**Supply & Ownership:** Apple plans to boost iPhone 17 Pro production (bullish). Several institutional investors increased stakes in AAPL, while some trimmed positions (mixed).

**Net Tilt:** Mixed signals with a slight net bearish tilt due to analyst downgrades and product support discontinuations."
2025-10-04,28,"**Product Reviews & Approvals:** Positive reviews for Apple Watch SE 3, Series 11, and Powerbeats Fit; PTA approval for iPhone 17 series (Bullish).

**Insider Sales:** SVP Deirdre O'Brien, CEO Tim Cook, and SVP Katherine Adams sold shares (Bearish).

**Ownership Changes:** Multiple firms increased holdings (Bullish); some decreased holdings (Bearish). Net tilt slightly Bullish due to more increases.

**Analyst Ratings:** Jefferies reaffirmed ""Underperform"" rating (Neutral).

**Other:** Rumor of potential iPhone retirement (Bearish)."
2025-10-05,21,"**Product Promotions & Price Cuts:** Bullish. AirPods 4 dropped to $90, AirTags to $74, iPhone 16 received massive discounts (up to Rs. 17,000), and Apple Watch SE 2 hit a record low price.

**Revenue Growth:** Bullish. Apple’s App Store revenue surged 10% in Q3.

**Legal Issues:** Bearish. EEOC sued Apple over employment practices.

**Institutional Ownership:** Mixed. Nuveen LLC and others increased holdings significantly, while some firms like Financial Partners Group sold shares.

**Net Tilt:** Bullish, with strong promotional activities and revenue growth offsetting legal concerns."
2025-10-06,43,"**Product Releases & Enhancements (Bullish):**
- Apple Watch Series 11, iPhone Air, and new MacBook Pro models received positive reviews.
- New MacBook Pro with M5 chip and OLED display expected in late 2026.
- Apple deploying two global OS updates.

**Executive Changes (Mixed):**
- Tim Cook stepping down as CEO (Bearish).
- John Ternus eyed as potential successor (Bullish).

**Regulatory Investigations (Bearish):**
- French authorities investigating Apple’s Siri and other operations.

**Insider Sales (Bearish):**
- Multiple insiders sold significant shares worth over $11M each.

**Ownership Changes (Mixed):**
- Institutional investors like Vanguard increased holdings (Bullish).
- Some reduced positions (Bearish).

**Price Actions (Mixed):**
- MacBook Air price cut (Bearish).
- Positive product promotions (Bullish)."
2025-10-07,43,"**Product Reviews & Enhancements:** Bullish. Positive reviews for AirPods Pro 3 and Apple Watch Series 11 highlight product quality.

**Revenue Growth:** Bullish. App Store revenue growth indicates strong user engagement.

**Insider Sales:** Bearish. CEO Timothy D. Cook and other executives sold significant shares.

**Regulatory Investigation:** Bearish. French prosecutors investigating Siri raises compliance concerns.

**Price Cuts & Promotions:** Mixed. Price cuts on iPhone 16 Pro Max, iPad 11, and MacBook Air suggest demand issues, while promotions boost short-term sales.

**Ownership Changes:** Mixed. Increased stake by De and LSV Asset Management vs. reductions by others indicate varied investor sentiment.

**Product Launches & Updates:** Bullish. New AirPods Pro 3 and iPadOS 26 releases support ongoing innovation.

**Vision Pro Revamp Pause:** Bearish. Delay in Vision Pro revamp may impact future growth.

**Net Tilt:** Neutral to Slightly Bearish. Positive product reviews and launches contrast with insider sales, regulatory scrutiny, and price cuts."
2025-10-08,35,"**Analyst Actions & Price Targets:** Seaport Res Ptn upgraded Apple to ""strong-buy"" with no specific price target mentioned, while Bank of America raised its target from $260 to $270 (Bullish).

**Product Reviews & Enhancements:** Positive reviews for AirPods Pro 3 and iPhone 17 Pro highlight strong product performance (Bullish). Server-side fix for Apple Intelligence rolled out (Neutral).

**Exports & Guidance:** Apple’s exports surging (Bullish).

**Price Cuts:** Multiple products including AirPods Pro 2, iPad Air M3, iPhone 16e, and Air M3 saw price reductions (Bearish).

**Settlement:** Apple nearing settlement with EU over antitrust issues (Neutral).

**Ownership Changes:** Significant increases in stake by various firms like Nuveen LLC and Amundi (Bullish); minor decreases noted (Bearish).

**Net Tilt:** Mixed signals, but overall slightly Bullish due to positive analyst upgrades and strong export growth."
2025-10-09,30,"**Analyst Ratings & Reviews:** Clsa upgraded Apple to ""strong-buy"" (Bullish). Positive reviews for iPhone 17 Pro Max, iPhone Air, and Apple Watch Ultra 3 (Bullish).

**Product Launches & Enhancements:** New Ion-X glass display, Apple Watch hypertension notifications in Canada, new iPhone Pro, four new games (Bullish). Price cuts on Beats Solo 4 and iPad Mini (Bearish).

**Market Actions:** Apple's stock up with Meta, but only 3% YTD gain (Mixed). Facility closures in Hornsby, but Sydney store reopening (Mixed).

**Revenue & Ownership:** Mac sales growth at 4.3%, Nuveen and Goldman Sachs increase holdings, while another advisor reduces stake (Mixed)."
2025-10-10,46,"**Product Releases (Bullish):** Apple is set to launch multiple new products including the M5 MacBook Pro, new iPads, Macs, and smart wearables like the Watch Ultra 3.

**Analyst Actions (Bullish):** Rosenblatt Securities upgraded Apple’s target price from $223.00 to $241.00.

**Legal Issues (Bearish):** Apple faces multiple lawsuits and regulatory investigations, including copyright infringement suits and EU scrutiny over business practices.

**Ownership Changes (Mixed):** While Vanguard Group increased its stake, several firms reduced holdings, including Dakota Wealth Management and Meag MUNICH ERGO.

**Net Tilt:** Bullish due to product launches and positive analyst action outweighing legal and ownership concerns."
2025-10-11,21,"**Acquisitions & Product Releases:** Bullish. Apple acquired Prompt AI and released new products including MacBook Air M4, iPhone 17 Pro Max, AirPods Pro 3, and Apple Watch Ultra 3. Expected iPad and MacBook launches this month.

**Product Support & Price Cuts:** Bearish. Apple ended service programs and support for Clips. Price cuts on iPhone 16 and 16 Pro models.

**Insider Activity:** Mixed. SVP Katherine Adams sold shares, while major investors like UBS, Amundi, and others increased their stakes in AAPL.

**Trading Performance:** Bearish. AAPL traded down 3.5%.

**Net Tilt:** Neutral to Slightly Bearish."
2025-10-12,26,"**Price Target Upgrade:** JPMorgan Chase upgraded Apple’s price target from $255.00 to $280.00 (Bullish).

**Product Releases:** iOS 26, macOS 26, AirPods 4, AirPods Pro 3, and AirPods Pro 2 are launching (Bullish). **Discontinuation:** Clips video editing app discontinued (Bearish).

**Legal Issues:** Facing a new legal challenge in California (Bearish).

**Ownership Changes:** Multiple firms increased stakes in Apple (Bullish); Moisand Fitzgerald Tamayo LLC sold shares (Bearish).

**Product Price Cut:** iPhone 16 Pro price cut (Bearish). **Promotion:** AirPods Pro 2 received a 39% discount (Bullish).

**Net Tilt:** Mixed signals with slight net bullish bias due to upgrades and new product launches outweighing legal challenges and discontinuations."
2025-10-13,43,"**Analyst Ratings & Price Targets:** Month downgrades Apple to underperform; average analyst rating remains overweight with a mean price target of $251.19. **Bullish**

**Earnings Guidance:** Q4 FY25 EPS estimate decreased; Q4 FY25 revenue guidance increased. **Mixed**

**Product Releases:** Multiple new product launches including M5 iPad, MacBook Pro, Vision Pro, and iPhone Air. **Bullish**

**Legal Issues:** Class action lawsuit filed over copyright infringement. **Bearish**

**Stock Performance:** Shares tumbled due to lower price outlook; recent gains include an 18% rise in three months. **Mixed**

**Other:** Clips app discontinued; iOS 26.01 update released. **Neutral**"
2025-10-14,41,"**Analyst Ratings:** Clsa upgraded Apple to ""strong-buy"" (Bullish).

**Product Launches:** Multiple new products including iPhone Air, MacBook Pro, Vision Pro updates, and new AirPods models (Bullish).

**Supply Changes:** Production scaled up (Bullish).

**Price Adjustments:** IPhone 17, Apple Watch SE 2, and iMac prices cut (Bearish).

**Insider Sales:** Deirdre O'Brien and Tim Cook sold shares (Bearish).

**Ownership Changes:** Mixed ownership changes with increases and decreases (Net Neutral)."
2025-10-15,104,"**Product Releases & Upgrades (Bullish):**
- Apple unveiled upgraded Vision Pro, new MacBook Pro, and iPad Pro.
- MacBook Pro features M5 chip, expected to boost performance.
- New iPad Pro models announced, with up to 50% faster performance.
- iPhone 17 series and Apple Watch Series 11 launched in September.
- HomePod launch scheduled for Spring 2026.

**Revenue & Market Share (Bullish):**
- Mac sales growth guided positively.
- iPhone 17 sales show growth.
- Apple’s market share in India doubled to 8% since 2022.

**Conflicting Signals:**
- Positive product releases vs. no specific revenue beat details. **NET TILT:** Bullish."
2025-10-16,57,"**Product Reviews & Launches:** Bullish. Positive reviews for iPhone 17 Pro, Apple Watch Series 11, and AirPods Pro (3rd Gen). Product launches include iPad Pro, MacBook Pro, and Vision Pro.

**Executive Resignations:** Bearish. Multiple high-level executives, including AI leaders, have left for Meta.

**Price Adjustments:** Mixed. Vision Pro price cut in UK, iPhone 17 Pro price drop on Amazon, MacBook Pro price increase in Türkiye.

**Partnerships:** Bullish. Apple partners with BYD for smart home devices and NBCUniversal for streaming services."
2025-10-17,36,"**Product & Supply:**
- Bullish: Apple launches iPhone Air, gains US F1 TV rights ($750m deal). (Evidence: positive reviews, new contracts)
- Bearish: Expected cuts in iPhone Air production, potential delays in foldable iPhone. (Evidence: supply cuts, delays)

**Demand:**
- Bearish: iPhone demand wanes, ESPN contract ends. (Evidence: declining demand, contract changes)

**Insider Activity & Ownership:**
- Mixed: Management sells shares, while some funds increase holdings. (Evidence: insider sell, ownership increases)

**Net Tilt:** Neutral to slightly bearish due to conflicting signals on product supply and demand."
2025-10-18,19,"**Analyst Ratings & Reviews:** Clsa upgraded Apple to ""strong-buy"" (bullish). Positive reviews for iPhone 17 and Mac products (bullish).

**Revenue & Product Launches:** Apple TV revenue growth (bullish); MacBook Pro redesign launch expected (bullish); iPhone Fold delay to 2027 (bearish); iPhone Air production scaled back (bearish).

**Insider Activity & Ownership Changes:** CFO and SVP sold shares (bearish); Nuveen LLC increased stake significantly (bullish); other LLCs decreased positions (bearish).

**Net Tilt:** Mixed signals, but net slightly bullish due to positive analyst action and product reviews outweighing insider sales and production cuts."
2025-10-19,21,"**Product Launch/Catalysts:** Bullish. Apple unveiled new products including the iPhone 17 Pro and a new touchscreen device, with positive reviews for the iPhone 17 Pro noting faster performance.

**Supply Guidance:** Bullish. Apple plans to increase production of the iPhone Air.

**Insider Activity:** Bearish. SVP Katherine L. Adams sold 47,125 shares.

**Institutional Ownership:** Mixed. Multiple firms increased their positions (Hutchinson, Vanguard, Northern Trust, Goldman Sachs, De, Amundi) while others reduced stakes (Trivium Point, Truist Financial, Adv, Pggm).

**Analyst Ratings:** Neutral. Da Davidson maintained a neutral rating with a $250 price target.

**Net Tilt:** Net bullish due to product launches and increased institutional ownership outweighing insider selling."
2025-10-20,44,"**Bullish Signals:**
- **Analyst Upgrades:** Evercore upgrades Apple to 'Tactical Outperform'; Loop Capital upgrades to Buy from Hold and raises price target.
- **Revenue Growth:** iPhone 17 sales surge; Q3 Mac sales grow 10.7%; iPhone sales jump 14% YOY.
- **Stock Performance:** Apple stock hits all-time high at $260.2; rallies 24% over past three months; rises 3-5% multiple times recently.

**Bearish Signals:**
- **Legal Issues:** Chinese consumers file antitrust complaints; users sue over App Store; second complaint in China.
- **Outages:** Major outages affect Apple TV+, Apple Music, and App Store.
- **Insider Sell:** CFO Kevan Parekh sells 4,199 shares.

**Net Tilt:** Bullish, despite legal and operational issues, due to strong analyst support and robust financial performance."
2025-10-21,55,"**Analyst Ratings & Price Targets:** Analysts upgraded Apple to Overweight, with a mean price target of $253.68. Wells Fargo raised its target to $290 from $245, while Goldman Sachs increased it to $279 from $266. **Bullish**

**Earnings & Reviews:** Q4 earnings beat expectations. Positive reviews for iPhone 17, iPad Pro, and MacBook Pro. **Bullish**

**Product Launches & Enhancements:** Apple launched the latest iPhone line and debuted the M5 chip. Plans for a foldable iPhone in 2026. **Bullish**

**Legal & Regulatory Issues:** Fined EUR500M for breaching regulations. Facing antitrust suits in China and a court case over the App Store. **Bearish**

**Supply & Demand:** Production cut for iPhone Air amid overall iPhone demand boost. **Mixed**

**Stock Performance & Insider Activity:** Shares rose post-Q4 earnings. Insiders show mixed activity, with some selling and others increasing holdings. **Neutral**"
2025-10-22,79,"**Revenue & Earnings:** Bullish. Apple’s Q4 iPhone revenue exceeded expectations and reported EPS of $1.79, beating forecasts.

**Supply & Demand:** Mixed. Apple plans to decrease iPhone production by 10%, citing reduced orders, while also increasing overall production and expecting demand to rise through 2027. However, iPhone Air demand has fallen.

**Product Releases:** Bullish. Multiple new products including iPhone Air, MacBook Pro with M5 chip, and Vision Pro launched globally.

**Legal & Regulatory:** Bearish. Facing EU antitrust scrutiny and a fine of EUR500 million, plus legal complaints in the EU.

**Insider Activity:** Bearish. CFO Kevan Parekh sold shares.

**Partnerships:** Neutral. Apple collaborates with Samsung Display, while Samsung partners with others to compete against Vision Pro.

**Net Tilt:** Mixed, leaning slightly bearish due to supply cuts and regulatory/legal pressures."
2025-10-23,58,"**Analyst Downgrades:** Jefferies downgraded Apple to ""Strong Sell"" from ""Moderate Sell,"" indicating **bearish** sentiment.

**Legal Setbacks:** Apple lost a significant UK lawsuit over the App Store, facing a $2 billion class-action settlement, marking multiple **bearish** rulings.

**Revenue Growth:** Mac sales and overall revenue growth in Greater China suggest **bullish** trends.

**Product Launches & Enhancements:** Apple unveiled the iPhone Air, M5 chip, and MacBook Pro, while planning further releases like the iPhone 20, indicating **bullish** product momentum.

**Supply Adjustments:** Production adjustments include scaling back iPhone Air production but increasing iPhone 17 output, showing mixed signals with a slight **bearish** tilt.

**Acquisitions & Partnerships:** Apple’s interest in acquiring Warner Bros. and potential partnerships with SpaceX hint at strategic expansion, **bullish**.

**Net Tilt:** Despite positive revenue and product launches, legal setbacks and analyst downgrades weigh heavily, resulting in an overall **bearish** tilt."
2025-10-24,30,"**Legal Issues:** Bearish. Apple lost a $2b UK lawsuit and faces a £3b claim from Which?. Tribunals ruled against Apple in multiple suits, ordering hefty penalties including Rs 1,75,45,23,00,000 in the UK.

**Earnings & Revenue:** Bullish. Reported EPS of $1.57, Mac sales surged 15%, and shares rose 25% since last quarter.

**Partnerships & Product Launches:** Bullish. Potential partnerships with SpaceX and Globalstar, and Q4 iPhone preview announced.

**Ownership Changes:** Mixed. Ownership increased by major investors like LLC and Northern Trust, while Oriental Harbor Investment Fund sold shares."
2025-10-25,22,"**Price Target Upgrade:** Wells Fargo upgraded Apple’s price target from $245.00 to $290.00 (Bullish).

**Demand Below Expectations:** iPhone Air demand missed expectations (Bearish).

**Supply Increases:** Foxconn plans to double AirPods output in India (Bullish). 

**Product Releases:** AirPods 4 and AirPods Pro 3 launched in Sep 2024 and Sep 2025 (Bullish).

**Insider Sell:** CFO Kevan Parekh sold 4,199 shares (Bearish).

**Supply Cuts:** Apple cut iPhone Air production (Bearish).

**Ownership Decrease:** Clarity Capital Partners LLC sold Apple shares (Bearish).

**Analyst Neutral Rating:** Evercore ISI maintained “outperform” rating (Neutral).

**Price Cut:** iPhone 16 Pro prices slashed (Bearish).

NET TILT: Bearish."
2025-10-26,12,"**Analyst Ratings:** Jefferies downgraded Apple to ""strong sell"" from ""moderate sell,"" bearish. Wedbush maintained ""outperform,"" neutral.

**Ownership Changes:** Checchi Capital and Bank Hapoalim sold shares, bearish. Nuveen, Hennessy Advisors, Quent Capital, and an unnamed entity increased holdings, bullish.

**Product Launches/Catalysts:** Apple plans to add search ads and introduce ads inside Maps by 2026, bullish.

**Price Action:** Apple stock gained 1.2%, bullish.

**Net Tilt:** Mixed signals with slight net bullish bias due to product catalysts and ownership increases outweighing analyst downgrade."
2025-10-27,63,"**Revenue & Guidance:**
- Bullish: Analysts upgraded Apple’s average rating to overweight with a mean price target of $255.65. JPMorgan raised its price target to $290 from $280.
- Bullish: Apple expects Q4 FY25 net sales growth and reported increased PC and MacBook sales.
- Bearish: Temporary production slowdown this year.

**Legal:**
- Bearish: Apple lost a EUR 48 million case.
- Bearish: U.S. judge decertified a class action lawsuit against Apple.

**Product Releases:**
- Bullish: New Watch Series 11, iPad Pro (2027), and iPhone Fold (2026) announced.
- Bearish: GM planning to phase out Apple CarPlay.

**Supply & Demand:**
- Bullish: Foxconn increasing AirPods production in Hyderabad; high demand for iPhone 17 chips.
- Bearish: MacBook Air M4 price drop; temporary production slowdown.

**Net Tilt:** Bullish, with strong positive analyst upgrades and product launches outweighing legal setbacks and minor supply issues."
2025-10-28,54,"**Bullish Signals:**
- **Price Target Upgrades:** Wells Fargo raised target from $245 to $290; Baird from $230 to $280.
- **Product Releases:** New solid-state buttons, iPhone 17, watchOS 26, potential new Home products.
- **Stock Performance:** Apple stock hit all-time high at $269.75, surged past $4 trillion market cap.
- **Ownership Increases:** Multiple firms increased holdings in AAPL.

**Bearish Signals:**
- **Legal Setback:** Lost £1.5 billion UK case.
- **Supply Cuts:** Slashed iPhone Air production.
- **Price Cuts:** iPhone 16 Pro and 17 Pro prices reduced.
- **Ownership Decrease:** Glass Wealth Management sold shares.

**Net Tilt:** Bullish, with strong analyst upgrades and product launches outweighing legal and supply issues."
2025-10-29,67,"**Analyst Actions:** Jefferies downgraded Apple to ""strong sell"" (bearish); Bank of America, Robert W. Baird, and Goldman Sachs upgraded price targets to $320, $280, and unspecified respectively (bullish).

**Earnings & Revenue Guidance:** Apple expects record sales, doubling EPS by 2030, and increasing revenue (bullish); no EPS guidance provided (neutral).

**Product Launches & Enhancements:** iPhone 17 demand outpaces expectations, iOS 26 and iPadOS 26 launched (bullish); Watch SE 2 discounted at Walmart (bearish).

**Sanctions & Fines:** French court fined Apple €39M over iPhone sales dispute (bearish).

**Stock Performance:** Apple hit 52-week low at $169.21, but shares climbed to $270 (mixed).

**Net Tilt:** Bullish."
2025-10-30,109,"**Revenue & Earnings:**
- Bullish: Q4 revenue $102.47B, above expectations; Q4 profit $27.47B, beating estimates; Dec quarter iPhone revenue growth expected to be double-digit.
- Bearish: iPhone revenue missed expectations; China sales fell.

**Product Launches:**
- Bullish: Launched AirPods Pro 3; iPhone 17 Pro reviewed positively; new iPhones and Macs released.

**Analyst Actions:**
- Bullish: Him upgraded price target to $320; Bank of America raised target to $320.

**Net Tilt:** Bullish due to strong earnings, positive product reviews, and upgrades outweighing revenue misses and China sales decline."
2025-10-31,141,"**Analyst Upgrades & Price Targets:** Multiple firms upgraded Apple’s price targets, with new targets ranging from $241 to $345, indicating **bullish sentiment**.

**Revenue Guidance:** Mixed signals; while overall guidance suggests a 10-12% revenue growth and strong holiday sales, there were slight declines in iPhone sales and Chinese revenue, indicating **mixed sentiment**.

**Earnings & Revenue Performance:** Apple beat earnings and revenue expectations, reporting $102.46 billion in revenue and $1.85 EPS, signaling **strong performance**.

**Capital Expenditure:** Increased capex to $12.83B for FY2025 and $3.74B in Q4, suggesting **investment expansion**.

**Product Performance:** Positive reviews for the iPhone 17 Pro and record sales in India, indicating **positive product reception**.

**Net Tilt:** **Bullish**, with significant analyst upgrades and positive financial performance outweighing minor revenue declines."
2025-11-01,16,"**Revenue and Earnings:** Bullish. Apple reported record Q4 FY25 revenue of $102.5B, beating expectations.

**Analyst Upgrades:** Bullish. Da Davidson raised price target from $250 to $270; Evercore ISI increased from $290 to $300.

**Product Updates:** Mixed. Launched iPhone 16 Plus in 2024, upgraded iPhone 17, and offered discounts.

**Ownership Changes:** Net Neutral. Positive: Amundi increased position by 27.4%, Proffitt & Goodson bought shares. Negative: Watershed Private Wealth and NY reduced positions.

**Stock Performance:** Bearish. Shares opened at $270.37, down slightly from previous close."
2025-11-02,35,"**Price Target Upgrades:** Td Cowen upgraded Apple’s price target from $275.00 to $325.00; Bank of America lifted it from $270.00 to $320.00; Morgan Stanley increased it from $298.00 to $305.00. **Bullish**

**Product Releases:** Apple unveiled a new iPad, released its first foldable device, and plans to launch new Apple Watches and iPhones in the fall. Rumors suggest an iPhone 18, redesigned MacBook Pro, and smart glasses by late 2026. **Bullish**

**Price Cuts:** MacBook Pro received its first price cut, and Amazon discounted the Apple Watch SE 3. **Bearish**

**Analyst Ratings:** Sanford C. Bernstein, Cowen, and Wedbush maintained “outperform” or “buy” ratings with respective price targets. **Neutral**

**Ownership Increases:** Multiple firms increased holdings in Apple. **Bullish**"
2025-11-03,64,"**Revenue Guidance:** Bullish; Apple forecasts record sales, but iPhone sales are falling slightly.

**Analyst Actions & Price Targets:** Bullish; DZ Bank upgrades to 'BUY', Bernstein raises price target to $325, JPMorgan to $305, and Evercore ISI to $300. Wedbush boosts EPS estimates.

**Product Launches:** Bullish; multiple product launches planned including iOS 26.2, AI-powered Siri, new Apple TV, redesigned MacBook Pro, and iPhone 17e.

**Price Cuts:** Bearish; iPhone 16 prices drop significantly in India.

**Net Tilt:** Bullish due to strong analyst upgrades, positive revenue forecast, and numerous product launches outweighing minor price cuts."
2025-11-04,53,"**Price Target Upgrades:** UBS raised PT from $220 to $280; Barclays from $180 to $230; Monness Crespi & Hardt from $270 to $300; Goldman Sachs from $279 to $320; Melius from $290 to $345 (Bullish).

**Product Launches:** Low-cost Mac laptop announced (Bullish); MacBook Air M4, HomePod 26, iOS 26.1, unified App Store, and watchOS 26 launched (Neutral-Bullish).

**Revenue & Guidance:** iPhone 17 sales beat expectations; Q4 App Store revenue up 8%; FY25 revenue growth expected at 10-12% (Bullish).

**Executive Changes:** Current CEO stepping down; new CEO appointed (Bearish).

**Product Delays & Cuts:** Siri delay to next year; MacBook Air M4 price cut (Bearish).

**Insider Activity:** CFO Kevan Parekh sold shares (Bearish).

**Net Tilt:** Bullish, with significant upgrades and positive product launches outweighing executive changes and delays."
2025-11-05,40,"**Analyst Ratings & Price Targets:** Bullish; DZ Bank upgraded to Buy, Daiwa raised PT to $300, TD Cowen to $325, Bank of America to $320, Da Davidson to $270, Rosenblatt to $250, Evercore ISI to $300, Morgan Stanley to $305. Bearish; LBBW cut to Hold.  
**Product Launches & Enhancements:** Bullish; MacBook sub-$1,000, AirPods release in Ireland, iPadOS 18 rollout, AI upgrades to Siri and Podcasts. Bearish; M4 MacBook Air price drop to $749, Amazon cuts MacBook Air price by $250.  
**Ownership Changes:** Bullish; multiple firms increased stakes or initiated positions.  
**Supply & Contracts:** Neutral; LG supplies equipment to Apple, Apple uses Google’s AI model.  
**Stock Performance:** Bearish; shares down 0.3%.  
**Net Tilt:** Bullish."
2025-11-06,43,"**Earnings:** Bullish. Apple Q3 2025 earnings beat estimates.

**Analyst Actions:** Bullish. DBS Bank upgraded price target to $273.30 from $210; JPMorgan raised target from $290.00 to $305.00.

**Product Launches:** Mixed. Positive: Mac Studio and Mac Pro launch in 2026, potential MacBook launch, Siri expected in spring 2026, Air branding introduced, Apple Music expands in India, new Magic Keyboard. Negative: Possible discontinuation of another iPhone model, iPad Air M3 price drop, iPhone 16e price cut.

**Legal Issues:** Bearish. Racketeering lawsuit filed, fined $261K, ongoing lawsuit with Epic Games.

**Partnerships:** Neutral. Apple partners with Google, Tata Play teams up with Apple.

**Ownership Changes:** Mixed. Increased by Trust, Amundi, Inc., LLC; decreased by Bender Robert & Associates, Blue Zone Wealth Advisors LLC."
2025-11-07,29,"**Product Performance & Sales:**
- Bullish: iPhone 17 Pro Max receives positive reviews; iPhone 17 sales soar in India.
- Bearish: Apple TV faces temporary outage affecting multiple services.

**Product Launches & Enhancements:**
- Bullish: Apple to debut Burgundy iPhone 18, introduce iOS 26, and roll out in-house AI model. New features for Apple TV 4K. iPhone Air launch expected.
- Neutral: Huawei nova 14 Pro release in South Africa.

**Financial & Ownership:**
- Bullish: Apple shares up 37% in six months; Aberdeen Group and Goldman Sachs increase stakes.
- Bearish: AAPL opens at $269.77.

**Promotions:**
- Bullish: Discounts on iPhone 16 Pro, Apple Watch Ultra 3, iPad Pro, and AirPods 4.

**Net Tilt:** Bullish"
2025-11-08,8,"**Price Target Upgrades:** UBS raised PT from $220 to $280; Monness Crespi & Hardt from $270 to $300; Melius from $290 to $345 (Bullish).

**Insider Sell:** CFO Kevan Parekh sold 4,199 shares (Bearish).

**Product Enhancements:** WhatsApp launches enhanced Apple Watch features and new privacy feature for iPhone (Bullish).

**Ownership Changes:** Llc increased stake by 28.3% in Q1 (Bullish); Apollon Financial LLC decreased holdings (Bearish).

**Net Tilt:** Mixed signals with significant upgrades offsetting insider sell and ownership decrease."
2025-11-09,14,"**Price Target Upgrades:** Td Cowen upgraded price target from $275 to $325; Bank of America from $270 to $320 (Bullish).

**Analyst Ratings:** Zen downgraded from ""Buy"" to ""Hold""; Cowen reiterated ""Buy"" (Mixed).

**Partnerships & Ownership Changes:** Apple partnered with TBWA; Vanguard and De increased stakes; Llc decreased stake and acquired shares (Net Neutral).

**Stock Performance & Price Cuts:** Shares surged 26%; iPhone 16, Apple Watch SE 3, and AirPods 4 prices cut (Mixed).

NET TILT: **Bullish** due to multiple price target upgrades and strong stock performance, despite some analyst downgrades and price cuts."
2025-11-10,27,"**Product Launches/Catalysts:** Bullish. Apple unveiled an updated Vision Pro and plans to introduce new Siri, under-display technology, and redesigned MacBook Pro in 2026. However, product delays and discontinuations are bearish: AirPods rollout delayed, next iPhone Air release delayed, and production halted for iPhone Air.

**Analyst Actions:** Bullish. Da Davidson upgraded Apple’s price target from $250 to $270.

**Supply/Production Changes:** Bearish. Apple halting iPhone Air’s existing production and discontinuing certain dating apps.

**Price Adjustments:** Mixed. IPhone 16 price cut in India, but starting price of iPhones at $119 suggests potential pricing strategy.

**Insider Activity:** Bearish. SVP Deirdre O’Brien sold shares.

**Partnerships:** Neutral. Apple partnered with Google, but details unclear.

**Net Tilt:** Mixed, leaning slightly bullish due to positive analyst action and product launches outweighing supply issues and insider sales."
2025-11-11,54,"**Analyst Upgrades:** Barclays raised PT to $230, UBS to $280, Goldman Sachs to $320, JPMorgan to $305 (Bullish).

**Product Releases:** iPhone Air, limited edition iPod, iPhone Pocket, Xcode 26 (Bullish). 

**Product Delays/Cancellations:** iPhone Air 2 delayed to 2027, iPhone Air reportedly cancelled (Bearish).

**Partnerships:** Apple partnered with ISSEY MIYAKE for iPhone (Bullish).

**Demand Shifts:** Low demand for 14 Plus (Bearish).

**Net Tilt:** Bullish, with significant analyst upgrades and multiple product launches outweighing delays and cancellations."
2025-11-12,38,"**Bullish Signals:**
- **Analyst Upgrades:** Melius raised price target from $290 to $345; TD Cowen from $275 to $325.
- **Earnings Beat:** Q3 results exceeded expectations.
- **Positive Product Reviews:** Apple Watch Series 11 received positive reviews.
- **Product Launches:** Multiple new products including HomePod mini, iPhones, and accessories.

**Bearish Signals:**
- **Patent Lawsuit:** Sued over iPhone patents.
- **Product Delays:** iPhone Air launch delayed to spring 2027.
- **Potential Discontinuation:** HomePod mini may be retired.
- **Ownership Changes:** Wilmington Savings Fund Society reduced stake by 8.2%.

**Net Tilt:** Mixed, but slightly bullish due to multiple analyst upgrades and positive product reviews outweighing delays and legal issues."
2025-11-13,42,"**Product Releases:** Bullish. Apple launching iPhone Pocket on Nov 14, new accessory, and new firmware for AirPods Pro 2/3. Evercore ISI upgraded AAPL to $300 from $290. Analysts bullish on product pipeline.

**Supply & Pricing:** Mixed. Supply reduction noted, but price cuts on iPhone 17 Pro Max and App Store fees. Conflicting signals on production and pricing strategy.

**Legal & Ownership:** Bearish. Lawsuit over greenwashing. Multiple firms reducing stakes in AAPL, while some increase investments. Net ownership tilt negative.

**Stock Performance:** Bearish. AAPL stock down 0.13%, with mixed analyst ratings. Overall, net tilt slightly bearish due to legal issues and ownership reductions."
2025-11-14,59,"**Revenue/Guidance:** Bullish. Apple expects Q1 FY26 iPhone sales growth in double digits, and iPhone 17 sales surged in China (+22%). **Analyst Actions:** Mixed. Monness Crespi & Hardt upgraded price target to $300, JPMorgan to $305, while Zen downgraded from Buy to Hold. **Legal Issues:** Bearish. Elon Musk filed antitrust lawsuits against Apple, and X Corp. sued Apple. Apple won a minor $250 verdict against Masimo. **Product Updates:** Neutral. Multiple product releases and updates noted, including iPhone 16e price cuts and new collections. **Executive Changes:** Bearish. Ex-COO Jeff Williams retired. **Insider Trading:** Bearish. Insider Chris Kondo sold shares. **Regulatory:** Bearish. US trade tribunal may ban Apple Watch, and ITC opened a probe into redesigned Apple products. **Net Tilt:** Neutral with slight bullish lean due to strong revenue guidance and upgrades outweighing legal and insider selling concerns."
2025-11-15,28,"**Revenue & Earnings:** Bullish; Apple reported record revenue in the September quarter.

**Analyst Actions:** Bullish; Goldman Sachs upgraded Apple’s target price from $279.00 to $320.00, while Morgan Stanley raised it from $298.00 to $305.00.

**Legal & Regulatory:** Bearish; Apple hit with $634M verdict in a smartwatch patent case and ordered to pay $634M to Masimo and $634M to California.

**Product Updates:** Mixed; AirPods received FDA approval and will be released in the EU, while iPhone 16 models saw price cuts and promotional discounts.

**Executive Changes:** Bearish; Tim Cook may step down as CEO, and Apple is searching for a new CEO after Williams’ retirement.

**Ownership Changes:** Mixed; Sigfig Wealth Management LLC increased its stake, LSV Asset Management bought a new position, but Berkshire Hathaway reduced its stake."
2025-11-16,14,"**Price Target Upgrade:** Bullish; Melius upgraded Apple’s target price from $290.00 to $345.00.

**Regulatory & Legal Issues:** Bearish; U.S. International Trade Commission banned certain Apple Watch imports in 2023, and Apple faces a new ITC investigation. Masimo sued Apple.

**Leadership Changes:** Mixed; Apple plans a new leader and a major leadership shakeup.

**Ownership Trends:** Mixed; Trust, Inc., and Llc increased stakes, while Vanguard slightly increased and Llc bought shares. However, Alphabet reduced its stake.

**Net Tilt:** Neutral to Slightly Bullish."
2025-11-17,51,"**Analyst Actions & Price Targets:** Bullish; UBS upgraded target from $220 to $280, TD Cowen from $275 to $325, and DA Davidson from $250 to $270. Zen downgraded from Buy to Hold.

**Revenue & Guidance:** Mixed; India sales growth at 6-year high, Q4 revenue guidance up 10%-12%. 

**Legal & Sanctions:** Bearish; Apple lost a $634M patent case, fined $634M, and hit with a massive fine. 

**Product Releases:** Bullish; iPhone 18 launch confirmed, foldable iPhone planned, and multiple product lines announced. 

**Executives:** Bearish; Steve Jobs' death reported, current CEO preparing to step down, but new CFO Kevan Parekh appointed.

**Net Tilt:** Neutral to Slightly Bullish."
2025-11-18,43,"**Bullish Signals:**
- **Revenue Growth:** iPhone sales surged in China, India, and overall in October, with a 37% increase in iPhone 17 sales.
- **Price Target Upgrade:** Barclays raised price target from $180 to $230.
- **New Product Launches:** Limited edition phone, iPhone 17 series, and Mini Apps Partner Program introduced.
- **Profitability:** Apple reported a significant profit in India and Nuveen LLC & Amundi increased stakes.

**Bearish Signals:**
- **Legal Issues:** Fined $634 million in a verdict and $261,000 by EPA.
- **Executive Changes:** Potential CEO transition and designer resignations.
- **Regulatory Scrutiny:** EPA investigation and settlement.

**Net Tilt:** Mixed, but slightly bullish due to strong revenue growth and new product launches outweighing legal and executive concerns."
2025-11-19,30,"**Bullish Signals:**
- Goldman Sachs upgraded AAPL’s target price from $279 to $320.
- Melius raised target price from $290 to $345.
- JPMorgan increased target price from $290 to $305.
- Apple launches iPhone Air and expands Apple Pay to Spain.
- AAPL shares rose strongly in the quarter.
- Multiple firms increased holdings in AAPL.

**Bearish Signals:**
- Designer resigns from Apple.
- Apple agreed to pay a $261,283 penalty and $634 million to Masimo.
- Federal regulators inspected Apple’s facility.
- Some firms decreased holdings in AAPL.

**Net Tilt:** Bullish, driven by multiple upgrades and product launches outweighing regulatory and personnel issues."
2025-11-20,29,"**Product Reviews & Releases:** Bullish. Positive reviews for iPhone 17 Pro and new product launches including Vision Pro in Korea/Taiwan, AirPods Pro 3, and iPhone availability in Europe.

**Market Share & Sales:** Bullish. Record 10.4% market share in India, gains in premium smartphone market there.

**Sanctions & Fines:** Bearish. Hit with a hefty fine.

**Price Adjustments:** Bearish. Price cuts on iPhone 16 Plus, iPad, and AirPods Pro 3 for Black Friday.

**Analyst Actions & Ownership:** Mixed. Morgan Stanley upgraded price target to $305, but Warren Buffett sold 74% of his stake. 

**Net Tilt:** Neutral to Slightly Bearish."
2025-11-21,27,"**Revenue & Sales:**
- Bullish: Apple reported record $9 billion sales in FY25, indicating strong revenue growth.

**Product Releases & Upgrades:**
- Bullish: Multiple product launches planned including new iPads, MacBook (Q1 2026), low-cost iPhone, and accessibility-focused accessory. iPhone Air now available at reduced prices.
- Bearish: Speculation about discontinuing AirDrop.

**Strategic Moves:**
- Bullish: Apple expanding in India with increased local production and planning to launch Apple Pay in the Philippines.
- Neutral: Reorganization plans and partnership with an artist.

**Ownership Changes:**
- Mixed: Major investors like Ulc, Vanguard, and Northern Trust increased their stakes, while Beech Hill Advisors decreased theirs.

**Facility & Promotions:**
- Bullish: New Apple Stores opening in Massachusetts and Central MA, along with promotional discounts on iPads."
2025-11-22,10,"**Price Target Upgrade:** Td Cowen upgraded Apple’s price target from $275.00 to $325.00 (Bullish).

**Product Price Cut:** Apple TV price drops by 54% for Black Friday (Bearish).

**Analyst Rating Downgrade:** Zen downgraded Apple from “buy” to “hold” (Bearish).

**Product Release:** Apple unveiled a new iPhone grip (Neutral).

**Insider Sell:** Chris Kondo sold 3,752 shares (Bearish).

**Ownership Changes:** Multiple firms adjusted positions—Co. increased holdings by 13.2%, D.A. Davidson & CO. by 0.2%, while Argonautica trimmed holdings (Mixed).

NET TILT: Mixed signals with slight bias towards Bearish due to price cut and insider sell."
2025-11-23,22,"**Price Target Upgrades:** Goldman Sachs upgraded AAPL’s price target from $279.00 to $320.00; Morgan Stanley raised it from $298.00 to $305.00 (Bullish).

**Product Launches & Promotions:** Apple launched iPhone Air in India, introduced watchOS 26, and is planning lower-cost iPad and MacBook in 2026 (Bullish). Products like AirTags, 11th Gen iPad, and iPhones are seeing Black Friday discounts (Bearish).

**Ownership Increases:** Nuveen LLC, Ethic Inc., Goldman Sachs, Nexus Investment Management, and Deutsche Bank increased holdings (Bullish).

**Mixed Signals:** While upgrades and new product launches suggest bullishness, price cuts and theft incidents hint at bearishness. **Net Tilt:** Neutral with slight Bullish bias."
2025-11-24,49,"**Analyst Actions & Price Targets:** Barclays upgraded AAPL’s target from $180 to $230; Da Davidson raised from $250 to $270; Evercore ISI increased from $290 to $300 (Bullish).

**Revenue & Earnings:** Reports suggest revenue cuts (Bearish), yet analysts project Q2 2027 EPS growth (Bullish); net tilt slightly Bearish.

**Executives & Layoffs:** Tim Cook plans to step down (Bearish); layoffs impact dozens (Bearish).

**Product News:** Apple Watch outage (Bearish); iPhone 17 Pro available, foldable iPhone launch planned (Bullish); multiple product price cuts (Bearish); MacBook Air M1, iPhone 16, and AirPods Max discounts (Bearish); new product launches and promotions (Bullish); net tilt slightly Bearish.

**Other:** Insider sale by Rep. Lisa McClain (Bearish); expansion in Massachusetts (Bullish); ownership increases by LLC and Hutchinson (Bullish); net tilt slightly Bullish overall."
2025-11-25,44,"**Price Target Upgrades:** Bullish; Bank of America raised PT from $270 to $320, Melius from $290 to $345, JPMorgan from $290 to $305.

**Revenue and Expenses:** Bullish; Apple expects higher sales and reduced payroll costs.

**Product Price Cuts:** Bearish; Walmart slashed Apple Watch Series 10 by 50%, other products like MacBook Pro, AirPods, and Mac Mini saw significant discounts.

**Sanctions and Legal Issues:** Bearish; French authority fined Apple €150M, Polish antitrust probe initiated, and class action lawsuit in France.

**Product Releases and Development:** Mixed; iPhone 17 launched, new Centre Stage camera introduced, potential foldable iPhone in development, but layoffs reported.

**Ownership Increases:** Neutral; Ulc, Asset Management One, and Sigfig Wealth Management increased positions in AAPL.

**Net Tilt:** Bearish due to multiple price cuts and legal issues outweighing positive analyst upgrades and revenue expectations."
2025-11-26,33,"**Price Target Upgrades:** Td Cowen upgraded target from $275.00 to $325.00; Monness Crespi & Hardt raised from $270.00 to $300.00; Rosenblatt Securities increased from $241.00 to $250.00. **Bullish**

**Product Launches:** Voysis acquisition, iPhone 17 in India, M4 MacBook Air in India, Apple Intelligence expansion. **Bullish**

**Legal Issues:** Apple challenges India’s antitrust penalty, faces renewed lawsuits, but French prosecutors dropped Congo’s case. **Mixed**

**Supply/Demand:** Singapore orders Apple to make products; product price cuts (iPhone 13, AirPods Max); promotions. **Bearish**

**Layoffs:** Apple plans to lay off 4000-6000 employees by FY2028-end. **Bearish**

**Ownership Changes:** Increased by Bank, decreased by Focus Partners Advisor Solutions LLC and City State Bank. **Mixed**

**Insider Sell:** Chris Kondo sold shares. **Bearish**"
2025-11-27,28,"**Analyst Actions:** Bullish (UBS upgraded target from $220 to $280; Goldman Sachs from $279 to $320). Bearish (Zen downgraded from Buy to Hold).

**Product Launches & Promotions:** Bullish (iPad Mini 8 with OLED expected; MacBook Air 50% discount; Apple TV+ discounts). Bearish (Amazon cuts Apple Watch Series 11 price to $339; MacBook Air M4 price slashed).

**Ownership Changes:** Mixed (Alpha Capital, Amundi, De, Goldman Sachs increased stakes; Cabot Wealth Management, Inc. decreased stake).

**Price Adjustments:** Mixed (iPhone 17 price may rise; MacBook Air M4 price slashed; significant Apple Watch discounts).

**Net Tilt:** Bullish, due to strong analyst upgrades and product promotions outweighing bearish ownership decreases and price cuts."
2025-11-28,40,"**Barclays upgraded Apple’s target price from $180.00 to $230.00 (Bullish)**

**iPhone 17 sales soared (Bullish)**

**India revenue increased (Bullish)**

**Legal issues over alleged links (Bearish)**

**EU regulators scrutinizing Apple (Bearish)**

**Vivo cancels iPhone Air release plans (Neutral)**

**iPad Mini 2026 unveiling announced (Neutral)**

**Apple reportedly cut iPhone Air production (Bearish)**

**Multiple product price cuts (Bearish)**

**Significant discounts on iPhone 17 (Bearish)**

**Facility openings in India (Bullish)**

**Singles' Day smartphone sales dropped 5% (Bearish)**

**Net Tilt: Mixed**"
2025-11-29,19,"**Analyst Actions:** Bullish; Td Cowen upgraded price target from $275.00 to $325.00, JPMorgan raised target from $290.00 to $305.00.

**Legal Issues:** Bearish; lawsuit initiated against Apple post-Grok incident.

**Product Releases & Promotions:** Mixed; iPhone 17 launched, but iPhone 16 received significant discounts and promotions, indicating pricing pressure.

**Regulatory Scrutiny:** Bearish; EU reviews Apple’s services.

**Ownership Changes:** Mixed; Ulc, Solstein Capital, and Nexus Investment Management increased holdings, while Australiansuper reduced position.

**Insider Activity:** Bearish; Apple CFO Kevan Parekh sold shares."
2025-11-30,19,"**Product Releases & Promotions:** Bullish. Apple set to launch three new MacBook models, including 14-inch and 16-inch MacBook Pros (Bullish). Intel collaboration for Macs announced (Bullish). Discounts on Apple TV+ and Black Friday deals for Apple Watch (Bullish). Price cuts on iPhone 16e, iPhone Air, and M4 MacBook Air (Bearish).

**Ownership Changes:** Mixed. Multiple firms increased stakes (Nuveen LLC, IMS Investment Management Services Ltd., Northern Trust Corp., Trust) (Bullish). One firm decreased stake (Flagship Harbor Advisors LLC) (Bearish). Neutral positions noted (Llc) (Neutral).

NET TILT: **Bullish**."
2025-12-01,40,"**Analyst Actions & Price Targets:** Barclays upgraded target from $180 to $230; UBS from $220 to $280; DA Davidson from $250 to $270; Evercore ISI from $290 to $300 (Bullish).

**Product Releases & Enhancements:** Apple launched ""Apple Intelligence,"" M4 Mac Mini, iPad Pro, and Apple Store app in India (Bullish). Siri enhancements announced, but capabilities delayed until 2026 (Mixed).

**Executive Changes:** John Giannandrea steps down as AI chief, retiring in 2026 (Bearish); Amar Subramanya appointed new VP of AI (Bullish).

**Insider Activity:** Chris Kondo sold shares (Bearish); various firms increased holdings (Bullish); Atria Investments sold shares (Bearish).

**Miscellaneous:** Apple challenges CCI penalty (Bearish); iPhone Air price cut (Bearish); promotional deals offered (Neutral)."
2025-12-02,59,"**Analyst Upgrades:** Bullish; Bank of America, Td Cowen, and JPMorgan upgraded AAPL’s price targets to $320.00, $325.00, and $305.00 respectively, with an average rating of overweight.

**Executive Changes:** Mixed; AI chief fired and immediately replaced by Amar Subramanya, ex-Google and Microsoft exec, signaling strategic focus on AI.

**Legal Issues:** Bearish; Apple faces a €500M fine from the European Commission and potential class action suits in the EU over the App Store and Dutch antitrust issues.

**Product Updates:** Mixed; AI advancements and product launches like Apple Music 2025 and Siri updates are positive, while delays and legal challenges are negative."
2025-12-03,33,"**Revenue and Sales:** Bullish. iPhone 17 sales surged in October, with revenue up 40% month-over-month.

**Product Launches:** Mixed. Positive opinions suggest potential new iPhone models in early 2026 and three models in 2026, conflicting with consistent past launches of four models. WatchOS 26 released.

**Analyst Actions:** Bullish. MoffettNathanson upgraded price target to $234 from $225.

**Regulatory and Legal:** Bearish. Facing antitrust suits in the Netherlands and France, and regulatory scrutiny in Germany.

**Executive Changes:** Bearish. Design head resigning, but new AI chief appointed.

**Stock Performance:** Bullish. Stock hit a new high, soaring 30% from previous levels, opening at $286.19.

**Ownership Changes:** Mixed. Longbow Finance increased stake, while Carmel Capital sold shares.

**Price Cuts:** Bearish. IPhone 16 prices dropped in India.

**Net Tilt:** Bullish. Revenue growth and positive product reviews outweigh legal and executive concerns."
2025-12-04,38,"**Product Updates & Reviews:** Bullish. Positive reviews for new AirPods; iOS 26 rollout; iPad Christmas update; tvOS 26 release; potential iPhone 17e launch early 2026.

**Executive Changes:** Bearish. Departures of multiple executives including COO, design VP, and general counsel; retirements of key figures like Tim Cook and Kate Adams.

**Geopolitical Issues:** Bearish. Russia bans FaceTime.

**Ownership & Analyst Actions:** Mixed. Nuveen LLC and Amundi increase stakes; Loop Capital upgrades price target; Wedbush maintains ""outperform"" rating."
2025-12-05,30,"**Price Target Upgrades:** UBS raised PT from $220 to $280; Barclays from $180 to $230; Bank of America from $270 to $320; CLSA from $265 to $330 (Bullish).

**Acquisition:** Apple to acquire Warner Bros. Discovery (Bullish).

**Leadership Changes:** Policy chief departure, Jennifer Newstead appointed as new General Counsel (Mixed).

**Product Releases:** 2025 App Store, AI chip rivaling Vision Pro, iOS26.4 expected by spring 2026, M5 chip launched (Bullish).

**Demand Shifts:** iPhone 16 price drop, M4 Mac Mini price cut, Amazon discount on Apple Watch Series 11, M4 MacBook Air price slashed (Bearish).

**Ownership Increases:** LLC and Connor Clark & Lunn Investment Management increased stakes (Bullish)."
2025-12-06,14,"**Revenue Growth:** Bullish; Evercore ISI notes positive App Store revenue growth.

**Executive Changes:** Mixed; Meta’s top executive joins Apple (Bullish), but there is an ongoing executive exodus (Bearish).

**Analyst Actions:** Bullish; Rosenblatt Securities upgrades price target from $241.00 to $250.00.

**Regulatory Issues:** Bearish; US lawmakers investigate Apple and Google.

**Ownership Trends:** Net Bullish; multiple firms increase stakes (Ulc, Inc., Hutchinson) while one decreases (Mitsubishi UFJ Trust & Banking Corp).

**Stock Performance:** Bearish; Apple trades down 0.7%.

**Net Tilt:** Mixed, with some bullish signals (revenue growth, executive appointment, ownership increases, analyst upgrade) offset by bearish ones (executive exodus, regulatory investigation, stock decline)."
2025-12-07,9,"**Executive Changes:** Bullish (0.53) - Giannandrea is replaced as VP of AI; Bearish (0.51) - Heads of AI and interface design resign.

**Product Releases & Pricing:** Bullish (0.52) - iPhone 16 release in UK; Bearish (-0.44) - Amazon cuts AirPods Pro 3 price; Bearish (-0.44) - iPhone Air price drops.

**Analyst Actions:** Bullish (0.48) - Evercore ISI upgrades price target from $290 to $300.

**Ownership Changes:** Bullish (0.37) - Sigfig Wealth Management increases holdings; Bearish (-0.34) - Bank decreases stake.

**Net Tilt:** Mixed signals with slight bullish bias."
2025-12-08,41,"**Analyst Upgrades & Price Targets:** Bullish; Melius raised target from $290 to $345, Wedbush from $320 to $350, average rating is overweight with mean target of $290.02.

**Revenue & Product Performance:** Bullish; iPhone 17 sales exceed expectations.

**Executive Resignation:** Bearish; initial report of executive exit contradicted by chip head’s statement.

**Product Launches & Enhancements:** Mixed; Apple Watch Series 11, Fitness+, AI features launched, but struggles noted in AI rollout. Fitness+ expands globally.

**Stock Movement & Ownership Changes:** Mixed; shares down 0.18%, Nuveen LLC increased stake significantly, while Dorsey & Whitney Trust CO LLC decreased holdings.

**Net Tilt:** Bullish."
2025-12-09,34,"**Price Target Upgrades:** Bullish. Bank of America raised PT from $270 to $320; Citi raised PT to $330 from $315.

**Analyst Actions:** Mixed. Citi upgraded EPS estimates; Zen downgraded from Buy to Hold.

**Product News:** Bullish. Fitness+ launches in new markets; foldable devices eyed for 2025; new partnerships with Google and Klarna.

**Executive Resignation & Insider Sell:** Bearish. Exec exits; SVP Adams sold shares.

**Promotions & Price Adjustments:** Mixed. Holiday discounts and promotions; some product price cuts.

**Net Tilt:** Bullish. Multiple upgrades and positive product developments outweigh negative signals."
2025-12-10,51,"**Price Target Upgrades:** Bullish; Clsa raised PT from $265 to $330, Monness Crespi & Hardt from $270 to $300, JPMorgan from $290 to $305, and Citi to $350.

**Sanctions and Resignations:** Bearish; U.S. Treasury fined Apple, and senior VP Johny Srouji may resign.

**Product Outages:** Bearish; Apple Music and Apple TV experiencing outages.

**Product Releases and Enhancements:** Bullish; Fitness+ launches in Singapore, new MacBooks and iOS 26 announced, and entry-level iPad upgrade planned.

**Price Cuts and Market Entry:** Mixed; iPhone 16 Pro price slashed, but Apple expands in India with new stores opening.

**Ownership Increases:** Bullish; multiple firms increased holdings in Apple.

**Net Tilt:** Neutral to Slightly Bullish."
2025-12-11,46,"**Revenue Growth:** Bullish. Apple reported record smartphone revenue and an increase in App Store revenue.

**Analyst Upgrades:** Bullish. Barclays upgraded price target from $180 to $230; Td Cowen from $275 to $325; Rosenblatt Securities from $241 to $250.

**Product Launches & Enhancements:** Bullish. New budget MacBook, iPad, and AirPods Pro 3 launched; Apple Glasses expected in 2026; iPad Air getting chip upgrades.

**Regulatory & Legal Issues:** Bearish. Apple faces antitrust probes in Switzerland and India; lost contempt appeal in Epic Games case; warned by General.

**Supply & Pricing Changes:** Mixed. iPhone fold production ramped up; iPhone 16 Plus and 17 Pro prices cut; new stores opened in China and India; older store closed in Marlborough.

**Net Tilt:** Bullish. Revenue growth and product launches outweigh regulatory concerns."
2025-12-12,36,"**Legal & Regulatory:**
- **Bearish:** Apple lost an appeal in the App Store case and faces a Swiss antitrust investigation over Apple Pay. (Evidence: ""Apple Loses Appeal of...""; ""Swiss Competition Authority Investigating Apple"")
- **Bullish:** Apple mostly won a lawsuit and settled the EU case. (Evidence: ""Apple mostly won the lawsuit""; ""Apple ultimately settled the EU case"")

**Product Launches & Enhancements:**
- **Bullish:** Rumored iPhone 17e launch in January, Airdrop availability, new Siri launch by April 2026, Mac computer introduction, iOS updates, tvOS rollouts, and various software enhancements. (Evidence: Multiple product release and enhancement headlines)

**Supply & Pricing:**
- **Bearish:** iPhone 17 Pro Max supply worsened. (Evidence: ""Iphone 17 Pro Max supply worsened"")
- **Bullish:** Price cuts on M4 MacBook Pro and potential App Store fee reduction. (Evidence: ""M4 MacBook Pro drops to $1,249""; ""Apple to Drop App Store Fee"")

**Analyst Actions:**
- **Bullish:** Morgan Stanley upgraded Apple’s price target from $298.00 to $305.00. (Evidence: ""Morgan Stanley increased their price target on Apple from $298.00 to $305.0"
2025-12-13,13,"**Real Estate:** Bullish; Apple acquires two more office buildings in Cupertino for $216 million, continuing to reshape its real estate portfolio.

**Product Releases & Enhancements:** Mixed; new AirPods available in EU, four games launching, and iOS/security updates released, but Apple TV outage affects thousands of users.

**Ownership Changes:** Bearish; AQR Capital Management sells 48,623 shares, while smaller buys occur from Bluecrest Capital and Blue Capital Inc.

**Stock Price:** Neutral; AAPL opens at $278.28."
2025-12-14,16,"**Price Target Upgrade:** Clsa upgraded Apple’s target price from $265.00 to $330.00 (Bullish).

**Product Reviews & Enhancements:** Positive reviews for iPhone Air; release of watchOS 26.2 and slimmest iPhone ever (Bullish).

**Price Cuts & Promotions:** Price cuts for iPhone 16 Pro on Flipkart and elsewhere (Bearish).

**Ownership Increases:** Vanguard, Llc, and Nuveen increased stakes in Apple (Bullish).

**Analyst Ratings:** Csla upgrade, Goldman Sachs maintained “buy,” UBS reaffirmed “neutral” (Mixed, Net Tilt Bullish).

**Stock Performance:** Apple stock opened at $278.28 (Neutral).

NET TILT: **Bullish**."
2025-12-15,29,"**Analyst Actions:**  
- **Bullish:** Da Davidson upgraded Apple’s target price from $250.00 to $270.00.  
- **Bearish:** Zen downgraded Apple from “buy” to “hold.”

**Product Releases & Enhancements:**  
- Bullish: iOS 26, iOS 26.2, iPhone 16 Pro, Fitness+, M4 MacBook Air, and M4 chip updates released.  
- Bearish: iPod discontinued after 20 years; GM dumped Apple CarPlay.

**Regulatory & Settlements:**  
- Bearish: Faces Swiss competition investigation; EU settlement with Apple.

**Price Adjustments:**  
- Bearish: MacBook Air (2025) price slashed in India; M4 chipset discounted.

**Ownership Changes:**  
- Neutral: Various firms increased holdings or purchased shares in Apple.

**Net Tilt:** Mixed signals, but product launches and enhancements are bullish, while regulatory issues and price cuts are bearish."
2025-12-16,33,"**Price Target Upgrades:** Barclays raised price target from $180.00 to $230.00; Morgan Stanley lifted from $298.00 to $305.00 (Bullish).

**Product Launches & Enhancements:** Released Beats Powerbeats Pro 2, leaked foldable iPhone, announced 7 new iPhone models, released AirPods Max, added Google support to Apple TV, redesigned iPhone plans, firmware updates for AirPods Pro 3/2, Powerbeats Pro 2 (Bullish).

**Legal Issues:** Facing £900m UK legal action, hit with lawsuit over (Bearish).

**Ownership Changes:** Nexus Investment Management ULC increased stake by 333.3%, Fulcrum Equity reduced stake (Mixed).

**Other:** Siri revamp delayed until 2026, potential iPhone price rises, discounts on iPhone 13 and iOS products (Mixed)."
2025-12-17,26,"**Analyst Ratings and Price Targets:** Bullish. Clsa upgraded price target to $330.00, Jefferies to $283.36, JPMorgan to $305.00, and Rosenblatt to $250.00. Average rating is overweight with a mean price target of $291.92.

**Product Releases:** Mixed. Positive signals include the release of the Apple Watch Series 11, iPhone 16 Plus, and Mac models. Negative signals involve discontinuing the Watch Series 9 and Ultra 2, and price cuts on the iPhone 16 and iPad promotions.

**Ownership Changes:** Mixed. Ulc and a bank increased holdings, while CacheTech sold shares. Multiple firms acquired Apple shares.

**Net Tilt:** Bullish. Despite some product discontinuations and price cuts, strong analyst upgrades and positive product launches outweigh negative signals."
2025-12-18,37,"**Price Target Upgrades:** Evercore ISI and Citi upgraded Apple’s price targets, indicating bullish sentiment.

**Product Launches & Enhancements:** Apple plans multiple product launches including an iPhone Fold, iMac Pro, and all-screen iPhone by 2027. The company also introduced new fees and enhancements to iOS and the App Store.

**Stock Sentiment:** Mixed signals with upgrades but one bearish headline predicting a crash in 2026.

**Ownership Changes:** Institutional investors show varied positions—Advisors increased holdings by 1.4%, while LLC decreased by 4.3%.

**Net Tilt:** Bullish due to multiple upgrades and product launches outweighing the single bearish prediction."
2025-12-19,16,"**Product Launches & Enhancements (Bullish):** Apple introduced the foldable iPhone, released the first iOS update, and made European consumer options available. The iPhone Air was launched in India and the iPhone Fold is priced at around $2,400.

**Regulatory Approval (Bullish):** Australia approved the Apple Watch.

**Price Adjustments (Mixed):** Apple increased prices for the iPhone 17 in India and plans to hike base model prices, while offering discounts on the iPhone Air and cutting MacBook Air M4 prices.

**Antitrust Suit (Bearish):** A revived U.S. App Store antitrust class action lawsuit against Apple was filed.

**Market Exit (Bearish):** Apple exited the Hollywood market.

**Demand Trends (Bullish):** High demand for iPhones, sofas, and laptops was reported."
2025-12-20,7,"**Price Target Upgrade:** Monness Crespi & Hardt raised Apple’s price target from $270.00 to $300.00 (bullish).

**Regulatory Approval:** Apple Watch’s Hypertension Notifications received approval in Australia (bullish).

**Product Release:** Updated mobile release (neutral).

**Fortnite iOS:** Fortnite won’t release on iOS in Japan (bearish).

**Price Cut:** iPhone 16 price dropped to INR40,990 (bearish).

**Ownership Increase:** LLC increased Apple holdings by 3.6% in Q3 (bullish).

**Stock Performance:** Apple stock gained 0.5% (bullish).

**Net Tilt:** Mixed signals with slight bullish bias."
2025-12-21,8,"**Price Target Upgrades:** JPMorgan raised price target from $290.00 to $305.00; Morgan Stanley also upgraded (no specific target mentioned). **Bullish**.

**Product Release Speculation:** Report suggests iPhone may launch in two years. **Neutral**.

**Ownership Changes:** Canandaigua National Bank & Trust Co sold shares; Llc bought 1,878 shares. **Mixed**.

**Analyst Ratings:** Goldman Sachs reaffirmed ""buy"" rating; UBS reiterated ""neutral"". **Slightly Bullish**.

**Stock Price:** Opened at $273.67. **Neutral**."
2025-12-22,49,"**Revenue and Earnings:** Bullish. Apple exceeded Q4 revenue estimates with $102.47B vs. $102.17B expected, and saw Mac revenue rise to $8.73B and iPhone sales to $49.02B.

**Analyst Actions:** Bullish. Edison Lee raised AAPL’s price target to $283.36 from $246.99, while Morgan Stanley and Jefferies also upgraded their targets.

**Product News:** Mixed. Positive: AI smart glasses targeted for 2026, potential MacBook Pro OLED launch, and new Siri. Negative: Price cuts on iPhone 16 Pro and MacBook Air.

**Regulatory Issues:** Bearish. Italy fined Apple €98.6M, France €150M, and AGCM €173.3M, with ongoing investigations in Germany and Italy.

**Ownership Changes:** Neutral. Various entities increased their stakes in AAPL."
2025-12-23,23,"**Revenue & Guidance:** Bullish. Apple reported record revenue of $416.2B, up 6.4%, and raised guidance to 10%-12% growth for the holiday season.

**Analyst Actions:** Bullish. Jefferies upgraded price target to $283.36 from $246.99; Morgan Stanley raised target to $315 from $305.

**Product Launches:** Bullish. Apple plans over 20 product launches in 2026, including iPhone 18 and new AI model.

**Sanctions & Fines:** Bearish. Apple fined $116M in Italy and previously fined $588M by EU, $1.8B by EU in 2024.

**Other:** Mixed. Price cut on iPhone 15; potential delays in iPhone launch; partnership with Sony; settlement in Brazilian antitrust case; entry into foldable smartphone market."
2025-12-24,25,"**Fines and Legal Issues:** Bearish. Apple fined $116M by FTC and €98.6M by Italian Competition Authority, adding to a previous $162.4M penalty.

**Product Releases:** Bullish. New iPhone 16 launched in India, iOS 26 released, new App Store introduced, and Apple TV set for late 2025. iPhone Air expected in fall 2026.

**Price Cuts and Discounts:** Bearish. iPhone 16 prices reduced by Rs 17,000 to Rs 40,990.

**Insider Buying:** Bullish. Tim Cook bought $3M worth of Nike stock and 50,000 shares of Apple.

**Other:** Neutral. Apple opening iOS to third-party app stores in Brazil, and reducing stake in Apple by 10.8%."
2025-12-25,12,"**Product Updates:** Bullish - Apple may launch iPhone Air or iPhone Air 2 next year (ess0.52); Bearish - Discontinued 25 devices including seven iPhone models like iPhone 14 Plus and iPhone 15 Plus (ess-0.45).

**Ownership Changes:** Mixed - Na boosted holdings by 4.2%, LLC increased stake by 41.0%, while ADV reduced position (ess0.37, ess-0.34).

**Stock Performance:** Bullish - Shares opened at $273.59 (ess0.23)."
2025-12-26,16,"**Price Target Upgrades:** Bullish; Melius upgraded price target from $290.00 to $345.00, JPMorgan raised from $290.00 to $305.00.

**Product Releases:** Neutral-Bullish; iPhone SE discount promotion ongoing, iPhone Fold expected in Sep 2026.

**Regulatory Investigation:** Bearish; FTC investigating Apple’s practices.

**Ownership Changes:** Mixed; Ulc, Vanguard, and Bank increased holdings, while Curated Wealth Partners and Central Bank & Trust Co decreased positions.

**Stock Performance:** Bullish; Apple shares rose 0.5% on Christmas Eve and premarket Friday, up 0.1%.

**Net Tilt:** Slightly Bullish."
2025-12-27,16,"**Price Target Upgrades:** Da Davidson raised target from $250.00 to $270.00 (Bullish); Rosenblatt Securities increased from $241.00 to $250.00 (Bullish).

**Product Release Speculation:** Potential smart ring launch in 2026 (Neutral); Amazon’s iPad sale (Bullish).

**Legal Issues:** Apple’s lawsuit against a leaker dismissed (Bearish).

**Ownership Changes:** Increased holdings by Inc (9.2%) and LLC (2.3%) (Bullish); decreased by Rydar Equities Inc (Bearish).

**Analyst Ratings:** UBS and Jefferies maintained neutral ratings (Neutral).

**Net Tilt:** Bullish due to multiple upgrades and increased holdings outweighing legal setbacks and mixed ownership changes."
2025-12-28,19,"**Price Target Upgrade:** Monness Crespi & Hardt upgraded Apple’s target price from $270.00 to $300.00 (Bullish).

**Product Release Expectations:** iPhone 18 expected in September 2026 (Neutral).

**Price Cuts and Discounts:** iPhone 16e price cut to Rs 46,990; MacBook Pro price drop to $1,649; big iPhone discounts (Bearish).

**Ownership Increases:** Hutchinson increased holdings by 24.6%, Llc by 41.0%; Charles Schwab and Point Inc. acquired shares (Bullish).

**Conflicting Signals:** Price cuts and promotions vs. ownership increases.

**Net Tilt:** Mixed, with some bullish signals from upgrades and increased ownership offset by bearish price cuts and promotions."
2025-12-29,25,"**Analyst Upgrades:** Clsa upgraded price target from $265 to $330; Td Cowen from $275 to $325; Melius from $290 to $345 (Bullish).

**Product Promotions & Price Cuts:** Multiple products including iPhone 17 Pro, iPad Air, Watch Ultra 3, iPhone 15, MacBook Air M4, and Redmi Note 14 Pro receive price cuts or discounts (Bearish).

**Supply & Production:** Apple Watch Series 11 back in stock (Bullish); hackers target Apple (Bearish).

**Legal Actions:** Apple appeals £1.5 billion case (Neutral).

**Ownership Changes:** Various firms increase holdings; Generali decreases (Mixed).

**Net Tilt:** Bearish due to multiple price cuts and promotions outweighing upgrades and production resumption."
2025-12-30,19,"**Market Share & Product Releases:** Bullish. iPhone market share rose in China; iPhone 17 Pro launched in India; rumors suggest foldable iPhones and OLED iPads in 2026.

**Cyber Attacks & Reorganization:** Bearish. Apple suffered a cyber attack; company considering reorganization.

**Analyst Actions & Ownership Changes:** Mixed. Barclays maintained 'Underweight' rating; LLC increased ownership by 17.4%.

**Settlement & Enhancements:** Neutral. Settled dispute with Brazilian regulator; upgraded wireless technology and MacBook redesigns discussed.

**Promotions & Campaigns:** Neutral. Discounts on iPhone 17 Pro and MacBook Air M4; teaser for Apple Fitness+."
2025-12-31,13,"**Product Reviews & Enhancements:** Positive review of iPhone 17 Pro Max (bullish); new features for Fitness+ and potential major iPhone upgrade (bullish); missed AI update for Siri (bearish).

**Price Adjustments:** Significant price drop for iPhone 16 Pro Max and iPhone 17 Pro Max (bearish).

**Partnerships & Ownership Changes:** Apple plans partnership with Samsung (bullish); stake increases by De (bullish), decreases by Exchange Traded Concepts LLC (bearish); minor acquisition by LLC (neutral).

**Net Tilt:** Mixed signals, slightly bearish due to multiple price cuts and missed updates, offset by positive reviews and enhancements."
