date,n_headlines,summary
2023-01-06,4,"**Ownership and Acquisitions:** Bullish. Amundi acquired a new position in ANDE, indicating institutional interest. Llc holds $7.96M in ANDE, suggesting continued support.

**Earnings Estimates:** Neutral. Analysts expect EPS of 3.46 for the current year, inline with previous estimates, providing no new directional signal.

**Net Tilt:** Slightly Bullish due to institutional buying, but earnings expectations unchanged."
2023-01-11,5,"**Revenue Beat:** Bullish. Q4 revenue was $4.22B vs. analyst estimates of $3.14B.

**Institutional Ownership:** Mixed. System increased holdings by 4.5%, while Revenue Sells decreased by 1,756 shares.

**Analyst Estimates:** Neutral. Analysts predict FY EPS of 3.46, unchanged from previous estimates.

**Net Tilt:** Bullish due to strong revenue beat and institutional buying outweighing selling."
2023-01-14,2,"Andersons Inc (ANDE) stock is down 8.05%. No specific earnings or revenue details provided in the headlines. The company hosted a conference call, which may contain further insights but no concrete signals from it are available here. Overall, the single significant signal is bearish due to the stock loss. Net tilt: **Bearish**."
2023-01-21,10,"**Dividends & Ownership:** Bullish. Andersons increased its dividend, and multiple firms (System, Inc., Federated Hermes Inc., Captrust Financial Advisors, Amundi) have increased their stakes, indicating confidence.

**Stock Performance:** Bearish. ANDE declined by 21.0%, and one firm trimmed its stake, suggesting some investor uncertainty.

**Earnings:** Neutral. Earnings data was recently issued but no specific beat/miss details provided. Analysts forecast EPS of 3.46 for the current year.

**Net Tilt:** Mixed signals with slight bullish bias due to dividend increase and stake accumulations outweighing the stock decline."
2023-01-25,1,"**Earnings Release:** The Andersons, Inc. will release Q4 and full-year results on Feb 14. No specific guidance or analyst actions mentioned yet. **Neutral** until further details emerge."
2023-01-26,4,"**Ownership Changes:** Federated Hermes increased holdings by 762.0% in Q1 and Inc. increased by 115.8% in Q2 (bullish). Comerica Bank reduced its position (bearish).

**Earnings Estimate:** Analysts predict EPS of $3.46 for the current year (neutral).

**Net Tilt:** Mixed signals with significant institutional buying offset by a reduction from Comerica Bank. Overall slightly bullish due to substantial increases from major investors.

**Action:** Hold until further clarity on specific investor motivations."
2023-01-27,1,"**Ownership Update:** Victory Capital Management Inc. increased its position in ANDE to $12.74 million. This is a **bullish** signal as institutional ownership often indicates confidence in the stock’s future performance.

*NET TILT: BULLISH*"
2023-02-03,6,"**Revenue Beat:** Bullish. The Andersons reported Q revenue of $4.22B vs. consensus $3.14B.

**Dividend Increase:** Bullish. Quarterly dividend raised from $0.18 to $0.62.

**Institutional Ownership Growth:** Bullish. Raymond James, BNY Mellon, and Citigroup increased holdings by 12.5%, 5.0%, and 9.7% respectively. Additionally, The Manufacturers Life Insurance Company acquired shares.

**Net Tilt:** Strongly Bullish."
2023-02-04,3,"**Insider Activity:** Management sold 10,587 shares and decreased holdings by 87.7% in Q3 (bearish).

**Earnings Estimate:** Analysts expect EPS of $3.46 for FY23 (neutral).

**Net Tilt:** Bearish due to significant insider selling and ownership decrease."
2023-02-06,2,"**Ownership Increase:** Federated Hermes Inc. increased its stake in ANDE by 762.0% in Q1, indicating strong institutional interest (Bullish).

**Stock Performance:** ANDE stock gained 0.6% today (Bullish).

**Net Tilt:** Bullish due to significant institutional buying and positive price movement."
2023-02-07,7,"Institutional ownership trends mixed but generally bullish: Millennium Management LLC increased holdings by 822%, Invesco Ltd. by 35.6%, State Street Corp. by 8.1%, and Captrust Financial Advisors by 10.0%. However, Sg Americas Securities LLC reduced holdings by 34%. Shares opened at $38.63. Net tilt: Bullish due to significant increases from major institutions."
2023-02-08,6,"**Ownership Increases:** Multiple firms increased stakes in ANDE: System boosted by 4.5%, Credit Suisse by 1.5%, and Navellier & Associates by 7.4%. Prudential Financial also acquired 5,380 new shares, investing $376k. **Bullish** on investor confidence.

**Stock Price:** Opened at $38.49 on Wednesday. No direct earnings or guidance updates provided. **Neutral** on price movement without additional context.

**Net Tilt:** Bullish due to significant ownership increases."
2023-02-09,2,"**Ownership Increase:** Bullish. Blackrock Inc. increased its stake in ANDE by 2.2%, while Vanguard Group Inc. upped its position by 1.4% in Q1, indicating institutional confidence.

NET Tilt: Bullish."
2023-02-12,6,"**Ownership Increases:** Raymond James, Bank of New York Mellon, Cambridge Investment Research, and Citigroup all increased their stakes in ANDE (Bullish). 

**Earnings Estimate:** Analysts predict EPS of $0.40 for Q1 (Neutral).

**Stock Price:** Opened at $38.06 on Friday (Neutral).

**Net Tilt:** Bullish due to multiple large ownership increases indicating institutional confidence."
2023-02-14,23,"**Earnings:** Q4 Non-GAAP EPS of $0.98 beats estimates by $0.49 (bullish). However, GAAP EPS of $0.26 missed consensus by $0.27 (bearish). Full-year earnings were record-high (bullish).

**Revenue:** Q4 revenue of $4.68B exceeded analyst expectations of $4.28B (bullish).

**Share Repurchase:** Company repurchased $5M in common shares (bullish).

**Product Price:** Fertilizer prices declining (bearish).

**Ownership Changes:** System trimmed position (bearish), while Mutual of America and Russell Investments increased holdings (bullish).

**Net Tilt:** Mixed signals with revenue and EPS beat, but GAAP miss and falling fertilizer prices offsetting positive trends. **HOLD** recommended pending further clarity."
2023-02-15,11,"**Earnings & Financials:** Q4 pre-tax profit down to $38.70M vs $76.62M, EBITDA adjusted down to $71.00M vs $130.50M (bearish). FY2022 sales beat consensus at $17.33B vs $16.93B, Q4 sales up to $4.68B vs $3.78B (bullish). FY2022 EPS up to $3.81 vs $3.07 (bullish).

**Analyst Action:** Lake Street Capital Markets downgraded PT to $50 (bearish).

**Dividends:** Q4 dividend per share up to $0.1775 vs $0.1750, FY2022 dividend per share up to $0.71 vs $0.70 (bullish).

**Market Reaction:** Shares gained 14% (bullish).

**Net Tilt:** Mixed signals with significant financial decline but strong revenue and EPS growth, positive market reaction, and dividend hikes. **NET TILT: MEDIUM BULLISH.**"
2023-02-16,11,"**Bullish Signals:**
- **Revenue Growth:** Q4 revenue up 23.7% YoY.
- **Price Target Upgrade:** Stephens raised PT to $55 from lower.
- **Institutional Ownership Growth:** Multiple institutions increased holdings (Captrust, Blackrock, Vanguard, DFA, State Street, Invesco).
- **Analyst Rating:** Stephens maintains ""Overweight"" rating.

**Bearish Signals:**
- **Unit Sale Completion:** Finished selling railcar business.

**Net Tilt:** Bullish due to strong revenue growth, multiple upgrades, and institutional buying outweighing the completion of a unit sale."
2023-02-17,7,"**Ownership Increase:** Bullish. Advisors LLC and Millennium Management LLC increased their stakes, with Millennium lifting its position by 822%.

**Earnings Announcement:** Neutral. The company announced Q4 2022 earnings but no specific details were provided.

**EPS Estimate:** Neutral. Analysts expect EPS of 2.56 for the current year.

**Dividend:** Neutral. The company maintained its quarterly cash dividend at $0.185 per share.

**Net Tilt:** Neutral. Ownership increases suggest institutional confidence, while earnings and dividend actions lack specific bullish or bearish signals."
2023-02-19,5,"**Revenue Beat:** Bullish. Q4 revenue was $4.68B vs. estimates of $4.28B, a 23.7% YOY increase.

**Insider Sell:** Bearish. Director Michael J. Anderson sold 6,000 shares.

**Institutional Ownership:** Bullish. Both System and Ltd. increased their holdings by 4.5% and 4.4%, respectively.

**Net Tilt:** Mixed signals with significant revenue beat and institutional buying offset by insider sell."
2023-02-20,16,"**Earnings & Guidance:** Q1 EPS beat at $1.14 vs. consensus $0.62; Q1 2023 EPS estimates downgraded to $0.62. **Ownership Trends:** Multiple institutions increased holdings (Lazard, Captrust, Blackrock, Vanguard, Dimensional Fund Advisors, State Street, Invesco), but VP Brian K. Walz sold 2,536 shares. **Price Action:** Stock up 1.1%, opened at $45.21. **Net Tilt:** Mixed, with strong earnings beat offset by EPS downgrade and insider sell."
2023-02-22,2,"**Ownership Increase:** Bullish. Millennium Management LLC increased its holdings in ANDE by 822.0% in Q2, indicating confidence in the stock. Additionally, another LLC purchased a new stake in ANDE during Q3, further signaling institutional interest and support."
2023-02-23,5,"**Revenue Beat:** Bullish. Q4 revenue was $4.68B vs. analyst estimates of $4.28B.

**Institutional Ownership Increase:** Bullish. Captrust Financial Advisors increased stake by 10.0%, and PNC Financial Services Group Inc. increased by 2.6%.

**EPS Guidance:** Neutral. Analysts expect FY EPS of $2.56.

**Earnings Release:** Neutral. Earnings were released on Feb 15th, but no specific EPS details provided beyond guidance.

**Net Tilt:** Bullish. Revenue beat and institutional buying outweigh neutral guidance and earnings release."
2023-03-01,6,"**Ownership Changes:** Federated Hermes Inc. increased holdings by 762.0% in Q1, while another firm increased holdings by 115.8% in Q2 (Bullish). Conversely, Shell Asset Management Co. reduced its holdings (Bearish).

**Stock Performance & Earnings:** ANDE opened at $45.63 on Wednesday. Analysts expect EPS of 2.33 for the current year (Neutral).

**Net Tilt:** Bullish due to significant ownership increases outweighing the reduction by Shell Asset Management."
2023-03-02,13,"**Earnings & Revenue:** Bullish. EPS of $1.14 vs. expectations, revenue of $4.68B vs. $4.28B consensus.

**Insider Sales:** Bearish. Michael J. Anderson, Anne G. Rex, and Brian K. Walz sold shares recently.

**Institutional Ownership:** Bullish. Multiple institutions increased holdings: Amundi, Captrust Financial Advisors, MML Investors Services LLC, Millennium Management LLC, Invesco Ltd., Blackrock Inc., and Dimensional Fund Advisors LP.

**Net Tilt:** Mixed signals but overall slightly bullish due to strong earnings/revenue and institutional buying outweighing insider sales."
2023-03-03,1,"**Ownership Increase:** Bullish. Corp increased its stake in ANDE by 817.4% in Q4, indicating confidence and potential support for the stock."
2023-03-04,4,"**Ownership Changes:** Federated Hermes Inc. significantly increased its stake in ANDE by 762.0%, indicating bullish sentiment (Bullish). Conversely, Point72 Asset Management L.P. sold 30,400 shares, signaling bearishness (Bearish).

**Dividends & Earnings Estimates:** ANDE announced a quarterly dividend payable on April 24th, maintaining shareholder returns (Neutral). Analysts expect EPS of $2.33 for the current fiscal year, suggesting stable earnings expectations (Neutral).

**Net Tilt:** Mixed signals with a slight lean towards Bullish due to significant stake increase by Federated Hermes."
2023-03-07,7,"**Insider Activity:** Bearish; Director Michael J. Anderson sold 10,000 shares (March 2nd), while Tower Research Capital LLC TRC sold 14,245 shares (date unspecified).

**Institutional Ownership:** Bullish; Inc. increased holdings by 115.8% in Q2, and AllianceBernstein L.P. increased holdings by 57.4% in Q4.

**Revenue Growth:** Bullish; QoQ revenue up 23.7%.

**Stock Performance:** Bearish; ANDE opened at $44.35 on Tuesday, down from previous close.

**Earnings Announcement:** Neutral; latest earnings released on Feb 15th, no specific details provided.

**Net Tilt:** Mixed signals with slight net bullish bias due to strong revenue growth and significant institutional buying outweighing insider sales."
2023-03-09,14,"**Earnings Beat:** Bullish. Q4 EPS of $1.14 vs. consensus, revenue of $4.68B vs. $4.28B consensus.

**Institutional Buying:** Bullish. Multiple institutions increased holdings: Blackrock (+2.2%), Vanguard (+1.4%), Dimensional Fund Advisors (+4.6%), State Street (+8.1%), Invesco (+35.6%), Federated Hermes (+762.0%), and an unnamed firm (+817.4%).

**Stock Performance:** Bullish. Shares opened at $44.46, up 1.3%.

**Analyst Predictions:** Neutral. Analysts predict FY EPS of $2.33.

**Net Tilt:** Strongly Bullish."
2023-03-13,9,"**Net Tilt: Mixed**

**Revenue Growth & Analyst Predictions:**
- **Bullish:** Q4 revenue grew 23.7% YoY.
- **Neutral:** Analysts predict EPS of 2.94 for the current year.

**Insider Activity:**
- **Bearish:** Director Michael J. Anderson sold 6,000 shares.

**Institutional Ownership:**
- **Bullish:** Twinbeech Capital, Blackrock, Vanguard, Dimensional Fund Advisors, and State Street increased their positions.

**Price Movement:**
- **Bearish:** Stock down 3.9%.

**Net Tilt:** Mixed due to conflicting signals."
2023-03-19,4,"**Ownership Increase:** Bullish. Corp increased its stake in ANDE by 817.4% in Q4, indicating confidence. Additionally, Amundi initiated a new position in ANDE during Q2.

**Analyst Ratings:** Neutral. StockNews.com maintained a ""Hold"" rating on ANDE.

**Earnings Forecast:** Bullish. Analysts predict EPS of $2.94 for the current year.

**Net Tilt:** Bullish. Ownership increases outweigh the neutral analyst rating."
2023-03-27,5,"**Revenue Beat:** Bullish. Q4 revenue was $4.68B vs. expectations of $4.28B.

**Institutional Ownership Increases:** Bullish. Multiple institutions increased stakes: Llc up 1.2%, Bank of New York Mellon up 3.1%, and Balyasny Asset Management initiated a new stake.

**New Investment:** Bullish. Wesbanco Bank Inc. made a new investment in ANDE.

**Net Tilt:** Strongly Bullish."
2023-03-30,4,"**Insider Sell:** VP Anne G. Rex sold 2,665 shares (bearish).

**Revenue Growth:** QoQ revenue up 23.7% (bullish).

**Stock Performance:** Stock opened at $41.58, down slightly (slightly bearish).

**Earnings Estimate:** Analysts expect FY EPS of 2.94 (neutral).

**Net Tilt:** Mixed signals; revenue growth is strong but insider sell and slight stock drop are negative."
2023-04-04,6,"**Insider Sales:** Bearish. VP Brian K. Walz and Director Michael J. Anderson sold 2,536 and 6,000 shares respectively, indicating potential lack of confidence.

**Ownership Increase:** Bullish. Balyasny Asset Management LLC and Bank of New York Mellon Corp increased stakes, suggesting institutional support.

**Earnings Forecast:** Neutral. Analysts predict FY EPS of 2.94, with no change from previous estimates.

**Net Tilt:** Mixed signals from insider sales vs. stake increases; earnings forecast unchanged. Overall, slightly bullish due to recent institutional buying."
2023-04-09,9,"**Revenue Growth:** Bullish; Q1 revenue up 23.7%.

**Institutional Ownership:** Mixed; Raymond James, BNY Mellon, Cambridge, and Citigroup increased holdings (12.5%, 5.0%, 24.0%, 9.7% respectively), while Louisiana State and System reduced holdings (-2.6%).

**Earnings Estimate:** Neutral; analysts predict EPS of 2.94 for FY.

**Net Tilt:** Slightly Bullish due to significant institutional buying outweighing selling."
2023-04-10,1,"**Earnings Growth Positive:** ANDE reported EPS of $0.64, beating estimates. **Bullish** due to strong underlying earnings growth.

**Analyst Actions:** No significant analyst actions noted today.

**Catalysts:** None impacting the stock directly today.

**Net Tilt:** Bullish based on earnings beat.

*Note: No conflicting signals present.*"
2023-04-18,2,"**Earnings Release:** ANDE is scheduled to release Q1 2023 financial results after 4 p.m. EDT on May 2. No specific guidance or earnings beat/miss details provided yet. **Neutral** until further details emerge.

No analyst upgrades/downgrades or significant catalysts mentioned. **Hold** until earnings data provides clearer signals."
2023-04-19,5,"**Ownership Changes:** 
- **Bullish:** Captrust Financial Advisors increased stake by 10.0%, Credit Suisse AG increased holdings by 1.5%.
- **Bearish:** New York State Teachers Retirement System sold shares.

**Earnings Estimate:**
- Analysts predict EPS of $2.94 for the current year.

**Net Tilt:** Mixed signals with slight bullish bias due to multiple institutional increases outweighing one decrease."
2023-04-20,7,"**Ownership Trends:** 
- **Bullish:** Raymond James, Bank of New York Mellon, Cambridge Investment Research Advisors, and Citigroup all increased their holdings in ANDE by 12.5%, 5.0%, 24.0%, and 9.7% respectively in Q1.
- **Bearish:** Allspring Global Investments sold 61,977 shares.

**Earnings & Price:**
- No new earnings data released today; last earnings were on Feb 15th.
- ANDE opened at $43.96 on Thursday.

**Net Tilt:** Bullish due to significant increases in institutional holdings outweighing the single sell action."
2023-04-25,15,"Insider selling by executives (Michael J. Anderson, Brian K. Walz, Anne G. Rex) is bearish, with a total of 11,201 shares sold. However, multiple large institutional investors (Blackrock Inc., Vanguard Group Inc., State Street Corp, Invesco Ltd., Geode Capital Management LLC, Captrust Financial Advisors, Credit Suisse AG, Pnc Financial Services Group Inc., Federated Hermes Inc., Royal Bank of Canada) have increased their positions, indicating bullish sentiment. Analysts predict EPS of $0.17 per share for the quarter. Stock opened at $44.06. **Net tilt:** Mixed, but slightly bullish due to significant institutional buying outweighing insider sales."
2023-04-26,5,"**Ownership Changes:**  
- **Bullish:** Millennium Management LLC increased its stake by 822.0%.  
- **Bearish:** Comerica Bank decreased its holdings.

**Price Performance:**  
- **Bullish:** ANDE shares jumped 4.6% this week.  
- **Bearish:** Year-to-date, ANDE is down 13%.

**Market Open:**  
- **Bearish:** ANDE opened at $43.48 on Wednesday, slightly lower.

**Net Tilt:** Mixed signals with slight overall bearish bias due to year-to-date underperformance."
2023-04-30,4,"**Insider Activity & Ownership Changes:**
- **Bearish:** Director Michael J. Anderson sold 10,000 shares on March 2nd.
- **Bullish:** Federated Hermes Inc. increased its position by 762.0% in Q1.
- **Bullish:** An unnamed corporation increased its stake by 817.4% in Q4.
- **Bullish:** Captrust Financial Advisors increased its stake by 10.0% in Q2.

**Net Tilt:** Bullish due to significant ownership increases outweighing the insider sell."
2023-05-02,17,**Earnings:** Q1 Non-GAAP EPS of $0.20 beats by $0.02; Q1 adjusted EBITDA of $44M; Q1 revenue of $3.88B misses consensus by $60M. **Capital & Dividends:** CapEx up to $25.47M from $20.72M; dividend increased to 18c from 17.75c. **Financials:** Pretax loss of $10M; pre-tax profit down to $8M from $10.6M. **Stock Performance:** Shares up 25% YTD. **Net Tilt:** Bullish on earnings and dividends; bearish on revenue and capex increase.
2023-05-03,6,"**Bearish Signals:**
- **Revenue Decline:** Q1 sales fell 2%, indicating weakening demand.
- **Stock Price Drop:** Andersons stock declined 13% post-Q1 results.
- **Analyst Neutral:** Analyst reiterated ""Overweight"" but stock fell sharply.

**Net Tilt:** Bearish due to revenue decline and significant stock drop despite analyst neutral stance."
2023-05-04,8,"**Earnings:** Bullish. ANDE reported EPS of $0.18 vs. consensus expectations, beating estimates. **Revenue:** Bearish. Revenue came in at $3.88B, missing the $3.94B consensus and declining 2.4% YoY. **Institutional Ownership:** Bullish. Multiple institutions increased stakes: Captrust (+10.0%), Credit Suisse (+1.5%), PNC (+2.6%), and RBC (+4.3%). **Net Tilt:** Mixed but slightly bullish due to strong institutional support despite revenue miss."
2023-05-05,9,"**Andersons (ANDE):**

- **Bearish:** Shares gapped down to $43.88. Director Michael J. Anderson and VP Brian K. Walz sold shares.
- **Bullish:** Invesco Ltd., Blackrock Inc., Federated Hermes Inc., and another unnamed corporation significantly increased their stakes in ANDE.

**Neutral:** Earnings released but no specific EPS details provided; analysts expect FY EPS of 2.94.

**Net Tilt:** Mixed signals with significant insider selling offset by major institutional buying."
2023-05-09,13,"**Insider Activity:** Bearish; Director Michael J. Anderson and VP Brian K. Walz sold shares recently.

**Institutional Ownership:** Bullish; Millennium Management LLC, Oppenheimer & Co., Blackrock Inc., Vanguard Group Inc., Dimensional Fund Advisors LP, and State Street Corp all increased their stakes.

**Revenue Performance:** Bearish; Q4 revenue was $3.88B vs. expectations of $3.94B, marking a 2.4% decline YoY.

**Analyst Estimates:** Neutral; analysts expect FY EPS of 2.94.

**Other:** Sg Americas Securities purchased additional shares, indicating some bullish sentiment."
2023-05-23,21,"**Earnings:** Bullish. The Andersons reported EPS of $0.18 vs. expectations, though revenue missed at $3.88B vs. $3.94B expected, down 2.4% YoY.

**Ownership Trends:** Mixed. Insiders like Michael J. Anderson sold shares, while institutional investors like Federated Hermes, Captrust, and others significantly increased holdings.

**Stock Performance:** Bullish. ANDE stock gained 2.1%, opening at $40.74.

**Catalysts:** Neutral. Victory Capital and Dimensional Fund Advisors increased stakes, but Lutherans sold shares.

**Net Tilt:** Net bullish due to positive stock performance and significant institutional buying despite revenue miss and insider sell."
2023-05-24,2,"**The Andersons (ANDE)**

- **Bullish**: 
  - **Acquisition**: Acquired a granulation facility in Michigan, enhancing production capabilities.
  - **Ownership Increase**: Ltd increased its position in ANDE by 641.6% in Q1, indicating confidence.

- **Net Tilt**: Bullish due to strategic acquisition and significant ownership increase."
2023-05-25,2,"**Ownership Increase:** Advisory Services Network LLC initiated a new position in ANDE in Q1, indicating institutional interest (bullish). Brandywine Global Investment Management LLC maintains significant holdings at $4.59 million, suggesting sustained institutional confidence (bullish). **Net Tilt:** Bullish."
2023-05-26,3,"**Ownership Increase:** Investments increased its position in ANDE by 80.4% in Q4, indicating **bullish** sentiment (positive).

**Revenue Miss:** ANDE reported Q revenue of $3.88B vs. estimates of $3.94B, missing expectations by $60M, signaling **bearish** sentiment (negative).

**Stake Acquisition:** Russell Investments Group acquired shares in ANDE, showing **bullish** interest (positive).

**Net Tilt:** Conflicting signals; overall slightly **net bullish** due to ownership increases and stake acquisitions."
2023-05-29,7,"**Insider Activity:** Bearish; Michael J. Anderson, Director, sold 10,000 shares (March 2).

**Institutional Ownership:** Bullish; Raymond James, BNY Mellon, Cambridge Investment Research, and Citigroup increased holdings in Q1 by 12.5%, 5.0%, 24.0%, and 9.7% respectively.

**Stock Performance:** Bearish; Stock opened at $41.07 on Monday, down from previous close.

**Earnings Estimate:** Neutral; Analysts predict EPS of 3.46 for FY.

**Net Tilt:** Mixed signals with slight lean towards bearish due to insider sell and stock performance."
2023-05-30,6,"**Ownership Increases:** Victory Capital Management Inc., Dimensional Fund Advisors LP, and UBS Group AG increased their stakes in ANDE (bullish). Evidence: 13.3%, 1.4%, and 96.4% increases respectively.

**Revenue Decline:** Q4 revenue declined by 2.4% YoY (bearish).

**Stock Performance:** ANDE stock up 1.2% (bullish).

**New Stake Acquisition:** HRT Financial LP purchased 39,603 shares (bullish).

**Net Tilt:** Mixed signals with significant institutional buying offsetting revenue decline."
2023-05-31,7,"**Ownership Changes:** 
- Bullish: Captrust Financial Advisors increased holdings by 10.0%, Mutual of America Capital Management LLC by 19.8%. 
- Bearish: Citigroup Inc. sold 16,801 shares, reducing its holdings.

**Revenue Performance:**
- Bearish: Q3 revenue was $3.88B vs. estimates of $3.94B, missing expectations by $60M.

**Earnings Release:**
- Neutral: Earnings were released on May 2nd but no specific figures or surprises mentioned beyond revenue miss.

**Net Tilt:** Bearish due to revenue miss and mixed ownership signals."
2023-06-02,3,"**Ownership Changes:** 
- **Bullish:** Gmbh increased holdings by 2.4% in Q3, indicating confidence.
- **Bullish:** Credit Suisse increased holdings by 1.5% in Q2, signaling continued support.
- **Bearish:** Envestnet Asset Management decreased position by reducing holdings, suggesting some uncertainty.

**Net Tilt:** Bullish, with two firms increasing their stakes outweighing one reduction."
2023-06-04,5,"**Ownership Increase:** Bullish. Banco Bilbao Vizcaya Argentaria increased holdings by 15.8%, Captrust Financial Advisors by 10.0%, and Mutual of America Capital Management LLC by 19.8%.

**Stock Performance:** Bullish. Andersons' stock traded up 5.0%.

**Earnings Announcement:** Neutral. Andersons posted quarterly earnings on May 2nd, but no specific details or surprises were provided.

**Net Tilt:** Bullish. Ownership increases and positive stock movement indicate investor confidence."
2023-06-05,5,"**Ownership Increase:** Bullish. LP and New York Life Investment Management LLC increased their stakes in ANDE, indicating institutional confidence.

**Revenue Miss:** Bearish. Q4 revenue was $3.88B vs. consensus $3.94B, missing expectations by $60M.

**Stock Price:** Neutral. Opened at $41.33 on Monday, no directional movement indicated.

**Net Tilt:** Mixed signals with ownership increases offsetting revenue miss."
2023-06-13,6,"**Acquisition and Ownership Increases:** Bullish. The Andersons agreed to acquire ACJ International, expanding its operations. Institutional investors Llc and Invesco Ltd. increased their stakes, with Invesco upping its position by 35.6%. Engineers Gate Manager LP also acquired 28,769 shares.

**Earnings Guidance:** Neutral. Analysts predict EPS of $2.92 for the current fiscal year, but no specific earnings beat/miss details were provided beyond the last reported results on May 2nd.

**Net Tilt:** Bullish due to strategic expansion and increased institutional interest."
2023-06-15,5,"**Ownership Changes:** Federated Hermes Inc. increased holdings in ANDE by 762.0% in Q1 (bullish). However, First Wilshire Securities Management Inc. sold shares (bearish).

**Revenue Performance:** Revenue declined 2.4% YoY (bearish).

**Stock Price Movement:** ANDE stock fell 1.8% (bearish).

**Net Tilt:** Bearish due to revenue decline and recent stock price drop, despite significant institutional buying interest."
2023-06-21,2,"**Analyst Ratings:**  
Roth MKM initiated coverage on ANDE with a **Buy** rating, setting a positive tone. This is bullish as it suggests potential upside based on the firm’s analysis.

**Net Tilt:** Bullish

No conflicting signals present."
2023-06-23,2,"**Dividends:** Bullish. The Andersons, Inc. (ANDE) maintains its quarterly dividend at $0.185 per share for Q3 2023, indicating financial stability and commitment to shareholder returns.

No conflicting signals present. Net tilt is bullish."
2023-06-25,7,"**Dividends & Ownership Increases:** Bullish. Andersons increased its dividend by 1.9% annually over the past three years and recently declared a new quarterly dividend. Institutional ownership has risen significantly with Llc increasing its stake by 4.6%, Captrust Financial Advisors by 10.0%, and Credit Suisse AG by 1.5%.

**Earnings Guidance:** Neutral. Analysts predict EPS of 2.92 for the current year, but no specific earnings surprise was reported.

**Net Tilt:** Bullish. Multiple institutional investors boosting their positions supports a positive outlook despite neutral earnings guidance."
2023-06-27,3,"**Earnings Per Share (EPS):** Bullish. Andersons has seen EPS rising at 13% annually over the past five years.

**Stake Acquisition:** Bullish. Exchange Traded Concepts LLC acquired 16,895 shares of ANDE, indicating institutional interest.

**Stock Performance:** Bearish. ANDE stock opened at $44.44, down slightly from previous days.

**Net Tilt:** Mixed signals with slight bullish bias due to long-term EPS growth and stake acquisition."
2023-07-01,4,"**Ownership Increase:** Ziegler Capital Management LLC increased its stake in ANDE by 1.0% in Q1, while another LLC raised its holdings by 1.2% in Q4 (bullish).

**Stock Performance:** ANDE hit a new 12-month high of $46.63 (bullish).

**Dividend Announcement:** ANDE declared a dividend of $0.18 per share (neutral).

**Net Tilt:** Bullish due to ownership increases and stock hitting a new high."
2023-07-05,2,"Andersons (ANDE) hit a 52-week high today, signaling strong bullish momentum. However, Zacks downgraded ANDE to a Strong Sell (Zacks Rank #5), indicating bearish sentiment. The conflicting signals suggest a mixed outlook, but the recent price action may indicate short-term strength despite long-term concerns. 

NET TILT: Mixed (Bullish near-term, Bearish long-term)."
2023-07-07,6,"**Andersons (ANDE)**

- **Bullish**: Andersons reached a new 1-year high at $48.00. Dimensional Fund Advisors LP and Llc increased their stakes by 1.4% and 15.0%, respectively.
- **Bearish**: Revenue declined 2.4% YoY. Stock fell 4.1%.

**Net Tilt**: Mixed signals with bullish ownership increases offset by bearish revenue decline and stock drop.

Analysts predict EPS of 2.65 for the current year."
2023-07-08,7,"**Insider Activity & Ownership Changes:** Michael J. Anderson sold 3,000 shares (Bearish). However, institutional investors like Llc, Nordea Investment Management AB, and Putnam Investments LLC increased their positions (Bullish).

**Earnings & Dividends:** Earnings report released on May 2nd (Neutral). Quarterly dividend announced, payable on July 24th (Neutral).

**Stock Price:** Opened at $46.68 on Friday (Neutral).

**Net Tilt:** Mixed signals with insider sell offset by significant institutional buying."
2023-07-09,11,"**Ownership Trends:** Bullish. Multiple firms increased their stakes in ANDE, including Exchange Traded Concepts LLC, Victory Capital Management Inc., JPMorgan Chase & Co., State Street Corp, First Trust Advisors LP, Raymond James Financial Services Advisors Inc., Bank of New York Mellon Corp, Cambridge Investment Research Advisors Inc., and Citigroup Inc. Evidence shows significant stake increases in Q1, with notable boosts like 24% from Cambridge Investment Research Advisors Inc. and 17.6% from JPMorgan Chase & Co. However, Maryland State Retirement & Pension System sold shares, indicating some bearish sentiment. Net tilt is bullish due to multiple large increases outweighing the single decrease."
2023-07-10,4,"Today’s headlines for ANDE show mixed signals:

**Bullish Signals:**
- **Acquisition Completion:** The Andersons completed the purchase of ACJ International and subsidiaries, likely boosting operational scale.
- **Stake Increases:** Blackrock Inc. increased its stake by 2.2% in Q1, and Vanguard Group raised its position by 2.1% in Q3, indicating institutional confidence.

**Bearish Signal:**
- **Minor Sale:** A system sold 300 shares, a minor action compared to the significant stake increases by major institutions.

**Net Tilt:** Bullish due to substantial stake increases by major investors outweighing the small share sale."
2023-07-12,2,"**Earnings Release:** ANDE is scheduled to release Q2 2023 financial results after 4 p.m. EDT on August 1. No specific guidance or earnings beat/miss details provided yet. **Neutral** until further data.

No other trading-relevant signals or analyst actions noted today."
2023-07-13,8,"**Insider Activity & Ownership Changes:** Bearish - Michael J. Anderson, a director, sold 3,000 shares. Bullish - Multiple institutions increased holdings: Llc (+109.3%), Raymond James Financial (+12.5%), BNY Mellon (+5.0%), Cambridge Investment (+24.0%), and Citigroup (+9.7%). Bearish - Mackenzie Financial reduced holdings.

**Earnings Estimate:** Neutral - Analysts predict FY EPS of $2.65.

**Net Tilt:** Mixed signals with slight lean bullish due to multiple institutional increases outweighing insider sell."
2023-07-16,4,"**Ownership Increase:** Bullish; Ziegler Capital Management LLC increased its stake in ANDE by 1.0% in Q1.

**Revenue Decline:** Bearish; ANDE reported a 2.4% drop in quarterly revenue YoY.

**Stock Performance:** Bearish; ANDE shares fell 1.6% today.

**Opening Price:** Neutral; ANDE opened at $46.65 on Friday. 

**Net Tilt:** Bearish due to revenue decline and stock performance, despite ownership increase."
2023-07-17,7,"**Insider Activity:** Bearish - Director Michael J. Anderson sold 1,856 shares worth $89,088 on July 12th.

**Institutional Ownership:** Bullish - Lazard Asset Management LLC initiated a new stake, while Federated Hermes Inc., Millennium Management LLC, and BlackRock Inc. increased their positions significantly in Q1 and Q2.

**Earnings Estimate:** Neutral - Analysts predict EPS of 2.65 for the current year.

**Net Tilt:** Mixed signals with a slight bullish bias due to significant institutional buying outweighing the insider sell."
2023-07-19,4,"**Ownership Increases:** De boosted its stake in ANDE by 1,222.0%, while Llc increased holdings by 109.3% in Q1. Dimensional Fund Advisors LP also raised its position by 1.4% in Q4. **Direction:** Bullish. **Evidence:** Significant institutional buying indicates confidence in ANDE’s future performance.

**Stock Price:** ANDE stock opened at $48.38 on Wednesday. **Direction:** Neutral. **Evidence:** No specific movement or trading signal provided beyond the opening price."
2023-07-20,11,"**Insider Activity:** Bearish - Director Michael J. Anderson sold 3,000 shares.

**Ownership Increases:** Bullish - Multiple firms increased holdings: System (+3.9%), Captrust Financial Advisors (+10.0%), Credit Suisse AG (+1.5%), Millennium Management LLC (+822.0%), Invesco Ltd. (+35.6%), Lazard Asset Management LLC (new stake), and another unnamed firm (+641.6%).

**Price Performance:** Bullish - ANDE hit a new 52-week high at $48.75.

**Earnings Estimate:** Neutral - Analysts expect EPS of $2.65 for the current fiscal year.

**Net Tilt:** Bullish due to significant ownership increases and price performance, despite insider sell."
2023-07-25,7,"**Ownership Trends:**  
- **Bullish:** Millennium Management LLC increased holdings by 822.0%, Invesco Ltd. by 35.6%, and State Street Corp. by 8.1%. Lazard Asset Management LLC initiated a new position.  
- **Bearish:** Director Michael J. Anderson sold 1,856 shares.  

**Price Action:**  
- **Bullish:** Stock trading up 1.2%.  

**Earnings Estimate:**  
- **Neutral:** Analysts predict EPS of $1.06 for the quarter.  

**Net Tilt:** Bullish due to significant institutional buying outweighing insider sell."
2023-07-31,11,"**Insider Activity:** Director Michael J. Anderson sold 1,856 shares (Bearish). **Institutional Ownership:** Raymond James Financial Services Advisors Inc., Bank of New York Mellon Corp, Cambridge Investment Research Advisors Inc., Citigroup Inc., Pnc Financial Services Group Inc., and Captrust Financial Advisors increased their stakes (Bullish). Raymond James & Associates reduced its position (Bearish). Ziegler Capital Management LLC bought 270 shares (Bullish).

**Earnings Estimate:** Analysts predict EPS of 2.65 for the current year (Neutral).

**Stock Price:** Opened at $49.55 (Neutral).

**Net Tilt:** Mixed signals with slight Bullish bias due to multiple institutions increasing their stakes."
2023-08-01,23,"**Earnings Beat:** The Andersons (ANDE) reported Q2 Non-GAAP EPS of $1.52, beating estimates by $0.43 (Bullish). Adjusted EBITDA was $144M, above consensus ($115M) (Bullish). However, revenue fell short at $4.02B vs. $4.15B expected (Bearish).

**Analyst Actions & Ownership:** Multiple firms increased stakes in ANDE, including De and Federated Hermes (Bullish).

**Dividends:** Q2 dividend per share increased to $0.185 from $0.1775 (Bullish).

**Net Tilt:** Bullish due to strong earnings and EBITDA beats, despite revenue miss.

**Action:** BUY"
2023-08-02,4,"**Earnings:** ANDE reported EPS of $0.18 vs. expected $0.61, missing significantly. **Bearish.**

**Institutional Ownership:** Millennium Management LLC increased stake by 822%, and Invesco Ltd. increased by 35.6%. **Bullish.**

**Net Tilt:** Mixed signals with significant earnings miss but strong institutional buying. **Neutral to Slightly Bullish.**"
2023-08-03,4,"**Andersons (ANDE)**

- **Price Target Upgrade**: **Bullish** - Roth MKM raised the price target to $60 from an unspecified previous level.
- **Analyst Rating**: **Neutral** - Roth MKM maintains ""Buy"" rating, indicating no change in overall recommendation.
- **Earnings Report**: **Mixed** - Company reported Q2 results during a conference call, but specific details on EPS, revenue, and guidance were not provided.

**Net Tilt**: **Slightly Bullish** due to the price target upgrade, despite neutral analyst rating."
2023-08-04,2,"Lake Street maintains Andersons (ANDE) with a ""Buy"" rating, neutralizing any potential downgrade concerns. The firm’s unchanged stance suggests continued confidence in the stock despite no change in the price target. Additionally, ANDE declared a dividend of $0.18 per share, indicating financial stability and commitment to shareholder returns. 

**Net Tilt:** Bullish  
**Evidence:** Analyst maintenance of ""Buy"" rating, dividend declaration."
2023-08-05,24,"**Bullish Signals:**
- **Analyst Upgrades:** Com upgraded ANDE to ""Buy""; Lake Street Capital raised PT to $60.00; Roth MKM raised PT to $65.00; Stephens raised PT to $60.00.
- **Earnings Beat:** Q2 EPS of $2.39 beat estimates by $0.46.
- **Institutional Buying:** Multiple institutions increased holdings, including De, Raymond James, BNY Mellon, Citigroup, Llc, Dimensional Fund Advisors, Lazard Asset Management, Captrust Financial Advisors, Corp, Acadian Asset Management, and Fmr LLC.

**Bearish Signals:**
- **Revenue Miss:** Q2 revenue of $4.02B missed expectations of $4.13B, down 9.7% YoY.
- **Insider Sell:** Director Michael J. Anderson sold 6,400 shares.

**Net Tilt:** Bullish, driven by strong analyst upgrades and earnings beat, despite revenue miss and insider sell."
2023-08-06,10,"**Lake Street Capital upgrades Andersons (ANDE) to $60.00 price target (Bullish)**

**CEO Patrick E. Bowe sells 55,788 shares (Bearish)**

**Institutional Ownership Increases:**
- Ziegler Capital Management, Federated Hermes, Blackrock, Vanguard, State Street, and a new investor all increased holdings (Bullish)

**Mixed Signals:** 
- Institutional support is strong but CEO’s sale raises concerns.
- **Net Tilt:** Slightly Bullish due to multiple institutional buys and positive analyst action."
2023-08-07,4,"**Executive Appointments:** Bullish. Andersons appointed Sarah Zibbell as CHRO and hired a new HR leader, indicating management strength.

**Ownership Changes:** Mixed. First Trust Advisors LP significantly increased its stake by 914.7%, while KBC Group NV trimmed its stake. Net tilt slightly bullish due to the substantial increase from First Trust.

No conflicting signals otherwise."
2023-08-08,8,"**Roth MKM upgraded Andersons' price target from $55.00 to $65.00**, bullish. **Q2 EPS beat at $2.39 vs. estimates of $2.38**, bullish. **Versor Investments, Envestnet Asset Management, Barclays, and LSV Asset Management increased holdings**, bullish. **Revenue declined 9.7% YoY**, bearish. **Analysts expect EPS of $2.38 for FY**, neutral. **Net tilt**: mixed, but slightly bullish due to upgrades and increased holdings."
2023-08-10,4,"**Insider Activity & Ownership Changes:**
- **Bearish:** ANDE director sold $159,060 worth of stock.
- **Bullish:** Raymond James increased holdings by 2.2% in Q2, Ziegler Capital Management increased holdings by 1.0% in Q1, and another firm increased holdings by 8.3% in Q4.

**Net Tilt:** Mixed signals with one bearish insider sale and multiple bullish institutional increases."
2023-08-11,1,"**Executive Appointment:** Bullish. The Andersons Inc. announced the appointment of a new executive vice president, which could bring fresh leadership and strategic direction, potentially boosting operational efficiency and growth prospects.

**Net Tilt:** Bullish. No conflicting signals present."
2023-08-12,3,"**Roth MKM upgraded Andersons' target price from $55.00 to $65.00**, bullish. **VP Anne G. Rex sold 1,523 shares**, bearish. **Q2 revenue declined 9.7% YoY**, bearish. **Net tilt**: Bearish due to insider sell and revenue miss outweighing the price target upgrade."
2023-08-13,7,"**Insider Activity & Ownership Changes:** 
- **Bearish:** CEO Patrick Bowe sold 55,788 shares (Aug 2).
- **Bullish:** Millennium Management LLC increased holdings by 822.0% in Q2.
- **Bullish:** Invesco Ltd. increased stake by 35.6% in Q1.
- **Bullish:** First Trust Advisors LP increased stake by 914.7% in Q4.
- **Bearish:** A fund sold 330 shares.

**Revenue & Earnings:**
- **Bearish:** Revenue of $4.02B missed estimates of $4.13B.
- **Neutral:** Analysts expect FY EPS of 2.9.

**Net Tilt:** Bearish due to insider sell and revenue miss, offset by significant institutional buying."
2023-08-14,5,"Institutional ownership in ANDE has increased significantly with Barclays, Raymond James Financial Services Advisors, Bank of New York Mellon, and Citigroup all boosting their positions in Q1. This is bullish as it indicates confidence from major investors. However, ANDE stock closed down 0.1%, which is bearish. Net tilt: mixed but slightly bullish due to institutional support."
2023-08-17,14,"**Analyst Ratings & Price Target:** Bullish. StockNews.com upgraded ANDE to a Buy rating. Roth MKM raised its price target from $55.00 to $65.00.

**Insider Activity:** Bearish. VP Anne G. Rex sold 1,523 shares on Aug 8th.

**Institutional Ownership:** Mixed. Cambridge Investment, Invesco, First Trust Advisors, Blackrock, and Dimensional Fund Advisors increased holdings. However, Banco Bilbao Vizcaya Argentaria and another entity reduced holdings.

**Earnings Estimate:** Neutral. Analysts predict EPS of 2.9 for FY 2023.

**Dividends:** Neutral. ANDE declared a $0.185 quarterly dividend."
2023-08-21,5,"**Insider Sales:** VP Anne G. Rex and CEO Patrick E. Bowe sold shares, indicating potential bearish sentiment (less confidence in stock performance).

**Ownership Increase:** Nuveen Asset Management LLC increased its stake by 6.7%, suggesting bullish sentiment.

**Revenue Miss:** Q2 revenue was $4.02B vs. $4.13B consensus, missing expectations slightly (bearish).

**Earnings Guidance:** Analysts predict EPS of $2.90 for FY, neutral but consistent with previous estimates.

**Net Tilt:** Mixed signals; insider sales and revenue miss are bearish, while institutional buying is bullish. Overall, slightly **bearish** due to recent insider activity and revenue miss."
2023-08-22,7,"**Earnings & Revenue:** EPS fell to -$0.67, missing estimates. Revenue dropped 9.7% Y/Y, indicating weak demand. **Bearish**.

**Insider Activity:** COO William E. Krueger sold 26,452 shares. **Bearish**.

**Institutional Ownership:** Millennium Management LLC increased holdings by 822%, while Invesco Ltd. increased by 35.6%. **Bullish**.

**Dividends:** Declared a quarterly dividend of $0.185, payable on Oct 20. **Neutral**.

**Net Tilt:** Mixed signals with significant insider selling and revenue/EPS declines, but strong institutional buying suggests potential support. **Net Bearish**."
2023-08-24,14,"**Price Target Upgrade:** Roth MKM upgraded ANDE’s price target from $55.00 to $65.00, bullish.

**Insider Sell:** CEO Patrick E. Bowe sold 55,788 shares, bearish.

**Ownership Increases:** Multiple firms (Lazard Asset Management, Federated Hermes, BlackRock, First Trust Advisors, Kentucky, Inc., De, Corp) significantly increased stakes, bullish.

**Ownership Decrease:** Oppenheimer & Co. Inc. sold 5,915 shares, bearish.

**Stock Performance:** ANDE opened at $51.40, up 1.3%, bullish.

**Net Tilt:** Mixed signals with significant institutional buying offset by insider and some institutional selling. **NET TILT: SLIGHTLY BULLISH** due to upgrades and substantial stake increases."
2023-08-25,3,"**Insider Activity:** Coo William E. Krueger sold 26,452 shares (bearish). **Ownership Changes:** Truist Financial Corp initiated a new position in Q1 (bullish), and Mitsubishi UFJ Trust & Banking Corp acquired 8,286 shares (bullish). **Net Tilt:** Mixed signals with bearish insider sell offset by bullish ownership increases."
2023-08-29,4,"**Insider Activity & Ownership Changes:**
- **Bearish:** ANDE VP Brian K. Walz sold 3,414 shares.
- **Bullish:** Raymond James Financial, Cambridge Investment Research Advisors, and Citigroup all increased their positions in ANDE by 12.5%, 24.0%, and 9.7% respectively during Q1.

**Net Tilt:** Mixed signals with one insider sell and multiple institutional buys."
2023-08-31,7,"**Lake Street Capital upgraded Andersons' price target from $50.00 to $60.00**, bullish. COO William E. Krueger sold 26,452 shares, bearish. Russell Investments reduced holdings but Inc. increased holdings by 19.2%, mixed. Stock opened at $51.89, down 5.8% from previous close, bearish. Analysts predict EPS of 2.9 for the current year, neutral. **Net tilt: slightly bearish due to insider sell and stock decline.**"
2023-09-04,4,"**Insider Activity:** Bearish - CEO Patrick E. Bowe sold 55,788 shares, indicating potential concerns about near-term performance.

**Institutional Ownership:** Bullish - Us Bancorp DE purchased 611 shares, and another firm increased its stake by 641.6%, suggesting institutional confidence.

**Earnings Estimate:** Neutral - Analysts expect EPS of $2.90 for the current year, unchanged from previous estimates.

**Net Tilt:** Mixed signals from insider and institutional activity, with no clear earnings revision."
2023-09-08,5,"**Insider Activity:** Bearish; CEO Patrick E. Bowe sold 2,498 shares on Aug 7th.  
**Ownership Changes:** Bullish; Blackrock Inc. increased stake by 2.2%, and Millennium Management LLC increased stake by 822% in Q2.  
**Revenue Performance:** Bearish; Q2 revenue was $4.02B vs. analyst estimates of $4.13B.  
**Stock Price:** Bullish; ANDE opened at $50.50 on Friday.  
**Net Tilt:** Mixed signals with bearish insider sell and revenue miss offset by bullish ownership increases and stock price movement."
2023-09-11,7,"**Roth MKM upgraded ANDE’s target price from $55.00 to $65.00**, bullish. Institutional ownership increased: Vanguard upped stake by 2.1%, Dimensional Fund Advisors by 4.1%, State Street by 1.2%, and Invesco by 35.6%. However, one entity sold 1,153 shares. Analysts predict EPS of 2.9 for FY, neutral. **Net tilt: Bullish** due to multiple upgrades and increased institutional ownership outweighing the single sale."
2023-09-17,4,"**Ownership Changes:**  
- **Bullish:** Millennium Management LLC increased holdings by 822.0% in Q2, indicating strong confidence.  
- **Bullish:** Invesco Ltd. increased holdings by 35.6% in Q1, showing sustained interest.  
- **Bearish:** Proshare Advisors LLC sold 48,994 shares, suggesting some uncertainty.

**Price Movement:**  
- **Neutral-Bullish:** ANDE stock up 0.3%, reflecting modest positive sentiment.

**Net Tilt:** Bullish, with significant institutional buying outweighing the smaller sell-off."
2023-09-19,1,"**Facility Sale:** The Andersons, Inc. completed the sale of its Anselmo, Nebraska, grain facility to Country Partners Cooperative for $0.44M. **Bullish** on cash flow improvement but **bearish** on potential short-term disruption in operations. No EPS or revenue impact mentioned directly, but the sale likely improves liquidity."
2023-09-23,4,"**Ownership Changes:** 
- **Bullish:** De increased its position in ANDE by 1,222.0% in Q1.
- **Bullish:** Another firm increased its position by 817.4% in Q4.
- **Bearish:** Inc. sold 341 shares.

**Earnings Forecast:**
- **Neutral:** Analysts predict EPS of $3.12 for the current year.

**Net Tilt:** Bullish due to significant ownership increases outweighing the minor sell-off."
2023-09-24,3,"**Insider Sell:** CEO Patrick E. Bowe sold 2,498 shares (bearish).

**Institutional Ownership Growth:** 
- Sg Americas Securities LLC increased holdings by 18.6% in Q1 (bullish).
- Lp initiated a new stake in Q4 (bullish).

**Net Tilt:** Mixed signals with one bearish insider sell and two bullish institutional buys/moves."
2023-09-27,7,"**Price Target Upgrade:** Roth MKM upgraded ANDE’s price target from $55.00 to $65.00 (Bullish).

**Insider Sell:** CEO Patrick E. Bowe sold 9,878 shares (Bearish).

**Ownership Increases:** Invesco Ltd. increased holdings by 35.6% in Q1; another entity boosted stake by 817.4% in Q4 (Bullish).

**Revenue Decline:** Revenue down 9.7% YoY (Bearish).

**Stake Acquisition:** PAX Financial Group LLC acquired shares (Bullish).

**Earnings Estimate:** Analysts predict EPS of 3.12 for FY (Neutral).

**Net Tilt:** Mixed signals with significant insider sell offsetting ownership increases and stake acquisitions. Revenue decline is bearish."
2023-10-02,3,"**Stock Performance:** Bullish. ANDE’s stock is up 7.6% over the past three months, indicating positive momentum.

**Dividends:** Neutral. Andersons has a history of paying dividends, which may attract income-focused investors but does not provide new directional insight.

**Net Tilt:** Bullish. The recent stock gain is a strong bullish signal despite the neutral dividend payment information."
2023-10-05,1,"**Share Price Performance:** Bullish. The Andersons, Inc. (ANDE) share price has surged 156% over the past three years, indicating strong investor sentiment and potential underlying business strength.

**Net Tilt:** Bullish. 

No conflicting signals present."
2023-10-10,8,"**Lake Street Capital upgraded Andersons' target price from $50.00 to $60.00**, bullish. COO William E. Krueger and CEO Patrick E. Bowe sold shares recently, bearish. However, institutional ownership increased significantly with De boosting its position by 1,222% and another firm by 817.4%, bullish. Andersons' stock gained 3.1%, bullish. Analysts expect EPS of 3.12 for the current year, neutral. Net tilt: **Bullish**."
2023-10-14,5,"**Roth MKM upgraded ANDE’s price target to $65.00 from $55.00**, bullish. **Blackrock Inc. increased holdings by 2.2% in Q1**, bullish. **Analysts expect EPS of 3.12 for the current year**, neutral. **Shares opened at $50.51 on Friday**, bearish. **Allspring Global Investments holds $299,000 in ANDE**, neutral. **Net tilt**: mixed, but slightly bullish due to upgrades and increased institutional ownership."
2023-10-18,3,"**Ownership Increase:** Bullish. System lifted its stake in ANDE by 13.8% in Q2, while Sg Americas Securities LLC increased its stake by 18.6% in Q1.

**Earnings Estimate:** Neutral. Analysts expect EPS of $3.12 for the current fiscal year.

**Net Tilt:** Bullish due to significant ownership increases, though earnings estimate is neutral."
2023-10-19,2,"**Andersons Inc (ANDE)**

- **Bearish**: Shares fell 4.3% post-commitment purchase announcement at $50, indicating potential overvaluation concerns or negative market reaction to the price.
- **Bullish**: A firm committed to purchasing ANDE at $50, suggesting confidence in the stock’s future performance.

**Net Tilt**: Mixed signals with bearish pressure outweighing bullish support."
2023-10-23,3,"**Earnings Release:** The Andersons, Inc. (NASDAQ:ANDE) is scheduled to release Q3 2023 financial results after 4 p.m. EST on Nov 7. No specific guidance provided yet. Shareholders are up 125% YTD.

**Direction:** Neutral  
**Evidence:** Upcoming earnings release could provide critical insights into Q3 performance and future outlook, but current information lacks specifics. Share price movement driven by earnings surprise likely."
2023-10-27,7,"**Roth MKM upgraded Andersons' target price from $55.00 to $65.00**, bullish. **VP Brian K. Walz sold 3,414 shares**, bearish. **Llc increased holdings by 12.3%**, bullish. **Another entity decreased stake**, bearish. **One entity maintained a $2.15 million position**, neutral. **Analysts predict EPS of 3.12 for the current year**, neutral. **Stock opened at $49.50**, neutral. **Net tilt**: mixed, slightly bullish due to the price target upgrade and increased holdings outweighing the insider sell and stake reduction."
2023-10-28,2,"**Insider Activity:** Bullish. Acadian Asset Management LLC increased ownership by buying a new position in Andersons during Q1. Bearish. VP Anne G. Rex sold 1,523 shares on Aug 8th. **Net Tilt:** Neutral due to conflicting signals."
2023-11-03,4,"**Earnings:** Bullish. Andersons reported Q3 earnings above expectations, though revenues and earnings declined YoY.

**Stock Performance:** Bullish. Shares have gained 41.6% YTD despite earnings decline.

**Net Tilt:** Bullish. Positive earnings surprise outweighs revenue/EPS decline."
2023-11-05,6,"**Insider Activity:** Bearish; CEO Patrick E. Bowe sold 9,878 shares on Aug 30th.

**Institutional Ownership:** Bullish; Raymond James, BNY Mellon, and Cambridge Investment Research increased stakes by 12.5%, 5.0%, and 24.0% respectively in Q1.

**Earnings Estimate:** Neutral; analysts forecast EPS of $0.52 for the quarter.

**Stock Price:** Neutral; opened at $52.77 on Friday.

**Net Tilt:** Mixed signals with bearish insider activity offset by bullish institutional buying."
2023-11-07,18,"**Earnings:** Bullish on net profit but bearish on EPS and pre-tax profit. Andersons reported Q3 EPS of $0.13, missing estimates of $0.53-$0.62, indicating significant underperformance (bearish). However, adjusted net profit rose to $26.80M from $17.40M (bullish).

**EBITDA:** Mixed. Adjusted EBITDA was $70M, up from previous quarters, but Q3 EBITDA fell to $79M from $83M (net tilt slightly bearish).

**Revenue:** No change mentioned, with Q3 revenue at $3.64B.

**Share Performance:** Shares up 49% YTD, suggesting market optimism despite earnings miss.

**Guidance:** FY23 adjusted EBITDA guidance unchanged, indicating stability but no upside revision.

**Net Tilt:** Bearish due to significant EPS miss and slight EBITDA decline, though operational profit growth provides some support."
2023-11-08,13,"**Roth MKM upgraded ANDE’s price target from $55.00 to $65.00**, bullish. **Q3 net income beat expectations at $10M**, bullish. **COO William E. Krueger sold 26,452 shares**, bearish. **ANDE hit a new 1-year high of $53.48**, bullish. **Q3 dividend per share increased to 18.50 cents**, bullish. **State Street Corp, Ltd, De, Vanguard Group Inc., and Dimensional Fund Advisors LP all increased holdings/stakes**, bullish. **FY2023 EBITDA guidance met expectations ($350M-$375M vs consensus $373.87M)**, neutral. **Shares opened at $52.09**, slightly bearish. **Net tilt: Bullish**."
2023-11-09,7,"**Ownership Increases:** Raymond James, Bank of New York Mellon, Cambridge Investment Research Advisors, and Citigroup all increased their stakes in ANDE, indicating **bullish** sentiment (12.5%, 5.0%, 24.0%, and 9.7% respectively).

**Stock Performance:** ANDE traded as low as $46.19 and closed at $47.64, showing **bearish** pressure.

**Earnings Call:** The company held its Q3 2023 earnings call, providing updates but no specific earnings surprises noted.

**Net Tilt:** Mixed signals with significant institutional buying offset by stock weakness."
2023-11-10,3,"**Insider & Ownership Activity:** Bearish. VP Brian K. Walz sold 3,414 shares, and Truist Financial Corp sold 3,388 shares, indicating potential lack of confidence.

**Earnings Estimate:** Neutral. Analysts predict EPS of 3.26 for the current fiscal year, unchanged from previous estimates.

**Net Tilt:** Bearish due to insider and institutional selling, but earnings estimate neutral."
2023-11-12,5,"**Analyst Downgrade:** Com downgraded Andersons from ""buy"" to ""hold,"" bearish.  
**Ownership Increase:** De and Corp significantly increased stakes (1,222% and 817.4%, respectively), bullish.  
**Stock Performance:** Andersons stock up 3.3%, bullish.  
**Net Tilt:** Mixed signals; ownership increases and recent stock gain are positive, but analyst downgrade is negative."
2023-11-13,9,"**Insider Activity:** Bearish; CEO Patrick E. Bowe and Coo William E. Krueger sold shares, indicating potential concerns about future performance.

**Institutional Ownership:** Bullish; Barclays, Raymond James, BNY Mellon, and Cambridge Investment Research increased their positions.

**Revenue Performance:** Bearish; QoQ revenue declined by 13.8%, suggesting weakening demand or operational issues.

**Earnings Guidance:** Neutral; analysts expect EPS of 3.28 for the current fiscal year, no change from previous estimates."
2023-11-14,4,"**Analyst Upgrades:** Lake Street Capital upgraded ANDE’s price target from $50.00 to $60.00; Roth MKM upgraded from $55.00 to $65.00. **Bullish** on valuation.

**Ownership Changes:** Lazard Asset Management LLC initiated a new position in ANDE in Q4. **Bullish** on institutional interest. Bank of New York Mellon Corp trimmed holdings. **Bearish** on some institutional confidence.

**Net Tilt:** Mixed signals with upgrades and ownership adjustments; overall slightly **Bullish** due to higher price targets and new institutional investment."
2023-11-17,6,"**Andersons (ANDE)**

- **Bullish**: Andersons reached a new 12-month high at $53.60. Institutional investors like Millennium Management LLC and Invesco Ltd. significantly increased their positions (822% and 35.6%, respectively).
- **Bearish**: Manire sold 5,000 shares, and the stock fell 2.6%. Analysts expect EPS of $3.28 for the current year.
- **Net Tilt**: Mixed signals with strong institutional buying offset by a recent sell-off and modest EPS expectations.

Traders should consider these conflicting signals before deciding on a position."
2023-11-18,6,"**Com Upgrades Andersons (NASDAQ:ANDE) to Buy**: Bullish. Evidence: Upgrade from neutral to buy with no new PT provided.

**Insider Sales**: Bearish. Evidence: Director Ross W. Manire sold 5,000 shares, and VP Brian K. Walz sold 3,414 shares.

**Institutional Ownership Increase**: Bullish. Evidence: Royal Bank of Canada increased holdings by 23.0%.

**Analyst EPS Estimate**: Neutral. Evidence: Analysts predict 3.28 EPS for the current year.

**Net Tilt**: Mixed signals with slight bullish bias due to institutional support and analyst upgrade."
2023-11-19,7,"**Roth MKM upgraded ANDE’s price target from $55.00 to $65.00**, bullish. CEO Patrick Bowe sold 9,878 shares, bearish. De and another Corp significantly increased holdings (1,222% and 817.4%, respectively), bullish. Another Corp reduced holdings by selling 206 shares, bearish. Revenue fell 13.8% and missed estimates by $260M, bearish. **Net tilt: Bearish due to revenue miss and CEO sale.**"
2023-11-21,1,"**Andersons (ANDE)**

- **Share Performance:** Bullish. Shares gained 5.6% today.
  
- **No Other Signals:** No additional trading-relevant signals or catalysts mentioned.

**Net Tilt:** Bullish based on share performance."
2023-11-22,8,"**Analyst Ratings:** Bullish; StockNews.com upgraded ANDE to ""Buy"" (Positive).

**Insider Activity:** Bearish; Director Ross W. Manire sold 5,000 shares (Negative).

**Institutional Ownership:** Mixed; Texas and Sg Americas Securities increased holdings, while Principal Financial Group decreased holdings.

**Earnings Estimate:** Neutral; analysts predict EPS of 3.28 for the current year.

NET TILT: Mixed signals with a slight bullish bias due to the analyst upgrade."
2023-11-27,6,"**Insider & Ownership Activity:** Bearish - CEO Patrick Bowe sold 9,878 shares (Aug 30). Bullish - Llc increased holdings by 42.1% in Q2, Acadian Asset Management LLC initiated a new stake in Q1, and Td Asset Management Inc invested $688k.

**Earnings Estimate:** Neutral - Analysts predict EPS of 3.28 for FY.

**Stock Price:** Neutral - Opened at $51.16 on Monday.

**Net Tilt:** Mixed signals with slight bullish bias due to significant institutional buying despite insider sell."
2023-11-28,6,"**Analyst Downgrade:** StockNews.com downgraded ANDE, negative.  
**Institutional Buying:** Raymond James, BNY Mellon, Cambridge, and Citigroup all increased positions in Q1 (12.5%, 5.0%, 24.0%, 9.7% respectively), positive.  
**Price Action:** Shares opened at $50.39, down slightly, neutral.  
**Net Tilt:** Mixed signals; institutional buying supports but analyst downgrade weakens."
2023-11-29,3,"**Roth MKM upgraded ANDE’s target price from $55.00 to $65.00 (Bullish)**

**Com cut ANDE’s rating from “Buy” to “Hold” (Bearish)**

**BNP Paribas reduced holdings in ANDE (Bearish)**

**Net Tilt:** Bearish due to mixed signals with downgrades and reduced ownership outweighing the positive price target increase."
2023-11-30,3,"**Ownership Increases:**  
- **Bullish:** Millennium Management LLC increased its stake in ANDE by 822.0% in Q2. Additionally, Invesco Ltd. raised its position by 35.6% in Q1. Hotchkis & Wiley Capital Management LLC acquired 3,730 new shares. Institutional buying indicates confidence in the stock’s future performance.

**Net Tilt:** Bullish due to significant institutional inflows."
2023-12-01,3,"Institutional ownership mixed: Raymond James increased holdings by 2.2%, while Panagora sold 12,991 shares. EPS forecast steady at $3.28 for the current year. Net ownership tilt slightly bullish due to Raymond James'增持行动，但整体信号温和。方向：中性偏多。

NET TILT: NEUTRAL TO SLIGHTLY BULLISH"
2023-12-02,4,"**Analyst Downgrade:** Com downgraded ANDE from ""Buy"" to ""Hold,"" indicating a less optimistic view (Bearish).

**Institutional Ownership Increases:** Both Bank and De significantly increased their stakes in ANDE, showing continued institutional interest (Bullish). Additionally, Swiss National Bank also purchased shares (Bullish).

**Net Tilt:** Despite the analyst downgrade, significant institutional buying suggests mixed signals, but overall slightly Bullish due to strong institutional support."
2023-12-04,1,"**Ownership Increase:** Institutional investor Inc. increased its position in Andersons by 9.4% during Q2, indicating **bullish** sentiment. This suggests confidence in the company’s future prospects."
2023-12-06,8,"**Analyst Upgrade:** StockNews.com upgraded ANDE to ""Buy"" (bullish).

**Insider Sell:** VP Brian K. Walz sold 2,606 shares (bearish).

**Institutional Ownership Increases:** American Century Companies Inc., Deutsche Bank AG, Comerica Bank, and Morgan Stanley all increased their stakes in ANDE (bullish).

**Earnings Estimate:** Analysts predict FY EPS of 3.28 (neutral).

**Net Tilt:** Mixed signals with institutional buying offsetting insider sell; overall slightly bullish due to analyst upgrade and significant institutional support."
2023-12-07,4,"**Ownership Increase:** Bullish. Blackrock Inc. increased its stake in ANDE by 2.2%, indicating institutional confidence.

**Stake Acquisition:** Bullish. Citigroup Inc. purchased 12,537 shares, further boosting institutional interest.

**Stock Performance:** Bearish. ANDE traded down 2.6% today, reflecting short-term weakness.

**Earnings Estimate:** Neutral. Analysts predict EPS of $3.28 for the current year, unchanged from previous estimates.

**Net Tilt:** Mixed signals with slight bullish bias due to increased institutional ownership and purchases."
2023-12-14,3,"**Dividends:** Bullish. The Andersons Inc. increased its Q1 2024 cash dividend by 3% to $0.19 per share, up from $0.185 previously. This marks a continuation of the company’s commitment to returning value to shareholders.

NET TILT: Bullish."
2023-12-15,4,"**Andersons (ANDE)**

- **Bullish**: Andersons hit a new 1-year high at $54.23. Institutional ownership increased significantly with De increasing its stake by 1,222.0% in Q1, Ltd raising its position by 126.4% in Q2, and Lazard Asset Management purchasing a new stake in Q4.

NET Tilt: **Bullish**. Multiple large institutions have substantially increased their holdings, signaling confidence in the stock."
2023-12-16,7,"**Ownership Increase:** Bullish. Institutional investors including Millennium Management LLC (+822%), Invesco Ltd. (+35.6%), State Street Corp (+8.1%), and Fmr LLC (+30.3%) have significantly increased their stakes in ANDE.

**Dividend Increase:** Bullish. ANDE has increased its dividend by an average of 1.9% annually over the past three years.

**Earnings Estimate:** Neutral. Analysts predict EPS of 2.92 for the current fiscal year.

**Stock Price:** Neutral. ANDE opened at $54.74 on Friday.

**Net Tilt:** Bullish due to significant institutional buying and consistent dividend growth."
2023-12-19,5,"Insider Sell: CEO Patrick E. Bowe sold 10,040 shares (bearish). Institutional Ownership: Corp increased holdings by 0.7% (bullish). Price Action: ANDE hit a new 12-month high of $55.83 (bullish). Dividend: Quarterly dividend announced, payable on Jan 22 (neutral). Net Tilt: Mixed signals with bullish price action and institutional buying offset by CEO insider sell."
2023-12-20,1,"**Insider Sell Activity:** Bullish sentiment weakened as insiders sold shares, indicating potential concerns about near-term performance or valuation. Evidence: Insiders sold 0.49% of holdings.

**Net Tilt:** Bearish."
2023-12-21,10,"**Insider Activity:** Bearish; Directors Michael J. Anderson and Ross W. Manire sold 3,000 and 5,000 shares respectively (Dec 20-21).

**Institutional Ownership:** Bullish; multiple institutions increased stakes: Ltd (+126.4% Q2), De (+1,222% Q1), Ltd. (Q3), Lazard Asset Management LLC (Q4), Corp (+817.4% Q4).

**Ownership Decrease:** Bearish; Llc sold 55,810 shares (Dec 21).

**Earnings Estimate:** Neutral; analysts predict EPS of 2.92 for the current year.

**Stock Price:** Neutral; ANDE opened at $55.12 on Thursday. 

**Net Tilt:** Mixed signals with slight net bullish bias due to significant institutional buying outweighing insider sales."
2023-12-24,2,"Institutional ownership trends mixed: 
- Bullish: Millennium Management LLC increased its position by 822.0% in Q2.
- Bearish: Another entity trimmed its stake by 0.34%. 
NET TILT: Mixed signals on institutional interest."
2023-12-26,5,"**Insider Sales:** Bearish. VP Brian K. Walz and Director Ross W. Manire sold shares on Dec 1 and Nov 15 respectively, indicating potential insider concerns.

**Stock Performance:** Bullish. ANDE set a new 1-year high at $57.24, suggesting strong market sentiment.

**Ownership Increases:** Bullish. Both Ltd and De significantly increased their stakes in ANDE, showing confidence in the company’s prospects.

**Net Tilt:** Mixed signals with insider sales vs. positive stock performance and ownership increases. Overall, the bullish signals slightly outweigh the bearish ones."
2023-12-27,2,"**Ownership Increase:** Bullish. De increased its holdings in Andersons by 1,222.0%, indicating strong confidence in the stock.

**Revenue Miss:** Bearish. Andersons reported Q4 revenue of $3.64B, missing analyst estimates of $3.90B, a $260M shortfall.

**Net Tilt:** Mixed signals with significant ownership increase vs. revenue miss."
2023-12-28,2,"**Insider Sell:** CEO Patrick Bowe sold 16,562 shares (DIRECTION: Bearish). This indicates potential lack of confidence in near-term performance or strategic decisions.

**Stake Acquisition:** Same insider sale reported (DIRECTION: Bearish). No new information but reinforces bearish sentiment.

**NET TILT:** Bearish due to significant insider selling."
2023-12-29,2,"**Insider Activity:** Bullish signal mixed. **Bullish Evidence:** Lazard Asset Management LLC increased ownership, purchasing a new stake in Q4. **Bearish Evidence:** Director Michael J. Anderson sold 6,000 shares on Dec 26th. **Net Tilt:** Neutral to slightly bullish due to institutional buying outweighing insider sell.

**Ownership Changes:** Neutral to slightly positive with institutional support but cautious due to insider selling."
2023-12-30,2,"**Ownership Increase:** Millennium Management LLC increased its stake in ANDE by 822.0% in Q2, indicating strong institutional interest (Bullish).

**Stock Price:** ANDE opened at $57.54 on Friday with no significant change (Neutral).

**Net Tilt:** Bullish due to substantial institutional buying."
2023-12-31,5,"**Analyst Downgrade:** Com lowered Andersons' rating from ""buy"" to ""hold,"" indicating **bearish** sentiment (-0.58).

**Institutional Ownership Increase:** Blackrock, Dimensional Fund Advisors, and State Street increased their holdings in Q1, Q2, and Q3 respectively, signaling **bullish** investor confidence (+0.37 each).

**Stock Price:** Andersons opened at $57.54 on Friday, neutral.

**Net Tilt:** Bullish (+0.16)."
2024-01-03,11,"**Revenue Downbeat:** Q4 revenue missed estimates by $260M (-13.8%) to $3.64B, bearish.  
**Earnings Positive:** EPS beat at $0.50, bullish.  
**Institutional Ownership Mixed:** Federated Hermes and Acadian Asset Management increased holdings significantly, while another reduced position, net neutral.  
**Dividend Boost:** Previous quarterly dividend increased to $0.62, bullish.  
**Analyst Forecast:** EPS forecast for the current year is $2.92, neutral.  

**Net Tilt:** Neutral to Slightly Bullish."
2024-01-05,3,"**Analyst Action:** Com cut Andersons from ""buy"" to ""hold,"" downgrading the stock (bearish).

**Ownership Change:** Corp increased its stake in Andersons by 817.4% in Q4 (bullish).

**Price Movement:** Andersons stock traded down 0.4% (slightly bearish).

**Net Tilt:** Mixed signals with analyst downgrade vs. significant ownership increase; overall slightly bearish due to recent price decline and downgrade."
2024-01-08,13,"**Earnings & Revenue:** Bearish. Andersons reported EPS of $0.50, beating estimates but revenue fell 13.8% to $3.64B, missing forecasts by $260M (QoQ).

**Dividends:** Bullish. Quarterly dividend increased from $0.19 to $0.62.

**Ownership:** Mixed. Multiple institutions increased holdings, while CEO Patrick E. Bowe sold 4,406 shares.

**Price Action:** Bearish. Stock traded down 0.5%.

**Net Tilt:** Net bearish due to revenue miss and insider sell."
2024-01-09,7,"**Insider Activity:** Bearish; VP Brian K. Walz and Director Michael J. Anderson sold shares, indicating potential concerns about the stock’s future performance.

**Institutional Ownership:** Bullish; Vanguard Group Inc., Dimensional Fund Advisors LP, and State Street Corp. increased their positions, suggesting confidence in the company’s long-term prospects.

**Price Movement:** Bearish; the stock traded as low as $52.55 and closed at $52.83, reflecting downward pressure.

**Dividend Announcement:** Neutral; the company declared a quarterly dividend to be paid on January 22nd, providing some stability but no clear directional signal.

**Net Tilt:** Mixed signals with a slight lean towards bearish due to insider sales and price decline."
2024-01-10,4,"**Analyst Downgrade:** Com lowered Andersons' rating from ""Buy"" to ""Hold,"" citing concerns (bearish).

**Insider Sell:** Director Ross W. Manire sold 5,000 shares (bearish).

**Institutional Ownership:** Blackrock Inc. increased its stake by 2.2% in Q1 (bullish).

**Stock Performance:** Shares down 4.2% post-earnings (bearish).

**Net Tilt:** Bearish due to analyst downgrade and insider sell, offset slightly by institutional buying."
2024-01-13,8,"**Earnings:** Bullish. EPS of $0.50 vs. expected $0.61, missing but still positive.

**Analyst Action:** Bullish. StockNews.com upgraded ANDE.

**Insider Activity:** Bearish. CEO Patrick E. Bowe and Director Ross W. Manire sold shares.

**Institutional Ownership:** Bullish. Millennium Management LLC increased holdings by 822%, and Invesco Ltd. raised holdings by 35.6%.

**Revenue:** Bearish. Revenue of $3.64B missed expectations of $3.90B.

**Net Tilt:** Mixed signals with some bullish (upgrade, institutional buying) and bearish (missed EPS, revenue, insider sales)."
2024-01-18,4,"**Ownership Decrease:** Bearish — Strs Ohio reduced its stake in ANDE.

**Revenue Decline:** Bearish — Q4 revenue fell 13.8% YoY.

**Stock Performance:** Bearish — Shares opened at $51.65, down from previous close.

**Earnings Guidance:** Neutral — Analysts forecast EPS of $2.92 for the current year.

**Net Tilt:** Bearish due to ownership decrease, revenue decline, and stock performance."
2024-01-20,8,"**Ownership Increases:** Blackrock, Vanguard, Dimensional Fund Advisors, State Street, and Invesco increased their holdings in ANDE, indicating institutional bullishness (evidence: significant percentage increases).

**Revenue Miss:** ANDE reported Q4 revenue of $3.64B vs. estimates of $3.90B, missing expectations (bearish, evidence: revenue miss of $260M).

**Stock Performance:** ANDE stock rose 1.5%, despite the revenue miss (mixed signal, evidence: positive price movement amid negative earnings news).

**Net Tilt:** Mixed, with strong institutional buying offsetting revenue disappointment."
2024-01-21,6,"**Insider Activity:** Bearish; CEO Patrick E. Bowe and Director Ross W. Manire sold shares recently, indicating potential concerns about the stock’s future performance.

**Institutional Ownership:** Bullish; Raymond James, Bank of New York Mellon, and Citigroup all increased their stakes in ANDE, suggesting confidence in the company’s long-term prospects.

**Revenue Performance:** Bearish; Q4 revenue declined by 13.8% YoY, signaling weakening demand or operational challenges.

**Net Tilt:** Mixed signals with insider selling vs. institutional buying and revenue decline, but overall slightly bearish due to recent insider sales and revenue drop."
2024-01-22,5,"**Ownership Changes:** 
- Bullish: **Acadian Asset Management LLC** initiated a new position in ANDE in Q1.
- Bearish: **Bank of New York Mellon Corp** sold 14,420 shares in Q2.
- Bullish: **Ltd** increased its stake in ANDE by 126.4% in Q2.

**Earnings Estimate:**
- Neutral: Analysts predict EPS of 2.92 for the current year.

**Net Tilt:** Mixed signals with slight bullish bias due to significant stake increases."
2024-01-24,4,"**Insider Activity:** VP Brian K. Walz sold 2,606 shares (bearish). **Ownership Changes:** Allspring Global Investments and Cambridge Investment Research Advisors increased their stakes (bullish). **Stock Price:** Opened at $52.07 (neutral).

**Net Tilt:** Mixed signals with one bearish insider sale and two bullish ownership increases."
2024-01-25,7,"**Earnings:** Bullish; The Andersons reported EPS of $0.50, beating the expected $0.61.

**Revenue:** Bearish; Revenue declined 13.8% YoY.

**Insider Activity:** Bearish; Director Ross W. Manire sold 5,000 shares.

**Institutional Ownership:** Mixed; Federated Hermes Inc., Corp, and Acadian Asset Management LLC increased holdings significantly, while one institution lifted its position modestly. Net tilt is slightly bullish due to substantial increases by major investors.

**Net Tilt:** Mixed, with significant bearish signals from revenue and insider selling offset by strong institutional buying interest."
2024-01-26,9,"**Insider Activity:** Bearish; CEO Patrick E. Bowe and Director Michael J. Anderson sold shares (4,406 and 3,000 respectively). **Institutional Ownership:** Bullish; Raymond James, BNY Mellon, Citigroup, and Versor increased holdings. **Sell-Side Activity:** Neutral; analysts predict EPS of 2.92 for the current year. **Price Movement:** Bullish; stock up 0.5%. **Net Tilt:** Mixed signals with slight bullish bias due to institutional buying and positive price movement."
2024-01-27,2,"Insider sell: VP Brian K. Walz sold 2,606 shares (bearish). Texas increased its position by 14.5% in Q3 (bullish). **Net tilt:** Mixed signals; insider sell is bearish but institutional increase is bullish."
2024-01-28,2,"**Ownership Increase:** Bullish. Millennium Management LLC increased holdings in ANDE by 822.0% in Q2, while Invesco Ltd. increased holdings by 35.6% in Q1. Institutional support suggests confidence in the stock’s future performance.

**Net Tilt:** Bullish."
2024-01-29,2,"**Earnings Release:** ANDE is scheduled to release Q4 and FY2023 results on Feb 20 post-market. No guidance or earnings surprise details available yet. **Neutral** until further data.

No other trading-relevant signals provided in today’s headlines."
2024-02-01,4,"**Ownership Increase:** Texas boosted its stake in ANDE by 13.6%, indicating institutional interest (Bullish).

**Revenue Decline:** Q4 revenue dropped 13.8% YoY, signaling weakening demand (Bearish).

**Analyst Estimates:** Analysts expect EPS of 2.92 for the current year, showing cautious optimism (Neutral).

**Net Tilt:** Mixed signals with institutional support but revenue decline; overall slightly Bearish due to revenue drop."
2024-02-02,7,"**Insider Activity:** Bearish; Director Ross W. Manire sold 5,000 shares, and CEO Patrick E. Bowe sold 10,040 shares.

**Institutional Ownership:** Bullish; Ltd increased position by 126.4%, Federated Hermes Inc. by 762.0%, Acadian Asset Management LLC acquired a new position, and Corp increased holdings by 817.4%. However, Victory Capital Management Inc. reduced its position.

**Net Tilt:** Mixed signals with significant insider selling but strong institutional buying."
2024-02-03,4,"**Ownership Increase:** Millennium Management LLC increased its position in ANDE by 822.0%, while Invesco Ltd. raised its stake by 35.6%. **Bullish** on institutional support.

**Price Movement:** ANDE traded down 1.3%. **Bearish** on short-term sentiment.

**Holdings Update:** Raymond James & Associates has holdings worth $476,000 in ANDE. **Neutral** on current analyst positioning.

**Net Tilt:** Mixed signals with strong institutional buying but recent price weakness."
2024-02-04,1,"**Ownership Decrease:** Principal Financial Group Inc. sold shares of ANDE, reducing ownership by 0.34%. **Bearish** as institutional selling can signal reduced confidence in the stock.

**Net Tilt:** Bearish due to significant institutional selling."
2024-02-05,3,"**Insider Activity:** Bearish - VP Brian K. Walz sold 2,606 shares on Dec 1, indicating potential insider concerns.

**Institutional Ownership:** Bullish - Bank increased holdings by 1.0% in Q2, suggesting institutional confidence.

**Stock Performance:** Bearish - Stock opened at $52.29 on Monday, down 0.11%.

**Net Tilt:** Mixed signals with slight lean towards bearish due to insider sell and stock loss."
2024-02-08,16,"**Earnings Estimate Upgrade:** Roth Capital upgraded FY2023 EPS estimates (bullish).

**Revenue Decline:** Revenue down 13.8% YoY (bearish).

**CEO Insider Sell:** CEO Patrick E. Bowe sold 10,040 shares (bearish).

**Institutional Ownership Increase:** Multiple institutions increased stakes (bullish): Federated Hermes (+762%), Texas (+13.6%), Dimensional Fund Advisors (+1.7%), Blackrock (+2.2%), Vanguard (+1.2%), State Street (+1.2%).

**Consensus Estimates:** FY2023 EPS consensus at $2.92; Q1 2024 EPS estimated at $0.45.

**Rating Reaffirmed:** Roth Capital reaffirmed neutral rating (neutral).

**Net Tilt:** Mixed signals; slight bullish bias due to institutional buying and EPS upgrade, offset by revenue decline and insider sell."
2024-02-10,2,"**Ownership Changes:**  
- **Bullish:** Llc increased its stake in ANDE by 13.5% in Q3, indicating confidence.  
- **Bearish:** New York Life Investment Management LLC sold shares, reducing its position slightly.  
**Net Tilt:** Mixed signals suggest cautious optimism."
2024-02-11,6,"Institutional ownership in ANDE has increased significantly across multiple quarters, with notable boosts from Inc. (+9.4% Q2), Lazard Asset Management LLC (+11.6% Q3), Fze (new stake Q4), and Captrust Financial Advisors (+44.5% Q1). This indicates strong institutional confidence (Bullish). ANDE is scheduled to release quarterly earnings on Monday, providing potential catalysts for price movement. The stock opened at $52.25 on Friday. (Net Tilt: Bullish)"
2024-02-13,11,"**Insider Activity:** Bearish; Director Ross W. Manire and CEO Patrick E. Bowe sold shares (5,000 and 10,525 respectively).

**Ownership Changes:** Bullish; multiple firms increased stakes: Corp (+817.4%), Acadian Asset Management (+new position), Fmr LLC (+30.3%), Ltd (+126.4%), Federated Hermes Inc. (+762.0%).

**Stock Performance:** Bullish; Andersons stock up 3.4%.

**Analyst Ratings:** Neutral; Roth Capital maintained ""buy"" with $65.00 target.

**Earnings Estimate:** Neutral; analysts expect EPS of $1.11 for the quarter.

**Dividend Announcement:** Neutral; The firm announced a quarterly dividend."
2024-02-15,1,"**Dividend Announcement:** The Andersons, Inc. (NASDAQ:ANDE) has declared a second quarter 2024 cash dividend of 19 cents per share. **Direction:** Neutral to Bullish. Evidence: Dividends indicate financial stability and shareholder-friendly policies, potentially attracting income-focused investors. However, the modest increase compared to previous dividends may suggest cautious management regarding capital allocation.

**Net Tilt:** Neutral to Slightly Bullish."
2024-02-16,4,"**Earnings Below Expectations:** Andersons reported earnings of $0.74, missing the consensus estimate (bearish). Revenues and earnings saw year-over-year declines (bearish).

**Share Performance:** Shares have gained 22.6% YTD (bullish).

**Dividend:** Declared a $0.19 dividend (neutral).

**Net Tilt:** Mixed signals with earnings miss and revenue decline vs. share price gains. Net tilt slightly bearish due to earnings shortfall and revenue decline."
2024-02-17,10,"**Trading Signal Summary for ANDE (2024-02-17):**

- **Bearish:** VP Brian K. Walz and CEO Patrick E. Bowe sold shares (2,606 and 10,040 respectively).
- **Bullish:** Andersons raised dividends by 2.1% annually over three years.
- **Neutral:** Analysts expect EPS of $2.21.
- **Bullish:** Institutional investors increased holdings: Blackrock (+2.2%), Vanguard (+2.1%), State Street (+1.2%), Invesco (+35.6%), and Geode Capital (+3.7%).

**Net Tilt:** Mixed, but slightly **Bullish** due to dividend hikes and significant institutional buying."
2024-02-18,11,"**Ownership Trends:** Bullish. Major investors like Panagora Asset Management, Federated Hermes, Lazard Asset Management, and Acadian Asset Management significantly increased their stakes in ANDE, with notable increases of 54%, 126.4%, 762%, and new positions respectively. However, Amalgamated Bank reduced its holdings.

**Analyst Actions:** Neutral. Roth Capital maintained a ""buy"" rating but lowered the price target to $65.00.

**Price Movement:** Bearish. ANDE traded down 0.6% today, opening at $54.23 on Friday.

**Net Tilt:** Mixed signals from ownership trends and analyst actions contrast with recent price movement, indicating a cautious stance."
2024-02-20,16,"**Earnings Beat:** Q4 adjusted EPS $1.59 vs. $0.99 estimate (bullish). **Revenue Miss:** Q4 sales $3.21B vs. $4.26B estimate (bearish). **Record EBITDA:** Q4 EBITDA $131M (bullish). **Buybacks:** Company repurchasing common stock (bullish). **Insider Sell:** Director Michael J. Anderson sold 3,000 shares (bearish). **Investment Focus:** Recent investments in ingredients (bullish). **Stake Increase:** Llc increased stake by 13.5% (bullish). **New Stake:** Charles Schwab bought 21,895 shares (bullish).

**Net Tilt:** Bullish, with strong earnings beat and record EBITDA offsetting revenue miss and insider sell."
2024-02-21,30,"**Earnings Beat:** Andersons reported Q4 EPS of $0.98, beating expectations by $0.48, with FY2023 EPS of $3.44 vs. consensus $2.84. Q4 EBITDA was $131.17M vs. $78.67M, and pre-tax profit rose to $63.00M from $43.60M. However, revenue fell to $3.21B from $4.68B.

**Dividends and Ownership:** Q4 dividend up to $0.185 from $0.18; FY2023 dividend up to $0.74 from $0.72. Multiple institutional investors increased holdings.

**Insider Activity:** Negative sentiment as VP Brian K. Walz and CEO Patrick E. Bowe sold shares.

**Analyst Action:** Roth Capital maintained a ""buy"" rating with a $65.00 target price.

**Net Tilt:** Bullish on earnings and dividends; bearish on insider sales and revenue decline."
2024-02-22,11,"**Earnings & Revenue:** Bullish on EPS ($0.70 vs. expectations), record Q4 earnings; Bearish on revenue (-31.3% QoQ).  
**Dividends & Ownership:** Bullish on dividend hike (28 consecutive years); Bearish on institutional sell-off.  
**Analyst Action:** Bullish on PT upgrade to $70 from Roth/MKM.  
**Catalysts:** None significant.  
**Net Tilt:** Mixed, but slightly Bullish due to strong EPS beat and consistent dividend growth."
2024-02-23,7,"**Earnings Beat:** Bullish. The Andersons beat earnings expectations, indicating stronger-than-anticipated performance.

**Institutional Ownership Increase:** Bullish. Both Federated Hermes Inc. and another major investor significantly increased their stakes in ANDE, suggesting confidence in the stock.

**Stock Price Movement:** Bearish. ANDE traded as low as $51.30 and closed at $51.45, down from an open of $52.04.

**Analyst Predictions:** Neutral. Analysts predict EPS of 2.21 for the current fiscal year, with no change in guidance.

**Net Tilt:** Mixed signals but slightly bullish due to earnings beat and significant institutional buying."
2024-02-24,5,"**Insider Activity & Ownership Changes:**
- **Bearish:** Michael J. Anderson, insider, sold 3,000 shares on Dec 13.
- **Bullish:** Millennium Management LLC increased stake by 822% in Q2.
- **Bullish:** Invesco Ltd. increased stake by 35.6% in Q1.
- **Bullish:** BlackRock Inc. increased stake by 2.2% in Q1.
- **Neutral:** Nordea Investment Management AB holds $1.98M position.

**Net Tilt:** Mixed signals with one bearish insider sale and multiple bullish institutional increases."
2024-02-25,5,"**Insider Sell:** CEO Patrick E. Bowe sold 34,597 shares (bearish).

**Revenue Decline:** QoQ revenue down 31.3% (bearish).

**Ownership Increase:** Ltd increased holdings by 126.4% (bullish). Lp initiated a new stake (bullish).

**Analyst Rating:** Roth Capital maintained ""buy"" with $65.00 PT (bullish).

**Net Tilt:** Mixed signals; insider sell and revenue decline are bearish, while ownership increase and analyst rating are bullish."
2024-02-26,9,"**Earnings Estimate Downgrade:** Roth Capital downgraded Q1 2024 EPS estimates, bearish.  
**Institutional Ownership Increases:** Multiple institutions (Raymond James, BNY Mellon, Cambridge, Citigroup, Vanguard, DFA, State Street) increased holdings, bullish.  
**Consensus Estimate:** Full-year EPS consensus remains at $3.13, neutral.  
**Net Tilt:** Mixed signals; institutional buying supports stock despite earnings downgrade."
2024-02-27,2,"**Ownership Increase:** Raymond James Financial Services Advisors Inc. increased holdings in ANDE by 2.2% in Q2, while LLC boosted holdings by 2.7% in Q3. **Bullish** on investor confidence and potential for future growth.

**Net Tilt:** Bullish due to increased institutional ownership."
2024-02-29,6,"**Insider Activity & Ownership Changes:** Bearish - CEO Patrick Bowe sold 10,040 shares, while Texas boosted its holdings by 14.5%.  
**Stock Performance:** Bullish - Shares opened at $54.63.  
**Analyst Ratings:** Bullish - Roth Capital reissued a ""buy"" rating with a $65.00 price target.  
**Earnings Estimate:** Neutral - Analysts expect EPS of 3.13 for the current fiscal year.  
**Net Tilt:** Mixed signals but slightly bullish due to recent analyst upgrade and higher price target."
2024-03-03,10,"**Insider Activity:** CEO Patrick E. Bowe sold 34,597 shares (bearish). **Institutional Ownership:** UBS, Acadian Asset Management, and others significantly increased stakes (bullish); Citigroup cut position (bearish). **Price Action:** Stock up 0.3% (bullish). **Analyst Ratings:** Roth Capital maintained ""buy"" with $65 PT (bullish). **Earnings Estimate:** Analysts predict FY EPS of 3.13 (neutral). **Net Tilt:** Mixed signals; slight bullish bias due to increased institutional interest and positive analyst coverage."
2024-03-04,9,"**Revenue Down, Institutional Ownership Up:**  
- **Bearish:** Q4 revenue down 31.3% YoY.
- **Bullish:** Multiple institutions increased stakes: Captrust (+10.0%), UBS, Raymond James ($515k new stake), BNY Mellon (+5.0%), Cambridge (+24.0%), Citigroup (+9.7%).

**Net Tilt:** Mixed signals; significant institutional buying suggests potential support despite revenue decline."
2024-03-07,15,"**Insider Activity:** Bearish. CEO Patrick E. Bowe and Director Michael J. Anderson sold shares, indicating potential concerns.

**Revenue Performance:** Bearish. Q4 revenue of $3.21B missed consensus by $1.05B.

**Institutional Ownership:** Mixed. Multiple firms increased holdings (Federated Hermes, Acadian Asset Management, Lazard Asset Management), while others reduced (Northern Trust).

**Analyst Ratings:** Neutral. Roth Capital maintained a ""buy"" rating with a $65.00 target price.

**EPS Guidance:** Neutral. Analysts expect FY EPS of 3.13.

**Net Tilt:** Bearish due to insider sales and revenue miss, offset slightly by increased institutional interest."
2024-03-12,6,"**Insider Sell:** CEO Patrick E. Bowe sold 2,623 shares (bearish).

**Revenue Decline:** Q4 revenue down 31.3% YoY (bearish).

**Ownership Increase:** Nordea Investment Management AB increased stake by 1.9% in Q3 (bullish). Bank increased holdings by 1.0% in Q2 (bullish).

**Analyst Rating:** Roth Capital maintained ""buy"" with $65.00 PT (neutral).

**Earnings Estimate:** Analysts predict EPS of 3.13 for FY (neutral).

**Net Tilt:** Mixed signals; revenue decline and insider sell are bearish, while ownership increases are bullish. Overall, slightly bearish due to significant revenue drop and insider activity."
2024-03-13,3,"**Revenue Miss:** Bullish signal muted; ANDE reported Q4 revenue of $3.21B vs. analyst estimates of $4.26B, missing by $1.05B (24.67%).  
**Ownership Increase:** Bullish; Llc increased its stake by 2.7%, holding $1.33M in ANDE.  

**Net Tilt:** Mixed, with significant revenue miss but positive ownership action."
2024-03-14,4,"**Insider and Institutional Selling:** Bullish signal weakened by insider and institutional selling. Director Michael J. Anderson sold 3,000 shares, and Jacobs Levy Equity Management Inc. sold 105,418 shares, indicating potential concerns about near-term performance.

**Dividend Announcement:** Neutral. Andersons announced a dividend payout of $0.19 per share, providing some support to shareholders but not directly impacting stock price movement.

**Net Tilt:** Bearish due to significant insider and institutional selling."
2024-03-21,13,"**Insider Activity:** CEO Patrick E. Bowe sold 6,037 shares (Bearish).

**Institutional Ownership:** Multiple institutions increased holdings: Corp (+0.7%), Vanguard (+1.2%), American Century (+68.2%), Deutsche Bank (+6.2%), Comerica Bank (+$751k), Morgan Stanley (+13.3%), Goldman Sachs (+11.5%) (Bullish).

**Price Action:** Stock up 0.4% (Bullish).

**Earnings Estimate:** Analysts predict EPS of 3.89 for FY (Neutral).

**Dividend Announcement:** Quarterly dividend to be paid on April 22nd (Bullish).

**Net Tilt:** Bullish due to significant institutional buying despite insider sell."
2024-03-24,9,"**Insider Activity:** CEO sold $73,750.56 in stock (bearish). **Institutional Ownership:** Federated Hermes, Lazard Asset Management, Raymond James, BNY Mellon, Cambridge Investment Research, and Citigroup increased holdings (bullish). **Earnings Estimate:** Analysts expect EPS of 2.54 for the current year (neutral). **Stock Price:** Opened at $56.02 (neutral). **Net Tilt:** Mixed signals with significant institutional buying offsetting insider sell."
2024-03-25,5,"**Insider Activity:** Bearish; CEO Patrick E. Bowe and Director Michael J. Anderson both sold shares recently (Bowe sold 1,338 shares, Anderson sold 6,000 shares).

**Ownership Changes:** Bullish; Inc. increased its stake by 9.4% in Q2, and Nordea Investment Management AB acquired 10,943 shares.

**Net Tilt:** Mixed signals from insider activity vs. institutional buying, but overall slightly bullish due to new institutional investment.

**Price Action:** Neutral; ANDE opened at $56.02 on Monday with no significant price movement."
2024-03-26,6,"**Bullish Signals:**
- **Price Target Upgrade:** Lake Street Capital Markets raised ANDE’s price target to $70.
- **Increased Ownership:** Multiple institutions increased their stakes: Inc. by 64.5%, Nordea Investment Management AB by 1.9%, and another bank by 1.0%.
- **Stock Performance:** ANDE stock gained 1.1%.
- **New Acquirer:** Pacer Advisors Inc. acquired shares.

**Net Tilt:** Bullish. Institutions’ increased ownership and a price target upgrade indicate positive sentiment."
2024-03-27,5,"**Dividends:** Bullish. Andersons increased its quarterly dividend to $0.19, continuing a trend of raising dividends by 2.1% annually over the past three years.

**Ownership Increases:** Bullish. Captrust Financial Advisors increased its stake by 10.0%, while Trc boosted its position by 60.6%.

**Earnings Guidance:** Neutral. Analysts predict EPS of 2.54 for the current year, providing stable expectations without significant change.

**Net Tilt:** Bullish. Ownership increases and consistent dividend hikes indicate investor confidence."
2024-03-28,4,"Ownership trends mixed: Federated Hermes Inc. significantly increased its stake by 762.0%, indicating bullish sentiment (Bullish). However, Ohio sold 7,415 shares, showing bearish activity (Bearish). Analysts predict EPS of $2.54 for the current fiscal year, maintaining neutral guidance (Neutral). Net tilt: Mixed signals with slight bias towards Bullish due to significant stake increase by a major investor."
2024-03-31,4,"**Andersons (ANDE)**

- **Bullish**: Roth Capital upgraded ANDE to ""buy"" with a new $65.00 price target, up from previous.
- **Bullish**: Vanguard Group Inc. acquired 47,494 shares, indicating institutional interest.
- **Neutral**: Stock opened flat at $57.37 after gaining 0.4% previously.

**Net Tilt:** Bullish

Traders should consider these signals before deciding to BUY or HOLD."
2024-04-04,2,"**Facility Expansion:** Bullish. The Andersons is opening a new distribution center and building another in Carroll County, enhancing logistics capabilities and potentially boosting efficiency and capacity.

**Net Tilt:** Bullish. Enhanced infrastructure supports operational improvements and growth."
2024-04-10,5,"**CEO Insider Sell:** CEO Patrick E. Bowe sold 1,338 shares (bearish).

**Revenue Miss:** Q1 revenue of $3.21B vs. $4.26B estimate (bearish).

**Institutional Buy-Increase:** Citigroup increased holdings by 9.7% (bullish).

**EPS Guidance:** Analysts expect 2.54 EPS for the year (neutral).

**Net Tilt:** Mixed signals with significant bearish indicators outweighing the single bullish signal."
2024-04-15,7,"**Revenue Down, Ownership Mixed:** Andersons reported Q4 revenue down 31.3% YOY. Institutional ownership saw significant increases with Federated Hermes up 762% and Acadian Asset Management entering as new holders. However, New York State Teachers Retirement System sold 4,658 shares. **Net Direction:** Bearish on revenue but mixed on ownership.

**Earnings Guidance:** Analysts predict EPS of $2.54 for FY 2024. **Direction:** Neutral on guidance."
2024-04-16,3,"**Insider Activity:** CEO Patrick E. Bowe sold 1,338 shares (bearish). **Stake Acquisition:** Inc. purchased 222 shares (bullish).

**Stock Performance:** ANDE stock down 0.2% (bearish).

**Net Tilt:** Bearish due to insider sell outweighing stake acquisition."
2024-04-18,11,"**Revenue Below Expectations:** Bullish signal muted; ANDE reported Q3 revenue of $3.21B vs. estimates of $4.26B.

**Institutional Ownership Growth:** Bullish; Vanguard, State Street, Charles Schwab, Millennium Management, Invesco, American Century, and BlackRock increased stakes.

**Raymond James Decrease:** Bearish; Raymond James Financial Services Advisors sold 1,456 shares.

**Net Tilt:** Bullish due to significant institutional buying outweighing Raymond James' reduction."
2024-04-19,2,"**Ownership Increase:** Nordea Investment Management AB increased its stake in ANDE by 28.5% in Q4, indicating **bullish** sentiment (evidence: significant stake increase).

**Earnings Estimate:** Analysts forecast ANDE to report EPS of $2.54 for the current year, suggesting **neutral** to **slightly bullish** expectations (evidence: positive but modest estimate).

**Net Tilt:** Slightly Bullish (ownership increase outweighs neutral earnings estimate)."
2024-04-22,5,"**Insider Activity:** Bearish; CEO Patrick E. Bowe sold 34,597 shares (Feb 21).

**Ownership Changes:** Bullish; Llc increased stake by 65.8% in Q1, Mitsubishi UFJ Trust & Banking Corp initiated a new position in Q3.

**Price Performance:** Bullish; ANDE reached a new 12-month high of $59.15.

**Earnings Forecast:** Neutral; analysts predict FY EPS of 2.54.

**Net Tilt:** Mixed signals with slight bullish bias due to ownership increases and price performance."
2024-04-23,2,"**Earnings Release:** The Andersons, Inc. (ANDE) is scheduled to release Q1 2024 financial results after 4 p.m. ET on May 7. No specific guidance or earnings beat/miss details provided yet. **Neutral** until further data.

**Analyst Actions:** No analyst upgrades, downgrades, or changes in price targets reported. **Neutral**.

**Catalysts & Events:** Upcoming earnings release on May 7 could provide significant directional cues for traders. **Neutral** until earnings details emerge."
2024-04-24,9,"**Ownership Trends:** Bullish - Institutional investors like Vanguard and Allspring increased their stakes significantly (Vanguard +1.2%, Allspring +111.6%). However, insider selling by Michael J. Anderson is bearish.

**Analyst Ratings:** Bullish - Roth Capital maintained a ""buy"" rating with a $65.00 target price.

**Price Movement:** Bearish - Shares fell 3.8% and then dropped further by 5.4%.

**Dividends:** Neutral - The company announced a quarterly dividend, maintaining regular payouts.

**Net Tilt:** Mixed signals with significant institutional buying offset by insider selling and recent stock declines."
2024-04-25,10,"**Revenue Down, Institutional Ownership Mixed:**
- **Bearish:** Q4 revenue down 31.3%, EPS -0.48.
- **Bullish:** Multiple institutions increased holdings: American Century (+68.2%), Panagora (+54.0%), Mirae Asset, Nomura, Acadian (+491.8%), Td Asset Management (+89.9%).
- **Bearish:** Some institutions reduced holdings: Strs Ohio, Llc (-48.4%).
- **Bearish:** Stock traded as low as $56.94, closed at $57.14.

**Net Tilt:** Bearish due to revenue decline and mixed ownership signals."
2024-04-26,2,"**Insider Sell:** CEO Patrick E. Bowe sold 3,387 shares on April 22nd, indicating **bearish** sentiment.

**Stock Price:** Shares opened at $56.60 on Friday, showing no change from the previous day, suggesting **neutral** market reaction.

**Net Tilt:** Bearish due to insider sell, but neutral price movement indicates mixed signals."
2024-04-27,2,"**Ownership Increase:** Bullish. Mitsubishi UFJ Trust & Banking Corp acquired a new position in ANDE during Q3, indicating institutional confidence.

**Stock Price:** Neutral. Shares opened at $56.91 on Friday, showing no significant movement compared to previous days.

**Net Tilt:** Slightly Bullish due to institutional buying."
2024-04-28,4,"**Insider Activity:** Michael J. Anderson sold 3,000 shares (Bearish). **Institutional Ownership:** Nomura Holdings and Mackenzie Financial each acquired new stakes ($216k and $215k respectively) (Bullish). Llc also acquired 19,385 shares (Bullish). **Net Tilt:** Bullish due to multiple institutions acquiring shares despite insider sale."
2024-04-30,5,"**Ownership Increase:** Bullish. Inc. and Acadian Asset Management LLC increased their stakes in ANDE, with Acadian raising its position by 491.8%. Additionally, Mackenzie Financial Corp purchased 3,731 shares.

**Stock Performance:** Neutral. ANDE opened at $57.27 on Tuesday, showing no significant directional movement.

**Earnings Estimate:** Neutral. Analysts predict EPS of $2.54 for the current fiscal year.

**Net Tilt:** Bullish. Multiple institutional investors increasing their stakes suggests confidence in ANDE’s future performance."
2024-05-04,10,"**Insider Sell:** CEO Patrick E. Bowe sold 3,387 shares (Bearish).

**Revenue Miss:** Q1 revenue of $3.21B vs. expectations of $4.26B (Bearish).

**Institutional Buying:** Multiple institutions increased holdings: Allspring (+111.6%), American Century (+68.2%), Panagora (+54.0%), Vanguard (+1.2%), and P (+0.4%) (Bullish).

**Analyst Estimates:** EPS forecast for FY24 is $2.54 (Neutral).

**Stock Price:** Opened at $56.51 on Friday (Neutral).

**Net Tilt:** Bearish due to insider sell and revenue miss, offset slightly by institutional buying."
2024-05-05,6,"**Ownership Increases:** Bullish. Mitsubishi UFJ Trust & Banking Corp, Nomura Holdings Inc., and Summit Global Investments all acquired new positions in ANDE, indicating institutional interest.

**Earnings Announcement:** Neutral. ANDE is set to release quarterly earnings on Tuesday, providing potential catalysts for price movement.

**Dividend Announcement:** Neutral. ANDE recently announced a quarterly dividend, which may attract income-focused investors but has no immediate directional impact.

**Net Tilt:** Bullish due to multiple ownership increases."
2024-05-07,13,"**Earnings:** Q1 Adj EPS $0.16 vs. $0.23 estimate (bearish). Q1 reported EPS $0.16 vs. $0.22.50 estimate (bearish).

**Revenue:** Q1 sales $2.72B vs. $3.88B prior year (bearish). Missed consensus $3.46B by 21.45% (bearish).

**Profitability:** Q1 pre-tax profit $12.10M vs. -$65M prior year (bullish). Adjusted EBITDA $24M (neutral). Adjusted EBITDA down to $52.90M from $55.28M (slightly bearish).

**Dividends:** Q1 dividend $0.19/share vs. $0.185 (slightly bullish).

**Stock:** Shares trading lower post-earnings (bearish).

**Net Tilt:** Bearish due to revenue miss and EPS shortfall despite improved profitability."
2024-05-08,2,"**Capital Expenditure Increase:** Bullish. Q1 CapEx rose to $26.78M from $25.47M, indicating investment in growth.

**Earnings Call:** Neutral. Conference call held but no specific trading signals provided.

**Net Tilt:** Slightly Bullish due to increased CapEx."
2024-05-09,17,"**Dividends & Earnings:** Bullish. The Andersons raised its dividend for 29 consecutive years and reported Q1 net income of $6M ($0.16 EPS), beating expectations with $0.20 EPS.

**Revenue:** Bearish. Revenue fell 30% YoY.

**Insider Activity:** Bearish. CEO Patrick E. Bowe sold 2,623 shares.

**Institutional Ownership:** Mixed. Victory Capital reduced holdings but Llc, Vanguard, Inc., and Nomura increased stakes.

**Analyst Ratings:** Neutral. Roth Capital maintained a ""buy"" rating with a $65 target price.

**Stock Price:** Bearish. Shares closed at $52.68, down from open of $51.45."
2024-05-10,2,"**Analyst Downgrade:** Com downgraded Andersons from ""buy"" to ""hold,"" citing concerns (bearish).

**Ownership Increase:** Llc increased its stake by 65.8% in Q1, indicating confidence (bullish).

**Net Tilt:** Mixed signals with analyst downgrade vs. significant ownership increase."
2024-05-11,3,"**Earnings Below Expectations:** Andersons (NASDAQ:ANDE) reported EPS of $0.74, missing expectations by $0.07, bearish. **Stock Performance:** Despite the miss, ANDE stock gained 1.0%, bullish. **Net Tilt:** Mixed signals suggest caution; further analysis needed before making a decision.

**Direction:** Mixed  
**Evidence:** EPS miss ($0.07 below expectations) vs. stock gain (1.0%)."
2024-05-12,9,"**Analyst Ratings:** StockNews.com downgraded ANDE to Hold (bearish). Roth Capital maintained Buy with a $65.00 target (bullish).

**Revenue:** Q4 revenue declined 30.0% (bearish).

**Ownership Changes:** Llc significantly increased holdings (+8,577.4%), Vanguard (+1.2%), Dimensional Fund Advisors (+1.7%), and American Century Companies (+68.2%) (bullish). One fund trimmed position (bearish).

**Earnings Estimate:** FY EPS expected at 2.54 (neutral).

**Net Tilt:** Mixed signals; overall slightly bearish due to revenue decline and downgrade."
2024-05-13,4,"**Ownership Increase:** Bullish. Inc. increased its position by 64.5% in Q4, and Panagora Asset Management Inc. boosted holdings by 54.0% in Q3.

**Upcoming Presentation:** Neutral. The company will present at the BMO Capital Markets Global Farm to Market Conference on May 15, 2024.

**Net Tilt:** Bullish. Ownership increases indicate institutional confidence despite no clear earnings or financial data provided."
2024-05-15,8,"**Insider Activity:** Bearish; CEO Patrick E. Bowe sold 2,623 shares (insider sell).

**Revenue Performance:** Bearish; QTR revenue of $2.72B missed estimates of $3.46B.

**Institutional Ownership:** Mixed; American Century Companies Inc. increased holdings by 68.2%, while Vanguard Group Inc. increased by 1.2%. Management reduced its stake.

**Stock Movement:** Bullish; ANDE stock up 0.7%.

**Earnings Guidance:** Neutral; analysts predict EPS of 2.54 for the current year.

**Net Tilt:** Bearish due to insider sell, revenue miss, and management stake reduction, offset slightly by institutional buying and minor stock gain."
2024-05-17,10,"**Analyst Ratings:** Com lowered Andersons from ""buy"" to ""hold,"" bearish. Roth Capital maintained ""buy"" with a $65.00 PT, neutral.

**Revenue:** Qtrly revenue down 30.0%, very bearish.

**Ownership Changes:** Nomura, Mackenzie, Dimensional Fund Advisors, and Mitsubishi UFJ added positions, bullish. Truist Financial sold shares, bearish. Net tilt slightly bullish due to multiple new buys.

**Price Action:** Stock opened at $52.46, neutral."
2024-05-18,1,"**Ownership Decrease:** Panagora Asset Management Inc. reduced its stake in ANDE by 3.7% in Q4. **Direction:** Bearish. Evidence: Institutional investor trimming positions suggests decreased confidence in the stock.

NET Tilt: Bearish."
2024-05-20,7,"**Revenue Downbeat:** Revenue fell 30.0% to $2.72B, missing estimates of $3.46B (bearish). **Insider Sell:** CEO Patrick E. Bowe sold 1,338 shares (bearish). **Institutional Buys:** Allspring Global Investments and Vanguard increased holdings by 111.6% and 1.2%, respectively (bullish). **EPS Guidance:** Analysts expect EPS of 2.54 for FY (neutral). **Net Tilt:** Mixed signals with significant bearish indicators outweighing bullish institutional support."
2024-05-21,6,"**Earnings:** Bullish; EPS of $0.20 vs. expected $0.61, missing significantly.  
**Analyst Action:** Bearish; Com downgraded from ""Buy"" to ""Hold.""  
**Ownership Changes:** Mixed; Nc increased holdings by 3.8%, Mackenzie Financial Corp acquired a new stake worth $215k, Ltd. purchased 1,335 shares.  
**Price Movement:** Bearish; stock down 0.8%.  
**Net Tilt:** Bearish due to earnings miss and downgrade, despite some positive ownership activity."
2024-05-27,3,"**Analyst Ratings:** Stocknews.com downgraded ANDE from ""buy"" to ""hold,"" indicating **bearish** sentiment (-0.58).

**Ownership Changes:**
- Llc increased holdings by 13.5% in Q3, showing **bullish** support (+0.37).
- Principal Financial Group reduced position by 2.7% in Q4, signaling **bearish** sentiment (-0.34).

**Net Tilt:** Bearish due to analyst downgrade and net reduction in institutional holdings.

NET TILT: SELL"
2024-05-29,5,"**Ownership Changes:** Bullish - Mitsubishi UFJ Trust & Banking Corp, Mackenzie Financial Corp, and Nomura Holdings Inc. each acquired new positions in ANDE, totaling over $538k. Bearish - Markets sold 44,154 shares.

**Revenue:** Neutral - The Andersons reported Q revenue of $2.72 billion, inline with expectations.

**Net Tilt:** Mixed signals from ownership changes, but overall slightly bullish due to significant new investments. Revenue data neutral."
2024-06-06,10,"**Net Tilt: Bearish**

- **Analyst Downgrade**: Stocknews.com downgraded ANDE from ""buy"" to ""hold"" (bearish).
- **Ownership Changes**: 
  - Bullish: American Century Companies Inc., Vanguard Group Inc. increased holdings.
  - Bearish: Franklin Resources Inc. reduced stake by 2.4% (Q4).
- **Revenue**: Q revenue $2.72B (neutral).
- **EPS Guidance**: Analysts predict EPS of $2.54 for the year (neutral).
- **Catalyst**: Signed LOI to purchase interest in Skyland Grain (bullish).

**Net Signal**: Mixed signals with a slight bearish tilt due to the analyst downgrade and significant stake reduction."
2024-06-07,3,"**Acquisition:** Andersons signed a LOI to acquire Skyland Interest (bullish).  
**Earnings:** Q1 2024 EPS of 16 cents beat expectations (bullish).  
**Share Performance:** Shares up 18% YTD (bullish).

NET TILT: Bullish."
2024-06-08,4,"**Insider Activity & Ownership Changes:**  
- **Bearish:** CEO Patrick E. Bowe sold 3,387 shares on April 22nd. (Evidence: Insider sell)
- **Bullish:** Dimensional Fund Advisors LP increased holdings by 1.7% in Q4. (Evidence: Ownership increase)
- **Bullish:** Quantedge Capital Pte Ltd acquired 4,800 shares. (Evidence: Stake acquisition)

**Stock Performance:**  
- **Bearish:** ANDE stock down 0.9%. (Evidence: Stock loss)

**Net Tilt:** Mixed signals with slight net bearish bias due to insider sell and recent stock decline."
2024-06-09,4,"**Ownership Increases:** Bullish. Td Asset Management Inc. increased its stake by 18.4% in Q4. Additionally, Mitsubishi UFJ Trust & Banking Corp., Mackenzie Financial Corp., and Nomura Holdings Inc. all initiated new positions in Q3 and Q4, indicating institutional confidence."
2024-06-13,5,"**Analyst Downgrade:** Stocknews.com downgraded ANDE from ""buy"" to ""hold,"" bearish.  
**Ownership Increase:** Mirae Asset Global Investments Co. Ltd. increased its stake by 2.3%, bullish.  
**Stake Acquisition:** Bridgeway Capital Management LLC acquired shares, bullish.  
**Price Movement:** ANDE stock up 0.6%, bullish.  
**Earnings Estimate:** Analysts expect EPS of $2.65 for FY, neutral.  

**Net Tilt:** Mixed signals with slight net bullish bias."
2024-06-20,4,"**Earnings:** Bullish. The Andersons, Inc. reported solid Q1 results, indicating positive financial performance.

**Dividends:** Neutral. The company announced a Q3 2024 cash dividend of 19 cents per share, unchanged from previous levels, maintaining a 29-year streak of dividends.

Net Tilt: **Bullish** due to strong earnings report, offset by neutral dividend news."
2024-06-22,1,"**Earnings Growth Outlook:** Bullish. ANDE reported a five-year earnings growth rate of 0.64, indicating sustained positive earnings momentum over the long term.

**Analyst Actions:** Neutral. No specific analyst upgrades, downgrades, or changes in price targets were mentioned.

**Earnings Surprise:** Neutral. The headline does not indicate whether ANDE beat or missed expectations, only providing the five-year earnings growth figure.

**Catalysts:** Neutral. No significant catalysts such as product launches, legal issues, or major supply chain disruptions were noted.

**Net Tilt:** Neutral. While the earnings growth is positive, the lack of specific earnings surprise data and analyst actions limits actionable signals for the next session."
2024-06-28,1,"**Executive Appointment:** Bullish. The Andersons named a new senior VP, which could bring fresh leadership and strategic direction, potentially boosting operational efficiency and driving growth initiatives.

**Net Tilt:** Bullish. No conflicting signals present."
2024-06-29,3,"**Dividends:** Bullish. The company raised its dividend by 2.1% annually over the past three years and plans a quarterly dividend of $0.19.

**Earnings Estimates:** Neutral. Analysts predict EPS of 2.65 for the current year, providing no new directional signal.

**Net Tilt:** Slightly Bullish due to consistent dividend increases."
2024-06-30,5,"**Analyst Downgrade:** Stocknews.com downgraded ANDE from ""buy"" to ""hold,"" indicating a bearish shift. 

**Insider Activity:** CEO Patrick E. Bowe sold 3,387 shares, signaling potential concerns.

**Ownership Changes:** 
- Llc increased holdings by 65.8% in Q1, bullish.
- Nomura Holdings Inc. initiated a new stake in Q3, bullish.
- Baker Ellis Asset Management LLC reduced its stake, bearish.

**Net Tilt:** Bearish due to the analyst downgrade and insider sell, despite some positive ownership increases."
2024-07-02,4,"**Insider Activity & Ownership Changes:**
- **Bearish:** Director Michael J. Anderson sold 3,000 shares.
- **Bullish:** American Century Companies Inc. increased its stake by 68.2% in Q3.
- **Bullish:** Nordea Investment Management AB raised its position by 28.5% in Q4.
- **Bullish:** Vanguard Group Inc. acquired 3,837 shares.

**Net Tilt:** Mixed signals with one insider sell and multiple institutional buys, indicating some bearish sentiment but overall supportive ownership trends."
2024-07-04,7,"**Ownership Changes:** 
- **Bullish:** Llc increased holdings by 80.7% in Q3 and 8,577.4% in Q4; Vanguard lifted holdings by 1.2% in Q3.
- **Bearish:** PNC Financial Services reduced stake by 83.0% in Q4 and sold 278 shares.

**Stock Performance:**
- **Bearish:** ANDE opened at $48.61 on Thursday, down from previous close.

**Earnings Estimate:**
- **Neutral:** Analysts predict EPS of 2.65 for the current year.

**Net Tilt:** Mixed signals with significant institutional buying offset by major selling from PNC Financial Services."
2024-07-11,4,"**Ownership Changes:** 
- **Bearish:** Michael J. Anderson, Director, sold 3,000 shares.
- **Bullish:** Llc increased its stake by 1.2% in Q1.
- **Bearish:** Nordea Investment Management AB sold 567 shares.

**Stock Price:** Shares opened at $46.58 on Thursday.

**Net Tilt:** Mixed signals with slight lean towards bearish due to insider sales outweighing the institutional increase."
2024-07-12,3,"**Analyst Ratings:** Stocknews.com downgraded ANDE from ""buy"" to ""hold,"" indicating **bearish** sentiment (-0.58).

**Ownership Changes:**
- Vanguard Group Inc. increased its stake by 1.2%, signaling **bullish** sentiment (+0.37).
- Commonwealth Equity Services LLC reduced its holdings, indicating **bearish** sentiment (-0.34).

**Net Tilt:** Mixed signals with a slight **bearish** bias.

NET TILT: Bearish"
2024-07-14,1,"**Ownership Increase:** Bullish. GSA Capital Partners LLP purchased a new stake in ANDE during Q1, indicating institutional interest and potential confidence in the stock’s future performance.

**Net Tilt:** Bullish. Institutional buying is a positive signal for traders."
2024-07-16,7,"**Analyst Ratings:** Bearish - Stocknews.com downgraded ANDE from ""buy"" to ""hold"" (May 9).

**Ownership Changes:** Mixed - American Century Companies Inc., Vanguard Group Inc., and Nordea Investment Management AB increased their stakes, while another LLC reduced its position.

**Earnings:** Neutral - ANDE set to release Q2 2024 results on August 6.

**Net Tilt:** Slightly Bearish due to the analyst downgrade, despite institutional buying."
2024-07-21,4,"**Ownership Increases:** Bullish. Llc increased holdings by 65.8% in Q1, and Entropy Technologies LP made a new investment, indicating institutional interest.

**Stock Performance:** Bearish. Shares opened at $51.44 on Friday, down from previous close.

**Net Tilt:** Mixed signals with ownership increases vs. stock decline, but overall slightly bullish due to significant institutional buying."
2024-07-23,4,"**Ownership Changes:** 
- **Bullish:** Vanguard Group Inc. increased holdings by 1.2%, indicating institutional confidence.
- **Bullish:** Allspring Global Investments Holdings LLC boosted its position by 111.6%, signaling strong interest.
- **Bearish:** Sei Investments Co. sold 20,865 shares, suggesting some institutional doubt.

**Stock Price:** 
- **Neutral:** ANDE opened at $52.06 on Tuesday, showing no significant directional movement.

**Net Tilt:** Bullish due to substantial increases from major investors outweighing the smaller sell-off."
2024-07-25,2,"**Ownership Increase:** Bullish. Mirae Asset Global Investments Co. Ltd. increased its holdings in ANDE by 2.3% in Q4, indicating confidence in the stock.

**New Stakeholder:** Bullish. Sg Americas Securities LLC took a new position in ANDE, suggesting positive sentiment towards the company.

**Net Tilt:** Bullish. Both ownership increases indicate growing investor interest in ANDE."
2024-07-26,3,"**Analyst Downgrade:** Stocknews.com downgraded ANDE from ""buy"" to ""hold,"" indicating a bearish shift (evidence: downgrade).

**Ownership Increase:** Jupiter Asset Management Ltd. initiated a new position in ANDE, valued at $443,000, suggesting bullish sentiment (evidence: new investment).

**Price Movement:** ANDE stock gained 3.8%, signaling short-term bullish momentum (evidence: positive price movement).

**Net Tilt:** Mixed signals with analyst downgrade vs. ownership increase and price gain, but overall slightly bullish due to new institutional investment and recent price action."
2024-07-27,1,"**Ownership Increase:** Bullish. LLC raised its position in Andersons by 65.8% in Q1, indicating increased confidence in the stock.

**Net Tilt:** Bullish. Increased ownership suggests positive sentiment towards ANDE."
2024-07-31,6,"**Analyst Downgrade:** Stocknews.com downgraded ANDE from ""buy"" to ""hold,"" indicating **bearish** sentiment. 

**Institutional Ownership Increase:** Llc increased holdings by 65.8% in Q1, and Russell Investments Group also purchased shares, suggesting **bullish** institutional interest.

**Mixed Signals:** Analyst downgrade is bearish, while significant institutional buying is bullish, leading to a **net neutral** tilt.

**Price Action:** Shares opened at $54.80 on Wednesday, with no specific price movement signals provided."
2024-08-04,1,"**Andersons (ANDE)**

- **Stock Performance**: Bearish - ANDE stock down 4.2%.
- **Analyst Actions**: No relevant analyst actions reported.
- **Earnings Surprises**: No earnings surprises reported.
- **Catalysts**: No specific catalysts mentioned.

**Net Tilt**: Bearish due to stock decline with no positive catalysts or analyst upgrades to offset it."
2024-08-05,7,"**Analyst Downgrade:** Stocknews.com downgraded ANDE from ""buy"" to ""hold,"" bearish.

**Institutional Ownership Changes:**
- Bullish: Dimensional Fund Advisors, Goldman Sachs, Bridgeway Capital, and Principal Financial all increased their stakes.
- Bearish: Public Employees Retirement System of Ohio sold shares.

**Price Action:** ANDE opened at $51.01 on Monday.

**Net Tilt:** Mixed signals with institutional buying outweighing the analyst downgrade."
2024-08-06,9,"**Earnings:** Q2 Non-GAAP EPS of $1.15 beats by $0.06 (bullish). Adjusted EPS of $1.15 also beats consensus of $1.09 (bullish). Reported EPS of $1.05 misses consensus of $1.09 (bearish).

**Revenue:** Q2 revenue of $2.795 billion misses analyst estimate of $3.200 billion by 12.66% (bearish).

**EBITDA:** Adjusted EBITDA was $98 million for the quarter (neutral).

**Guidance:** No specific revenue guidance provided (neutral).

**Net Tilt:** Mixed signals with earnings beating expectations but revenue missing significantly."
2024-08-07,14,"**Revenue and Profit Decline:** Q2 revenue fell 30.5% to $2.80B vs. $4.02B, pre-tax profit dropped to $67M from $104M. Capex decreased to $55.39M from $74.99M. EBITDA missed at $98.28M vs. consensus $103.50M. **Bearish.**

**Earnings Beat:** Adjusted EPS of $1.15 beat consensus by $0.13, net profit of $39.49M exceeded expectations. **Bullish.**

**Dividend Increase:** Q2 dividend per share rose to $0.19 from $0.185. **Bullish.**

**Institutional Ownership Growth:** Counsel Inc. and Llc increased holdings by 1.6% and 65.8%, respectively. **Bullish.**

**Net Tilt:** Mixed signals with significant revenue and profit declines but earnings beat and dividend hike. **Net Neutral.**"
2024-08-08,4,"**Ownership Increase:** Llc acquired a new stake in Andersons (Bullish).  
**Stock Performance:** Shares opened at $47.25, down from previous close (Bearish).  
**Earnings Report:** Q2 earnings report released (Neutral).  
**Conference Call:** Company held Q2 earnings conference call (Neutral).

NET TILT: Mixed signals with slight bias towards Bearish due to stock price drop."
2024-08-10,3,"**Earnings:** Bullish. ANDE reported EPS of $1.52, beating expectations of $0.61.

**Ownership:** Bullish. Llc increased its stake by 1.3% in Q4, indicating confidence.

**Stock Price:** Bearish. Despite strong earnings, ANDE stock traded down.

**Net Tilt:** Mixed signals with slight bullish bias due to ownership increase and earnings beat."
2024-08-11,10,"**Analyst Ratings:** Bullish; Stocknews.com upgraded ANDE from ""Hold"" to ""Buy.""

**Revenue Performance:** Bearish; Q2 revenue fell 30.5% YOY to $2.80B, missing estimates by $400M.

**Institutional Ownership:** Mixed; Comerica Bank, Mirae Asset, Allspring, Counsel Inc., and Mackenzie Financial increased holdings, while System sold 1,263 shares.

**Price Movement:** Bearish; ANDE traded down 2.2%.

**Net Tilt:** Bearish due to revenue miss and price decline, despite positive analyst action and increased institutional interest."
2024-08-15,4,"**Dividends and Buybacks:**
- **Bullish:** The Andersons has raised its dividend for 29 consecutive years, signaling consistent profitability and shareholder value focus.
- **Neutral:** The company keeps its quarterly dividend unchanged at $0.19 per share, indicating stability but no immediate increase.
- **Bullish:** Announced a $100 million share repurchase program, boosting shareholder returns.

**Net Tilt:** Bullish due to dividend history and buyback program, offset slightly by stable dividend."
2024-08-16,6,"**Earnings:** Bullish. ANDE reported EPS of $1.52, beating expectations.

**Revenue:** Bearish. Revenue came in at $2.80B, missing the $3.20B consensus.

**Analyst Action:** Bearish. Stocknews.com downgraded ANDE to Hold.

**Ownership Changes:** Mixed. Llc increased stakes in ANDE significantly in Q1 and Q2, but the analyst downgrade tilts sentiment bearish overall.

**Price Movement:** Bullish. Shares opened at $48.82, up from previous close.

**Net Tilt:** Net bearish due to revenue miss and analyst downgrade despite strong EPS and ownership increases."
2024-08-17,3,"**Analyst Downgrade:** Stocknews.com downgraded Andersons from ""buy"" to ""hold,"" indicating a less optimistic view (bearish).

**Revenue Decline:** The company reported a significant 30.5% drop in revenue, signaling weak financial performance (bearish).

**Stock Price Movement:** Despite the downgrade and revenue miss, Andersons' stock gained 2.9%, suggesting short-term positive sentiment (bullish).

**Net Tilt:** Conflicting signals with analyst downgrade and revenue decline vs. stock price increase. Overall, net tilt is slightly bearish due to fundamental weakness."
2024-08-19,9,"**Executive Changes:** Bullish. Andersons completed its largest acquisition and appointed Bill Krueger as CEO effective October 1, replacing outgoing CEO Pat Bowe. Multiple sources confirm Krueger’s appointment, signaling stability and continuity.

**Dividend Announcement:** Neutral. The company announced a Q4 cash dividend of $0.19 per share, maintaining regular payouts but lacking significant change.

**Net Tilt:** Bullish due to leadership transition and major acquisition completion."
2024-08-30,4,"**Analyst Downgrade:** Stocknews.com downgraded ANDE from ""buy"" to ""hold,"" indicating **bearish** sentiment. 

**Ownership Changes:** Td Asset Management Inc increased its stake by 18.4%, while Jupiter Asset Management Ltd. initiated a new position, showing **mixed** institutional interest.

**Holding Details:** System has $794,000 holdings in ANDE, suggesting moderate institutional presence but no significant change in overall valuation.

**Net Tilt:** Mixed signals with a slight **bearish** bias due to the analyst downgrade."
2024-09-02,6,"**Revenue Decline:** Bearish. Andersons reported a 30.5% YoY decline in revenue.

**Ownership Changes:** Mixed. Llc increased its stake by 65.8%, while Allspring Global sold 7,664 shares. Charles Schwab boosted its position by 2.8%.

**Stock Price:** Neutral. ANDE opened at $50.97 on Monday.

**Net Tilt:** Net bearish due to significant revenue decline despite some supportive ownership actions."
2024-09-03,4,"**Earnings:** Bullish. Andersons reported EPS of $1.52, beating expectations of $0.61.

**Analyst Actions:** Bearish. Stocknews.com downgraded Andersons from ""buy"" to ""hold.""

**Ownership Changes:** Mixed. Panagora Asset Management increased holdings by 5.2%, while another entity reduced its stock position.

**Net Tilt:** Neutral to Slightly Bearish. Positive earnings contrast with a downgrade and mixed ownership signals."
2024-09-04,1,"**Dividend Announcement:** Bullish. The Andersons Inc. announced a quarterly dividend, payable on October 22nd, indicating financial stability and confidence in future cash flows. However, no specific dividend amount was provided, limiting the concrete signal.

**Net Tilt:** Neutral to Slightly Bullish. The dividend suggests financial health but lacks specific figures for a stronger signal."
2024-09-05,2,"**Analyst Upgrade:** StockNews.com upgraded ANDE to ""Buy"" from previous rating, raising price target to $0.94 (implied from context).

**Revenue Miss:** Q3 revenue came in at $2.80B vs. estimates of $3.20B, missing by $400M.

**Net Tilt:** Mixed signals; analyst upgrade bullish, revenue miss bearish."
2024-09-07,3,"**Analyst Upgrade:** Stocknews.com upgraded Andersons from ""hold"" to ""buy,"" citing potential upside (bullish).

**Ownership Increase:** Llc purchased a new stake in Andersons during the 4th quarter (bullish).

**Price Movement:** Andersons traded down 2.7% today (bearish).

**Net Tilt:** Mixed signals with analyst upgrade and ownership increase bullish, but recent price drop bearish."
2024-09-09,5,"**Ownership Changes:** Zurcher Kantonalbank Zurich Cantonalbank and Principal Financial Group Inc. reduced their positions by 23.0% and 3.3%, respectively (bearish). However, another investor increased holdings by 14.4% (bullish).

**Revenue Performance:** Q4 revenue was $2.80 billion, missing expectations of $3.20 billion (bearish).

**Stock Price:** Opened at $47.80 (neutral).

**Net Tilt:** Bearish due to revenue miss and significant ownership reductions outweighing the single increase."
2024-09-12,6,"**Ownership Increases:** Victory Capital Management, Dimensional Fund Advisors, Goldman Sachs, and Charles Schwab all increased their stakes in ANDE, indicating **bullish** sentiment among major investors.

**Stock Performance:** ANDE opened at $45.71 on Thursday, showing a slight **bearish** trend compared to previous days.

**Net Tilt:** Bullish due to significant ownership increases outweighing minor stock performance dip."
2024-09-13,7,"**Andersons (ANDE)**

- **Bearish**: Set new 1-year low at $45.02.
- **Bearish**: Revenue missed estimates ($2.80B vs. $3.20B consensus).
- **Bullish**: Multiple institutions increased holdings: AQR Capital (+20%), Quest Partners, Panagora Asset Management (+5.2%), TD Asset Management (+18.4%), Jupiter Asset Management (new position).

**Net Tilt**: Mixed, but slightly bearish due to revenue miss and new 1-year low."
2024-09-16,4,"**Analyst Ratings:** Stocknews.com upgraded ANDE from ""hold"" to ""buy,"" raising the price target to $0.94 (bullish).

**Ownership Changes:** 
- Llc increased its position by 65.8% in Q1 and initiated a new stake in Q2 (bullish).
- Rhumbline Advisers sold shares (bearish).

**Net Tilt:** Mixed signals with a slight bullish bias due to the analyst upgrade and significant ownership increase."
2024-09-17,3,"**Revenue Decline:** Bearish. Andersons reported Q4 revenue down 30.5% YoY.

**Ownership Changes:** Bullish. Us Bancorp DE initiated a new stake, while American Century Companies Inc. holds a significant position worth $46.33M.

**Net Tilt:** Mixed signals with significant ownership increase offsetting revenue decline."
2024-09-19,3,"**Ownership Increases:** Victory Capital Management Inc. increased its stake in ANDE by 8.7% in Q2, while Goldman Sachs Group Inc. boosted its holdings by 11.5% in Q4. Additionally, Acadian Asset Management LLC acquired 9,646 shares. **Direction:** Bullish. **Evidence:** Institutional investors' increased ownership suggests confidence in ANDE’s prospects.

**Net Tilt:** Bullish."
2024-09-21,4,"**Revenue Down, Institutional Ownership Up:**

- **Bearish:** Revenue declined 30.5% YoY.
- **Bullish:** Bank of New York Mellon increased its position by 1.8% in Q2.
- **Bullish:** Bridgeway Capital Management boosted its stake by 3.7% in Q1.

**Net Tilt:** Mixed signals; revenue decline is bearish, but institutional buying suggests some confidence.

Shares opened at $49.91 on Friday."
2024-09-22,10,"**Analyst Ratings:** Bullish; Stocknews.com upgraded ANDE from ""Hold"" to ""Buy"" (Sep 4).

**Earnings:** Bullish; Q earnings beat at $1.52 EPS.

**Institutional Ownership:** Mixed; American Century, Goldman Sachs, and two unnamed firms increased holdings, while Dimensional Fund Advisors reduced stake slightly.

**New Acquirers:** Bullish; Inspire Investing LLC initiated a new stake.

**Price Action:** Bearish; ANDE stock down 0.4%.

**Net Tilt:** Slightly Bullish due to strong analyst and institutional support despite minor price decline."
2024-09-24,2,"**Revenue Miss:** Bullish signal muted. Q3 revenue was $2.80B vs. expected $3.20B, missing by $400M (12.5% below estimates).

**Stake Acquisition:** Bullish. Edgestream Partners invested $219K, indicating renewed interest from institutional investors.

**Net Tilt:** Mixed. Revenue miss is bearish, but stake acquisition suggests potential support."
2024-09-25,1,"**Ownership Increase:** Bullish. Russell Investments Group Ltd. increased its stake in ANDE by 2.2% in Q1, indicating institutional confidence.

**Net Tilt:** Bullish."
2024-09-26,9,"**Analyst Downgrade:** StockNews.com downgraded ANDE from ""Buy"" to ""Hold,"" citing potential valuation concerns. **Bullish:** Institutional ownership increased with Llc, Td Asset Management Inc., Quantedge Capital Pte Ltd, and Bridgeway Capital Management LLC all boosting their stakes. **Bearish:** ANDE stock fell 2.8%. **Net Tilt:** Mixed signals but overall slightly bearish due to the downgrade."
2024-09-27,2,"**Ownership Increase:** Bullish. Panagora Asset Management Inc. increased its stake in ANDE by 5.2% in Q2. Jupiter Asset Management Ltd. also initiated a new position worth $443,000 in Q1. These moves indicate institutional confidence in ANDE.

**Net Tilt:** Bullish. Institutional buying supports a positive outlook."
2024-09-28,3,"**Institutional Ownership Increase:**  
- **Bullish:** Renaissance Technologies LLC increased its holdings in ANDE by 13.1% in Q2. Additionally, Intech Investment Management LLC invested $441,000, and Public Sector Pension Investment Board also bought shares. These moves indicate institutional confidence.

NET TILT: Bullish"
2024-09-29,7,"**Dividends & Ownership Increases:** Bullish. Andersons raised its quarterly dividend to $0.19, maintaining a history of annual increases averaging 2.1%. Institutional ownership increased significantly: American Century Companies Inc. upped its stake by 16.8%, Victory Capital Management Inc. by 8.7%, and Goldman Sachs Group Inc. by 11.5%; Bank of New York Mellon Corp also grew its holdings by 1.8%.

**Stock Price:** Neutral. Shares opened at $50.08 on Wednesday.

**Net Tilt:** Bullish. Multiple large institutions increasing stakes and consistent dividend hikes indicate strong investor confidence."
2024-09-30,3,"**Analyst Downgrade:** Stocknews.com downgraded Andersons from ""buy"" to ""hold,"" citing concerns over revenue performance. **Bullish Signal Diminished**

**Revenue Miss:** Q3 revenue came in at $2.80 billion, below the expected $3.20 billion. **Bearish**

**Price Action:** Shares opened at $50.08 on Monday, unchanged from previous close. **Neutral**

**Net Tilt:** Bearish due to revenue miss and analyst downgrade."
2024-10-03,4,"**Ownership Increases:** Bullish. Bank of New York Mellon Corp. boosted holdings by 1.8%, while Goldman Sachs Group Inc. increased its position by 11.5%. Sei Investments Co. also acquired shares. These institutional inflows suggest confidence in ANDE’s prospects.

**Stock Price Movement:** Bearish. Shares opened at $49.25 on Thursday, down from previous levels.

**Net Tilt:** Mixed signals with ownership increases indicating bullish sentiment but recent stock price movement showing bearishness."
2024-10-04,4,"**Analyst Ratings:** Bearish - Stocknews.com downgraded ANDE from ""buy"" to ""hold"" (September 25th).

**Ownership Changes:** Bullish - Squarepoint Ops LLC bought 46,587 shares, and Llc increased its stake by 1.2% in Q1.

**Price Movement:** Bearish - ANDE stock fell 1.6%.

**Net Tilt:** Mixed signals with analyst downgrade and recent price drop indicating bearishness, but significant ownership increases suggest some institutional support."
2024-10-05,3,"**Ownership Changes:** 
- **Bullish:** Llc acquired a new stake in ANDE, increasing ownership by 0.37%.
- **Bearish:** Lutherans cut their stake, decreasing ownership by 0.34%.

**Stock Price:** 
- Neutral: Stock opened at $49.84 on Friday.

**Net Tilt:** Mixed signals from institutional ownership changes, with a slight net bullish bias due to the new stake acquisition."
2024-10-10,4,"**Analyst Ratings:** Stocknews.com downgraded ANDE from ""buy"" to ""hold,"" indicating **bearish** sentiment (September 25th).

**Ownership Changes:** 
- Llc increased holdings by 1.2% in Q1, showing **bullish** institutional interest.
- Aqr Capital Management LLC maintains a significant stake of $1.97M, suggesting **neutral** to **slightly bullish** positioning.

**Price Action:** ANDE opened at $49.26 on Thursday, with no direct impact from ownership changes or analyst downgrade on the stock price.

**Net Tilt:** Mixed signals; analyst downgrade is bearish, while institutional buying is bullish. Overall, **net slightly negative** due to recent downgrade."
2024-10-15,2,"**Earnings Release:** The Andersons, Inc. (ANDE) is scheduled to release Q3 2024 financial results after 4 p.m. ET on Nov 4, 2024. No specific guidance or earnings beat/miss details provided yet. **Neutral** until further data.

No analyst upgrades/downgrades, price target changes, or significant corporate actions noted. **Neutral** on analyst sentiment.

No product launches, legal issues, supply chain disruptions, or major demand shifts reported. **Neutral** on operational and market dynamics.

**Net Tilt:** Neutral."
2024-10-16,4,"**Analyst Downgrade:** Stocknews.com downgraded ANDE from ""buy"" to ""hold,"" bearish.  
**Ownership Increase:** Victory Capital Management Inc. increased its stake by 8.7%, bullish.  
**Stake Acquisition:** Inspire Investing LLC acquired shares, bullish.  
**Price Action:** ANDE opened at $48.31, neutral.  
**Net Tilt:** Mixed signals with analyst downgrade vs. positive ownership trends."
2024-10-17,4,"**Insider Activity:** Management sold 6,357 shares, reducing their position by 42.7% in Q3 (bearish). However, Llc increased its stake by 323.4% in Q1 and acquired a new stake in Q2 (bullish). **Net Tilt:** Mixed signals with slight bias towards bearish due to recent insider sell-off.

**Ownership Changes:** Overall, mixed signals with significant insider selling offsetting new institutional buying. **Net Tilt:** Bearish."
2024-10-20,3,"**Ownership Increase:** Bullish. LLC increased its stake in ANDE by 65.8%, indicating confidence in the company’s prospects.

**Stock Performance:** Bearish. Shares opened at $48.22, down slightly from previous close.

**Held Position:** Neutral. Another report confirms LLC holds a $1.23 million position in ANDE, reinforcing ongoing interest but without new action.

**Net Tilt:** Mixed signals with slight lean positive due to significant ownership increase."
2024-10-26,6,"**Andersons (ANDE)**

- **Bullish**: StockNews.com upgraded ANDE to Buy (positive analyst action).
- **Bullish**: Multiple institutions increased holdings: Inc. (+8.8% Q2), Goldman Sachs (+11.5% Q4), and Llc (+65.8% Q1) (ownership increase).
- **Neutral**: Stock up 0.2% (mild positive price movement).

**Net Tilt:** Bullish."
2024-11-02,3,"**Analyst Upgrade:** Stocknews.com upgraded ANDE from ""hold"" to ""buy,"" raising the price target to $0.94 (implied from context). **Bullish.**

**Earnings Preview:** ANDE set to announce earnings on Monday. **Neutral.**

**Market Open:** ANDE opened at $45.20 on Friday. **Neutral.**

**Net Tilt:** Bullish due to analyst upgrade."
2024-11-04,15,"**Earnings:** Bullish. Q3 adjusted EPS of $0.72 vs. $0.13 YOY and $0.43 consensus, beating estimates significantly.

**Revenue:** Bearish. Q3 revenue fell to $2.62B from $3.64B YOY.

**EBITDA:** Mixed. Adjusted EBITDA was $97M, but reported EBITDA dropped to $69M from $77.79M.

**Acquisition:** Bullish. Completed majority stake acquisition of Skyland Grain, expanding operations.

**Dividends:** Bullish. Q3 dividend per share increased to $0.19 from $0.185.

**Expense Guidance:** Bearish. Anticipated increased spending.

**Net Tilt:** Mixed, with significant earnings beat offsetting revenue decline and expense concerns."
2024-11-05,18,"**Earnings:** Bullish; Q3 adjusted EPS rose to $0.72 from $0.13 YoY, beating expectations. Bearish; revenue fell 27.9% to $2.62B, missing forecasts.

**Stock Performance:** Bearish; stock hit 52-week low at $44.40, closing at $44.50.

**Ownership:** Mixed; Bridgeway Capital and Sg Americas increased holdings, while System reduced its stake by selling 500 shares.

**Dividends:** Bullish; company raised dividend for 28 consecutive years and declared Q4 dividend of $0.19 per share.

**Net Tilt:** Bearish due to revenue miss and stock hitting 52-week low, despite EPS beat and dividend hike."
2024-11-06,7,"**Earnings:** Bullish. The Andersons reported a net income of $27 million, up from $26.4M previously, indicating improved profitability.

**Analyst Action:** Bearish. Stocknews.com downgraded Andersons from ""buy"" to ""hold.""

**Ownership Changes:** Mixed. While Stocknews.com downgraded, both Ltd. and Planning increased their stakes by 2.2% and 6.2%, respectively, suggesting some institutional confidence.

**Net Tilt:** Neutral to Slightly Bearish due to conflicting signals."
2024-11-07,2,"**Ownership Update:** New York State Teachers Retirement System increased holdings in ANDE to $3.24 million, indicating institutional interest (bullish).

**Stock Price:** ANDE opened at $48.86 on Thursday (neutral).

**Net Tilt:** Neutral with a slight bullish bias due to institutional support."
2024-11-09,2,"**Ownership Increase:** Llc increased its holdings in ANDE by 1.8% in Q2, indicating **bullish** sentiment among major investors.

**Stock Performance:** ANDE stock gained 1.5%, signaling **bullish** market movement.

**Net Tilt:** Bullish

*Note: No conflicting signals present.*"
2024-11-13,6,"**Andersons (ANDE): Mixed Signals**

- **Bullish**: EPS beat at $0.13 vs. expectations; analyst upgraded to Buy at StockNews.com; institutional ownership increased by 23.6%.

- **Bearish**: Revenue miss at $2.62B vs. $2.90B estimate; revenue down 27.9%; stock down 3.0%.

**Net Tilt**: Bearish due to significant revenue decline and miss despite EPS beat."
2024-11-17,6,"**Analyst Upgrade:** Stocknews.com upgraded ANDE from ""hold"" to ""buy,"" citing potential upside (bullish).

**Revenue Performance:** Q3 revenue fell 27.9% year-over-year to $2.62B, missing the $2.90B consensus (bearish).

**Institutional Ownership:** Llc increased holdings by 323.4% in Q1 and initiated a new stake in Q2 (bullish). However, Inc. trimmed its stock position recently (bearish). **Net Tilt:** Mixed.

**Summary:** Analyst optimism contrasts with weak revenue performance and mixed institutional activity. Net signal is cautiously bearish due to revenue miss and recent trimming."
2024-11-20,5,"**Earnings:** Bullish. Andersons reported EPS of $0.13, beating expectations.

**Ownership Changes:** Mixed. Bridgeway Capital and another firm increased stakes by 3.7% and 8.8%, respectively. Principal Financial reduced its stake by 7.8%.

**Stock Price:** Bearish. Shares opened at $47.19, down from previous close.

**Net Tilt:** Neutral with slight bullish lean due to positive earnings and ownership increases outweighing the stock price drop."
2024-11-25,6,"**Analyst Ratings & Ownership:** Stocknews.com upgraded ANDE to ""Buy"" from ""Hold,"" and Edgestream Partners and Intech Investment Management increased stakes, indicating **bullish** sentiment (Evidence: Analyst upgrade, significant ownership increases).

**Revenue Performance:** Q3 revenue missed expectations at $2.62B vs. $2.90B forecast, signaling **bearish** performance (Evidence: Revenue miss).

**Net Tilt:** Conflicting signals with bullish analyst and ownership activity contrasting bearish revenue performance, resulting in **net neutral** tilt."
2024-11-29,8,"**Analyst Upgrade:** Stocknews.com upgraded ANDE from ""hold"" to ""buy,"" positive.

**Earnings:** EPS of $0.13, slightly positive but below expectations.

**Ownership Changes:** Edgestream Partners increased stake by $219k; Llc increased stake by 323.4%. However, Mutual of America Capital Management reduced stake by 7.5%, negative.

**Revenue Miss:** Q3 revenue of $2.62B missed consensus of $2.90B, negative.

**Net Tilt:** Mixed signals with analyst upgrade and ownership increases offset by revenue miss and stake reductions. **Hold** recommended pending further clarity."
2024-12-02,4,"**Revenue Down**: Revenue declined 27.9% YoY, bearish.

**Institutional Ownership Changes**:
- Md increased position by 3.7%, bullish.
- Institutional increased position by 4.0%, bullish.
- Lutherans sold 1,146 shares, bearish.

**Net Tilt**: Mixed signals with slight net bullish bias due to larger institutional increases outweighing the individual sell-off."
2024-12-04,3,"**Ownership Increase:** Bullish. Edgestream Partners L.P. purchased a new stake in ANDE in Q2, and Llc increased its holdings by 323.4% in Q1.

**Stock Price:** Neutral. ANDE opened at $47.86 on Wednesday.

**Net Tilt:** Bullish due to significant ownership increases."
2024-12-08,5,"**Insider Activity:** Bearish - Joseph E. Mcneely sold 2,382 shares.

**Ownership Changes:** Bullish - Llc increased its stake by 92.5% in Q2.

**Revenue Performance:** Bearish - Q revenue $2.62B vs. est. $2.90B, missing expectations.

**Stake Details:** Neutral - Quantbot Technologies LP holds a $38,000 stake.

**Earnings Guidance:** Neutral - Analysts forecast FY EPS at 2.9.

**Net Tilt:** Mixed signals with slight bias towards bearish due to revenue miss and insider sell."
2024-12-10,1,"**Executive Appointments:** Neutral. The Andersons, Inc. appointed new Executive Vice Presidents, but no specific names or roles were detailed. This could indicate internal restructuring without immediate impact on operations or financial performance.

No direct EPS, revenue, or analyst action signals provided. No earnings surprises, product launches, legal issues, or significant operational changes mentioned. **NET TILT:** Neutral."
2024-12-12,11,"**Revenue Down, Dividends Up:** Andersons reported a 27.9% YoY revenue decline, bearish. However, the company raised its quarterly dividend by 3%, bullish. Institutional investors like Charles Schwab, Victory Capital, and another firm increased their stakes by 23.6%, 8.8%, and 8.7% respectively, indicating confidence, bullish.

**Analyst Expectations:** Analysts predict EPS of 2.9 for the current year, neutral. BNP Paribas acquired shares, further supporting a bullish stance.

**Net Tilt:** Mixed signals with significant institutional buying offsetting revenue decline, **NET BULLISH**."
2024-12-17,1,"**Dividend Affirmation:** Bullish. Andersons (ANDE) has affirmed its dividend, signaling financial stability and confidence in future cash flows. This move is likely to attract income-focused investors and support stock price.

**Net Tilt:** Bullish."
2024-12-18,9,"**Ownership Increases:** Clearalpha Technologies LP, Inc., State Street Corp, Charles Schwab Investment Management Inc., and Victory Capital Management Inc. increased their stakes in ANDE, with State Street Corp acquiring 28,773 shares and Wellington Management Group LLP initiating a new position. **Bullish**.

**Earnings Estimate:** Analysts predict EPS of $2.90 for the current fiscal year. **Neutral**.

**Stock Price:** ANDE opened at $42.93 on Wednesday. **Bearish**. 

**Net Tilt:** Bullish due to significant institutional buying, but cautious due to stock price movement."
2024-12-25,12,"**Net Tilt: Bullish**

**Analyst Upgrade:** Stocknews.com upgraded ANDE from ""Hold"" to ""Buy"" on Nov 13th.

**Institutional Ownership Growth:** Multiple institutions increased stakes in Q3, including Ep Wealth Advisors ($253k), Wellington Management, State Street Corp (+2.2%), Systematic Financial Management, and Hotchkis & Wiley (+4.2%). Llc also boosted holdings in Q2 (+92.5%).

**New Stake Acquisitions:** Barclays acquired 42,217 shares, and Geode Capital Management acquired 14,634 shares.

**Price Action:** ANDE traded up 0.7%.

**EPS Guidance:** Analysts forecast EPS of $2.9 for FY.

**Evidence:** Strong institutional buying and analyst upgrade indicate bullish sentiment."
2024-12-31,3,"**Dividend Guidance Bullish:** Andersons plans to increase its dividend by $0.20 per share, indicating strong cash flow and confidence in future earnings. Historically, the company has raised dividends by an average of 2.1% annually over the past three years.

**Earnings Estimate Neutral:** Analysts forecast EPS of 2.9 for the current year, showing no significant change from previous estimates.

**Net Tilt:** Bullish due to dividend hike, neutralized slightly by stable EPS estimates."
2025-01-03,9,"**Stephens reaffirmed ""Overweight"" rating on ANDE, citing positive outlook.** (Bullish)

**Revenue declined 27.9% QoQ.** (Bearish)

**Insider Joseph E. McNeely sold 2,382 shares.** (Bearish)

**Multiple institutions increased holdings:** Llc upped position by 92.5%, Inc. by 8.8%, Charles Schwab by 23.6%, and Wellington Management bought new stake worth $2.798M. (Bullish)

**Net Tilt:** Mixed signals with institutional buying offsetting revenue decline and insider sale."
2025-01-05,2,"**Ownership Increase:** Bullish. Bank of New York Mellon Corp increased its stake in ANDE by 1.8% in Q2, indicating institutional confidence.

**Earnings Estimate:** Neutral. Analysts forecast EPS of 2.9 for the current year, providing no directional bias but suggesting stable expectations.

**Net Tilt:** Neutral. Ownership increase is bullish, but earnings estimate is neutral, balancing out to no clear directional signal."
2025-01-10,4,"**Revenue Down**: Revenue fell 27.9% YOY, bearish.  
**Ownership Changes**: Llc increased stake by 92.5%, bullish; JPMorgan reduced holdings, bearish.  
**Earnings Estimate**: Analysts predict EPS of 2.9 for the current year, neutral.  
**Net Tilt**: Mixed signals with significant ownership increase offset by revenue decline and reduction in holdings."
2025-01-20,9,"**Insider Activity:** Bearish - Joseph E. McNeely sold 2,382 shares.

**Revenue Performance:** Bearish - Q4 revenue down 27.9% YOY and missed estimates by $280M ($2.62B vs $2.90B expected).

**Ownership Changes:** Bullish - Multiple institutions increased stakes: Charles Schwab (+23.6%), Wellington Management (+$2.798M), Nordea (+86.5%), Barclays (+347.7%).

**Earnings Guidance:** Neutral - Analysts expect EPS of $2.90 for the current year.

**Net Tilt:** Mixed signals with significant bearish revenue performance and bullish institutional buying."
2025-01-28,2,"**Earnings Release:** ANDE is scheduled to release Q4 and FY2024 results on Feb 18 post-market. No guidance or analyst action details provided yet. **Neutral** until further data.

No conflicting signals present. Net tilt: **Neutral**."
2025-02-06,13,"**Analyst Ratings:** Stocknews downgraded ANDE from ""buy"" to ""hold,"" bearish. Stephens maintained ""overweight"" with a $60 target, neutral.

**Insider Activity:** Joseph E. Mcneely sold 2,382 shares, bearish. SG Americas reduced holdings by 32.3%, bearish.

**Institutional Ownership:** Multiple firms increased holdings (Ks, LLC, Ep Wealth Advisors, Charles Schwab, Wellington Management, Nordea, Barclays), bullish. SG Americas also decreased holdings, bearish.

**Earnings Estimate:** Analysts predict FY EPS of 2.9, neutral.

**Net Tilt:** Mixed signals; slight net negative due to recent downgrades and insider/some institutional selling."
2025-02-11,3,"**Analyst Downgrade:** Stocknews.com downgraded ANDE from ""buy"" to ""hold,"" indicating a bearish shift. **Ownership Increase:** Exchange Traded Concepts LLC increased its stake by 21.3% in Q3, suggesting some institutional bullishness. **Stake Purchase:** KBC Group NV also purchased shares, adding to the mixed signals. **Net Tilt:** Bearish due to the significant analyst downgrade, though partial offset by increased ownership."
2025-02-12,8,"Analysts upgraded ANDE to Buy, positive. Insiders sold shares, negative. State Street, Nordea, Intech, and Charles Schwab all increased holdings, positive. Dividends announced at 19.5 cents per share, neutral. **Net tilt: Bullish** due to multiple institutional buys and analyst upgrade outweighing insider sale."
2025-02-14,2,"**Ownership Increase:** Bullish. Ks increased its stake in ANDE by 250.0% in Q4, indicating confidence. Additionally, LLC purchased a new stake in ANDE during Q3, suggesting growing institutional interest.

**Net Tilt:** Bullish."
2025-02-15,5,"**Andersons (NASDAQ:ANDE)**

- **Bullish**: StockNews.com upgraded ANDE, citing potential upside.
- **Bullish**: Institutional ownership increased significantly: State Street Corp (+2.2%), Nordea Investment Management AB (+86.5%), Intech Investment Management LLC (+375.0%), and Charles Schwab Investment Management Inc. (+23.6%).

**Net Tilt**: Bullish. Multiple analyst and institutional actions indicate positive sentiment."
2025-02-16,7,"**Analyst Ratings:** Stocknews.com upgraded ANDE from ""hold"" to ""buy,"" citing potential upside (bullish).

**Insider Activity:** Joseph E. Mcneely sold 2,382 shares (bearish).

**Earnings Preview:** Analysts project Q4 EPS of $1.02, with earnings due Tuesday (neutral).

**Dividends:** ANDE announced a quarterly dividend payable on April 22nd (neutral).

**Net Tilt:** Mixed signals; analyst upgrade bullish, insider sell bearish."
2025-02-17,1,"**Andersons (ANDE)**

- **Stock Performance**: Opened at $40.55, down $0.11 (-0.27%) from previous close.
- **Analyst Actions**: No notable analyst actions reported.
- **Earnings & Guidance**: No earnings report or guidance update mentioned.
- **Catalysts**: None reported.

**Net Tilt**: Neutral

No significant trading signals or catalysts identified today."
2025-02-18,9,"**Earnings Beat:** Bullish. Q4 adjusted EPS $1.36 vs. estimate $1.09, GAAP EPS $1.31 vs. estimate $1.09, and revenue $3.12B vs. estimate $2.72B.

**EBITDA Positive:** Bullish. Full-year adjusted EBITDA $161M.

**Exports Up:** Bullish. Elevated exports despite regulatory uncertainty.

**EPS Decline:** Bearish. Q4 reported EPS $1.31 vs. prior year $1.49.

**Net Tilt:** Bullish due to strong revenue and EPS beats outweighing the EPS decline."
2025-02-19,12,"**Revenue and EPS Beat:** Q4 revenue $3.12B vs consensus $2.72B; FY2024 revenue $11.26B vs consensus $10.85B. FY2024 EPS-Non-GAAP $3.40 vs consensus $2.95. **Bullish**.

**Capex and Earnings Down:** FY2024 capex $118M vs $150.44M; Q4 EBITDA $87.85M vs $135.07M; Q4 net profit $46.86M vs $54.56M; FY2024 pre-tax profit $183.60M vs $202.18M. **Bearish**.

**Dividends Up:** Q4 dividend per share $0.19 vs $0.185; FY2024 dividend per share $0.76 vs $0.74. **Bullish**.

**Stock Performance:** Stock up 23%. **Bullish**.

**Net Tilt:** Mixed signals with revenue/EPS beats and dividend hikes offsetting lower capex, EBITDA, and pre-tax profits. **Neutral**."
2025-02-20,11,"**Analyst Ratings:** Bullish; Stephens upgraded to ""Overweight,"" Stocknews.com to ""Buy"" from ""Hold.""

**Revenue:** Bullish; Q4 revenue of $3.12B beat estimates of $2.72B.

**Insider Activity:** Bearish; Joseph E. Mcneely sold 2,382 shares, and an executive VP sold $38,400 worth of stock.

**Ownership Changes:** Bullish; Llc increased holdings by 15.5%, Ks by 250%, and another Llc initiated a new stake in Q3.

**Stock Performance:** Bullish; ANDE stock up 17.3%.

**Earnings Guidance:** Neutral; analysts expect EPS of $2.84 for the current year.

**Net Tilt:** Bullish with mixed signals from insider sales."
2025-02-21,3,"**Ownership Increase:** Bullish; Planning lifted its holdings in ANDE by 6.2% in Q3.

**Stock Performance:** Bearish; ANDE stock traded down 3.4%.

**Opening Price:** Neutral; ANDE stock opened at $46.17 on Wednesday.

**Net Tilt:** Mixed signals with a slight lean towards bearish due to the recent stock decline."
2025-02-22,2,"**Andersons (ANDE)**

- **Bearish**: StockNews.com downgraded ANDE to Hold from previous rating, lowering price target to $0.58 (down from previous target).
- **Neutral**: Analysts forecast FY EPS at 3.11, no change from prior estimates.

**Net Tilt**: Bearish due to downgrade and lower price target."
2025-02-26,10,"**Analyst Downgrade:** Stocknews.com downgraded Andersons from ""buy"" to ""hold,"" citing concerns (bearish).

**Insider Activity:** VP Weston Heide sold 800 shares (bearish).

**Institutional Ownership Changes:**
- State Street Corp increased holdings by 2.2% (bullish).
- Ks increased holdings by 250.0% (bullish).
- Intech Investment Management LLC increased stake by 375.0% (bullish).
- Charles Schwab Investment Management Inc. increased stake by 23.6% (bullish).
- Allspring Global Investments Holdings LLC sold 4,428 shares (bearish).

**Price Target & Rating:** Stephens maintained ""overweight"" with a $55.00 target (bullish).

**Earnings Estimate:** Analysts predict EPS of 3.11 for the current year (neutral).

**Net Tilt:** Mixed signals; slight net bullish bias from institutional buying outweighing analyst downgrade and insider sale."
2025-03-01,8,"**Net Tilt: Bearish**

- **Bearish**: Stocknews.com downgraded ANDE from ""buy"" to ""hold"" (Feb 20). VP Weston Heide sold 800 shares (Feb 19).
- **Bullish**: Stephens maintained ""overweight"" with $55 PT (Feb 19). Institutional ownership increased by 18.4% Q4.
- **Neutral**: Revenue beat expectations ($3.12B vs $2.72B expected). Analysts predict FY EPS of 3.11.

**Net Signal**: Conflicting signals but overall bearish due to downgrade and insider sale."
2025-03-03,7,"**Ownership Increases:** Multiple institutional investors increased their stakes in ANDE, including State Street Corp (+2.2%), Geode Capital Management (+1.9%), Charles Schwab (+23.6%), Victory Capital Management (+7.0%), Ks (+250.0%), and Systematic Financial Management (new stake worth $227k). Principal Financial Group also acquired 4,316 shares. **Direction:** Bullish. Evidence: Significant stake increases indicate investor confidence and potential positive outlook.

**Net Tilt:** Bullish."
2025-03-09,3,"**Revenue Beat:** Bullish. Q4 revenue was $3.12B vs. $2.72B consensus, beating expectations by 14.7%.

**Ownership Increase:** Bullish. Quest Partners LLC increased its stake by 84.2% in Q3.

**EPS Guidance:** Neutral. Analysts forecast FY EPS at $3.11, no change from previous estimates.

**Net Tilt:** Bullish. Revenue beat and significant ownership increase outweigh neutral EPS guidance."
2025-03-12,8,"**Analyst Downgrade:** Stocknews.com downgraded Andersons from ""buy"" to ""hold,"" indicating **bearish** sentiment.

**Insider Sell:** VP Weston Heide sold 800 shares, signaling **bearish** insider activity.

**Mixed Ownership Changes:** State Street Corp, Nordea Investment Management AB, Intech Investment Management LLC, and Charles Schwab Investment Management Inc. increased their stakes, while Victory Capital Management Inc. reduced its stake. This shows **mixed** institutional investor sentiment.

**Price Movement:** Andersons traded down 2.3%, reflecting **bearish** market performance.

**Net Tilt:** Overall, the signals lean **bearish** due to the downgrade and insider sell, despite some positive institutional buying."
2025-03-17,6,"**Analyst Downgrade:** Stocknews.com downgraded ANDE from ""buy"" to ""hold,"" indicating a bearish shift with a reduction in the price target to $0.58.

**Institutional Ownership Growth:** Wellington Management, Nordea Investment Management, BNY Mellon, and Barclays all increased their stakes in ANDE, signaling bullish sentiment. Charles Schwab holds $30.46 million in ANDE stock.

**Net Tilt:** Mixed signals—downgrade is bearish, but significant institutional buying is bullish."
2025-03-18,3,"**Revenue Beat:** Bullish. Q4 revenue was $3.12B vs. estimates of $2.72B, a significant beat.

**Ownership Increase:** Bullish. Charles Schwab Investment Management Inc. increased its stake by 23.6%.

**Held Ownership:** Neutral. Amundi maintained its $1.61M position in ANDE.

**Net Tilt:** Bullish. Revenue beat and ownership increase outweigh stable holding."
2025-03-23,8,"**Insider Activity & Ownership Changes:** Bearish - VP Weston Heide sold 800 shares. Bullish - Nordea Investment Management AB increased holdings by 86.5%, State Street Corp by 2.2%, Intech Investment Management LLC by 375%, and Charles Schwab Investment Management Inc. by 23.6%. Proficio Capital Partners LLC invested $728,000.

**Earnings Estimate:** Neutral - Analysts predict EPS of 3.11 for the current year.

**Net Tilt:** Mixed signals with significant institutional buying offsetting insider selling."
2025-03-25,4,"**Analyst Ratings:** Bearish - Stocknews.com downgraded ANDE from ""buy"" to ""hold"" (Feb 20).

**Ownership Changes:** Bullish - Wellington Management Group acquired a new position worth $2.798M in Q3. Bank of New York Mellon increased holdings by 14.2% in Q4. Inc. holds a $359K position.

**Net Tilt:** Mixed signals with a slight bullish bias due to significant ownership increases despite the downgrade."
2025-04-01,5,"**Insider Activity:** Bearish; VP Weston Heide sold 800 shares. **Institutional Ownership:** Bullish; Wealth Advisors LLC increased stake by 16.8%, Systematic Financial Management LP acquired a new stake valued at $227k, Ep Wealth Advisors LLC bought a new position worth $253k, and Prudential Financial Inc. purchased 47,105 shares. **Net Tilt:** Bullish due to significant institutional buying outweighing insider sell."
2025-04-02,3,"**Analyst Downgrade:** Stocknews.com downgraded ANDE from ""buy"" to ""hold,"" indicating a bearish shift. Evidence: Rating change from ""buy"" to ""hold.""

**Ownership Increase:** Ks increased its stake in ANDE by 250%, suggesting bullish sentiment among some large investors.

**Earnings Announcement:** ANDE released Q4 earnings on Feb 18th, but no specific details on beat/miss or guidance were provided, leaving earnings impact unclear.

**Net Tilt:** Mixed signals with analyst downgrade vs. significant ownership increase, resulting in a slightly net neutral to cautiously bearish stance."
2025-04-05,8,"**Analyst Downgrade:** Stocknews.com downgraded ANDE from ""buy"" to ""hold,"" indicating **bearish** sentiment.

**Ownership Changes:** Multiple institutions increased holdings (Llc +16.8%, Ks +250%, Systematic Financial Management LP, Ep Wealth Advisors LLC), while Sei Investments Co. sold shares, showing mixed **neutral** institutional interest.

**Earnings Guidance:** Analysts expect EPS of $3.11 for the current year, neutral but consistent with previous estimates.

**Net Tilt:** Mixed signals with a slight **bearish** bias due to the analyst downgrade."
2025-04-07,6,"**Insider & Ownership:** Bearish. VP Weston Heide sold 800 shares, and Corebridge Financial Inc. reduced its stake by 7.2%. Vanguard maintained its position.

**Analyst Action:** Neutral. Stephens reiterated an ""overweight"" rating with a $55.00 price target.

**Price Movement:** Bearish. ANDE opened at $38.61, down 6.6% from previous close.

**Net Tilt:** Bearish due to insider sales, ownership reductions, and significant price drop."
2025-04-08,4,"**Institutional Ownership Increase:** Bullish. Bank of New York Mellon Corp increased its position by 14.2% in Q4, while State Street Corp and Geode Capital Management LLC increased their stakes by 2.2% and 1.9%, respectively, in Q3. Additionally, Raymond James Financial Inc. initiated a new position in ANDE. These actions indicate growing institutional confidence in ANDE.

NET TILT: Bullish."
2025-04-13,8,"**Revenue Beat:** Bullish; Q4 revenue was $3.12B vs. expectations of $2.72B.

**Analyst Downgrade:** Bearish; Stocknews.com downgraded ANDE from ""buy"" to ""hold.""

**Institutional Ownership Growth:** Bullish; American Century, Geode Capital, Charles Schwab, and JPMorgan all increased their stakes.

**New Investor Entry:** Bullish; ExodusPoint Capital invested $337K in ANDE.

**Earnings Guidance:** Neutral; Analysts predict EPS of $3.11 for the current year.

**Net Tilt:** Mixed signals with revenue beat and institutional buying offsetting the analyst downgrade."
2025-04-14,2,"**Ownership Changes:**  
- **Bullish:** Ks boosted its holdings in ANDE by 250.0% in Q4, indicating increased confidence.  
- **Bearish:** AllianceBernstein reduced its stake in ANDE, suggesting decreased confidence.  
**Net Tilt:** Mixed signals; further analysis needed.

No other trading-relevant signals from today’s headlines."
2025-04-15,2,"**Earnings Release:** The Andersons, Inc. (ANDE) is scheduled to release Q1 2025 financial results after 4 p.m. ET on May 6. No specific guidance or earnings beat/miss details provided yet. **Neutral** until further data.

No analyst upgrades/downgrades, product launches, or significant legal/catalyst events mentioned. **Net Tilt: Neutral**."
2025-04-17,5,"**Analyst Downgrade & Insider Sell:** Stocknews downgraded ANDE from ""buy"" to ""hold,"" while VP Weston Heide sold 800 shares (bearish).

**Holding Adjustments:** Llc increased holdings by 16.8%, but Franklin Resources decreased holdings by 56.5% (net bearish).

**Earnings Estimate:** Analysts forecast EPS of $3.11 for the current year (neutral).

**Net Tilt:** Bearish due to downgrade and insider sell, offset slightly by holding increase."
2025-04-21,1,"**Buy Recommendation:** A firm recommends buying ANDE stock, citing potential upside.

**Earnings Beat:** Q1 EPS of $1.80 beats estimates by $0.10, with revenue at $650M, slightly above forecasts.

**Analyst Upgrade:** RBC upgrades ANDE to Outperform from Sector Perform, raising PT to $70 from $60.

**Supply Chain Improvements:** Company reports significant progress in supply chain efficiency, reducing costs by 5%.

**Bearish Signal:** However, a legal challenge over environmental practices could delay new projects, potentially impacting future growth.

**Net Tilt:** Bullish, despite legal risks, due to strong earnings and analyst optimism."
2025-04-23,10,"**Ownership Trends:** Bullish. American Century Companies Inc., Geode Capital Management LLC, Charles Schwab Investment Management Inc., and JPMorgan Chase & Co. increased their positions in ANDE by 7.8%, 1.9%, 15.2%, and 10.6% respectively in recent quarters. Bank of New York Mellon Corp also increased its stake by 14.2%. However, Legal & General Group Plc decreased its stake by 0.6%.

**Analyst Ratings:** Neutral. Stephens reaffirmed an ""overweight"" rating with a $55.00 price target.

**Earnings Estimate:** Neutral. Analysts expect EPS of 3.11 for the current year.

**Net Tilt:** Bullish due to significant ownership increases outweighing the minor decrease."
2025-04-24,3,"**Revenue Beat:** Bullish. Q1 revenue was $3.12B vs. estimates of $2.72B, a 14.7% beat.

**Institutional Ownership Changes:** Mixed. Dynamic Technology Lab increased stake by $280K, while Russell Investments cut stake. 

Net Tilt: **Bullish**, with strong revenue beat and new institutional buyer."
2025-04-28,6,"**Ownership Increases:** Multiple institutional investors increased their stakes in ANDE during Q4: Charles Schwab (+15.2%), Intech Investment Management (+221.3%), American Century Companies (+7.8%), and Wellington Management Group (+150.2%). Barclays also acquired shares. **Bullish** on investor confidence.

**Earnings Estimate:** Analysts predict EPS of $3.11 for FY 2025. **Neutral** on guidance but suggests stable expectations.

**Net Tilt:** **Bullish** due to significant ownership increases indicating strong institutional support."
2025-05-01,8,"**Analyst Actions:** Stocknews downgraded ANDE from ""buy"" to ""hold"" (bearish). Stephens maintained ""overweight"" with a $55 PT (neutral).

**Insider Activity:** VP Weston Heide sold 800 shares (bearish).

**Institutional Ownership:** Nordea, Barclays, and KBC increased holdings significantly (bullish).

**Market Performance:** ANDE traded down 0.9% (bearish).

**Net Tilt:** Mixed signals; slight net bearish due to downgrade and insider sell."
2025-05-05,1,"**Analyst Ratings:** BMO Capital Markets initiated coverage on ANDE with a **Neutral** rating, setting a price target of $0.01. This is a **bearish** signal as it suggests no expected upside from current levels.

**Net Tilt:** Bearish due to neutral initiation and very low price target."
2025-05-06,17,"**Earnings Beat:** Bullish. Q1 pre-tax profit of $4.00M vs. consensus $-233.33K; adjusted EPS of $0.12 vs. consensus $-0.10, beating estimates significantly.

**Revenue Miss:** Bearish. Q1 revenue of $2.66B missed consensus $2.83B by 6.17%.

**Profit Trend:** Bearish. Q1 profit down YoY but beat estimates.

**EBITDA:** Mixed. Agribusiness EBITDA $31M positive, overall EBITDA $50M down YoY.

**Dividend:** Bullish. Q1 dividend up to $0.195 from $0.19.

**Expense Guidance:** Bearish. Increased spending anticipated.

**Technical Indicator:** Bullish. RSI oversold suggests potential rebound.

**Net Tilt:** Mixed, with significant earnings beats offsetting revenue miss and expense concerns."
2025-05-07,7,"**Revenue Miss:** Bullish signal muted; The Andersons reported Q1 revenue below expectations.  
**Stock Performance:** Bearish; Shares tumbled up to 11%.  
**Earnings Call:** Neutral; Mixed Q1 results discussed.  
**Price Target Set:** Bullish; Analyst set new $45 price target.  

**Net Tilt:** Bearish due to significant stock loss despite positive analyst action."
2025-05-08,2,"**Price Target Downgrade:** Lake Street downgraded Andersons' price target to $55 from $70, indicating **bearish** sentiment. Despite maintaining a ""Buy"" rating, the reduced price target suggests lower expectations.

**Rating Maintenance:** Lake Street maintains a ""Buy"" rating, but the lowered price target implies a **net bearish** tilt. Evidence points towards reduced valuation expectations despite a positive rating.

NET TILT: Bearish"
2025-05-09,9,"**Net Tilt: Bullish**

**Analyst Actions & Ratings:**
- **Bullish:** Stocknews.com upgraded ANDE from ""hold"" to ""buy.""
- **Neutral:** BMO Capital Markets set a ""market perform"" rating.

**Earnings & Financials:**
- **Bullish:** Reported EPS of $0.16, beating expectations.

**Insider Activity:**
- **Bearish:** VP Weston Heide sold 800 shares.
- **Bullish:** Multiple institutions increased holdings: Ks by 250%, LLC by 426.2%, and Dynamic Technology Lab Private Ltd acquired a new stake worth $280k.

**Conflicting Signals:** Net tilt is bullish due to upgrades and institutional buying outweighing insider sell."
2025-05-10,10,"**Price Target Downgrade:** Lake Street Capital cut ANDE’s price target to $55.00, bearish.

**Revenue Miss:** Q1 revenue of $2.66B missed estimates of $2.85B, -2.3% YOY, bearish.

**Analyst Rating Neutral:** Stephens maintained an “overweight” rating with a $55.00 price target, neutral.

**Institutional Ownership Increase:** Multiple institutions (Vanguard, American Century, Charles Schwab, Northern Trust, Ameriprise) increased holdings, bullish.

**Conflicting Signals:** Revenue miss vs. institutional buying suggests mixed sentiment. Net tilt slightly bearish due to revenue miss and downgrade."
2025-05-12,1,"**Catalyst: Presentation at BMO Capital Markets Conference (May 14, 2025)**

- **Direction:** Neutral to Bullish
- **Evidence:** ANDE is set to present at the BMO Capital Markets Global Farm to Market Conference, which could provide new insights or updates on company performance, strategic initiatives, or industry trends. This event may influence investor sentiment and potentially lead to analyst revisions post-presentation.

NET TILT: Neutral to Bullish"
2025-05-14,8,"**Analyst Ratings & Price Targets:** Stocknews upgraded ANDE to ""buy"" from ""hold,"" while Lake Street Capital lowered the price target from $70 to $55. (Net: Mixed, but bullish sentiment from upgrade.)

**Earnings Performance:** ANDE reported EPS of $0.16, beating expectations. Analysts now forecast FY EPS of 3.11. (Bullish)

**Institutional Ownership:** KBC Group NV and Barclays increased stakes significantly in Q4 and Q3 respectively. (Bullish)

**Market Movement:** Shares opened at $36.36, showing slight gains. (Neutral to Bullish)

**Catalyst:** Jane Street Group LLC acquired shares, indicating interest. (Bullish)

**Net Tilt:** Bullish, with strong institutional support and positive analyst action despite mixed price targets."
2025-05-15,11,"**Analyst Ratings & Insider Activity:** StockNews.com downgraded ANDE to ""Hold"" (bearish). VP Weston Heide sold 800 shares (bearish). However, several institutional investors increased their stakes, including Voloridge Investment Management, Cubist Systematic Strategies, Millennium Management, Nuveen LLC, and another unnamed investor (bullish).

**Revenue & Earnings:** Q1 revenue missed expectations at $2.66B vs. $2.85B analyst estimates (bearish). Stock fell 2.8% (bearish). Stephens maintained an ""overweight"" rating with a $55 price target (neutral/bullish).

**Net Tilt:** Bearish due to downgrade and revenue miss, offset slightly by institutional buying."
2025-05-18,3,"**Ownership Increase:** Bullish. Proficio Capital Partners LLC initiated a new position worth $728,000, and Bank of New York Mellon Corp increased its stake by 14.2%.

**Stock Price:** Neutral. ANDE opened at $36.07 on Thursday.

**Net Tilt:** Bullish due to significant institutional buying."
2025-05-19,7,"**Price Target Downgrade:** Lake Street Capital downgraded Andersons' price target from $70.00 to $55.00 (Bearish).

**Analyst Rating Change:** Stocknews.com downgraded Andersons from ""buy"" to ""hold"" (Bearish).

**Ownership Increase:** KBC Group NV and Barclays PLC significantly increased holdings in Andersons (Bullish).

**Revenue Decline:** Q4 revenue declined by 2.3% YoY (Bearish).

**Earnings Announcement:** Andersons announced Q4 earnings on May 6th (Neutral).

**Net Tilt:** Mixed signals with significant analyst downgrades and revenue decline vs. increased institutional ownership. **NET TILT: Bearish**."
2025-05-21,3,"**Ownership Increase:** Bullish. Ep Wealth Advisors LLC increased its stake in ANDE by 30.0% in Q4, indicating confidence in the stock.

**New Stake Acquisition:** Bullish. An unnamed LLC took a new position in ANDE, suggesting growing interest among investors.

**Stock Performance:** Bearish. ANDE opened at $35.62 on Wednesday, down from previous levels.

**Net Tilt:** Mixed signals with some bullish ownership trends but bearish price action."
2025-05-22,4,"**Ownership Changes:** 
- **Bullish:** Graham Capital Management increased holdings by 138.8%, Ethic Inc. initiated a new stake, and Deutsche Bank boosted its position by 18.8%.
- **Bearish:** Lazard Asset Management reduced its stake by 37.6%.

**Net Tilt:** Bullish, with significant increases from major investors outweighing the reduction from Lazard."
2025-05-23,5,"**Ownership Increases:** Cubist Systematic Strategies LLC, Balyasny Asset Management L.P., Charles Schwab Investment Management Inc., and Intech Investment Management LLC all increased their stakes in ANDE in Q4. Deutsche Bank AG also acquired 9,191 shares. **Direction:** Bullish. **Evidence:** Institutional buying indicates confidence in ANDE’s future prospects.

**Net Tilt:** Bullish."
2025-05-26,19,"**Net Tilt: Bearish**

**Analyst Actions & Price Target:**
- **Bearish:** Lake Street Capital downgraded ANDE from $70.00 to $55.00.
- **Neutral-Bearish:** Zen downgraded from ""Buy"" to ""Hold.""

**Ownership Changes:**
- **Bullish:** Multiple institutions increased stakes (Wellington Management, Ameriprise, American Century, Charles Schwab, Northern Trust, JPMorgan, KBC Group, Walleye Capital).
- **Bearish:** Markets reduced stock position.

**Revenue Performance:**
- **Bearish:** Q4 revenue missed expectations ($2.66B vs. $2.85B expected) and declined YoY by 2.3%.

**Earnings:**
- **Neutral:** Analysts predict EPS of 3.11 for FY.

**Stock Price:**
- **Bearish:** Open at $34.01 on Monday."
2025-05-28,2,"**Ownership Increase:** Bullish. Exchange Traded Concepts LLC increased holdings by 5.5% in Q4, indicating confidence in the stock.

**Analyst Rating:** Neutral. Stephens reiterated an ""overweight"" rating but did not change the $55.00 price target, suggesting mixed signals.

**Net Tilt:** Slightly Bullish due to ownership increase, despite neutral analyst rating."
2025-05-29,7,"**Lake Street Capital downgraded Andersons' price target to $55.00 from $70.00 (Bearish)**

**Bank of New York Mellon and Barclays increased holdings by 14.2% and 347.7%, respectively (Bullish)**

**Revenue missed estimates at $2.66B vs. $2.85B consensus (Bearish)**

**Llc acquired 37,410 shares (Bullish)**

**Net Tilt: Mixed, with significant bearish signals from the downgrade and revenue miss offsetting bullish institutional buying.**"
2025-05-30,2,"Analyst Zen downgraded ANDE from ""buy"" to ""hold,"" citing concerns (bearish). KBC Group NV increased holdings by 70.3% in Q4, indicating institutional confidence (bullish). Net tilt: mixed signals with slight bullish bias due to significant institutional增持改为increase：Net tilt: Mixed signals, slight bullish bias due to significant institutional increase, but analyst downgrade raises caution.

Revised without redundancy:
Zen downgraded ANDE to ""hold"" (bearish), while KBC Group NV increased holdings by 70.3% in Q4 (bullish). Net tilt: Mixed signals, slight bullish bias."
2025-05-31,7,"**Ownership Increases:** Multiple institutional investors increased their stakes in ANDE: American Century Companies Inc. (+7.8%), Charles Schwab Investment Management Inc. (+15.2%), Northern Trust Corp (+11.0%), Ameriprise Financial Inc. (+21.4%), and JPMorgan Chase & Co. (+10.6%). **Bullish**.

**Analyst Rating:** Stephens reiterated an ""overweight"" rating with a $55.00 price target. **Bullish**.

**Stock Performance:** ANDE stock up 0.2%. **Slightly Bullish**.

**Net Tilt:** Strongly Bullish."
2025-06-01,1,"**Ownership Increase:** Bullish. MetLife Investment Management LLC increased its holdings in Andersons by 7.3% in Q4, indicating institutional confidence.

**Net Tilt:** Bullish."
2025-06-03,5,"**Price Target Downgrade:** Lake Street Capital downgraded Andersons' price target from $70.00 to $55.00 (bearish).

**Ownership Increases:** Bank of New York Mellon Corp increased holdings by 14.2% in Q4 (bullish); Barclays PLC increased holdings by 347.7% in Q3 (bullish).

**Rating Reiteration:** Stephens reissued an ""overweight"" rating with a $55.00 target price (neutral).

**Stock Performance:** Andersons stock gained 0.2% (slightly bullish).

**Net Tilt:** Mixed signals; slight net bullish bias due to ownership increases and minor stock gain, but bearish pressure from downgrade."
2025-06-04,6,"**Ownership Increases:** Wellington Management, Voloridge Investment Management, Cubist Systematic Strategies, Millennium Management, and Balyasny Asset Management all increased their stakes or initiated new positions in ANDE in Q4. **Direction:** Bullish. **Evidence:** Institutional buying indicates confidence in the stock.

**Stock Price:** Shares of ANDE opened at $35.31 on Wednesday. **Direction:** Neutral. **Evidence:** No significant movement from previous close.

**Net Tilt:** Bullish due to multiple institutional investors increasing their stakes."
2025-06-12,10,"**Net Tilt: Bearish**

- **Bearish**: Lake Street Capital downgraded Andersons to a hold with a reduced price target from $70.00 to $55.00.
- **Bearish**: Zen downgraded Andersons from buy to hold.
- **Bearish**: Revenue declined by 2.3% QoQ.
- **Neutral**: EPS was $0.16, slightly positive but below expectations.
- **Bullish**: Multiple institutions increased holdings: Ep Wealth Advisors (+30%), De (+60.7%), Barclays (+347.7%).
- **Neutral**: Llc acquired additional shares (77,146).
- **Bearish**: Stock price fell by 1.4%.

**Conflicting signals; net tilt bearish due to multiple downgrades and revenue decline.**"
2025-06-14,4,"**Ownership Increase:** Bullish; LLC increased stake by 16.8%, indicating confidence.

**Analyst Rating:** Neutral; Stephens reaffirmed ""overweight"" with a $55.00 price target.

**Revenue Miss:** Bearish; Q revenue was $2.66B vs. estimates of $2.85B, missing by $190M.

**Net Tilt:** Mixed signals; ownership increase and analyst reaffirmation are bullish, while revenue miss is bearish."
2025-06-19,3,"**Price Target Downgrade:** Lake Street Capital downgraded ANDE’s price target from $70.00 to $55.00 (Bearish).

**Ownership Increase:** Llc increased its stake in ANDE by 426.2% in Q1 (Bullish).

**Dividend Announcement:** ANDE announced a third-quarter 2025 cash dividend of 19.5 cents (Neutral).

**Net Tilt:** Mixed signals with a slight bearish bias due to the price target downgrade."
2025-06-28,8,"**Lake Street Capital downgraded Andersons' target price from $70.00 to $55.00, bearish.** Advisers and LLC increased positions by 2.7% and 426.2%, respectively, bullish. Revenue fell 2.3% YOY, bearish. Andersons stock lost 1.5%, bearish. Ownership decreased as Revenue reduced its stake by 2.4%, bearish. Analysts predict EPS of 3.11 for the year, neutral. **Net tilt: Bearish.**"
2025-06-30,1,"**DIRECTION:** Bearish  
**EVIDENCE:** Ande was dropped from the Russell 3000 Growth index due to its ESG score of 0.57, indicating a significant decline in environmental, social, and governance standards. This delisting could lead to reduced institutional investment and increased selling pressure."
2025-07-03,8,"**Price Target Downgrade:** Lake Street Capital downgraded ANDE’s price target from $70.00 to $55.00 (Bearish).

**Institutional Ownership Changes:**
- Bullish: Bank of New York Mellon, Proficio Capital Partners, Charles Schwab Investment Management, Raymond James Financial, and Amundi increased stakes or initiated positions.
- Bearish: One fund reduced its position by 5.3% (Bearish).

**Stock Performance:** ANDE stock up 2.0% (Bullish).

**Net Tilt:** Mixed signals with institutional buying outweighing the downgrade and slight sell-off, indicating a cautiously positive bias."
2025-07-08,6,"**Ownership Increase:** Bullish. Llc increased its stake by 2.0% in Q1, Wellington Management Group LLP grew holdings by 150.2% in Q4, and another Llc increased holdings by 16.8% in Q4.

**Stock Performance:** Bearish. ANDE opened at $37.49 on Tuesday, down slightly from previous close.

**Institutional Holding:** Neutral. New York State Teachers Retirement System holds $2.50 million in ANDE stock.

**Net Tilt:** Mixed signals with ownership increases offsetting slight stock decline."
2025-07-09,2,"**Andersons (ANDE)**

- **Stock Performance:** Bullish. Stock up 1.7%.
- **Stake Acquisition:** Bullish. Cambridge Investment Research Advisors Inc. acquired shares, indicating institutional interest.

**Net Tilt:** Bullish."
2025-07-10,1,"Lake Street Capital downgraded Andersons, cutting the target price from $70.00 to $55.00. **Bullish** signals are limited; the primary **bearish** signal is the downgrade and reduced price target, indicating a less optimistic outlook. No other significant trading signals were provided in the headlines. Net tilt is **bearish**."
2025-07-11,6,"**Theme: Institutional Ownership Changes**

- **Bullish**: American Century Companies Inc., Charles Schwab Investment Management Inc., Northern Trust Corp, Ameriprise Financial Inc., and JPMorgan Chase & Co. all increased their stakes in ANDE by 7.8%, 15.2%, 11.0%, 21.4%, and 10.6% respectively in Q4.
- **Bearish**: Amalgamated Bank reduced its stock holdings in ANDE.

**Net Tilt**: Bullish due to significant increases from major institutions outweighing the single reduction."
2025-07-15,2,"**Earnings Release:** ANDE is scheduled to release Q2 2025 financial results after 4 p.m. ET on August 4. No specific guidance or earnings beat/miss details provided yet. **Neutral** until further data.

No other trading-relevant signals present in today’s headlines."
2025-07-16,8,"**Ownership Increases:** Multiple institutions increased their stakes in ANDE, including Principal Financial Group (4,135 shares purchased), Llc (426.2% increase), American Century Companies (7.8% increase), Ameriprise Financial (21.4% increase), JPMorgan Chase (10.6% increase), and Bridgeway Capital Management (2.6% increase). **Bullish** on investor confidence.

**Price Movement:** ANDE traded down 1.6%. **Bearish** on short-term market sentiment.

**Net Tilt:** Mixed signals with significant institutional buying but recent price decline."
2025-07-25,3,"**Ownership Increase:** Bullish. Allspring Global Investments Holdings LLC increased its stake in ANDE by 148.2% in Q1, indicating confidence. Additionally, Two Sigma Investments LP initiated a new position worth $690,000 in the fourth quarter.

**Stock Price:** Neutral. ANDE opened at $36.09 on Friday, with no specific directional movement indicated.

**Net Tilt:** Bullish due to significant institutional buying."
2025-07-30,4,"**Price Target Downgrade:** Lake Street Capital downgraded ANDE’s price target from $70.00 to $55.00, indicating **bearish** sentiment.

**Ownership Increase:** Llc increased its stake in ANDE by 2.0% in Q1, showing **bullish** institutional interest.

**Investment Activity:** Llc invested $230,000 in ANDE, further signaling **bullish** institutional confidence.

**Stock Price:** ANDE opened at $36.65 on Wednesday, neutral but below the new PT of $55.00, suggesting **bearish** pressure.

**Net Tilt:** Conflicting signals with net **slightly bearish** tilt due to the significant downgrade."
2025-07-31,1,"**Dividend Announcement:** On June 19, 2025, ANDE declared a Q3 2025 dividend of $0.195 per share. **Direction:** Neutral. Evidence: Dividends provide income but do not directly impact stock valuation or growth prospects.

No other trading-relevant signals were provided in the given headline."
2025-08-01,3,"**Ownership Increase:** Bullish. Denali Advisors LLC increased its stake by 11.4%, and GSA Capital Partners LLP also purchased shares.

**Earnings Estimate:** Neutral. Analysts expect EPS of $3.11 for the current fiscal year, unchanged from previous estimates.

**Net Tilt:** Bullish. Institutional buying indicates confidence in ANDE’s prospects."
2025-08-03,8,"**Analyst Ratings:** Zen downgraded ANDE from ""buy"" to ""hold,"" negative (-0.58).

**Ownership Changes:** 
- Trexquant Investment LP and AQR Capital Management increased holdings, positive (0.37 each).
- Vestcor Inc. purchased shares, positive (0.18).

**Revenue:** Q2 revenue declined 2.3%, negative (-0.24).

**Earnings & Dividends:** 
- Expected EPS of $0.53, neutral (0.0).
- Company declared a quarterly dividend, neutral (0.0).

**Net Tilt:** Mixed signals with significant analyst downgrade and revenue decline vs. positive ownership trends. **NET TILT: SLIGHTLY BEARISH.**"
2025-08-04,18,"**Revenue Positive:** Q2 revenue $3.14B vs. $2.86B est., up 9.52%. **EPS Negative:** Q2 adj. EPS $0.24 vs. $0.53 est., missing by $0.29. **CapEx Up:** H1 capex $95.38M vs. $55.39M. **EBITDA Down:** Q2 EBITDA $65.19M vs. $98.28M. **Pre-Tax Profit Positive:** Q2 pre-tax profit $37M vs. $33.13M est. **Dividend Up:** Q2 dividend per share $0.195 vs. $0.19. **Acquisition:** Bought Marathon Ethanol stake for $425M, acquiring full JV stake. **Stock Performance:** Shares down 14% YTD.

**Net Tilt:** Bearish due to EPS miss, EBITDA decline, and higher capex, despite revenue beat and pre-tax profit beat."
2025-08-05,4,"**Earnings:** Q2 EPS dropped to $0.74, missing estimates by 79%, indicating **bearish** sentiment due to significant underperformance.

**Acquisition:** Completed acquisition of remaining 49.9% stake in The, signaling **bullish** growth strategy but no immediate financial impact noted.

**Conference Call:** Scheduled for further details, potentially providing clarity on future guidance and operational updates.

**Net Tilt:** Bearish due to earnings miss, offset slightly by strategic acquisition."
2025-08-06,4,"**Earnings:** Bullish. Andersons reported EPS of $1.05, beating expectations of $0.61.

**Ownership Increases:** Bullish. Both Llc and Mirae ASSET GLOBAL ETFS HOLDINGS Ltd. increased their stakes in Andersons by 2.0% and 3.5%, respectively.

**Stock Price:** Bearish. Shares closed at $34.96, down slightly from previous levels.

**Net Tilt:** Net bullish due to strong earnings and significant ownership increases outweighing minor stock price decline."
2025-08-14,1,"**Executive Appointment:** The Andersons appointed Emmanuel Ayuk as Executive Vice President, General Counsel (ESS 0.53). **Direction:** Neutral. **Evidence:** No direct impact on financials or operations noted, but could indicate strategic realignment or legal risk mitigation efforts."
2025-08-19,10,"**Revenue Beat:** Bullish. Q2 revenue was $3.14B vs. estimates of $2.86B, a 12.2% increase YoY.

**Institutional Ownership Growth:** Bullish. Multiple institutions increased stakes: GSA Capital (+93.3%), Public Sector Pension (+27.3%), Nuveen ($5.4M new position), Invesco (+12.5%), Mutual of America (new position), Charles Schwab (acquired 48,596 shares), and First Wilshire.

**Net Tilt:** Strongly Bullish."
2025-08-20,6,"**Ownership Increases:** Multiple firms increased stakes in ANDE: Voloridge Investment Management LLC ($8.65M), Cubist Systematic Strategies LLC ($8.545M), Millennium Management LLC (+3,547.8%), and D.E. Shaw & Co. Inc. (new stake). **Bullish** on investor confidence.

**Stock Performance:** ANDE stock trading up 0.9%. **Bullish** on market sentiment.

**Net Tilt:** Bullish."
2025-08-21,8,"**Lake Street Capital downgraded Andersons' target price to $55.00 from $70.00 (Bearish)**. **Andersons reported EPS of $1.05, beating expectations (Bullish)**. **Steven Oakland appointed to the board (Neutral)**. **Llc increased holdings by 426.2% in Q1 (Bullish)**. **Deutsche Bank reduced its position (Bearish)**. **Stock opened at $38.28 (Bearish)**. **Dividend unchanged at $0.195 per share (Neutral)**. **Net Tilt: Bearish**."
2025-08-30,4,"**Lake Street Capital downgraded Andersons (ANDE) to a lower price target of $55.00 from $70.00 (Bearish)**. Despite this, ANDE beat revenue expectations with Q revenue at $3.14B vs. consensus of $2.86B (Bullish). Metlife Investment Management LLC increased its stake by 7.3% in the latest quarter (Bullish). Earnings were reported on Aug 4th but details not provided (Neutral). **Net Tilt: Mixed**."
2025-08-31,4,"Revenue growth: Bullish; Andersons reported a 12.2% increase in revenue YoY. Ownership trends: Mixed; Llc increased its position by 426.2%, while Northern Trust Corp reduced its stake by 0.3%. New investor interest: Bullish; Ltd acquired a new stake in the company. Net tilt: Slightly bullish due to strong revenue growth and significant stake increases outweighing minor reductions."
2025-09-07,10,"**Revenue Beat:** Bullish. Q3 revenue was $3.14B vs. $2.86B consensus.

**Institutional Ownership Increases:** Bullish. Northern Trust, Comerica Bank, Jane Street, Ameriprise Financial, and Bank of America all significantly increased their stakes.

**Corebridge Decrease:** Bearish. Corebridge Financial reduced its position by 1.9%.

**Stock Performance:** Mixed. Stock down 0.2%, opened at $41.40.

**Earnings Data:** Neutral. Earnings data posted on Aug 4th, no new info provided."
2025-09-12,5,"**Earnings:** Bullish. Andersons reported EPS of $1.05, beating expectations of $0.61.

**Analyst Action:** Bearish. Zen downgraded Andersons from ""buy"" to ""hold"" on May 15th.

**Ownership Changes:** Mixed. Mutual of America Capital Management LLC and another entity increased holdings, while Intech Investment Management LLC maintains a significant stake at $5.96M.

**Net Tilt:** Neutral with a slight bearish bias due to the downgrade."
2025-09-13,3,"**Ownership Changes:** Ameriprise Financial increased holdings by 21.4%, indicating **bullish** sentiment (0.37). Conversely, Amundi reduced holdings, signaling **bearish** sentiment (-0.34).

**Earnings Update:** ANDE released Q4 earnings on Aug 4th with no significant beat or miss reported (0.0).

**Net Tilt:** Mixed signals from ownership changes; overall slightly **bullish** due to larger increase from Ameriprise compared to reduction by Amundi."
2025-09-15,4,"**Revenue Beat:** Bullish. Q3 revenue was $3.14B vs. expectations of $2.86B, a 10% beat.

**Ownership Changes:** Mixed. Vanguard increased stake by 2.9%, while another advisor decreased holdings. 

**Stock Performance:** Bearish. ANDE shares opened at $40.23, down from previous close.

**Net Tilt:** Neutral with slight bullish bias due to strong revenue performance."
2025-09-16,2,"**Acadian Asset Management LLC Buys 25,885 Shares of The Andersons, Inc.**  
- **Direction:** Bullish  
- **Evidence:** Institutional buying indicates confidence in the stock’s future performance.

**Andersons Stock Opens at $38.45**  
- **Direction:** Neutral  
- **Evidence:** No significant change in opening price suggests stable market sentiment.

**Net Tilt:** Slightly Bullish  
- **Reasoning:** Institutional purchase is a positive signal, but lack of price movement indicates mixed market sentiment."
2025-09-23,4,"**Revenue Beat:** Bullish. Q3 revenue was $3.14B vs. $2.86B consensus, beating expectations by 10%.

**Institutional Ownership Increase:** Bullish. Stephens Inc. AR initiated a new position worth $275K, and Voya Investment Management LLC bought 9,911 shares.

**Stock Price Movement:** Bearish. Despite positive signals, stock fell 0.6% today.

**Net Tilt:** Mixed signals with a slight bullish bias due to strong revenue beat and institutional buying outweighing the minor price drop."
2025-09-24,3,"**Revenue Growth:** Bullish. Andersons reported a 12.2% YoY increase in quarterly revenue, indicating strong sales performance.

**Institutional Ownership:** Bullish. Two Sigma Investments LP initiated a new position worth $690,000, signaling institutional confidence.

**Stake Purchase:** Bullish. Exchange Traded Concepts LLC added 1,540 shares, further supporting positive sentiment.

**Net Tilt:** Strongly Bullish. Multiple bullish signals with no conflicting bearish data."
2025-10-06,2,"Institutional ownership trends mixed: Llc increased stake in ANDE by 426.2%, signaling **bullish** sentiment (evidence: significant stake increase). Conversely, Ohio reduced its stake by 0.34%, indicating **bearish** sentiment (evidence: stake decrease). Net tilt: **mixed** due to conflicting signals."
2025-10-13,3,"**Revenue Growth:** Bullish. Andersons reported Q4 revenue up 12.2%, beating EPS estimates by $0.04.

**Institutional Ownership:** Bullish. Charles Schwab Investment Management Inc. increased its stake by 6.5%.

**Acquisition:** Bullish. The firm acquired 3,115 additional shares, indicating continued confidence in the stock.

**Net Tilt:** Bullish. Multiple positive signals suggest strong support and growth momentum."
2025-10-14,1,"**Earnings Release:** ANDE is set to announce Q3 2025 financials post-market today. No specific guidance or analyst actions mentioned yet. **Neutral** until details emerge.

*No conflicting signals present.*"
2025-10-24,3,"Institutional ownership mixed: Vanguard increased stake by 2.9%, bullish; Allspring sold 932 shares, bearish. Stock performance positive: Andersons stock up 1.5%. Net ownership tilt slightly bullish due to Vanguard’s larger position adjustment.

Direction: Mixed (slightly net bullish)
Evidence: 
- Bullish: Vanguard increased position by 2.9%.
- Bearish: Allspring sold 932 shares.
- Positive stock movement: Andersons stock up 1.5%.

NET TILT: SLIGHTLY BULLISH"
2025-10-31,3,"**Ownership Changes:** Principal Financial Group Inc. increased its stake by 2.7%, indicating **bullish** sentiment (ownership increase). Conversely, Ethic Inc. reduced its stake by 31.0%, signaling **bearish** sentiment (ownership decrease). The net effect is mixed, with significant bearish pressure from Ethic Inc.'s large reduction.

**Stock Price:** Andersons stock opened at $46.89, showing no change from the previous close.

**Net Tilt:** Mixed, leaning slightly **bearish** due to the substantial stake reduction by Ethic Inc."
2025-11-02,3,"**Ownership Increase:** Bullish. Canada Pension Plan Investment Board increased its stake in ANDE by 57.1% in Q2, indicating institutional confidence.

**Stock Performance:** Bearish. ANDE stock fell 1.2% today.

**Earnings Estimate:** Neutral. Analysts forecast EPS of $0.3867 for the next period.

**Net Tilt:** Mixed signals with a slight lean towards bearish due to recent stock performance."
2025-11-04,10,"**Earnings:** Bullish. Q3 adjusted EPS $0.84 vs. consensus $0.46, beating estimates significantly. Adjusted EBITDA $78M.

**Revenue:** Bearish. Q3 revenue $2.68B missed consensus $2.885B by 7.19%.

**Stock Performance:** Bullish. Shares up 15% YTD.

**Net Tilt:** Mixed, but earnings beat provides strong bullish signal."
2025-11-05,7,"**Revenue Guidance Down**: Bullish signal muted; Q4 revenue expected down (bearish).

**Earnings Beat**: Bullish; Q3 net profit adjusted USD 28.52M vs consensus USD 15.78M.

**Pretax & EBITDA Decline**: Bearish; Q3 pre-tax profit USD 25.80M vs USD 60.45M, EBITDA adjusted USD 71.80M vs USD 97.40M.

**Dividend Increase**: Bullish; Q3 dividend per share increased to USD 19.50 cents from USD 19 cents.

**Conference Call**: Neutral; Q3 earnings call scheduled.

**Summary**: Mixed signals with earnings beat offsetting revenue and profitability declines. **NET TILT: SLIGHTLY BEARISH** due to revenue and profitability warnings despite earnings beat and dividend hike."
2025-11-06,2,"**Price Target Upgrade:** BMO Capital upgraded Andersons' price target to $50 from $45, indicating a **bullish** stance based on potential upside.

**Rating Neutral:** Despite the price target increase, BMO Capital maintained a ""Market Perform"" rating, suggesting a **neutral** overall view.

**Net Tilt:** The conflicting signals result in a **net neutral** tilt, with mixed sentiments from the analyst."
2025-11-08,1,"**EBIT Below Expectations**: The Andersons Inc. reported Q3 EBIT of $7.60M vs. consensus of $30.50M, significantly missing expectations (-$22.90M miss). **Bullish signals weak**; **Bearish signals strong** due to substantial earnings shortfall."
2025-11-09,8,"**Price Target Upgrade:** BMO Capital Markets raised ANDE’s price target from $45.00 to $50.00 (Bullish).

**Institutional Ownership Increases:** Multiple institutions (Vanguard, First Trust Advisors, Charles Schwab, Geode Capital Management) increased their stakes in ANDE (Bullish).

**Revenue Miss:** QTR revenue was $2.68B vs. expected $2.85B (Bearish).

**Stock Performance:** ANDE stock gained 2.9% (Bullish).

**EPS Guidance:** Analysts forecast FY EPS at $3.11 (Neutral).

**Net Tilt:** Bullish due to upgrades and increased ownership despite revenue miss."
2025-11-13,1,"**Insider Activity:** Bearish. Andersons Inc VP Rex sold $154k in shares, indicating potential insider concerns about near-term performance."
2025-11-14,4,"**Bullish Signals:**
- **Price Target Upgrade:** BMO Capital Markets upgraded ANDE’s target price from $45.00 to $50.00.
- **Revenue Growth:** QoQ revenue increased by 2.2%.
- **Increased Ownership:** Denali Advisors LLC increased holdings by 11.4%.

**Bearish Signals:**
- None.

**Net Tilt:** Bullish

**Evidence Summary:**
- Analyst upgrade with higher price target indicates positive outlook.
- Revenue growth suggests improving business performance.
- Increased institutional ownership signals confidence among major investors."
2025-11-17,2,"**Ownership Increase:** Bullish. Sumitomo Mitsui Trust Group Inc. bought a new stake in ANDE valued at $340,000, indicating institutional confidence. Additionally, Connor Clark & Lunn Investment Management Ltd. invested $1.72 million, further signaling support."
2025-11-22,5,"**BMO Capital Markets upgraded ANDE’s target price from $45.00 to $50.00**, bullish. **VP Anne G. Rex sold 3,000 shares**, bearish. **Geode Capital increased holdings by 0.6%**, bullish. **LSV Asset Management reduced holdings by 32.7%**, bearish. Analysts predict EPS of 3.11 for FY, neutral. **Net tilt**: mixed, with slight lean negative due to insider sell and significant stake reduction."
2025-11-26,1,"**Stock Performance:** Bullish. Andersons Inc. stock hit a 52-week high at $51.98, indicating strong investor sentiment and potential positive momentum.

**Net Tilt:** Bullish."
2025-11-30,6,"**BMO Capital Markets upgraded ANDE’s target price from $45.00 to $50.00**, bullish. **Q3 EPS beat expectations at $0.80**, bullish. Revenue grew 2.2% YoY, bullish. **Inc. increased holdings by 13.5%**, bullish. **American Century Companies reduced stake by 18.9%**, bearish. Net tilt: **Bullish** due to positive financials and upgrades outweighing ownership reduction."
2025-12-02,4,"Insider sell by VP Anne G. Rex (3,000 shares) is bearish. Invesco Ltd. increased holdings by 12.5%, bullish. Andersons stock gained 0.7%, bullish. Invesco holds $918k in Andersons, neutral. Net tilt: mixed signals, slight lean negative due to insider sale."
2025-12-05,6,"**Insider Activity:** Bearish; VP Anne G. Rex sold 3,000 shares.

**Revenue Performance:** Bullish; Q4 revenue up 2.2%.

**Ownership Changes:** Bullish; Magnetar Financial LLC acquired a new stake worth $1.331M, and Acadian Asset Management LLC increased its position by 61.8%. Edgestream Partners L.P. also made a new investment.

**Earnings Data:** Neutral; earnings report posted on Nov 4th, no specific beat/miss details provided.

**Net Tilt:** Mixed signals with slight bullish bias due to institutional buying and revenue growth, offset by insider selling."
2025-12-08,8,"**Bullish Signals:**
- **Price Target Upgrade:** BMO Capital Markets raised PT from $45.00 to $50.00.
- **Institutional Ownership Growth:** Multiple institutions (Vanguard, Charles Schwab, Mutual of America, Invesco, Nuveen, First Trust) increased stakes or initiated positions.

**Net Tilt:** Bullish. Institutional buying and upgraded price targets indicate positive sentiment."
2025-12-10,3,"**Andersons (ANDE)**

- **Bullish**: BMO Capital upgraded ANDE from Market Perform to Outperform, citing positive outlook.
- **Bullish**: Shares gained 5% on Wednesday following the upgrade.

**Net Tilt:** Bullish

Trader Action: Consider BUY for the next session based on analyst upgrade and share price movement."
2025-12-11,3,"**Dividend Increase:** Bullish. The Andersons Inc. raised its quarterly dividend to 20 cents from 19.5 cents, marking a nearly three percent increase. This reflects strong financial health and confidence in future earnings.

NET Tilt: **Bullish**."
2025-12-12,5,"**Revenue Growth:** Bullish; QoQ revenue up 2.2%, indicating improving sales trends.

**Dividend Cut:** Bearish; dividend reduced, signaling potential financial pressure or reinvestment priorities.

**Stock Performance:** Bullish; stock price increased by 0.6%.

**Earnings Guidance:** Neutral; analysts predict 3.11 EPS for the current year, maintaining expectations.

**Net Tilt:** Mixed signals with revenue growth and stock performance positive, while dividend cut suggests caution."
2025-12-17,1,"**Insider Sell:** Andersons insider sold shares worth $275,000 (bearish). This suggests internal concerns about the stock’s near-term prospects.

NET TILT: Bearish"
