date,n_headlines,summary
2023-01-01,11,"**Revenue Beat:** Bullish; Q4 revenue was $47.73M vs. expectations of $47.00M.

**Institutional Ownership Growth:** Bullish; multiple institutions increased holdings: Eaton Vance by 44,565.5%, Invesco by 17.6%, Exchange Traded Concepts by 3.7%, and Cubist Systematic Strategies and Department by significant percentages in different quarters.

**Stock Price Drop:** Bearish; MSEX stock fell 3.9% on Friday despite positive earnings and revenue beat.

**Net Tilt:** Mixed signals but overall slightly bullish due to strong institutional support and revenue beat."
2023-01-03,4,"**Ownership Changes:** 
- **Bullish:** Inc. increased its stake in MSEX by 67.9%, indicating confidence.
- **Bearish:** Llc reduced its position, showing some hesitation.
- **Bullish:** Raymond James & Associates initiated a new position worth $316,000.

**Net Tilt:** Bullish due to significant stake increases outweighing the reduction."
2023-01-08,5,"**Revenue Beat:** Bullish. Q4 revenue was $47.73M vs. estimates of $47.00M.

**Institutional Ownership Increase:** Bullish. Both Bank of Montreal and System increased holdings by 2.1% and 2.0%, respectively.

**Analyst Estimate:** Neutral. EPS forecast for FY is $2.29.

**Net Tilt:** Bullish. Revenue beat and institutional buying indicate strong fundamentals."
2023-01-09,6,"**Ownership Trends:** Bullish. BNY Mellon, American Century, Citigroup, and MetLife all increased their stakes in MSEX, with MetLife’s increase being particularly significant at 57.2%. However, Revenue trimmed its stake by 8.2%, indicating some mixed signals.

**Price Action:** Neutral. MSEX opened at $80.02 on Monday, showing no change from previous close.

**Net Tilt:** Slightly Bullish due to multiple large institutional increases outweighing the single reduction."
2023-01-11,2,"Insider activity shows mixed signals: VP Bernadette M. Sohler sold 2,200 shares (bearish), while an unnamed institutional investor increased holdings by 7.0% in Q3 (bullish). Net direction unclear due to conflicting insider actions."
2023-01-15,4,"**Ownership Increases:** Bullish. Bank of Montreal Can increased holdings by 2.1%, and Janney Montgomery Scott LLC grew its stake by 5.3%. Assenagon Asset Management S.A. also bought 13,731 shares.

**Earnings Release:** Neutral. Middlesex Water released its quarterly earnings data on October 28th, but no specific details on EPS or revenue were provided in the headlines.

**Net Tilt:** Bullish due to multiple ownership increases."
2023-01-18,4,"**Ownership Changes:**  
- **Bullish:** Bank of Montreal increased its stake in MSEX by 2.1%.  
- **Bearish:** Comerica Bank reduced its holdings in MSEX.  

**Price Movement:**  
- **Bearish:** MSEX traded down 0.6%.  

**Holding Details:**  
- **Neutral:** Comerica Bank holds a $2.53 million position in MSEX.  

**Net Tilt:** Mixed signals with slight lean towards bearish due to price decline and reduction in holdings by Comerica Bank."
2023-01-28,5,"**Insider Activity:** Bearish - VP Bernadette M. Sohler sold 2,200 shares, indicating potential insider concerns.

**Ownership Changes:** Bullish - Exchange Traded Concepts LLC increased stake by 3.7%, while another entity increased by 67.9%. Girozentrale invested $338,000, showing institutional interest.

**Earnings Estimate:** Neutral - Analysts predict EPS of 2.29 for FY, no change from previous estimates.

**Net Tilt:** Mixed signals with slight bullish bias due to significant institutional buying despite insider sell-off."
2023-01-30,5,"**Management Activity:** Bearish. Management sold 584 shares and reduced their position by 9.3%, indicating a lack of confidence.

**Revenue Performance:** Bullish. Q4 revenue was $47.73M, beating estimates of $47.00M, showing strong execution.

**Stock Price:** Neutral. Opened at $85.93 on Monday, unchanged from previous close.

**Net Tilt:** Mixed signals with management activity bearish and revenue performance bullish."
2023-02-02,8,"Institutional ownership trends show mixed signals for MSEX. Bullish: Bank of New York Mellon, American Century Companies, Citigroup, Bank of Montreal, Metlife Investment Management, and Exchange Traded Concepts all increased their stakes, with Metlife showing a significant 57.2% boost. Bearish: Allspring Global Investments reduced its position by 44.6%. MSEX stock closed up 3.0%, indicating some positive market sentiment. Net tilt: Bullish due to multiple large increases outweighing the substantial reduction."
2023-02-03,1,"**Dividend Unchanged:** Bullish. Middlesex Water Co. (MSEX) maintained its quarterly cash dividend at $0.3125 per share, signaling stability and confidence in its financial position. This move supports investor returns and may attract income-focused investors."
2023-02-06,14,"**Ownership Trends:** Captrust Financial Advisors significantly increased its stake by 2,666.7%, while several firms like Quantbot Technologies, Bank of New York Mellon, American Century Companies, Citigroup, Bank of Montreal, Metlife Investment Management, Exchange Traded Concepts, Mutual of America Capital Management, and Raymond James & Associates either initiated or increased their positions. However, Yousif Capital Management LLC reduced its holdings. **Net Direction:** Bullish due to substantial increases outweighing minor reductions.

**Price Action:** Middlesex Water traded up 0.7%. **Direction:** Bullish.

**Analyst Actions:** No specific analyst actions reported. **Direction:** Neutral.

**Net Tilt:** Bullish."
2023-02-09,5,"**Insider Activity & Ownership Changes:** Bearish - VP Bernadette M. Sohler sold 2,200 shares, indicating potential insider concerns. However, Llc purchased a new stake, showing institutional interest.

**Stock Performance:** Bearish - MSEX opened at $86.09, down 0.11% from previous close.

**Ownership Details:** Neutral - Victory Capital Management Inc. holds a $542,000 position, maintaining stable ownership.

NET TILT: Bearish due to insider sell, despite new institutional interest."
2023-02-10,1,"**Ownership Update:** Manufacturers Life Insurance Company increased its position in MSEX to $538,000. **Bullish** as institutional buying often signals confidence in the stock’s future performance.

---

No other trading-relevant signals provided in the given headline."
2023-02-12,9,"Bullish signals: Captrust Financial Advisors increased stake by 2,666.7%, Mutual of America Capital Management LLC increased holdings by 17.0%, Barclays PLC increased position by 16.5%, Exchange Traded Concepts LLC increased position by 3.7%, Raymond James & Associates purchased a new stake. Bearish signal: One LLC reduced position. Net bullish tilt due to significant increases from major investors."
2023-02-13,2,"**Dividends:** Bullish. Middlesex Water declared a dividend of $0.31 per share, indicating financial stability and confidence in future earnings.

**Revenue:** Neutral. Revenue came in at $186MM, meeting expectations but lacking specific growth or decline details to tilt sentiment decisively.

NET TILT: Neutral. The dividend suggests positive financial health, but the revenue figure alone does not provide enough directional signal to override this."
2023-02-15,3,"**Ownership Increases:** 
- **Bullish:** Janney Montgomery Scott LLC increased holdings by 5.3% in Q2.
- **Bullish:** Bank of Montreal Can increased holdings by 2.1% in Q1.
- **Bullish:** Mutual of America Capital Management LLC acquired shares.

NET TILT: Bullish. Multiple institutional investors have increased their stakes in MSEX, indicating confidence in the stock."
2023-02-16,4,"**Ownership Increases and New Positions:**  
Inc. increased holdings by 67.9%, while Quantbot Technologies LP and Russell Investments Group Ltd. initiated new positions. (Bullish) Evidence: Institutional buying indicates confidence in MSEX’s prospects.

**Stock Performance:**  
Shares opened at $85.66. (Neutral) No direct signal but context for current valuation.

NET TILT: Bullish due to significant institutional inflows."
2023-02-20,3,"**Ownership Changes:** 
- **Bullish:** Inc. increased holdings by 67.9%, indicating confidence. Quantbot Technologies LP also initiated a new position.
- **Bearish:** Oppenheimer & Co. Inc. decreased their position, suggesting a less optimistic view.

**Net Tilt:** Mixed signals with some bullish and one bearish indicator."
2023-02-24,8,"**Earnings:** Q4 EPS fell to $0.40 from $0.41 YoY, missing estimates by 24.53%. Full-year profit was $42.4M. **Bearish**.

**Dividends:** Dividend increased 7.76% in Q3 2022. **Bullish**.

**Expenses:** O&M expenses noted but no specific figures provided. **Neutral**.

**Net Tilt:** Bearish due to earnings miss and decline."
2023-02-25,2,"**Earnings Miss:** MSEX reported FY GAAP EPS of $2.39, missing expectations by $0.04 (bearish).

**Revenue Beat:** FY2022 EPS was $2.39 vs. $2.07 prior year, indicating a revenue beat (bullish).

**Net Tilt:** Mixed signals with a slight bearish lean due to the earnings miss."
2023-02-26,9,"**Ownership Increases:** Captrust Financial Advisors, Quantbot Technologies LP, Bank of New York Mellon Corp, Citigroup Inc., Bank of Montreal Can, and Metlife Investment Management LLC all increased their stakes in MSEX (Bullish). Hsbc Holdings PLC also initiated a new stake (Bullish).

**Price Movement:** MSEX shares are down 3.4% from a week ago (Bearish).

**Opening Price:** Shares opened at $83.21 on Friday (Neutral).

**Net Tilt:** Bullish due to significant institutional buying despite recent price decline."
2023-02-27,1,"Zacks maintains Hold rating on MSEX with unchanged price target, indicating neutral stance. No specific EPS, revenue, or other financial metrics mentioned. Absence of upgrades/downgrades, earnings surprises, or significant catalysts suggests no immediate bullish or bearish signals. Trader should consider holding position or seek further analysis for next session."
2023-02-28,7,"**Analyst Downgrades:** StockNews.com downgraded MSEX to ""Sell."" Janney lowered the price target to $93 from $97. **Bullish:** LLC increased stake by 2,142.9% in Q4; Inc. upped holdings by 67.9% in Q2. **Bearish:** FY2022 revenue missed consensus at $162.43M vs. $165.25M; Q4 sales fell short at $38.82M vs. $41.45M. **Neutral:** Dividend announced for March 1st. **Net Tilt:** Bearish due to analyst downgrades and revenue misses."
2023-03-01,6,"**Price Target Downgrade:** Baird downgraded Middlesex Water, lowering the price target to $88 from $97. **Bearish.**

**Insider Sell:** VP Bernadette M. Sohler sold 2,200 shares. **Bearish.**

**Ownership Increases:** Exchange Traded Concepts LLC, Raymond James & Associates, Mutual of America Capital Management LLC, and Amundi increased their holdings. **Bullish.**

**Net Tilt:** Mixed signals with one major downgrade and insider sell offset by multiple ownership increases. **Net slightly bearish due to analyst downgrade and insider activity.**"
2023-03-02,2,"**Ownership Increase:** Bullish - Ltd acquired a new stake in MSEX, indicating potential confidence in the stock.

**Stock Price:** Neutral - Shares opened at $76.65 with no additional directional movement or analyst action noted.

**Net Tilt:** Slightly Bullish due to ownership increase, but limited by lack of other strong signals."
2023-03-03,9,"**Bearish Signals:**
- Com lowered MSEX from ""hold"" to ""sell.""
- Robert W. Baird downgraded price target from $97.00 to $88.00.
- Tower Research Capital sold 2,708 shares.

**Bullish Signals:**
- Bank of Montreal Can increased holdings by 2.1% in Q1.
- Captrust Financial Advisors increased stake by 2,666.7% in Q2.
- Exoduspoint Capital Management made a new investment.
- MSEX stock up 0.1%.

**Net Tilt:** Bearish due to analyst downgrades outweighing ownership increases."
2023-03-04,5,"**Ownership Increases:** Multiple large investors increased their stakes in MSEX, including State Street Corp (+179.6% Q1), Morgan Stanley (+33.8% Q4), Eaton Vance Management (+44,565.5% Q1), Invesco Ltd. (+17.6% Q1), and Renaissance Technologies LLC (+33.7% Q4). **Bullish** on strong institutional support."
2023-03-05,2,"**Ownership Increase:** Barclays PLC increased its stake in MSEX by 16.5% in Q3, indicating **bullish** sentiment. Additionally, UBS Group AG acquired 1,239 new shares, further signaling **bullish** institutional interest. These actions suggest continued confidence in MSEX among major investors.

NET TILT: Bullish"
2023-03-07,8,"**Analyst Downgrades & Price Target Cut:** Com downgraded MSEX from ""hold"" to ""sell,"" while Robert W. Baird lowered the price target from $97.00 to $88.00. **Bullish:** Bank of New York Mellon, Citigroup, Bank of Montreal, and MetLife all increased their holdings. **Bearish:** P reduced its stake by 28.5%. **Net Tilt:** Bearish due to analyst downgrades and price target cut. **Price Action:** Shares opened at $74.68."
2023-03-09,7,"**Bullish Ownership Increases:** Janney Montgomery Scott LLC increased its position by 5.3%, State Street Corp by 15.7%, Vanguard Group Inc. by 1.9%, Invesco Ltd. by 17.6%, and Northern Trust Corp by 0.3%. **Stock Performance:** Middlesex Water trading up 1.1%. **Buy Activity:** Credit Suisse AG purchased 2,644 shares. **Net Tilt:** Bullish."
2023-03-10,2,"**Ownership Increase:** Two firms increased their stakes in MSEX. [ownership-increase-held|ess0.37] Inc. raised its position by 67.9%, indicating strong confidence. Additionally, [stake-acquiree|ess0.18] Inc. bought 201 new shares. **Direction:** Bullish. Evidence: Significant stake increases suggest positive sentiment and potential for future performance.

**Net Tilt:** Bullish."
2023-03-11,5,"**Price Target Downgrade:** Robert W. Baird downgraded MSEX, lowering the price target from $97.00 to $88.00 (Bearish).

**Ownership Increases:** 
- First Trust Advisors LP increased holdings by 12.8% in Q3 (Bullish).
- Eaton Vance Management significantly increased holdings by 44,565.5% in Q1 (Bullish).
- Penn Capital Management Company LLC initiated a new position in Q2 (Bullish).

**Stock Price:** Opened at $72.99 on Friday (Neutral).

**Net Tilt:** Mixed signals with significant institutional buying offsetting the downgrade."
2023-03-29,10,"**Price Target Downgrade:** Robert W. Baird downgraded MSEX’s price target from $97.00 to $88.00 (Bearish).

**Institutional Ownership Increases:** Multiple institutions (Bank of Montreal, State Street, Vanguard, Northern Trust, BNY Mellon, Captrust Financial Advisors) increased holdings (Bullish).

**Ownership Decrease:** One entity sold 2,925 shares (Bearish).

**Stock Performance:** MSEX traded up 1.4% (Bullish).

**Net Tilt:** Mixed signals with institutional buying outweighing the downgrade and minor selling."
2023-04-03,10,"**Downgrade & Revenue Miss:** Robert W. Baird downgraded MSEX to a lower target price of $88.00 from $97.00, bearish. Q4 revenue missed expectations at $38.82M vs. $39.00M, bearish.

**Institutional Buying:** State Street Corp increased holdings by 7.4%, Eaton Vance Management by 44,565.5%, and Penn Capital Management acquired a new stake, all bullish.

**Executive Appointment:** Robert Capko appointed as Principal Accounting Officer, neutral to slightly bullish.

**Stake Acquisition:** Bank of New York Mellon Corp acquired shares, bullish.

**Net Tilt:** Mixed signals with institutional buying offsetting revenue miss and downgrade. **HOLD** recommended pending further clarity."
2023-04-12,9,"**Ownership Trends:** Bullish. State Street Corp increased stake by 179.6%, Eaton Vance Management by 44,565.5%, Invesco Ltd. by 17.6%, and Llc purchased a new stake. Vanguard Group Inc. increased holdings by 2.7%. However, Inc. decreased stake by 7.3%.

**Revenue:** Bearish. Q1 revenue was $38.82M vs. consensus $39.00M, slightly missing expectations.

**Earnings & Guidance:** Neutral. Earnings were announced on Feb 24, with analysts forecasting 2.31 EPS for FY. No specific guidance provided."
2023-04-18,8,"**Price Target Downgrade:** Robert W. Baird downgraded MSEX, reducing the price target from $97.00 to $88.00 (Bearish).

**Investment Plans:** MSEX plans to invest $11.1M in main upgrades and $266M over 2023-2025 (Bullish on long-term growth).

**Institutional Ownership:** Raymond James & Associates and Barclays increased stakes in MSEX in Q3 (Bullish).

**Earnings Guidance:** Analysts predict EPS of 2.31 for FY (Neutral).

**Net Tilt:** Mixed signals with institutional support and investment plans offsetting the downgrade."
2023-04-20,5,"**Ownership Increase:** Bullish. Bank of New York Mellon Corp increased its stake by 0.3%, and MetLife Investment Management LLC increased its stake by 57.2%. Additionally, American Century Companies Inc. initiated a new position.

**Revenue Miss:** Bearish. Q1 revenue was $38.82M vs. expectations of $39.00M, missing by $0.18M.

**Stock Performance:** Bullish. MSEX stock gained 1.3%.

**Net Tilt:** Mixed signals with ownership increases and stock gain offsetting revenue miss."
2023-04-21,8,"**Price Target Downgrade:** Robert W. Baird downgraded MSEX’s price target from $97.00 to $88.00 (Bearish).

**Institutional Ownership Increase:** New York State Teachers Retirement System and Citigroup Inc. increased their stakes (Bullish). Bank of Montreal Can also upped its position by 2.1% (Bullish).

**Earnings Guidance:** Analysts expect EPS of 2.31 for the current year (Neutral).

**Stock Performance:** MSEX opened at $78.29 on Friday (Bearish).

**Net Tilt:** Mixed signals with institutional buying offset by a price target downgrade and recent stock performance."
2023-04-24,9,"**Downgrade & Mixed Ownership Signals:**
- **Bearish:** Robert W. Baird downgraded MSEX, lowering PT from $97.00 to $88.00.
- **Bullish:** Multiple institutions increased holdings: State Street (+179.6%), Eaton Vance (+44,565.5%), Invesco (+17.6%), Llc (new stake), Vanguard (+2.7%). 
- **Bearish:** Company management reduced holdings by 2.8%.

**Net Tilt:** Bearish due to downgrade and management reduction, despite strong institutional buying."
2023-04-28,1,"**Upcoming Shareholders' Meeting (May 23, 2023)**

- **Neutral**: Middlesex Water Co. is holding its annual shareholders' meeting on May 23, 2023, at 11:00 a.m. EDT. No specific details on agenda or outcomes provided.

No clear directional signals from this event. Hold until further details emerge."
2023-04-30,9,"**Bearish:** MSEX reached a new 52-week low at $72.57. Revenue missed expectations by $0.18M vs. estimates of $39.00M. **Bullish:** Multiple institutions increased holdings: Bank of Montreal Can (+2.1%), Tortoise Capital Advisors (+3.8%), Inc. (+8.3%), Bank of New York Mellon Corp (+5.5%), Invesco Ltd. (+17.6%), and Northern Trust Corp (+0.3%). **Net Tilt:** Bullish due to institutional support, but bearish on fundamentals."
2023-05-01,10,"**Earnings Below Expectations:** MSEX reported Q1 GAAP EPS of $0.33, missing the consensus estimate of $0.47 (bearish). 

**Revenue Positive:** Q1 sales were $38.16M, up from $36.20M (bullish).

**Dividend Announcement:** Declared a quarterly cash dividend of $0.3125 (neutral).

**Net Tilt:** Bearish due to earnings miss despite revenue growth."
2023-05-02,3,"Baird downgraded Middlesex Water’s price target to $85 from $88 but maintained the ""Outperform"" rating. The stock closed at $72.59. **Net Direction:** Bearish due to reduced price target despite positive rating."
2023-05-03,12,"**Price Target Downgrade:** Robert W. Baird downgraded MSEX’s price target from $88.00 to $85.00 (Bearish).

**Institutional Ownership Increases:** Multiple institutions (State Street Corp, Vanguard Group Inc., Morgan Stanley, Geode Capital Management LLC, Raymond James & Associates, Proshare Advisors LLC, Mutual of America Capital Management LLC) increased their positions in MSEX (Bullish).

**Stock Price Decline:** MSEX shares fell 6.8% and then 4.4% (Bearish).

**Earnings Release:** Last earnings results released on Feb 24th; analysts expect FY EPS of 2.31 (Neutral).

**Net Tilt:** Mixed signals with institutional buying offsetting the downgrade and stock decline."
2023-05-04,3,Ownership trends mixed: Bullish - Bank of Montreal increased holdings by 2.1% in Q1; Inc. raised stake by 8.3% in Q3. Bearish - SG Americas Securities LLC sold shares. Net tilt slightly bullish due to recent larger stake increase.
2023-05-05,1,"Zurcher Kantonalbank Zurich Cantonalbank acquired 631 shares of MSEX, indicating **bullish** sentiment from institutional investors. This suggests confidence in the stock’s future performance. 

No other significant trading-relevant signals were provided in the given headline."
2023-05-07,5,"**Price Target Downgrade:** Robert W. Baird downgraded MSEX’s price target from $88.00 to $85.00 (Bearish).

**Ownership Increase:** Captrust Financial Advisors increased holdings by 2,666.7% in Q2 (Bullish).

**Stake Acquisition:** Bank of Montreal Can invested $219,000 in MSEX (Bullish).

**Earnings Estimate:** Analysts predict EPS of 2.22 for FY (Neutral).

**Net Tilt:** Mixed signals with one bearish and two bullish actions; slight net bullish bias."
2023-05-16,11,"**Executive Changes:** Bearish. CEO Dennis Doll announced his retirement, creating uncertainty around leadership continuity (ESS -0.49).

**Analyst Actions:** Bearish. Robert W. Baird downgraded MSEX, reducing the target price from $88.00 to $85.00 (ESS -0.48).

**Ownership Trends:** Mixed. Proshare Advisors and Great West Life increased holdings, while another fund sold shares (ESS +0.37 vs ESS -0.34).

**Revenue Performance:** Slightly Bearish. QTR revenue missed expectations by $0.18M ($38.82M vs expected $39.00M) (ESS -0.27).

**Stock Price & EPS Forecast:** Neutral. Current stock price is $74.14; analysts predict EPS of 2.22 for the year (ESS 0.0).

**Net Tilt:** Bearish. Leadership transition and revenue miss outweigh positive ownership trends."
2023-05-20,11,"**Downgrade & Revenue Miss:** Robert W. Baird downgraded MSEX to a lower target price of $85.00 from $88.00 (Bearish). Q1 revenue missed estimates at $38.82M vs. $39.00M consensus (Bearish).

**Mixed Ownership Activity:** Multiple institutions significantly increased holdings (Captrust, Proshare, Great West Life) while others reduced stakes (System) (Net Neutral).

**EPS Guidance:** Analysts predict EPS of 2.22 for the current year (Neutral).

**Net Tilt:** Bearish due to downgrade and revenue miss, offset slightly by mixed ownership activity."
2023-05-21,8,"**Ownership Increases:** Multiple institutions increased their stakes in MSEX, including Llc (+6.2% Q4), Bank of New York Mellon (+0.3% Q1), American Century Companies (new Q1), Citigroup (+17.4% Q1), Bank of Montreal (+2.1% Q1), and Metlife (+57.2% Q1). HighTower Advisors also bought shares. **Bullish** on investor confidence.

**Earnings Update:** MSEX reported earnings on Feb 24 but no specific details provided. **Neutral** until further data."
2023-05-22,2,"**Ownership Increase:** Bullish. Bank increased its position in MSEX by 1.9% in Q4, indicating institutional confidence.

**Stock Performance:** Bearish. MSEX shares opened at $75.29, down from previous close of $75.40.

**Net Tilt:** Mixed signals with ownership increase suggesting support but stock performance showing weakness."
2023-05-24,5,"**Price Target Downgrade:** Robert W. Baird downgraded MSEX’s price target from $88.00 to $85.00 (Bearish).

**Ownership Changes:**
- Llc increased holdings by 2,142.9% in Q4 (Bullish).
- Captrust Financial Advisors increased holdings by 2,666.7% in Q2 (Bullish).
- First Trust Advisors LP reduced position (Bearish).

**Stock Performance:** MSEX stock up 0.6% (Bullish).

**Net Tilt:** Mixed signals with slight Bullish bias due to significant ownership increases outweighing the downgrade."
2023-05-26,10,"**Ownership Increases:** Multiple institutions increased their stakes in MSEX, including Great West Life Assurance (+34.1%), Proshare Advisors (+13.2%), State Street Corp (+179.6%), Eaton Vance Management (+44,565.5%), Invesco Ltd. (+17.6%), and Vanguard Group (+2.7%). **Bullish**.

**Ownership Decrease:** Cambridge Investment Research Advisors sold 460 shares. **Bearish**.

**New Investment:** Llc invested $39,000 in MSEX. **Bullish**.

**Stock Price:** Shares opened at $77.37. **Neutral**.

**Analyst Estimates:** EPS forecast for FY is $2.22. **Neutral**.

**Net Tilt:** Bullish due to significant institutional buying outweighing the single sell action."
2023-06-01,6,"**Equity Research Brief for MSEX**

- **Price Target Downgrade**: Robert W. Baird downgraded MSEX’s price target from $88.00 to $85.00 (Bearish).
- **Ownership Changes**: 
  - Captrust Financial Advisors increased holdings by 2,666.7% (Bullish).
  - Dimensional Fund Advisors LP cut position (Bearish).
  - Llc and Citigroup Inc. acquired new stakes (Bullish).
- **Stock Performance**: MSEX traded up 1.5% (Bullish).

**Net Tilt**: Mixed signals with slight Bullish bias due to multiple new acquisitions and strong stock performance."
2023-06-05,8,"**Price Target Downgrade:** Robert W. Baird downgraded MSEX’s price target from $88.00 to $85.00 (Bearish).

**Institutional Ownership Changes:** 
- Bullish: Bank of New York Mellon, American Century Companies, Bank of Montreal, and Metlife Investment Management increased holdings.
- Bearish: UBS reduced its stake (Bearish).

**Stock Performance:** MSEX stock up 3.5% (Bullish).

**UBS Position:** UBS has a $2.18 million stake in MSEX (Neutral).

**Net Tilt:** Mixed signals with institutional buying outweighing the downgrade and UBS reduction."
2023-06-06,7,"**Insider Activity:** Bearish - Walter G. Reinhard, Director, sold 576 shares.  
**Institutional Ownership:** Bullish - Tortoise Capital Advisors, Proshare Advisors LLC, Raymond James & Associates, and System all increased their positions. GSA Capital Partners LLP also initiated a stake.  
**Stock Price:** Neutral - Opened at $81.70.  
**Net Tilt:** Bullish due to multiple institutional increases and new stake, offsetting the insider sell."
2023-06-08,6,"**Insider Activity:** Bearish - Director Walter G. Reinhard sold 576 shares.

**Analyst Action:** Bearish - Robert W. Baird downgraded price target from $88.00 to $85.00.

**Ownership Changes:** Mixed - Victory Capital Management Inc. increased holdings by 9.7%, Geode Capital Management LLC increased by 3.4%, but P sold 9,751 shares.

**Stock Price:** Neutral - Opened at $83.62.

**Net Tilt:** Bearish due to insider sell and analyst downgrade outweighing ownership increases."
2023-06-10,6,"**Insider Activity & Ownership Changes:** 
- **Bearish:** Director Walter G. Reinhard sold 576 shares on June 1st.
- **Bullish:** Penn Capital Management, Vanguard Group, Invesco Ltd., and Northern Trust all increased their positions in MSEX.

**Earnings Update:**
- **Neutral:** MSEX reported Q1 earnings on May 1st, but no specific details or surprises were provided.

**Net Tilt:** Mixed signals with one bearish insider sale and multiple bullish institutional buys."
2023-06-11,5,"**Revenue Beat:** Bullish. Middlesex Water reported Q revenue of $38.16M vs. analyst expectations of $38.00M.

**Institutional Ownership Increase:** Bullish. Multiple institutions increased stakes: GSA Capital Partners (126.1%), Hampshire Trust, and Captrust Financial Advisors (2,666.7%). ExodusPoint Capital Management also initiated a position.

**Net Tilt:** Strongly Bullish."
2023-06-12,7,"**Middlesex Water (MSEX)**

- **Price Target Downgrade**: Robert W. Baird downgraded MSEX’s price target from $88.00 to $85.00 (Bearish).
- **Ownership Trends**: Metlife Investment Management LLC, Geode Capital Management LLC, and Renaissance Technologies LLC increased holdings (Bullish). Gabelli Funds LLC sold 500 shares (Bearish).
- **Earnings Estimate**: Analysts predict FY EPS of 2.22 (Neutral).

**Net Tilt**: Mixed signals with slight bias towards Bearish due to downgrade and partial selling."
2023-06-17,10,"**Insider Activity:** Bearish; Robert John Capko sold 297 shares.

**Revenue Performance:** Bullish; Q2 revenue was $38.16M vs. $38.00M consensus.

**Analyst Action:** Bearish; Robert W. Baird downgraded target from $88.00 to $85.00.

**Institutional Ownership:** Bullish; multiple institutions increased holdings (State Street, Morgan Stanley, Eaton Vance, Invesco, Renaissance Technologies).

**EPS Guidance:** Neutral; analysts predict EPS of 2.22 for the current year.

**Net Tilt:** Mixed signals with slight bullish bias due to revenue beat and institutional buying outweighing the insider sell and analyst downgrade."
2023-06-19,4,"**Insider Activity:** Bearish - Director Walter G. Reinhard sold 576 shares.

**Ownership Changes:** Bullish - Lazard Asset Management LLC and ETF Managers Group LLC increased their stakes in MSEX during the 4th quarter.

**Stock Performance:** Bullish - MSEX stock gained 0.3%.

**Net Tilt:** Mixed signals with slight bullish bias due to ownership increases and positive stock performance."
2023-06-28,5,"**Price Target Downgrade:** Robert W. Baird downgraded MSEX, cutting the price target from $88.00 to $85.00 (Bearish).

**Ownership Changes:** Point72 Asset Management increased holdings (Bullish), while Exchange Traded Concepts LLC reduced holdings (Bearish).

**Earnings Estimate:** Analysts forecast EPS of 2.22 for the current year (Neutral).

**Stock Performance:** MSEX opened at $80.06 (Bullish relative to recent price targets).

**Net Tilt:** Mixed signals with a slight lean towards Bearish due to the downgrade and reduction in holdings outweighing the bullish ownership increase and stock performance."
2023-07-04,9,"**Revenue Beat:** Bullish; Q2 revenue was $38.16M vs. $38.00M consensus.

**Price Target Downgrade:** Bearish; Robert W. Baird lowered PT from $88.00 to $85.00.

**Institutional Ownership Increases:** Bullish; State Street, Vanguard, Invesco, Morgan Stanley, and Geode Capital all increased holdings.

**New Stake Purchase:** Bullish; Assenagon Asset Management purchased 43,795 shares.

**Net Tilt:** Mixed signals but overall slightly bullish due to multiple institutional buys and revenue beat."
2023-07-09,9,"**Revenue Beat:** Bullish; Q2 revenue was $38.16M vs. $38.00M estimate.

**Price Target Downgrade:** Bearish; Robert W. Baird lowered PT from $88.00 to $85.00.

**Institutional Ownership Increase:** Bullish; BNY Mellon, Citigroup, Bank of Montreal, and MetLife all increased stakes.

**Stock Price Decline:** Bearish; MSEX stock down 1.4%.

**Net Tilt:** Mixed signals with slight bullish bias due to revenue beat and significant institutional buying outweighing the downgrade."
2023-07-10,8,"**Ownership Trends:** Bullish. Multiple institutions increased their stakes significantly: Tortoise Capital Advisors (3.8%), State Street Corp (179.6%), Morgan Stanley (33.8%), Eaton Vance Management (44,565.5%), and Renaissance Technologies LLC (33.7%). However, one small sell-off occurred with System selling 200 shares.

**Earnings & Guidance:** Neutral. Earnings were reported on May 1st, but no specific beat/miss details provided. Analysts expect EPS of 2.22 for the current year.

**Net Tilt:** Bullish due to significant institutional buying outweighing minor selling."
2023-07-14,7,"**Price Target Downgrade:** Robert W. Baird downgraded MSEX’s price target from $88.00 to $85.00 (Bearish).

**Institutional Ownership Increases:** Multiple institutions increased holdings in MSEX in Q1: Bank of New York Mellon (+0.3%), American Century Companies (new position), Citigroup (+17.4%), Bank of Montreal Can (+2.1%), and Metlife Investment Management (+57.2%) (Bullish).

**New Stake Acquisition:** Creative Financial Designs Inc. acquired 373 shares (Bullish).

**Net Tilt:** Mixed signals with one bearish downgrade and multiple bullish ownership increases."
2023-07-20,1,**Dividend Announcement:** Middlesex Water declared a quarterly dividend of $0.3125 per share. **Direction:** Bullish. Evidence: Regular dividend payments can attract income-focused investors and indicate financial stability.
2023-07-22,7,"**Price Target Downgrade:** Robert W. Baird downgraded MSEX’s price target from $88.00 to $85.00 (Bearish).

**Institutional Ownership Increases:** Multiple institutions increased holdings or initiated positions in MSEX in Q1, including Bank of New York Mellon (+0.3%), American Century Companies, Citigroup (+17.4%), and MetLife Investment Management (+57.2%) (Bullish).

**New Stake Acquisition:** Mackenzie Financial Corp acquired 3,292 shares (Bullish).

**Earnings Forecast:** Analysts predict EPS of 2.22 for the current year (Neutral).

**Net Tilt:** Mixed signals with one bearish and multiple bullish indicators."
2023-07-25,7,"**Price Target Downgrade:** Robert W. Baird downgraded MSEX’s target price from $88.00 to $85.00 (Bearish).

**Institutional Ownership Increases:** Multiple institutions increased holdings in MSEX: American Century Companies Inc., Citigroup Inc., Bank of Montreal Can, Metlife Investment Management LLC, and Handelsbanken Fonder AB (Bullish).

**EPS Estimate:** Analysts predict EPS of 2.22 for the current year (Neutral).

**Net Tilt:** Mixed signals with one bearish downgrade and multiple bullish ownership increases."
2023-07-26,3,"**Ownership Increase:** Bullish. Hampshire Trust and Adv acquired new stakes in MSEX in Q4 and Q1 respectively, indicating institutional interest.

**Stock Performance:** Bearish. MSEX stock down 1.2% today.

**Net Tilt:** Mixed signals with ownership increase vs. stock decline, but overall slightly bearish due to recent price drop."
2023-07-28,14,"**Earnings:** EPS $0.55 vs. $0.50 YOY, but missed estimates by 6.67% (bearish).  
**Revenue:** Q2 revenue up 7.9% to $42.8M (bullish).  
**Insider Activity:** Director sold shares (bearish).  
**Ownership:** New York State Teachers Retirement System holds $751K (neutral).  
**Net Tilt:** Mixed signals; revenue positive, earnings miss negative."
2023-07-31,4,"**Facility Launch:** Bullish. Middlesex Water launched a new treatment plant, enhancing operational capacity.

**Earnings Beat:** Bullish. Q2 EPS was $0.55, up from $0.50 YoY, indicating strong financial performance.

**Ownership Increase:** Bullish. LLC increased holdings by 2,142.9%, signaling institutional confidence.

**Investment:** Bullish. Raymond James invested $263,000, further boosting institutional support.

NET TILT: Strongly Bullish."
2023-08-01,2,"**Earnings:** Bullish. MSEX reported Q2 EPS-Non-GAAP at $0.56, beating consensus of $0.55. **Revenue:** Bearish. MSEX reported Q2 sales at $42.80M, missing consensus of $45.00M. The conflicting signals suggest a mixed performance, but the EPS beat indicates operational efficiency despite revenue shortfall. Net tilt: Mixed, with slight bullish bias due to EPS beat."
2023-08-05,3,"**Analyst Ratings:** TheStreet upgraded MSEX from ""C"" to ""B-"", indicating a **bullish** stance based on improved outlook.

**Ownership Changes:**
- Llc increased holdings by 2,142.9%, signaling **bullish** sentiment.
- Janney Montgomery Scott LLC sold 280 shares, showing **bearish** activity.

**Net Tilt:** Mixed signals with a slight **bullish** bias due to the significant increase in holdings by Llc and the positive analyst upgrade."
2023-08-09,11,"**Price Target Downgrade:** Robert W. Baird downgraded MSEX’s price target from $88.00 to $85.00 (Bearish).

**Ownership Increases:** Multiple institutions increased stakes in MSEX, including State Street Corp (+179.6%), Morgan Stanley (+33.8%), Eaton Vance Management (+44,565.5%), Cubist Systematic Strategies LLC, Inc., and Llc (+2,142.9%) (Bullish).

**Stock Performance:** MSEX stock down 1.0% (Bearish).

**Dividend Announcement:** MSEX announced a $0.31 quarterly dividend (Neutral).

**Earnings Estimate:** Analysts predict EPS of $2.50 (Neutral).

**Net Tilt:** Mixed signals with significant institutional buying but a recent price downgrade and stock decline."
2023-08-11,2,"Ownership decrease: Victory Capital Management Inc. reduced its holdings in MSEX, indicating bearish sentiment. Stock price: Shares opened at $79.90, showing no change from the previous day but reflecting broader market or company-specific concerns. Net tilt: Bearish due to institutional减持行为。请注意，最后一个句子应忽略，因为它包含了非英语内容。净信号为负面，主要由于机构投资者的减持行为。"
2023-08-13,5,"**Price Target Downgrade:** Robert W. Baird downgraded MSEX, reducing the price target from $88.00 to $85.00. **Bullish vs Bearish:** Mixed. While the downgrade is bearish, the new target remains relatively high.

**Ownership Increases:** Multiple institutions increased stakes in MSEX. Llc acquired 1,418 shares, while Bank of Montreal Can and Tortoise Capital Advisors L.L.C. increased positions by 2.1% and 3.8%, respectively, indicating continued institutional interest. **Direction:** Bullish.

**Net Tilt:** Bullish, despite the downgrade, due to significant institutional buying activity."
2023-08-17,7,"Revenue beat expectations with Q2 revenue at $42.80M vs. expected $42.00M (bullish). Institutional ownership increased as Bank of New York Mellon, Citigroup, and MetLife all raised stakes (bullish). However, Wedbush reduced holdings (bearish). EPS forecast for the year is $2.23 (neutral). Stock opened at $79.28 (neutral). **Net tilt: Bullish** due to revenue beat and significant institutional buying outweighing Wedbush’s reduction."
2023-08-19,4,"**Insider Activity:** Management sold 1,066 shares (bearish). Sg Americas Securities LLC increased its stake by 133.5% (bullish).

**Ownership Changes:** Net insider activity shows a decrease with management selling shares, while institutional ownership increased significantly (mixed signals).

**Stock Price:** Opened at $78.78 (neutral).

**Net Tilt:** Mixed signals from insiders and institutions; no clear directional bias."
2023-08-20,1,"**Price Target Downgrade**: Robert W. Baird downgraded Middlesex Water's price target from $88.00 to $85.00 on Tuesday, May 2nd. **Direction**: Bearish. Evidence: The reduction in price target suggests a less optimistic outlook on the stock’s future performance.

NET Tilt: Bearish."
2023-08-25,7,"**Revenue Beat:** Bullish; Q2 revenue was $42.80M vs. $42.00M estimate.

**Price Target Downgrade:** Bearish; Robert W. Baird lowered PT from $88.00 to $85.00.

**Ownership Changes:** Mixed; Llc increased stake by 2,142.9%, Adv bought new stake, but Oppenheimer sold 5,406 shares.

**Stock Performance:** Bearish; MSEX traded down 2.3%.

**Earnings Guidance:** Neutral; analysts forecast FY EPS at 2.23.

**Net Tilt:** Bearish due to downgrade, stock decline, and net negative ownership changes."
2023-08-26,2,"**Ownership Increase:** Hampshire Trust acquired a new position in Middlesex Water in the 4th quarter (Bullish).

**Stock Price:** Nasdaq:MSEX opened at $78.89 on Friday (Neutral).

**Net Tilt:** Bullish due to new institutional ownership, but no other significant signals."
2023-08-30,3,"**Price Target Downgrade:** Robert W. Baird downgraded MSEX’s target price from $88.00 to $85.00, indicating **bearish** sentiment.

**Revenue Beat:** MSEX reported Q revenue of $42.80M, beating analyst estimates of $42.00M, signaling **bullish** performance.

**Stock Performance:** MSEX stock traded down 0.8%, showing **bearish** market reaction despite the revenue beat.

**Net Tilt:** Conflicting signals; overall slightly **bearish** due to downgrade and stock decline."
2023-09-04,6,"**Ownership Trends:** Bullish. Institutional investors like State Street Corp (+7.4%), Vanguard Group (+2.7%), Invesco (+17.6%), Morgan Stanley (+33.8%), and Geode Capital (+3.4%) increased their stakes in MSEX. However, one bank sold 4,300 shares, indicating some selling pressure. **Net Tilt:** Bullish due to significant increases by major institutions outweighing the smaller sell-off."
2023-09-06,3,"**Ownership Increase:** Bullish. Tortoise Capital Advisors increased its stake by 3.8%, indicating confidence. Credit Suisse also purchased 690 shares.

**Earnings Estimate:** Neutral. Analysts predict EPS of $2.23 for the current fiscal year, no change from previous estimates.

**Net Tilt:** Slightly Bullish due to ownership increases, but earnings estimate unchanged."
2023-09-08,3,"Ownership trends mixed but net bullish: SNC increased its position in MSEX by 155.9%, while another firm bought a new stake in the 1st quarter. However, Teton Advisors sold shares. Net direction: **Bullish** due to significant增持信号超过减持信号."
2023-10-07,6,"**Ownership Increases:** Bullish. Multiple institutional investors increased stakes in MSEX, including Adv, Point72 Asset Management, Lazard Asset Management, and Captrust Financial Advisors (position grew by 2,666.7%). Allspring Global Investments also bought 39,540 shares.

**Earnings Estimate:** Neutral. Analysts predict EPS of $2.23 for the current fiscal year.

**Net Tilt:** Bullish due to significant ownership increases."
2023-10-17,3,"**Ownership Increases:** Captrust Financial Advisors increased its holdings in MSEX by 2,666.7% in Q2, indicating strong institutional interest (Bullish). Additionally, Inc. acquired a new stake in MSEX in Q1 (Bullish).

**Revenue Update:** Revenue data shows a $938,000 stake in MSEX, but lacks specific revenue figures or guidance (Neutral).

**Net Tilt:** Bullish due to significant ownership increases."
2023-10-20,2,"**Dividend Increase:** Bullish. Middlesex Water Company increased its common dividend by 4.0% to $0.38 per share, up from $0.365 previously. This follows a regular quarterly dividend declaration of $0.325 per share, indicating strong financial health and confidence in future earnings.

**Net Tilt:** Bullish."
2023-10-26,3,"**Ownership Increases:** Bullish. Md increased its position by 3.0% in Q1, while Point72 Asset Management L.P. purchased a new stake in Q4. Additionally, Planning has taken a position in MSEX. These actions indicate growing institutional interest.

**Net Tilt:** Bullish."
2023-11-03,2,"**Today’s Brief for MSEX:**

- **Trading Performance:** MSEX traded up 2.7%.
- **Ownership Update:** Victory Capital Management Inc. maintains holdings worth $559,000 in MSEX.

**Net Tilt:** Bullish  
**Evidence:** Positive trading performance and stable institutional ownership indicate investor confidence.

No conflicting signals present."
2023-11-05,7,"**Ownership Increases:** Bullish. Multiple institutions increased stakes in MSEX during Q1: Allspring Global Investments, Bank of New York Mellon (+0.3%), American Century Companies (new position), Citigroup (+17.4%), Bank of Montreal (+2.1%), and Metlife Investment Management (+57.2%).

**Stock Price:** Neutral. Shares opened at $68.04 on Friday.

**Net Tilt:** Bullish due to significant institutional buying."
2023-11-09,13,"**Earnings:** MSEX reported Q3 EPS of $0.56, missing consensus of $0.86 (bearish). EPS down YoY from $0.80 (bearish). Net income was $10 million (neutral).

**Revenue:** Q3 revenue was $46.72M, down from $47.73M last year (bearish). System revenues decreased YTD (bearish).

**Net Tilt:** Bearish due to earnings miss and revenue decline."
2023-11-10,1,"**Price Target Downgrade:** Baird downgraded MSEX, lowering the price target to $71 from an unspecified previous level. **Bullish/Bearish:** Bearish. Evidence: Analyst downgrade implies reduced confidence in MSEX’s future performance."
2023-11-13,4,"Today’s headlines for MSEX show mixed signals:

**Bearish:**
- **Earnings Miss:** Q3 EPS-Non-GAAP was $0.56 vs. consensus $0.88, missing expectations significantly.

**Bullish:**
- **Dividend Increase:** Dividend up by an average of 6.6% annually over the last three years.
- **Board Ownership Increase:** Board lifted its position by 39.4% in Q2, indicating confidence.
- **Stock Performance:** MSEX traded up 1.0% despite earnings miss.

**Net Tilt:** Mixed, with significant earnings miss but positive ownership and dividend signals."
2023-11-15,2,"**Ownership Increase:** Invesco Ltd. increased its stake in MSEX by 17.6%, indicating **bullish** sentiment. Additionally, another entity acquired 576 shares, further signaling **bullish** interest. These actions suggest institutional and individual investors are optimistic about MSEX’s prospects.

**Net Tilt:** Bullish"
2023-11-19,6,"**Ownership Trends:** Bullish. KBC Group NV increased its position by 3.0% in Q2, while Bank of New York Mellon Corp, Sg Americas Securities LLC, and Proshare Advisors LLC increased their positions by 1.2%, 133.5%, and 22% respectively in Q1. However, one corporation reduced its stake. Despite the mixed signals, the overall trend is bullish with significant increases from major institutions.

**Net Tilt:** Bullish."
2023-11-22,9,"**Ownership Trends:** Bullish. State Street, BNY Mellon, American Century, and Citigroup increased their stakes in MSEX, with notable increases from State Street (+7.4%) and Citigroup (+17.4%). However, Principal Financial Group reduced its holding by 5.4%, and another entity sold 351 shares.

**Stock Performance:** Bullish. MSEX stock gained 2.0% today, opening at $64.45.

**Net Tilt:** Bullish, despite some ownership reductions, major institutions significantly increased their positions."
2023-11-24,5,"**Institutional Ownership Increase:** Bullish. Vanguard, Pictet Asset Management, Dimensional Fund Advisors, and Invesco all increased their positions in MSEX during Q1 and Q3, indicating institutional confidence.

**Stock Price:** Neutral. Opened at $65.33 on Friday with no additional directional movement signals provided. 

**Net Tilt:** Bullish due to significant institutional buying."
2023-11-27,3,"**Ownership Increases:** Bullish. D increased its stake by 8.0% in Q2, while Bank of New York Mellon Corp and Proshare Advisors LLC boosted their stakes by 1.2% and 22.0%, respectively, in Q1. Institutional buying indicates confidence in MSEX.

NET TILT: Bullish."
2023-11-30,5,"**Ownership Increase:** Bullish. De raised its stake in MSEX by 334.3%, and both Point72 Asset Management and Lazard Asset Management bought new positions in the stock during Q4.

**Price Movement:** Bearish. MSEX traded down $0.68 to close at $63.14 on Thursday.

**Net Tilt:** Mixed signals with ownership increase indicating bullish sentiment but recent price drop suggesting bearish pressure."
2023-12-03,4,"**Ownership Changes:** 
- **Bullish:** Adv boosted holdings by 42.1% in Q2.
- **Bullish:** LLC increased holdings by 35.8% in Q1.
- **Bearish:** BNP Paribas reduced position.

**Revenue Performance:**
- **Bearish:** Revenue of $46.72M missed estimates by $3.28M.

**Net Tilt:** Mixed signals with bullish ownership increases offset by bearish revenue miss and reduction in position by BNP Paribas."
2023-12-04,4,"**Ownership Increases:** Bullish. KBC Group NV increased its stake by 3.0%, Bank of New York Mellon Corp by 1.2%, and Proshare Advisors LLC by 22.0%. Additionally, Dimensional Fund Advisors LP acquired shares. Institutional buying indicates confidence in MSEX’s future performance.

NET TILT: Bullish"
2023-12-07,10,"**Ownership Trends:** Bullish. Multiple large institutional investors (Us Bancorp DE, State Street Corp, Vanguard Group Inc., Pictet Asset Management SA, Dimensional Fund Advisors LP, Bank of Montreal Can, and Adv) increased their stakes in MSEX, indicating confidence. However, Great West Life Assurance Co. Can sold shares.

**Earnings Estimate:** Neutral. Analysts expect EPS of $1.90 for FY 2023.

**Net Tilt:** Bullish due to significant stake increases outweighing the single sale."
2023-12-08,3,"Institutional ownership trends mixed but net positive: De boosted its position by 334.3% in Q2 (bullish), while Lazard Asset Management LLC acquired a new stake in Q4 (bullish). However, Penn Capital Management Company LLC sold shares (bearish). Net tilt: Bullish due to significant增持信号和新进信号。"
2023-12-14,7,"**Insider Activity:** Bearish; James F. Jr. Cosgrove sold 1,352 shares.

**Institutional Ownership:** Bullish; American Century Companies Inc., Comerica Bank, Morgan Stanley, and Manufacturers Life Insurance Company increased their positions in MSEX in Q3.

**Price Movement:** Bullish; MSEX stock gained 5.2%.

**Earnings Estimate:** Neutral; analysts predict EPS of 1.9 for FY.

**Net Tilt:** Bullish due to institutional buying and recent price gain despite insider sell."
2023-12-20,4,"**Ownership Changes:** Bullish. Point72 Asset Management and Lazard Asset Management both initiated new positions in MSEX, indicating institutional interest. However, Clean Yield Group sold shares, showing some divestment.

**Earnings Estimate:** Neutral. Analysts predict EPS of 1.9 for FY, unchanged from previous estimates, suggesting no significant revision in expectations.

**Net Tilt:** Slightly Bullish due to new institutional investments despite some divestment."
2023-12-21,8,"**Insider Activity:** VP Lorrie Beth Ginegaw sold 300 shares (Bearish).

**Institutional Ownership Changes:** 
- Bank of New York Mellon Corp increased stake by 0.3% (Bullish).
- American Century Companies Inc. initiated a new stake (Bullish).
- Citigroup Inc. increased stake by 17.4% (Bullish).
- Bank of Montreal Can increased stake by 2.1% (Bullish).
- Metlife Investment Management LLC increased stake by 57.2% (Bullish).

**Dividends:** Quarterly dividend declared (Neutral).

**Net Tilt:** Bullish due to multiple large institutional increases and new stake initiation, offset by minor insider sell."
2023-12-23,4,"**Ownership Increases:** State Street Corp increased its position by 179.6% in Q1, Blackrock Inc. by 23.8% in Q2, and Morgan Stanley by 33.8% in Q4 (Bullish).

**Price Movement:** MSEX traded down 2.3% (Bearish).

**Net Tilt:** Bullish due to significant institutional buying, but recent price decline suggests caution."
2023-12-27,2,"**Ownership Increase:** Bullish. Adv raised its position in MSEX by 42.1% during Q2, indicating confidence in the stock.

**Stock Price Movement:** Bearish. MSEX stock price down 1.7%.

**Net Tilt:** Mixed signals with ownership increase bullish but recent price movement bearish."
2023-12-28,6,"**Ownership Increases:** Bullish. Blackrock Inc., State Street Corp., and Morgan Stanley increased their stakes in MSEX by 23.8%, 179.6%, and 33.8% respectively, indicating institutional confidence.

**Investment Activity:** Bullish. Sg Americas Securities LLC invested $2.16 million in MSEX, further supporting the stock.

**Earnings Guidance:** Neutral. Analysts predict EPS of 1.9 for the current year, providing stable expectations but no significant change.

**Price Movement:** Bearish. MSEX opened at $67.22, down from previous levels.

**Net Tilt:** Mixed signals with slight bullish bias due to significant institutional buying and new investment, offset by a bearish price movement."
2024-01-02,6,"**Dividends:** Bullish; Middlesex Water increased its quarterly dividend to $0.62 from $0.31.

**Ownership Increases:** Bullish; KBC Group NV and ProShare Advisors LLC increased their stakes by 3.0% and 22.0%, respectively.

**Revenue Miss:** Bearish; QTR revenue was $46.72M vs. $50.00M consensus.

**New Stake Acquisition:** Bullish; Exchange Traded Concepts LLC bought 496 shares.

**Earnings Guidance:** Neutral; analysts expect FY EPS of 1.9.

**Net Tilt:** Mixed signals but overall slightly bullish due to multiple ownership increases and dividend hike."
2024-01-05,13,"**Dividends:** Bullish; Middlesex Water increased its quarterly dividend to $0.62 from $0.31.

**Ownership Increases:** Bullish; multiple firms (Planning, Sg Americas Securities, Point72 Asset Management, Natixis Investment Managers International, Tower Research Capital, Lazard Asset Management, Creative Financial Designs Inc., and Adv) have recently increased their stakes.

**Revenue Miss:** Bearish; Q4 revenue was $46.72M vs. expected $50.00M.

**Stock Performance:** Bearish; MSEX opened at $61.96 and hit a 1-year low of $60.19.

**Earnings Guidance:** Neutral; analysts forecast FY EPS of 1.9.

**Net Tilt:** Mixed signals with ownership increases offsetting revenue miss and stock performance weakness."
2024-01-07,2,"**Ownership Increase:** Bullish. Bank of Montreal Can increased its position by 2.1% in Q1, and Trc significantly boosted its position by 71.1% in Q3, indicating institutional confidence in MSEX.

**Net Tilt:** Bullish."
2024-01-08,4,"**Ownership Changes:** 
- **Bullish:** State Street Corp increased ownership by 179.6%, Blackrock Inc. by 23.8%, and Morgan Stanley by 33.8%.
- **Bearish:** System sold 352 shares.

**Net Tilt:** Bullish due to significant increases by major institutions outweighing the minor sell-off."
2024-01-10,1,"**Price Target Downgrade:** Baird downgraded MSEX, lowering the price target to $69 from an unspecified previous level. **Bullish/Bearish:** Bearish. Evidence: Analyst downgrade implies reduced confidence in MSEX’s future performance."
2024-01-21,3,"**Ownership Changes:**  
- **Bullish:** Point72 Asset Management initiated a new position in MSEX in Q4.  
- **Bearish:** New York State Teachers Retirement System decreased its stake in MSEX.  
- **Bullish:** Deerfield Partners significantly increased its position in MSEX by 334.3% in Q2.  

**Net Tilt:** Bullish due to new and substantial increases in ownership, despite one reduction."
2024-01-23,5,"**Executive Appointment:** Leslie named President and CEO of MSEX (Bullish).  
**Ownership Changes:** Lazard Asset Management increased holdings; a fund reduced position (Mixed).  
**Revenue Miss:** Q4 revenue $46.72M vs. estimates $50.00M (Bearish)."
2024-01-24,7,"**Ownership Changes:** Bullish; Bank of Montreal Can and Adv increased their stakes by 2.1% and 42.1%, respectively, while Llc raised holdings by 6.2%. Bearish; Allspring Global Investments sold 13,177 shares.

**Stock Price Movements:** Mixed; stock up 1.7% but down 5% at some point.

**Earnings Estimate:** Neutral; analysts expect EPS of 1.9 for the current year.

**Net Tilt:** Slightly Bullish due to significant stake increases by major investors despite some selling."
2024-01-26,1,"**Revenue Miss:** Middlesex Water Co. reported Q4 revenue of $46.72 million, missing the consensus estimate of $50.00 million. **Bullish Evidence:** EPS beat expectations by $0.27. **Bearish Evidence:** Revenue miss indicates potential demand weakness. **Net Tilt:** Bearish due to revenue miss outweighing EPS beat.

**Direction:** Bearish

**Evidence:** Revenue miss ($46.72M vs. $50.00M expected) suggests demand concerns, while EPS beat by $0.27 is positive but less impactful."
2024-01-27,8,"**Ownership Increases:** Bullish. Multiple firms increased stakes or acquired new positions in MSEX, including Natixis, Point72, Lazard Asset Management, Bank of Montreal, and Daiwa Securities, indicating institutional confidence.

**Earnings Guidance:** Neutral. Analysts expect EPS of 1.9 for FY, no change from previous estimates.

**Stock Price:** Neutral. Opened at $56.57, no significant movement noted.

**Net Tilt:** Bullish due to multiple ownership increases, but earnings guidance unchanged."
2024-01-28,3,"**Ownership Increase:** Bullish. Both Adv and Trc increased their positions in MSEX by significant percentages (42.1% and 71.1%, respectively).

**Stock Performance:** Bearish. MSEX hit a new 1-year low at $56.47.

**Net Tilt:** Mixed signals with ownership increases indicating support but stock hitting a new low suggesting continued weakness."
2024-01-29,1,**Dividend Announcement:** Middlesex Water Company declared a dividend of $0.325 per share. **Direction:** Neutral. Evidence: The dividend is consistent with previous payouts but does not indicate a change in financial health or growth prospects. No significant shift in EPS or revenue guidance was provided alongside the announcement.
2024-02-02,7,"**Ownership Increases:** Blackrock, State Street, Vanguard, Dimensional Fund Advisors, and Invesco all increased their positions in MSEX, indicating **bullish** sentiment among major investors.

**Stock Performance:** MSEX reached a new 12-month low at $55.70, signaling **bearish** market sentiment.

**Earnings Estimate:** Analysts predict EPS of 1.9 for the current fiscal year, neutral but suggesting no significant change in expectations.

**Net Tilt:** Conflicting signals; ownership increases are bullish while stock performance is bearish. Overall, **net tilt slightly negative** due to recent price action."
2024-02-04,4,"**Ownership Increases:** Multiple firms increased stakes in MSEX: Point72 Asset Management initiated a new stake (bullish), Adv raised holdings by 42.1% in Q2 (bullish), Trc increased by 71.1% in Q3 (bullish), and Lazard Asset Management initiated a new position in Q4 (bullish). **Net Tilt:** Bullish."
2024-02-06,7,"**Ownership Trends:** Bullish. BNY Mellon, American Century, Citigroup, Bank of Montreal, and MetLife all increased their stakes in MSEX, with MetLife’s increase being particularly significant at 57.2%. However, Principal Financial Group decreased its stake by 0.34%, indicating some mixed signals.

**Earnings Estimate:** Neutral. Analysts predict EPS of 1.9 for the current year, providing no directional bias but suggesting stable expectations.

**Net Tilt:** Slightly Bullish due to multiple large institutional increases outweighing the single decrease."
2024-02-07,1,"**Executive Appointment:** Bullish. Middlesex Water Company named a new president/CEO, which could bring fresh leadership and strategic direction. However, the impact is somewhat muted as no specific details about the executive’s background or plans were provided.

**Net Tilt:** Neutral to Slightly Bullish. The appointment suggests potential positive changes but lacks concrete details to strongly influence the trading decision."
2024-02-11,8,"**Institutional Ownership:** Bullish. Daiwa Securities, KBC Group, SG Americas, Point72 Asset Management, and De increased their positions significantly (up to 334.3%). However, Quantbot Technologies and Spire Wealth Management sold shares, indicating mixed sentiment.

**Earnings Estimate:** Neutral. Analysts expect EPS of $1.90 for the current year, unchanged from previous estimates."
2024-02-13,8,"**Dividends & Ownership Increases:** Bullish. Middlesex Water raised its quarterly dividend to $0.33, maintaining a trend of annual increases at 6.6%. Institutional ownership increased significantly with Bank of New York Mellon Corp upping its stake by 0.3%, American Century Companies Inc. initiating a new position, Citigroup Inc. boosting holdings by 17.4%, Bank of Montreal Can increasing by 2.1%, and Metlife Investment Management LLC growing its stake by 57.2%.

**Stock Performance:** Bullish. MSEX traded up 2.0% today.

**Net Tilt:** Strongly Bullish."
2024-02-16,4,"**Ownership Increases:** Point72 Asset Management, De, and Lazard Asset Management all increased their stakes in MSEX, with De’s increase being a significant 334.3%. Additionally, Victory Capital Management acquired 2,411 new shares. **Direction:** Bullish. **Evidence:** Multiple institutional investors increasing positions indicates confidence in MSEX’s future performance."
2024-02-19,1,"**Ownership Decrease:** Bullish signal muted; Amalgamated Bank sold 0.34% of MSEX shares, indicating potential divestment but no clear shift in overall institutional sentiment. No other significant analyst actions or financial updates provided today.

**Net Tilt:** Neutral to Slightly Bearish due to ownership decrease, though limited impact without broader sell-side commentary or financial performance details."
2024-02-21,5,"**Ownership Increases:** Bullish. Bank and Daiwa Securities increased holdings by 0.8% and 138.3%, respectively, while Sg Americas Securities and Assenagon Asset Management initiated new stakes in Q3.

**Price Movement:** Bearish. MSEX traded down 1.3%.

**Net Tilt:** Mixed signals with significant institutional buying but recent price decline."
2024-02-23,12,"**Ownership Changes:** Bullish - Point72, Natixis, and Lazard Asset Management initiated new stakes totaling over $59k. D and TRC significantly increased positions (8.0%, 71.1%). Bearish - Barclays and Sys reduced holdings. Net tilt: **Bullish** due to larger new investments.

**Price Action:** Bearish - Shares opened at $51.47, hitting a new 12-month low of $53.61. Sys maintains a significant but reduced position at $786k. Net tilt: **Bearish** due to price decline and new lows."
2024-02-24,2,"**Ownership Increase:** Bullish. Bank grew its position in MSEX by 1.0% in Q3, and Bank of Montreal Can increased its stake by 2.1% in Q1. Institutional support is strengthening.

NET TILT: Bullish."
2024-02-29,8,"**Earnings Below Expectations:** MSEX Q4 earnings missed estimates with reported EPS of $0.32 vs. $0.40, negative (-0.4). **Bullish Signals:** GAAP EPS positive at $0.32 (+0.61), new President and CEO appointment (+0.53), settlement of litigation (+0.46). **Neutral:** Increased depreciation expense (+0.0), dividend declaration (+0.0). **Net Tilt:** Bearish due to earnings miss, offset slightly by positive executive changes and settlement."
2024-03-01,7,"**Earnings & Revenue:** Bullish signals mixed with bearish ones. MSEX missed Q4 EPS by 26c, reporting $0.74 vs expectations of $1.00, and Q4 net profit fell to $5.77M from $7.17M Y/Y. FY2023 sales also missed consensus at $166.27M vs expected $172.75M. **Analyst Action:** Baird downgraded MSEX’s PT to $59 but maintained ""Outperform"" rating. **Ownership:** Bullish as Daiwa increased holdings by 138.3%. **Net Tilt:** Bearish due to multiple misses and downgrade despite ownership increase."
2024-03-02,20,"**Price Target Downgrade:** Robert W. Baird downgraded MSEX’s price target from $69.00 to $59.00 (Bearish).

**Revenue Miss:** MSEX reported Q4 revenue of $38.60M vs. consensus of $41.00M (Bearish).

**Institutional Ownership Increases:** Multiple institutions increased stakes, including State Street (+179.6%), BlackRock (+23.8%), Morgan Stanley (+33.8%), Point72, Natixis, Lazard, and others (Bullish).

**Institutional Ownership Decrease:** Invesco reduced holdings (Bearish).

**Stock Performance:** MSEX stock up 0.8% but hit a new 12-month low (Mixed).

**Analyst EPS Estimate:** Analysts expect FY EPS of $1.90 (Neutral).

**Net Tilt:** Mixed signals with institutional buying offsetting revenue miss and downgrade."
2024-03-03,3,"**Ownership Increases:** Osaic Holdings Inc. increased its position in MSEX by 2,029.1% in Q2, while Morgan Stanley and Goldman Sachs raised their stakes by 33.8% and 70.9%, respectively, in Q4. **Bullish** on MSEX due to significant institutional buying."
2024-03-04,5,"**Ownership Changes:** Bullish. Major investors like De, Vanguard, Dimensional Fund Advisors, and Invesco increased their stakes in MSEX by 334.3%, 1.5%, 2.1%, and 17.6% respectively. However, Deutsche Bank reduced its position by 50.0%. **Net Tilt:** Bullish due to significant increases outweighing the reduction.

**Direction:** Bullish with mixed signals but net positive."
2024-03-05,1,"**Earnings Miss:** Middlesex Water Co. reported Q4 Non-GAAP EPS of $0.33 vs. consensus of $0.46, missing by $0.13. **Bullish Signal:** None identified. **Bearish Signal:** Earnings miss indicates potential operational challenges or cost overruns. Net Tilt: Bearish."
2024-03-06,9,"**Price Target Downgrade:** Robert W. Baird downgraded MSEX’s price target from $69.00 to $59.00 (Bearish).

**Ownership Changes:** Point72 Asset Management and Natixis Investment Managers International increased stakes; Llc boosted its stake by 35.8%, while Citigroup Inc. reduced its stake (Mixed, slightly Bullish).

**Revenue Miss:** Q4 revenue was $38.60M vs. estimates of $41.00M (Bearish).

**Stock Performance:** MSEX stock up 0.2% (Bullish).

**Earnings Guidance:** Analysts expect EPS of 2.43 for the current year (Neutral).

**Net Tilt:** Mixed, leaning slightly Bearish due to the downgrade and revenue miss."
2024-03-11,8,"**Price Target Downgrade**: Robert W. Baird downgraded MSEX’s price target from $69.00 to $59.00 (Bearish).

**Insider Buy**: MSEX Director acquired $82,720 in stock (Bullish).

**Ownership Increases**: Lazard Asset Management, Natixis Investment Managers International, and Trc increased holdings (Bullish).

**Revenue Miss**: Q4 revenue was $38.60M vs. $41.00M consensus (Bearish).

**Analyst EPS Estimate**: FY EPS forecast is 2.28 (Neutral).

**Dividend Declaration**: MSEX declared a quarterly dividend (Neutral).

**Net Tilt**: Mixed signals with significant bearish and bullish indicators."
2024-03-22,10,"**Price Target Downgrade:** Robert W. Baird downgraded MSEX’s price target to $59.00 from $69.00 (Bearish).

**Institutional Ownership Increases:** Multiple institutions (Creative Financial Designs, Blackrock, State Street, Vanguard, Dimensional Fund Advisors, Invesco) increased holdings (Bullish).

**Current EPS Estimate:** Analysts predict EPS of 2.28 for FY (Neutral).

**Stock Performance:** MSEX opened at $51.33 (Bearish).

**Net Tilt:** Mixed signals with institutional buying supporting but analyst downgrade cautioning (Net Tilt: Slightly Bearish)."
2024-03-24,5,"**Ownership Changes:** Bullish. Point72 Asset Management, De, Trc, and Lazard Asset Management increased their stakes in MSEX, indicating confidence. However, Citigroup Inc. decreased its position, showing some bearish sentiment. **Net Tilt:** Bullish due to multiple large increases outweighing the single decrease.

**Direction:** Mixed but Net Bullish."
2024-03-25,1,"**General Counsel Recognition (Neutral)**: Middlesex Water Company’s General Counsel named a leader in the industry (neutral). No direct financial impact noted.

**Earnings Miss (Bearish)**: Q4 EPS misses estimates by $0.40 (bearish).

No conflicting signals. **Net Tilt**: Bearish."
2024-04-03,5,"**Ownership Increase:** Captrust Financial Advisors increased its stake in MSEX by 2,666.7%, and Point72 Asset Management initiated a new position worth $25,000 (Bullish).

**Revenue Miss:** MSEX reported Q4 revenue of $38.60M, missing estimates of $41.00M (Bearish).

**Stock Performance:** MSEX traded down 3.1% (Bearish).

**Earnings Guidance:** Analysts predict EPS of 2.28 for the current year (Neutral).

**Net Tilt:** Mixed signals with ownership increase offsetting revenue miss and stock decline."
2024-04-05,11,"**Price Target Downgrade:** Robert W. Baird downgraded MSEX’s price target from $69.00 to $59.00 (Bearish).

**Institutional Ownership Increases:** Multiple institutions (American Century Companies Inc., Comerica Bank, Manufacturers Life Insurance Co., State Street Corp, Osaic Holdings Inc., Morgan Stanley, Eaton Vance Management, Vanguard Group Inc.) significantly increased holdings in MSEX (Bullish).

**Stock Price Performance:** MSEX hit a new 12-month low at $48.56 (Bearish).

**Net Tilt:** Mixed signals with significant institutional buying but a price downgrade and hitting a new low, indicating potential near-term weakness despite long-term optimism."
2024-04-07,5,"**Institutional Ownership Increase:** Bullish. Blackrock Inc., Dimensional Fund Advisors LP, and Invesco Ltd. all increased their stakes in MSEX, indicating confidence.

**Revenue Miss:** Bearish. Q4 revenue was $38.60M vs. expected $41.00M, missing estimates by $2.40M.

**Earnings Guidance:** Neutral. Analysts predict EPS of 2.28 for FY, no change from previous forecasts.

**Net Tilt:** Mixed signals with institutional buying offsetting revenue miss."
2024-04-12,5,"**Downgrade and Price Target Cut:** Robert W. Baird downgraded MSEX, reducing the target price from $69.00 to $59.00 (Bearish).

**Ownership Increases:** Assenagon Asset Management increased its stake by 106.8% in Q4, while Charles Schwab Investment Management increased its stake by 1.1% in Q3 (Bullish).

**Stock Performance:** MSEX set a new 1-year low at $47.60 (Bearish).

**Earnings Forecast:** Analysts predict EPS of 2.28 for the current year (Neutral).

**Net Tilt:** Mixed signals with significant bearish pressure from the downgrade and stock performance, countered by bullish ownership increases. **NET TILT: Bearish.**"
2024-04-19,8,"Institutional ownership trends bullish with significant increases by State Street (+179.6%), Blackrock (+23.8%), Osaic (+2,029.1%), Morgan Stanley (+33.8%), and Eaton Vance (+44,565.5%) in Q1-Q2 and Q4. Raymond James shows bearish sentiment by selling 1,156 shares. Stock opened at $46.64. Analysts predict FY EPS of 2.28. **Net tilt: Bullish** due to overwhelming institutional buying."
2024-04-25,1,**Dividend Announcement:** Middlesex Water declared a dividend of $0.325 per share. **Direction:** Neutral. Evidence: The dividend is consistent with previous payouts but does not indicate a change in financial health or growth prospects. No significant shift in EPS or revenue guidance was provided alongside the announcement.
2024-04-28,10,"**Downgrade and Revenue Miss:** Robert W. Baird downgraded MSEX, lowering the target price from $69.00 to $59.00 (Bearish). Q4 revenue missed estimates at $38.60M vs. $41.00M consensus (Bearish).

**Mixed Ownership Activity:** Multiple institutions increased stakes (Adv, Daiwa, Winton, Exchange Traded Concepts) while Allspring reduced significantly (Neutral-Bearish tilt).

**Minor Stake Purchase:** Llc purchased 3,296 shares (Bullish signal but minor impact).

**Analyst Predictions:** EPS forecast for FY is 2.28 (Neutral as no change).

**Net Tilt:** Bearish due to downgrade and revenue miss, offset slightly by stake increases."
2024-04-29,2,"**Ownership Increase:** Bullish. LLC increased its stake in MSEX by 6,462.7% in Q4, indicating strong confidence in the stock. Additionally, another system took a new position in MSEX, further signaling institutional interest.

**Net Tilt:** Bullish. Multiple institutions increasing stakes suggest positive sentiment around MSEX."
2024-05-03,5,"**Price Target Downgrade:** Robert W. Baird downgraded MSEX’s price target from $69.00 to $59.00 (Bearish).

**Ownership Increases:** Llc increased holdings by 6,462.7% in Q4 (Bullish). Daiwa Securities Group Inc. increased holdings by 138.3% in Q3 (Bullish).

**Stock Price & EPS Estimate:** MSEX opened at $52.42; analysts expect EPS of 2.28 for FY (Neutral).

**Net Tilt:** Mixed signals with significant institutional buying but a notable downgrade."
2024-05-08,11,"**Earnings:** Bullish. Q1 net income rose to $10.7M from $5.9M, with EPS at $0.59, beating estimates of $0.45-$0.48.

**Revenue:** Bearish. Q1 revenue was $40.5M, missing the $44.55M consensus by 9.09%.

**Analyst Actions:** Neutral. No specific analyst upgrades or downgrades noted.

**Dividends:** Bullish. Declared a $0.325 quarterly dividend.

**Net Tilt:** Mixed, but slightly bullish due to strong earnings beat and dividend declaration."
2024-05-09,8,"**Earnings:** Q1 GAAP EPS of $0.59 vs. expected $0.61, net profit $10.68M vs. $5.87M YOY. **Bullish.**

**Analyst Upgrade:** Baird raised price target to $58 from $56, maintained ""Outperform."" **Bullish.**

**Institutional Ownership:** Multiple institutions increased holdings in Q1-Q4. **Bullish.**

**Net Tilt:** Bullish."
2024-05-10,2,"**Earnings Beat:** Middlesex Water (MSEX) reported EPS above expectations by $0.14, indicating **bullish** momentum. **Price Target Upgrade:** Robert W. Baird upgraded the price target from $56.00 to $58.00, signaling **bullish** sentiment. These signals collectively suggest a **BUY** position for the next session."
2024-05-12,4,"**Price Target Upgrade:** Bullish. Robert W. Baird upgraded MSEX’s price target to $58.00.

**Ownership Increases:** Bullish. Both Llc and Daiwa Securities significantly increased their stakes in MSEX, up 290.8% and 138.3%, respectively.

**Revenue Miss:** Bearish. MSEX reported Q4 revenue of $40.52M, missing the consensus estimate of $42.00M.

**Net Tilt:** Mixed signals with significant institutional buying offsetting revenue disappointment."
2024-05-13,9,"**Bullish Ownership Trends:** KBC Group NV, Sg Americas Securities LLC, Assenagon Asset Management S.A., and Proshare Advisors LLC have all increased their holdings in MSEX, with Assenagon’s increase being particularly significant at 63.3%. This indicates strong institutional support.

**Dividend Growth:** MSEX has raised its dividend by an average of 6.6% annually over the past three years, signaling financial stability and growth.

**Stock Performance:** MSEX traded up 1.6%, opening at $57.88. Analysts expect EPS of 2.28 for the current fiscal year.

**Net Tilt:** Bullish due to substantial ownership increases and consistent dividend growth, despite no specific earnings beat/miss."
2024-05-14,2,"**Ownership Changes:** D lifted its holdings in MSEX by 19.5%, indicating **bullish** sentiment. Conversely, management reduced its stock position, signaling **bearish** sentiment. The net effect is mixed but slightly **bearish** due to management’s action.

**Direction:** Bearish (due to conflicting signals with a slight edge towards bearishness)"
2024-05-19,7,"**Price Target Upgrade:** Robert W. Baird raised MSEX’s price target from $56.00 to $58.00 (Bullish).

**Ownership Increase:** Assenagon Asset Management increased holdings by 106.8% in Q4 (Bullish).

**Revenue Miss:** MSEX reported Q revenue of $40.52M vs. $42.00M consensus (Bearish).

**Stake Acquisition:** LLC purchased 342 shares (Bullish).

**Stock Performance:** MSEX stock down 0.8% (Bearish).

**Analyst Expectation:** EPS forecast for FY is 2.28 (Neutral).

**Net Tilt:** Mixed signals; slight net bullish bias due to upgrades and stake increases."
2024-05-22,1,"Today’s headlines for MSEX lack specific trading-relevant signals. The annual shareholders meeting was held but did not provide new financial guidance, earnings surprises, analyst actions, or significant operational updates. No product launches, legal issues, production changes, or buyback announcements were disclosed. The absence of concrete data points means there is insufficient directional bias to influence a BUY, SELL, or HOLD decision based solely on today’s information. Net tilt: NEUTRAL."
2024-05-23,6,"**Insider Activity:** Bearish - Director sold 857 shares.

**Analyst Actions:** Bullish - Robert W. Baird upgraded price target from $56.00 to $58.00. Contradictory - Stocknews.com downgraded to ""sell.""

**Ownership Changes:** Bullish - Llc increased holdings by 2.0%, Bank increased by 1.0%.

**Price Movement:** Bearish - Stock down 2.4%.

**Net Tilt:** Mixed signals with slight lean towards bearish due to insider sell and stock decline."
2024-05-24,2,"Institutional ownership mixed: D upgraded position by 19.5%, bullish; Bank Lowers Position, bearish. Net tilt slightly bullish due to larger increase from D."
2024-05-25,3,"**Institutional Ownership Increase:** Bullish. Daiwa Securities Group Inc. increased its stake in MSEX by 25.1% in Q4, indicating confidence. Additionally, Quadrant Capital Group LLC acquired shares, further boosting institutional interest.

**Stock Price:** Neutral. Shares opened at $53.85 on Friday, with no specific directional movement indicated.

**Net Tilt:** Bullish due to significant institutional buying."
2024-05-26,3,"**Insider Sell:** Director Walter G. Reinhard sold 857 shares (bearish).

**Revenue Miss:** Q1 revenue was $40.52M vs. estimates of $42.00M (bearish).

**Stock Price:** Opened at $53.85 (neutral).

**Net Tilt:** Bearish due to insider sell and revenue miss."
2024-05-31,5,"**Price Target Upgrade:** Robert W. Baird raised MSEX’s price target from $56.00 to $58.00, indicating **bullish** sentiment.

**Ownership Increases:** Daiwa Securities Group Inc. increased its stake by 25.1% in Q4, and Winton GROUP Ltd. initiated a new position in Q3, both signaling **bullish** investor confidence.

**Analyst Rating Contradiction:** Stocknews.com downgraded MSEX to “sell,” conflicting with Baird’s positive stance, leading to **net neutral** analyst tilt.

**Stake Acquisition:** Charles Schwab Investment Management Inc. purchased 7,893 shares, further supporting **bullish** institutional interest.

**Net Tilt:** Bullish, with mixed analyst ratings."
2024-06-04,7,"**Insider Activity:** Bearish; Director Walter G. Reinhard sold 857 shares on May 22nd.

**Analyst Actions:** Bullish; Robert W. Baird upgraded price target from $56.00 to $58.00.

**Ownership Changes:** Bullish; Llc increased holdings by 6,462.7% in Q4, and Winton GROUP Ltd acquired a new stake worth $217,000 in Q3. Corient Private Wealth LLC also purchased shares.

**Earnings Estimate:** Neutral; analysts predict EPS of 2.28 for the current year.

**Price Movement:** Bearish; MSEX opened at $53.62 on Tuesday.

**Net Tilt:** Mixed signals with slight bullish bias due to ownership increases and analyst upgrade."
2024-06-07,1,"**Investment Plan:** Bullish. Middlesex Water plans a significant $226 million investment between 2024 and 2026, likely aimed at expanding infrastructure or improving operations, which could boost long-term growth and efficiency.

**Rating Actions:** Neutral. No specific analyst upgrades or downgrades mentioned today.

**Earnings & Guidance:** Neutral. No earnings report or guidance update provided today.

**Catalysts:** Neutral. No product launches, legal issues, or major supply chain disruptions reported today.

**Net Tilt:** Neutral. The planned investment is positive but lacks other supporting signals like earnings beats or analyst upgrades."
2024-06-10,2,"**Executive Appointment:** Bullish. Middlesex Water Company appointed Mohammed G. Zerhouni as Senior Vice President and CFO. This move could signal improved financial management and strategic direction, potentially boosting investor confidence.

No conflicting signals present. Net tilt is bullish."
2024-06-11,7,"**Insider Sell:** Director Walter G. Reinhard sold 857 shares (Bearish).

**Price Target Upgrade:** Robert W. Baird raised PT from $56.00 to $58.00 (Bullish).

**Ownership Increases:** Charles Schwab and Adv increased holdings by 5.7% and 114.9%, respectively (Bullish). 

**New Stake:** Oppenheimer & Co. Inc. bought 484 shares (Bullish).

**Stock Performance:** Middlesex Water traded down 1.2% (Bearish).

**Earnings Estimate:** Analysts expect EPS of 2.28 for the current year (Neutral).

**Net Tilt:** Mixed signals with slight Bullish bias due to multiple institutional buys and upgrades."
2024-06-23,5,"**Insider Sell:** Director Walter G. Reinhard sold 857 shares (Bearish).

**Price Target Upgrade:** Robert W. Baird raised target from $56.00 to $58.00 (Bullish).

**Ownership Increase:** Adv increased stake by 114.9% in Q4 (Bullish).

**New Investor:** Virtu Financial made a new investment (Bullish).

**Stock Price:** Opened at $51.40 (Neutral).

**Net Tilt:** Mixed signals with slight Bullish bias due to upgrades and new investments outweighing insider sell."
2024-06-27,4,"**Ownership Increase and Stake Acquisitions:** Bullish. System acquired a new stake in MSEX during Q4, indicating institutional interest. Additionally, LLC purchased 442 shares, reinforcing positive sentiment.

**Stock Performance:** Bullish. MSEX stock is trading up 0.6%.

**Earnings Estimate:** Neutral. Analysts predict EPS of 2.28 for the current year.

**Net Tilt:** Bullish. Multiple ownership increases suggest growing investor confidence despite neutral earnings expectations."
2024-07-06,3,"**Ownership Increases:** KBC Group NV increased its stake in MSEX by 16.1% in Q4, while LLC and Principal Financial Group Inc. also recently acquired shares (LLC in Q3, PFGI purchased 205 shares). **Bullish** on investor confidence and potential institutional support.

**Net Tilt:** Bullish"
2024-07-08,2,"**Ownership Increase:** Bullish. Vanguard Group Inc. increased its holdings in MSEX by 1.5% in Q4, indicating institutional confidence.

**Revenue Miss:** Bearish. MSEX reported Q4 revenue of $40.52M, missing the consensus estimate of $42.00M by $1.48M."
2024-07-13,5,"**Insider Activity:** Bearish - Director Walter G. Reinhard sold 857 shares.

**Ownership Changes:** Bullish - Assenagon Asset Management increased its stake by 106.8%, while Daiwa Securities acquired 2,671 shares.

**Revenue Performance:** Bearish - Q2 revenue of $40.52M missed expectations by $1.48M.

**Earnings Guidance:** Neutral - Analysts predict EPS of 2.28 for the current year.

**Net Tilt:** Mixed signals with slight lean towards bearish due to insider sell and revenue miss."
2024-07-14,8,"**Themes: Ownership Changes, Price Target Upgrade, Stock Performance**

- **Bullish**: Robert W. Baird upgraded price target from $56.00 to $58.00. KBC Group, Vanguard, Charles Schwab, and LLC increased holdings significantly (16.1%, 1.5%, 5.7%, 290.8% respectively). Stock up 5.1% and trading 6.1% higher.
  
- **Bearish**: Allspring Global Investments sold 3,221 shares.

**Net Tilt**: Bullish due to multiple large ownership increases and price target upgrade outweighing the single sell action."
2024-07-16,3,"**Ownership Increases:** Bullish. Oppenheimer & Co. Inc., Sg Americas Securities LLC, and Assenagon Asset Management S.A. increased their stakes in MSEX. Sg Americas Securities LLC acquired a new stake worth $1.796M, while Assenagon Asset Management S.A. boosted its position by 63.3%.

NET Tilt: **Bullish**. Multiple institutions increasing ownership indicates confidence in MSEX’s prospects."
2024-07-18,5,"**Ownership Increase:** Bullish. Quantbot Technologies LP bought a new stake in MSEX during Q1, and Llc increased its holdings by 958.1% in Q4. Additionally, Quantbot Technologies LP purchased 7,613 shares recently.

**Stock Price & EPS Estimate:** Neutral. MSEX opened at $62.36. Analysts expect EPS of 2.28 for the current fiscal year."
2024-07-19,2,"**Analyst Ratings:** Stocknews.com upgraded MSEX to a ""buy"" rating on May 9th, indicating a positive shift in sentiment (bullish).

**Price Movement:** Shares opened at $61.52 on Friday, showing a slight decline (bearish).

**Net Tilt:** Conflicting signals; overall slightly bearish due to recent price action."
2024-07-20,4,"**Ownership Increases:** Vanguard Group Inc. increased holdings by 1.5% in Q4, while Assenagon Asset Management S.A. boosted holdings by 63.3% in Q1 (Bullish). **Stock Performance:** MSEX stock up 0.7% (Bullish). **Stake Acquisition:** BNP Paribas purchased shares (Bullish). **Net Tilt:** Strongly Bullish due to multiple large institutional investors increasing stakes and positive stock movement."
2024-07-24,1,"**Dividend Unchanged:** Bullish. Middlesex Water Co. maintained its quarterly dividend at $0.325 per share, signaling stability and confidence in cash flow. This move supports shareholder returns and may attract income-focused investors.

**Net Tilt:** Bullish."
2024-07-25,8,"**Themes: Ownership Changes, Analyst Actions, EPS Estimates**

- **Bullish**: Robert W. Baird upgraded target price from $56.00 to $58.00. KBC Group, Vanguard, and Charles Schwab all increased their positions in MSEX.
- **Bearish**: Janney Montgomery Scott reduced holdings by 6.6%. Stocknews.com downgraded MSEX to ""sell"".
- **Neutral**: EPS forecast for FY is 2.28.

**Net Tilt**: Mixed signals with slight bullish bias due to higher price targets and increased institutional ownership."
2024-07-26,4,"Today’s MSEX headlines show mixed signals:

**Bullish Signals:**
- Institutional ownership increase: Llc boosted its position by 22.4% in Q1.
- Institutional ownership increase: Assenagon Asset Management S.A. increased holdings by 106.8% in Q4.
- Stock price gain: MSEX traded up 4.2%.

**Bearish Signal:**
- Insider sell: Director Walter G. Reinhard sold 857 shares on May 22.

**Net Tilt:** Mixed, with more bullish institutional activity but a bearish insider sale."
2024-07-30,3,"**Ownership Increase:** Bullish. Oppenheimer & Co. Inc. increased its holdings in MSEX by 6.4% in Q1, indicating institutional confidence. Additionally, the State Board of Administration of Florida Retirement System acquired shares, further boosting institutional support.

**Stock Price:** Neutral. Shares opened at $65.67 on Tuesday, with no significant movement indicating stable market sentiment.

**Net Tilt:** Bullish. Institutional buying supports a positive outlook despite stable stock prices."
2024-07-31,11,"**Earnings Below Expectations:** MSEX missed Q2 EPS estimates with $0.59 vs. consensus $0.64, negative (-$0.05 miss). **Revenue Positive:** Q2 revenue at $49.1M. **Cost Increases:** Higher expenses noted. **Net Income Up:** Q2 net income rose to $10.5M from $9.9M YOY. **Mixed Signals:** Revenue positive but EPS miss and increased costs are bearish. **Net Tilt:** Bearish due to earnings miss and cost pressures."
2024-08-01,1,"**Revenue Beat:** Middlesex Water Co. reported Q2 sales of $49.15M vs. $42.80M consensus, marking a significant beat. **Bullish** due to strong revenue growth.

**EPS Surprise:** EPS of $0.41 vs. consensus, indicating better-than-expected profitability. **Bullish** as earnings exceeded expectations.

**Net Tilt:** Strongly Bullish based on revenue and EPS beats."
2024-08-02,6,"**Analyst Ratings & Price Targets:** Stocknews.com upgraded MSEX to ""buy"" (likely a typo, as it stated ""sell""), while Robert W. Baird raised the price target from $56.00 to $58.00. **Net Tilt:** Bullish.

**Ownership Increases:** Llc and Proshare Advisors LLC significantly increased stakes in MSEX by 290.8% and 26.5%, respectively, indicating institutional confidence. **Tilt:** Bullish.

**Market Performance:** MSEX opened at $66.48, above recent targets, suggesting strong market sentiment. **Tilt:** Bullish.

**New Stake Acquisition:** Jacobs Levy Equity Management Inc. acquired 21,203 shares, further supporting positive investor interest. **Tilt:** Bullish.

**Net Signal:** Strongly Bullish."
2024-08-05,7,"**Bullish Signals:**
- Middlesex Water stock up 1.4%.
- Analysts expect EPS of 2.21 for the current year.

**Bearish Signals:**
- Baird downgraded Middlesex Water to Neutral from Outperform.
- Director Walter G. Reinhard sold 857 shares.
- Revenue missed expectations at $40.52M vs. $42.00M forecast.

**Net Tilt:** Bearish due to downgrade, insider sell, and revenue miss outweighing minor stock gain and EPS expectations."
2024-08-06,1,"**Analyst Downgrade:** Robert W. Baird downgraded MSEX from ""outperform"" to ""neutral,"" reducing the price target to $0.58. **Direction:** Bearish. **Evidence:** Analyst downgrade indicates reduced confidence in future performance.

**Net Tilt:** Bearish."
2024-08-07,3,"**Analyst Actions:**  
- **Baird Downgraded MSEX to Neutral** (Bearish)  
- **Stocknews.com Upgraded MSEX to Sell** (Bearish)  

**Price Action:**  
- MSEX opened at $61.21 (Neutral)

**Net Tilt:** Bearish due to analyst downgrades despite mixed signals."
2024-08-09,2,"**Ownership Increase:** Llc increased its stake in MSEX by 290.8%, indicating **bullish** sentiment.  
**Earnings Estimate:** Analysts predict EPS of 2.21 for the current year, providing **bullish** guidance.

NET TILT: Bullish due to significant ownership increase and positive EPS forecast."
2024-08-11,2,"**Ownership Increase:** Bullish. **Ltd.** increased its stake in MSEX by 88.0% in Q1, indicating confidence in the stock.

**Analyst Downgrade:** Bearish. Robert W. Baird downgraded MSEX from ""outperform"" to ""neutral,"" suggesting a less optimistic outlook.

**Net Tilt:** Mixed signals with ownership increase vs. analyst downgrade."
2024-08-13,5,"**Analyst Downgrade:** W downgraded MSEX from ""strong-buy"" to ""hold,"" citing concerns (bearish).

**Dividend Increase:** MSEX raised its dividend by 6.6% annually over three years (bullish).

**Earnings Estimate:** Analysts forecast EPS of $2.36 (neutral).

**Stock Performance:** MSEX shares opened at $59.91 (neutral).

**Upcoming Dividend:** MSEX will issue a quarterly dividend of $0.33 on Sept 3rd (bullish).

**Net Tilt:** Mixed signals with analyst downgrade vs. positive dividend trend."
2024-08-14,5,"**Ownership Changes:** Bullish signals from institutional investors with Llc, Sg Americas Securities LLC, and Assenagon Asset Management S.A. increasing their stakes in MSEX. Proshare Advisors LLC also raised its stake by 26.5%. However, System sold 918 shares, a bearish signal. **Net Tilt:** Slightly Bullish due to multiple increases outweighing the single reduction."
2024-08-15,5,"**Ownership Changes:** 
- **Bullish:** KBC Group NV increased holdings by 16.1%, and LLC increased its position by 6,462.7%.
- **Bearish:** Comerica Bank reduced its stake by 14.5%.

**Analyst Actions:**
- **Bearish:** Robert W. Baird downgraded Middlesex Water from ""Outperform"" to ""Neutral.""

**Stock Performance:**
- **Bearish:** Stock opened at $61.26, down from previous close.

**Net Tilt:** Mixed signals with significant bullish ownership increases offset by a notable analyst downgrade and stock performance weakness."
2024-08-20,3,"**Insider Activity:** Director Walter G. Reinhard sold 857 shares (bearish). **Institutional Ownership:** Handelsbanken Fonder AB increased its stake by 13.9% in Q4 (bullish). **New Stakeholder:** Llc acquired 515 shares (bullish). **Net Tilt:** Mixed signals with one insider sale vs. two positive institutional moves, slightly bullish overall."
2024-08-21,11,"**Analyst Downgrades:** W lowered MSEX from ""strong-buy"" to ""hold,"" followed by Baird R W doing the same on Aug 5th (bearish).

**Institutional Ownership Increases:** Vanguard, Dimensional Fund Advisors, Kbc Group, Proshare Advisors, Charles Schwab Investment Management, and Llc all increased their stakes in MSEX in Q4 and Q1 (bullish).

**Price Movement:** MSEX traded down 1.4% today (bearish).

**Opening Price:** Stock opened at $60.87 on Wednesday (neutral).

**Net Tilt:** Mixed signals with analyst downgrades vs. institutional buying; overall slightly bearish due to recent price decline and downgrades."
2024-09-01,7,"**Revenue Beat:** Bullish. Q2 revenue was $49.15M vs. estimates of $47.00M.

**Institutional Ownership Increase:** Bullish. Llc increased holdings by 65.1% in Q2, and Louisiana State Employees Retirement System also purchased shares.

**Stock Price Movement:** Neutral. MSEX traded up 0.5%.

**Analyst Forecast:** Neutral. Analysts predict FY EPS of 2.21.

**Net Tilt:** Bullish. Institutional buying and revenue beat outweigh neutral factors."
2024-09-05,4,"**Revenue Beat:** Bullish. Middlesex Water reported Q4 revenue of $49.15M vs. expectations of $47.00M, beating by $2.15M.

**Ownership Changes:** Mixed. Llc increased stake by 3.5%, while System sold 201 shares.

**Stock Performance:** Bullish. MSEX traded up 0.2%.

**Net Tilt:** Slightly Bullish. Revenue beat and stock gain outweigh minor ownership decrease."
2024-09-09,6,"**Analyst Ratings:** Baird downgraded MSEX from ""Strong-Buy"" to ""Hold,"" indicating **bearish** sentiment. However, institutional investors like Jacobs Levy Equity Management, KBC Group NV, and Vanguard Group have increased their stakes, suggesting **bullish** interest.

**Ownership Changes:** Multiple institutions have increased their holdings, including Bank of New York Mellon Corp, which bought shares. This is **bullish**.

**Earnings Forecast:** Analysts predict EPS of 2.21 for the current fiscal year, neutral but within expectations.

**Net Tilt:** Mixed signals with a slight **bullish** bias due to increased institutional ownership despite the downgrade."
2024-09-11,4,"**Ownership Increases:** Dimensional Fund Advisors LP increased its stake by 0.3%, Bank of New York Mellon Corp by 12.5%, and Proshare Advisors LLC by 26.5%. **Bullish** as institutional support strengthens.

**Stock Price:** Opened at $64.35. **Neutral** on price movement but indicates stable market perception.

**Net Tilt:** Bullish due to significant ownership increases across quarters."
2024-09-15,6,"**Analyst Downgrade:** W downgraded MSEX from ""strong-buy"" to ""hold,"" indicating **bearish** sentiment (downgrade).

**Institutional Ownership Increase:** Llc significantly increased holdings by 290.8% in Q1 and 958.1% in Q4, suggesting **bullish** institutional interest.

**New Stake Acquisition:** Td Asset Management Inc. bought 4,684 shares, signaling **bullish** retail or institutional interest.

**Earnings Guidance:** Analysts predict EPS of $2.21 for FY, neutral but consistent with expectations.

**Net Tilt:** Conflicting signals between analyst downgrade and significant ownership increases; **net tilt slightly bullish** due to strong institutional buying."
2024-09-17,2,"**Analyst Ratings:** Baird downgraded MSEX from ""Strong-Buy"" to ""Hold,"" indicating a less optimistic view on the stock’s future performance (Bearish).

**Stake Acquisition:** Daiwa Securities Group Inc. acquired shares of MSEX, suggesting institutional confidence in the company (Bullish).

**Net Tilt:** Mixed signals with analyst downgrade vs. institutional buying; overall slightly negative due to recent analyst action."
2024-09-18,1,"**MSEX Daily Brief (2024-09-18)**

- **Stock Price**: Opened at $67.59.
- **Analyst Actions**: No notable analyst upgrades or downgrades reported.
- **Earnings**: No earnings report or surprise data released today.
- **Catalysts**: 
  - No product launches or delays announced.
  - No significant legal actions, fines, or lawsuits reported.
  - No major supply, production, or demand shift updates provided.
  - No new information on buybacks or share repurchase programs.

**Net Tilt**: Neutral (Insufficient trading-relevant signals today).

*Action Recommendation*: Hold."
2024-09-19,3,"**Analyst Downgrade:** W downgraded Middlesex Water from ""strong-buy"" to ""hold,"" indicating **bearish** sentiment (DIRECTION: Bearish).

**Revenue Beat:** Middlesex Water reported Q revenue of $49.15M, beating the consensus estimate of $47.00M, signaling **bullish** momentum (DIRECTION: Bullish).

**Increased Ownership:** System increased its stake by 2.3% in Q2, suggesting **bullish** investor confidence (DIRECTION: Bullish).

**NET Tilt:** Conflicting signals with analyst downgrade vs. positive revenue and ownership trends. Overall, **mixed** but slightly **net bullish** due to recent positive financial performance and increased institutional ownership.

TRADE DECISION: HOLD"
2024-09-21,4,"**Ownership Increases:** Charles Schwab Investment Management Inc. increased holdings by 5.7% in Q4, while Llc boosted its position by 290.8% in Q1. Virtu Financial LLC also initiated a new stake in Q4. **Bullish** on investor confidence.

**Stock Performance:** MSEX shares fell by 2%. **Bearish** on market sentiment.

**Net Tilt:** Mixed signals with significant institutional buying but recent share price decline."
2024-09-22,5,"**Ownership Increase:** Llc increased its stake in MSEX by 33.5%, purchasing 2,149 shares (Bullish).

**Price Movement:** MSEX traded down 3.4% but opened at $65.10 on Friday (Bearish).

**Analyst Predictions:** EPS forecast for FY 2024 is $2.21 (Neutral).

**Net Tilt:** Mixed signals with ownership increase vs. price drop; slight net bearish due to recent price decline."
2024-09-23,5,"**Revenue Beat:** Bullish. Middlesex Water reported Q revenue of $49.15M vs. consensus $47.00M.

**Institutional Ownership Trends:** Mixed. Jacobs Levy Equity Management, KBC Group NV, and Vanguard Group increased holdings. Renaissance Technologies decreased holdings by 7.7%.

**Net Tilt:** Slightly Bullish due to revenue beat and overall increase in institutional ownership despite one significant reduction."
2024-09-30,7,"**Revenue Beat:** Bullish. Q3 revenue was $49.15M vs. expectations of $47.00M.

**Institutional Ownership Growth:** Bullish. Jacobs Levy Equity Management, KBC Group NV, LLC, Virtu Financial LLC, and Duff & Phelps Investment Management Co. increased stakes.

**EPS Guidance:** Neutral. Analysts expect FY EPS of 2.21.

**Net Tilt:** Bullish. Multiple institutional investors increased their positions, signaling confidence in MSEX’s performance."
2024-10-01,2,"**Ownership Increase:** Llc boosted its holdings in Middlesex Water by 290.8% during Q1, indicating strong institutional interest (Bullish).

**Stock Performance:** Middlesex Water’s stock gained 0.9% today, suggesting positive market sentiment (Bullish).

**Net Tilt:** Bullish due to significant institutional buying and positive stock movement."
2024-10-04,5,"**Analyst Ratings:** W downgraded MSEX from ""strong-buy"" to ""hold,"" indicating **bearish** sentiment (August 5th).

**Ownership Changes:** 
- Vanguard increased holdings by 1.5% in Q4, **bullish**.
- BNY Mellon increased holdings by 12.5% in Q2, **bullish**.
- DFA reduced holdings by 0.4% in Q2, **slightly bearish**.

**Earnings Estimate:** Analysts predict EPS of 2.21 for the current year, **neutral**.

**Net Tilt:** Mixed signals with slight **net bullish** bias due to institutional buying outweighing the analyst downgrade."
2024-10-07,4,"**Analyst Ratings:** Baird downgraded MSEX from ""Strong-Buy"" to ""Hold,"" indicating **bearish** sentiment (Evidence: Rating change).

**Revenue Performance:** MSEX beat Q3 revenue expectations with $49.15M vs. $47.00M forecast, signaling **bullish** momentum (Evidence: Revenue beat).

**Institutional Ownership:** Both Virtu Financial and Marshall Wace increased stakes in MSEX, suggesting **bullish** investor interest (Evidence: New positions and stake purchases).

**Net Tilt:** Mixed signals; revenue beat is positive, but analyst downgrade is negative. Overall, **net neutral** with slight **bullish** lean due to institutional buying."
2024-10-09,1,"**Executive Retirement:** Bearish. Middlesex Water Company announced the retirement of Bernadette Sohler, VP. This could lead to leadership uncertainty and potential operational disruptions.

NET TILT: Bearish."
2024-10-10,1,"**Executive Departure:** Bearish. Middlesex Water announced the retirement of its Vice President, which could lead to leadership uncertainty and potential operational disruptions.

**No Other Signals:** No additional trading-relevant signals were provided in today’s headlines."
2024-10-13,4,"**Ownership Increase:** Bullish. Llc and Virtu Financial LLC both purchased new stakes in MSEX, with Virtu’s investment valued at $221,000.

**Stock Performance:** Bullish. MSEX stock gained 1.8% today.

**Price Action:** Neutral. Shares opened at $63.22 on Friday.

**Net Tilt:** Bullish. Ownership increases and positive stock performance indicate investor interest."
2024-10-14,2,"**Ownership Changes:**  
- **Bullish:** Llc increased its stake in MSEX by 65.1% in Q2, indicating confidence.  
- **Bearish:** Affinity Wealth Management sold shares, suggesting some doubt.

**Net Tilt:** Mixed signals with a slight bullish bias due to the significant stake increase by Llc."
2024-10-17,3,"**MSEX Daily Brief (2024-10-17)**

- **Stock Performance**: Bullish; MSEX stock up 3.1%.
- **Stake Acquisition**: Neutral; Manufacturers Life Insurance Company acquires 767 shares, indicating institutional interest but no clear directional signal.
- **Earnings Estimate**: Neutral; analysts expect FY EPS of 2.21, aligning with previous expectations.

**Net Tilt**: Mixed, with a slight bullish bias due to the stock gain."
2024-10-21,1,**Earnings Preview:** Middlesex Water is set to report 3rd quarter 2024 earnings on October 31. No specific guidance or analyst actions provided yet. **Neutral** until further details emerge.
2024-10-24,3,"**Dividends:** Bullish. Middlesex Water increased its common dividend by 4.62% to $0.38 annually ($0.34 quarterly), indicating financial health and confidence.

**Earnings Estimates:** Neutral. Analysts expect EPS of $2 for the current fiscal year, aligning with previous estimates and showing no change in outlook.

**Net Tilt:** Slightly Bullish. The dividend increase is a positive signal, while stable earnings estimates suggest no significant changes in expectations."
2024-10-28,1,"**Dividend Increase:** Bullish. Middlesex Water (MSEX) declared a 4.62% increase in its quarterly dividend, raising it to $0.38 per share. This indicates strong financial health and confidence in future earnings.

**Net Tilt:** Bullish."
2024-10-30,4,"**Revenue Beat:** Bullish. Middlesex Water reported Q3 revenue of $49.15M vs. analyst estimates of $47.00M.

**Institutional Ownership Increase:** Bullish. Sg Americas Securities LLC increased holdings by 479.7% in Q3. Additionally, Duff & Phelps Investment Management Co. initiated a new position worth $2.016M in Q2.

**Net Tilt:** Strongly Bullish. Both revenue beat and significant institutional buying indicate positive momentum."
2024-10-31,14,"**Revenue & Earnings:** Bullish. Q3 revenues rose to $55.10M vs. $46.72M, with GAAP EPS at $0.80, beating consensus of $0.69.

**Dividends:** Bullish. Dividend increased for the 52nd consecutive year.

**Product Release:** Bullish. New product launched in New Jersey in October 2024.

**Stock Performance:** Bearish. Shares fell 4.8% despite strong earnings.

**Net Tilt:** Mixed signals but overall bullish due to strong financial performance and dividend increase."
2024-11-01,2,"**Price Target Upgrade:** Baird upgraded Middlesex Water’s price target to $61 from $58, indicating **bullish** sentiment based on potential upside.

**Rating Maintenance:** Baird maintains a Neutral rating on Middlesex Water, suggesting **neutral** overall stance despite the higher price target.

**Net Tilt:** The conflicting signals result in a **net neutral** tilt."
2024-11-02,2,"**Ownership Increase:** Bullish. Vanguard Group Inc. increased its stake in MSEX by 1.5% in Q4, indicating institutional confidence.

**Stock Price Gain:** Bullish. MSEX’s share price surged 6.7% during Friday’s trading, reflecting positive market sentiment.

**Net Tilt:** Bullish. Both ownership increase and stock price gain indicate strong investor interest and positive momentum."
2024-11-04,2,"**Dividends:** Bullish. Middlesex Water Co. increased its common dividend for the 52nd consecutive year, signaling financial stability and consistent profitability.

**Earnings:** Bullish. Middlesex Water Company reported strong third-quarter 2024 financial results, indicating robust performance.

NET Tilt: Bullish. Both dividend increase and strong earnings report suggest positive financial health and growth potential."
2024-11-05,6,"**Revenue and Earnings Beat:** Bullish. MSEX reported Q3 revenue of $55.10M vs. estimates of $50.00M and EPS-Non-GAAP of $0.80 vs. consensus of $0.67.

**Dividend Increase:** Bullish. Dividend increased from $0.33 to $0.62 per share.

**Institutional Ownership Growth:** Bullish. Both Vanguard Group and another institutional investor increased their stakes in MSEX.

**Stock Performance:** Bullish. Shares gapped up post-announcement.

**Net Tilt:** Strongly Bullish. All signals indicate positive momentum and support for MSEX."
2024-11-06,5,"**Themes: Ownership Changes, Price Target Upgrade, Stock Performance**

- **Bullish**: Robert W. Baird upgraded MSEX’s price target from $58.00 to $61.00.
- **Bullish**: Llc increased its stake by 107.2% in Q2.
- **Bullish**: Duff & Phelps Investment Management Co. acquired a new stake in MSEX in Q2.
- **Bearish**: System reduced its stake by 4.4% in Q3.
- **Bullish**: MSEX stock gained 4.0%.

**Net Tilt**: Bullish due to multiple upgrades and increases in ownership, despite one reduction."
2024-11-07,4,"**Ownership Changes:** Bullish - Quantbot Technologies LP increased stake by 0.37%, while State of Alaska decreased holdings by 0.34%.
**Stock Price & EPS Estimates:** Neutral - Stock opened at $68.61; analysts expect EPS of 2.21 for FY.

NET TILT: Mixed signals on ownership but no clear trading direction from price or estimates."
2024-11-08,4,"**Dividends:** Bullish; Middlesex Water increased its quarterly cash dividend to $0.34.

**Analyst Action:** Bearish; Baird downgraded the stock to Neutral from Outperform.

**Executive Appointment:** Bullish; Mohammed G. Zerhouni was appointed as CFO.

**Insider Sell:** Bearish; the principal accounting officer sold shares.

**Net Tilt:** Mixed signals with a slight bearish bias due to the downgrade and insider sell."
2024-11-11,10,"**Revenue Beat:** Bullish. Middlesex Water reported Q3 revenue of $55.10M vs. estimates of $50.00M.

**Price Target Upgrade:** Bullish. Robert W. Baird raised PT from $58.00 to $61.00.

**Institutional Ownership:** Mixed. Multiple institutions increased stakes (Duff & Phelps, Assenagon Asset Management, Sg Americas Securities, Proshare Advisors, BNY Mellon), while NY State Teachers Retirement System reduced by 2.2%.

**Earnings Guidance:** Neutral. Analysts expect EPS of $2.34 for FY.

**Net Tilt:** Bullish. Revenue beat and PT upgrade outweigh minor institutional reduction."
2024-11-14,4,"**Price Target Upgrade:** Robert W. Baird upgraded MSEX’s price target from $58.00 to $61.00, indicating **bullish** sentiment.  
**Stock Performance:** Shares opened at $66.38, above the new target, suggesting **bearish** pressure.  
**Dividend Announcement:** MSEX announced a quarterly dividend of $0.34, neutral for trading but positive for long-term investors.  
**Earnings Estimate:** Analysts expect EPS of 2.34 for the current fiscal year, **bullish** for future earnings potential.

**Net Tilt:** Mixed signals with bullish analyst upgrade and earnings estimate vs. bearish stock performance."
2024-11-19,4,"**Revenue Beat:** Bullish. Middlesex Water reported Q3 revenue of $55.10M vs. estimates of $50.00M.

**Ownership Shifts:** Mixed. Llc increased holdings by 107.2%, while Oppenheimer sold 195 shares.

**Stock Performance:** Bearish. Stock opened at $65.80, down from previous close.

NET TILT: Mixed, with revenue beat and ownership increase offset by stock decline and sell-off."
2024-11-21,4,"**Price Target Upgrade:** Robert W. Baird upgraded MSEX’s price target from $58.00 to $61.00, **bullish**.

**Ownership Increase:** System increased holdings by 2.3% in Q2, **bullish**.

**Holdings Disclosure:** Principal Financial Group holds $5.49M in MSEX, **neutral**.

**EPS Estimate:** Analysts predict 2.34 EPS for FY 2024, **bullish**.

**Net Tilt:** Bullish."
2024-11-26,6,"**Baird Downgrades MSEX to Neutral from Outperform** (Bearish): Baird downgraded MSEX citing concerns not detailed.

**VP Andreasen Retires in January 2025** (Bearish): Andreasen’s retirement could disrupt operations.

**Gregory Sorensen Named COO** (Bullish): New COO appointment may stabilize leadership post-retirement.

**Dividend Increase to $0.34** (Bullish): Quarterly dividend increased by 4.62%, signaling confidence.

**Net Tilt:** Mixed signals with slight lean negative due to downgrade and executive departure."
2024-12-01,5,"**Ownership Increases:** Duff & Phelps, Assenagon Asset Management, and Bank of New York Mellon all increased their stakes in MSEX, indicating **bullish** sentiment. Additionally, Victory Capital Management purchased 3,525 shares, further supporting a **bullish** trend.

**Earnings Estimate:** Analysts predict EPS of 2.34 for the current year, suggesting **bullish** expectations.

**Net Tilt:** Strongly Bullish."
2024-12-04,6,"**Robert W. Baird upgraded MSEX’s target price to $61.00 from $58.00**, bullish. **Q4 revenue beat expectations at $55.10M vs. $50.00M forecasted**, bullish. **Marshall Wace LLP increased stake by 2.4% in Q2**, bullish. **Adv increased position by 5.0% in Q3**, bullish. **Cerity Partners LLC acquired shares**, bullish. **Analysts predict EPS of 2.34 for FY**, neutral. **Net tilt: Bullish**."
2024-12-05,3,"**Ownership Increase:** Bullish. Intech Investment Management LLC acquired a new position in MSEX, investing $271,000, indicating institutional confidence.

**Stock Price:** Neutral. Opened at $61.88 with no additional directional signals provided.

**Net Tilt:** Bullish due to institutional investment."
2024-12-10,4,"**Robert W. Baird upgraded MSEX’s target price from $58.00 to $61.00**, indicating **bullish sentiment**. **Charles Schwab Investment Management Inc.** and **Bank of New York Mellon Corp** increased their stock positions, showing **institutional support**. Shares opened at $60.31, close to the new target price. **Net tilt: Bullish**."
2024-12-11,1,"**Analyst Ratings:** BofA initiated coverage on MSEX with an Underperform rating, setting a negative tone (Bearish).

NET Tilt: Bearish

Evidence:
- BofA initiated MSEX with an Underperform rating (Bearish)."
2024-12-15,5,"**Robert W. Baird upgraded MSEX’s target price to $61.00 from $58.00**, bullish. **Q4 revenue beat expectations at $55.10M vs. $50.00M consensus**, bullish. **Llc increased holdings by 65.1% in Q2**, bullish. **Stock traded down 0.2%**, bearish. **Manufacturers Life Insurance maintained a position worth $574,000**, neutral. **Net tilt**: Bullish."
2024-12-17,3,"**Ownership Decrease:** Bearish — LLC sold 1,305 shares, reducing ownership.

**Stock Performance:** Bearish — Shares opened at $59.23, down from previous close.

**Earnings Estimate:** Neutral — Analysts predict EPS of 2.34 for the current year.

**Net Tilt:** Bearish due to ownership decrease and stock performance, neutralized slightly by stable earnings estimate."
2024-12-20,8,"**Ownership Increases:** Multiple firms increased their stakes in MSEX, including Duff & Phelps, Bank of New York Mellon (12.5%), Assenagon Asset Management (89.0%), Sg Americas Securities (479.7%), and State Street Corp. Additionally, Fmr LLC acquired 618 shares. **Bullish** on investor confidence and potential for future growth.

**Stock Price:** Shares opened at $54.84 on Friday. **Neutral** on current pricing without additional context.

**Net Tilt:** Bullish due to significant ownership increases indicating institutional support."
2024-12-27,4,"**Price Target Upgrade:** Robert W. Baird upgraded MSEX’s target price from $58.00 to $61.00, indicating **bullish** sentiment.

**Ownership Increase:** Victory Capital Management Inc. initiated a new position in MSEX worth $230,000 in Q3, and Geode Capital Management LLC also bought shares, signaling **bullish** institutional interest.

**Stock Performance:** MSEX shares traded up 0.3%, showing **slightly bullish** market reception.

**Net Tilt:** Bullish, with multiple institutions increasing their stakes and a positive price target upgrade."
2025-01-04,3,"**Ownership Changes:**  
- **Bullish:** Bank of New York Mellon Corp increased its position in MSEX by 12.5% in Q2.  
- **Bearish:** Jane Street Group LLC sold shares of MSEX.

**Earnings Estimate:**  
- **Neutral:** Analysts forecast EPS of $2.34 for FY 2025.

**Net Tilt:** Mixed signals with slight bullish bias due to institutional buying."
2025-01-22,8,"**Themes:** Ownership Changes, Price Target Upgrade, EPS Estimate

- **Bullish:** Robert W. Baird upgraded price target from $58.00 to $61.00. Multiple institutions (Duff & Phelps, Barclays, State Street, Geode Capital) increased holdings.
- **Bearish:** JPMorgan Chase sold 15,310 shares.
- **Neutral:** Analysts predict EPS of 2.34 for the current year.

**Net Tilt:** Bullish due to multiple upgrades and increased institutional holdings outweighing the single sell action."
2025-01-25,8,"**Price Target Upgrade:** Robert W. Baird upgraded MSEX’s price target from $58.00 to $61.00 (Bullish).

**Revenue Beat:** Q4 revenue was $55.10M vs. $50.00M consensus (Bullish).

**Institutional Ownership Increase:** State Street Corp, Public Sector Pension Investment Board, and Charles Schwab all increased holdings (Bullish).

**Ownership Decrease:** Assenagon Asset Management cut stock position (Bearish).

**Stock Performance:** MSEX traded down 1.0% (Bearish).

**EPS Guidance:** Analysts expect FY EPS of 2.34 (Neutral).

**Net Tilt:** Bullish, with mixed signals on ownership and performance."
2025-01-27,2,"**Ownership Increase:** Bullish. Geode Capital Management LLC increased its stake in MSEX by 0.8% in Q3, purchasing an additional 1,315 shares. This indicates institutional confidence in the stock.

NET Tilt: **Bullish**."
2025-01-28,1,"**Dividend Announcement:** Middlesex Water Company declared a quarterly cash dividend of $0.34 per share on January 28, 2025. **Direction:** Bullish. Evidence: Dividends indicate financial stability and confidence in future earnings, potentially attracting income-focused investors.

No conflicting signals present. **Net Tilt:** Bullish."
2025-02-02,4,"**Revenue Beat:** Bullish. Middlesex Water reported Q4 revenue of $55.10M vs. consensus of $50.00M.

**Ownership Mixed:** Neutral. State Street increased stake by 7.0%, while Sg Americas Securities decreased by 58.9%.

**Stock Performance:** Bearish. Shares opened at $50.64, down from previous close."
2025-02-03,1,"**Earnings Preview:** Middlesex Water Company will report 2024 earnings on February 28, 2025. No specific guidance provided in today’s announcement. **Neutral** until further details emerge.

**Analyst Actions:** No analyst upgrades, downgrades, or changes in price targets reported today. **Neutral**.

**Catalysts & Events:** None announced today that would impact the immediate trading decision. **Neutral**.

**Net Tilt:** Neutral."
2025-02-05,1,"**Executive Appointment:** Bearish. Middlesex Water Company appointed Brian Hague as Vice President of Communications. This is a neutral-to-bearish signal as it does not directly impact financial performance or operational metrics. No EPS, revenue, or other financial guidance was provided with the announcement. 

NET TILT: Neutral-Bearish."
2025-02-11,3,"Analyst Robert W. Baird upgraded MSEX’s target price from $58.00 to $61.00, bullish. State Street Corp increased holdings by 7.0%, bullish. KBC Group NV sold 254,409 shares, bearish. Net tilt: mixed, but slight bullish bias due to analyst upgrade and institutional增持被翻译了，重新生成：

(English only) Analyst Robert W. Baird upgraded MSEX’s target price from $58.00 to $61.00, bullish. State Street Corp increased holdings by 7.0%, bullish. KBC Group NV sold 254,409 shares, bearish. Net tilt: mixed, but slight bullish bias due to analyst upgrade and institutional increase."
2025-02-21,2,"**Earnings Estimate:** Analysts project MSEX to report EPS of $0.36 on Friday. **Direction:** Neutral. Evidence: No deviation from consensus suggests no immediate bullish or bearish signal.

**No Additional Signals:** No other significant analyst actions, earnings surprises, or catalysts mentioned. **Direction:** Neutral. Evidence: Lack of additional trading-relevant signals indicates no change in outlook.

**Net Tilt:** Neutral."
2025-02-26,3,"**Robert W. Baird upgraded MSEX’s target price from $58.00 to $61.00**, bullish, indicating improved outlook. **MSEX stock gained 2.7% today**, suggesting positive market sentiment. **Earnings release scheduled for Friday**, providing potential catalyst for further movement. Net signal is **bullish** with supportive analyst action and recent price gain.

NET TILT: BULLISH"
2025-02-27,5,"**Ownership Increase:** Bullish. Llc increased its position by 20.8% in Q4, while Geode Capital Management LLC increased its position by 0.8% in Q3. Additionally, another Llc purchased a new stake in Q3, and Allworth Financial LP also bought shares.

**Earnings Estimate:** Neutral. Analysts expect EPS of $0.36 per share.

**Net Tilt:** Bullish. Multiple institutions increasing stakes and new investments indicate confidence."
2025-02-28,10,"**Revenue & Earnings:** Bullish. Revenues increased to $191.9M YoY; Q4 EPS was $0.49, up from $0.32 and beating estimates by $0.13.

**Investment Plans:** Neutral. Plans to invest $93M, likely for infrastructure or expansion.

**Earnings Beat:** Bullish. Q4 GAAP EPS beat estimates by $0.13.

**Product Enhancement:** Neutral. Mentioned RENEW program without specifics.

Signals are predominantly bullish with strong revenue and earnings growth, offset by limited details on investment and product enhancements. **NET TILT: BULLISH.**"
2025-03-01,3,"Institutional ownership trends mixed but net positive: State Street increased position by 7.0%, Barclays boosted stake by 349.4% (Bullish), while Llc reduced holdings by 15.5% (Bearish). Net tilt: Bullish due to significant increases from major institutions."
2025-03-02,2,"**Earnings Above Expectations:** Bullish. Middlesex Water reported full-year 2024 earnings that beat expectations.

**Stock Performance:** Bearish. Shares are down 1.6% from a week ago.

**Net Tilt:** Mixed signals with earnings beating expectations but stock performance weak."
2025-03-03,6,"**Bullish Signals:**
- Baird upgraded MSEX from Neutral to Outperform.
- Shares are up 12% today, with Baird citing positive factors.
- Advisers hold a significant stake of $2.86 million.

**Net Tilt:** Bullish

No conflicting signals present."
2025-03-04,17,"**Analyst Ratings:** Robert W. Baird upgraded MSEX from ""neutral"" to ""outperform""; StockNews.com upgraded from ""sell"" to ""hold"". **Bullish**.

**Earnings Beat:** Q4 EPS Non-GAAP $0.49 vs. consensus $0.36; Q4 revenue $47.11M vs. consensus $43.00M. **Bullish**.

**Revenue Growth:** FY2024 sales $191.88M vs. prior year $166.27M. **Bullish**.

**Institutional Ownership:** Multiple firms increased holdings, including Adv (+5.0%), Oppenheimer (+1.0%), Ellevest (+3.8%), BMO (+3.5%), and Sterling Capital (+771.9%). **Bullish**.

**Net Tilt:** Strongly Bullish."
2025-03-05,2,"**Ownership Increase:** Bullish. Both [ownership-increase-held|ess0.37] Inc. and State Street Corp increased their stakes in MSEX, with [ownership-increase-held|ess0.37] Inc. boosting its position by 9.4% in Q4 and State Street Corp increasing by 7.0% in Q3. This indicates institutional confidence in MSEX.

**Net Tilt:** Bullish."
2025-03-06,1,"**Earnings Estimate:** Analysts predict MSEX will report EPS of $2.34 for the current year. **Direction:** Neutral. **Evidence:** No change in EPS estimate indicates stable expectations.

**Analyst Actions:** No upgrades, downgrades, or changes in price targets reported. **Direction:** Neutral. **Evidence:** Lack of movement suggests no significant shift in analyst sentiment.

**Catalysts & Surprises:** None reported. **Direction:** Neutral. **Evidence:** Absence of new catalysts or earnings surprises maintains status quo.

**Net Tilt:** Neutral. No conflicting signals; overall market expectations remain unchanged."
2025-03-11,11,"**Analyst Ratings:** Mixed. **Bullish:** Robert W. Baird upgraded to ""Outperform."" **Bearish:** StockNews.com cut to ""Sell"" and lowered rating. Net tilt: **Bearish** due to two negative ratings outweighing one positive.

**Ownership Increases:** Multiple institutional investors increased holdings: Inc., State Street Corp, Barclays PLC, Geode Capital Management LLC, Fmr LLC, and Principal Financial Group Inc. **Bullish** as it indicates confidence among major shareholders.

**Earnings Forecast:** Analysts predict EPS of 2.34 for FY. **Neutral** but suggests stable expectations.

**Price Action:** Opened at $64.93. **Neutral** without additional context.

**Net Tilt:** **Bearish** due to analyst downgrades outweighing upgrades and ownership increases."
2025-03-13,2,"**Earnings:** Middlesex Water Co. reported EPS of $0.32 vs. expected $0.61, missing estimates significantly (bearish).

**Ownership Increase:** Oppenheimer & Co. Inc. increased its stake by 1.0% in Q4 (bullish).

**Net Tilt:** Mixed signals; earnings miss is bearish while stake increase suggests institutional confidence. Overall, slightly **bearish** due to earnings disappointment."
2025-03-14,8,"**Analyst Downgrade:** Stocknews.com downgraded MSEX from ""hold"" to ""sell,"" lowering the price target (signal not specified).

**Institutional Ownership Increase:** Multiple institutions increased stakes: Bank of New York Mellon Corp (+3.4% Q4), Victory Capital Management Inc. (new stake Q3, $230k), Geode Capital Management LLC (+0.8% Q3), and Barclays PLC (+349.4% Q3).

**Net Tilt:** Bearish due to analyst downgrade; bullish from institutional buying.

Conflicting signals present; overall tilt slightly bearish."
2025-03-16,4,"**Revenue Beat:** Bullish. Middlesex Water reported Q4 revenue of $47.11M vs. analyst estimates of $45.00M.

**Ownership Increases:** Bullish. Both Oppenheimer & Co. Inc. and Fmr LLC increased their stakes in MSEX, with Oppenheimer up 1.0% in Q4 and Fmr LLC up 9.7% in Q3.

**Stock Performance:** Bullish. MSEX stock gained 1.0% on the day.

**Net Tilt:** Strongly Bullish. All signals indicate positive momentum and investor confidence."
2025-03-19,3,"**Ownership Increase:** Bullish. State Street Corp increased its stake in Middlesex Water by 7.0%, indicating institutional confidence.

**Earnings Forecast:** Neutral. Analysts predict EPS of 2.34 for the current year, providing no directional bias but suggesting stable expectations.

**Net Tilt:** Slightly Bullish due to institutional buying, with neutral earnings forecasts."
2025-03-20,6,"**Analyst Ratings:** Stocknews.com upgraded MSEX from ""sell"" to ""hold,"" indicating a neutral-to-bullish shift.

**Earnings:** MSEX reported EPS of $0.32, meeting expectations.

**Ownership Increases:** Multiple institutions increased holdings: Oppenheimer & Co. Inc. (+1.0%), Charles Schwab Investment Management Inc. (+4.3%), and BNY Mellon (+3.4%).

**Stake Acquisition:** Proficio Capital Partners acquired 30,315 shares, signaling institutional interest.

**Net Tilt:** Bullish due to upgrades and stake acquisitions, but tempered by neutral earnings performance."
2025-03-23,3,"**Ownership Increases:** Bullish. Victory Capital Management Inc., Intech Investment Management LLC, and Charles Schwab Investment Management Inc. all acquired new stakes in MSEX during Q3, indicating institutional interest and potential confidence in the stock’s future performance.

Net Tilt: **Bullish**."
2025-03-24,2,"**Dividend Increase:** Bullish. Middlesex Water has increased its dividend five times over the year, indicating strong financial health and consistent cash flow.

**Analyst Recommendation:** Bullish. A recent stock pick highlights MSEX as a top dividend stock, suggesting potential for continued investor interest and support.

**Net Tilt:** Bullish. Both signals indicate positive momentum and support for MSEX."
2025-03-28,5,"**Analyst Ratings:** Stocknews.com upgraded MSEX from ""sell"" to ""hold,"" indicating a neutral-to-bullish shift (bullish).

**Ownership Changes:** 
- Oppenheimer & Co. Inc. increased holdings by 1.0% in Q4 (bullish).
- Fmr LLC increased stake by 9.7% in Q3 (bullish).
- An unnamed LLC reduced stake (bearish).

**Price Action:** Stock opened at $61.95 on Friday (neutral).

**Net Tilt:** Bullish due to upgrades and increased ownership, offset slightly by one reduction."
2025-03-29,5,"**Insider Sell:** Bearish; Director Dennis W. Doll sold 4,067 shares on March 21st.

**Revenue Beat:** Bullish; Q4 revenue was $47.11M vs. $45.00M consensus.

**Increased Ownership:** Bullish; Sterling Capital Management increased stake by 771.9%, and Victory Capital Management initiated a new position in Q3.

**Stock Performance:** Bullish; MSEX traded up 2.5%.

**Net Tilt:** Bullish due to revenue beat and increased ownership despite insider sell."
2025-03-30,8,"**Ownership Increases:** Multiple institutional investors increased their stakes in MSEX, including Winton GROUP Ltd, State Street Corp, Proficio Capital Partners LLC, Barclays PLC, and American Century Companies Inc., indicating **bullish** sentiment. 

**Earnings Announcement:** MSEX released its quarterly earnings data on Feb 28, but no specific details on EPS or revenue were provided, leaving the impact neutral.

**Net Tilt:** Bullish due to significant ownership increases."
2025-04-02,1,"**Acquisition Completed:** Middlesex Water completed the acquisition of the Ocean View Water System. This is **bullish** as it expands Middlesex Water’s operational footprint and customer base, potentially driving future revenue growth.

**Direction:** Bullish  
**Evidence:** Acquisition of Ocean View Water System completed, enhancing Middlesex Water’s operations and customer reach."
2025-04-04,1,"**Analyst Downgrade:** Janney Montgomery Scott downgraded MSEX to Neutral from Buy, lowering the price target to $0.58. **Direction:** Bearish. **Evidence:** Analyst downgrade indicates reduced confidence in MSEX’s future performance."
2025-04-05,7,"**Ownership Increase:** Bullish. Oppenheimer & Co. Inc. increased holdings by 1.0%, and Fmr LLC raised its stake by 9.7%. Mitsubishi UFJ Asset Management Co. Ltd. acquired 473 new shares.

**Price Movement:** Bearish. MSEX traded down 4.2%.

**Earnings Data:** Neutral. Earnings data was released on Feb 28, with analysts expecting EPS of 2.34 for FY.

**Analyst Rating:** Neutral. Janney Montgomery Scott maintained a ""neutral"" rating.

**Net Tilt:** Mixed signals; slight bullish bias from ownership increases vs. bearish price movement."
2025-04-06,5,"**Analyst Upgrade:** Stocknews.com upgraded MSEX from ""sell"" to ""hold,"" indicating a neutral stance with potential upside (bullish).

**Institutional Ownership Growth:** Barclays PLC increased its position by 349.4%, State Street Corp by 7.0%, Geode Capital Management LLC by 0.8%, and Proficio Capital Partners LLC initiated a new stake worth $1.595M in Q4 (bullish).

**Net Tilt:** Bullish due to analyst upgrade and significant institutional buying."
2025-04-07,3,"**Revenue Beat:** Bullish. Middlesex Water reported Q4 revenue of $47.11M, beating analyst estimates of $45.00M.

**Ownership Increase:** Bullish. Sterling Capital Management LLC increased its stake by 771.9% in Q4.

**Stock Price:** Neutral. Stock opened at $63.76 on Friday.

**Net Tilt:** Bullish. Revenue beat and significant ownership increase outweigh neutral stock price movement."
2025-04-08,4,"**Insider Activity & Ownership Changes:**
- **Bearish:** Dennis W. Doll, Director, sold 4,067 shares on Mar 21.
- **Bullish:** American Century Companies Inc. increased holdings by 62.9% in Q4.
- **Bullish:** Charles Schwab Investment Management Inc. raised holdings by 4.3% in Q3.
- **Bearish:** Prudential Financial Inc. sold 550 shares.

**Net Tilt:** Mixed signals with slight lean towards bearish due to insider sell and institutional reduction."
2025-04-09,6,"**Ownership Changes:** Fmr LLC (+9.7%), State Street Corp (+7.0%), and Geode Capital Management LLC (+0.8%) increased their stakes, while Corebridge Financial Inc. decreased its holdings (-0.8%). **Bullish** on institutional support but mixed due to one reduction.

**Price Action:** MSEX opened at $60.87, down slightly from previous close. **Bearish** on slight stock loss.

**Analyst Rating:** Janney Montgomery Scott maintained a neutral rating. **Neutral** stance with no change in recommendation.

**Net Tilt:** Mixed signals with some bullish ownership increases offset by a bearish price action and neutral analyst rating."
2025-04-10,5,"**Analyst Ratings:** Stocknews.com upgraded MSEX from ""Sell"" to ""Hold"" (Bullish).

**Investment:** Announced $10.3M investment to strengthen water infrastructure (Bullish).

**Ownership Increase:** Daiwa Securities increased stake by 16.6% in Q4 (Bullish).

**Earnings:** Last reported earnings on Feb 28; analysts expect EPS of 2.34 for the current year (Neutral).

**Net Tilt:** Bullish."
2025-04-11,10,"**Insider Activity:** Bearish; Director Dennis W. Doll sold 4,067 shares.

**Revenue Performance:** Bullish; QTR revenue was $47.11M vs. $45.00M consensus.

**Ownership Changes:** Mixed; Lp, Pictet, JPMorgan, Proficio, and Barclays increased holdings significantly, while Vanguard reduced holdings slightly.

**Stock Price Movement:** Bullish; Stock traded up 1.9%.

**Net Tilt:** Slightly Bullish due to revenue beat and significant institutional buying outweighing insider sell and minor Vanguard reduction."
2025-04-12,2,"**Analyst Downgrade:** StockNews.com downgraded MSEX to ""Sell,"" lowering the price target (exact figure not provided). **Bullish vs Bearish:** Negative.

**Ownership Increase:** Llc increased holdings by 20.8% in Q4. **Bullish vs Bearish:** Positive.

**Net Tilt:** Mixed signals with analyst downgrade being more significant for trading decisions. **Overall Direction:** Net Negative."
2025-04-14,2,"**Earnings Guidance Up**: Analysts upgraded MSEX to a strong buy, citing rising earnings estimates. This is **bullish**, with evidence of improved financial outlook.

**Net Tilt**: Bullish."
2025-04-17,14,"**Analyst Ratings:** Stocknews.com downgraded MSEX from ""hold"" to ""sell,"" while Janney Montgomery Scott maintained a ""neutral"" rating. **Bullish:** Franklin Resources made a new investment. **Bearish:** Director Dennis W. Doll sold shares; Legal & General Group sold shares. **Neutral:** Multiple institutions increased their stakes (Llc, Fmr LLC, State Street Corp, Barclays, Geode Capital, Pictet, Mitsubishi UFJ). **Price Action:** MSEX traded down 0.9%. **Net Tilt:** Bearish due to analyst downgrade and insider sell."
2025-04-18,1,"**Ownership Increase:** Bullish. Daiwa Securities Group Inc. increased its stake in Middlesex Water by 16.6% in Q4, indicating potential confidence in the company’s future prospects.

**Net Tilt:** Bullish."
2025-04-19,3,"**JPMorgan Chase & Co. Purchases MSEX Shares:** Bullish. Evidence: Strategic stake acquisition suggests confidence in MSEX’s future performance.

**EPS Estimate:** Neutral. Evidence: Analysts predict EPS of 2.34 for the current year, indicating stable expectations.

Net Tilt: **Bullish**."
2025-04-21,1,"**Earnings Preview:** Middlesex Water Company is set to report Q1 2025 earnings on May 1. No specific guidance or analyst actions mentioned yet. **Direction:** Neutral until further details emerge.

**Net Tilt:** Neutral."
2025-04-23,12,"**Analyst Upgrade:** Stocknews.com upgraded MSEX from ""Sell"" to ""Hold,"" citing potential value recovery (Bullish).

**Institutional Ownership Growth:** Multiple institutions increased stakes in MSEX, including Principal Financial (+3.0%), Geode Capital (+0.8%), Walleye Capital (new stake $675k), BNY Mellon (+3.4%), Charles Schwab (+3.1%), Amundi (+7.4%), and JPMorgan (+187.2%) (Bullish).

**Price Movement:** MSEX stock up 1.2% (Bullish).

**Net Tilt:** Bullish due to analyst upgrade and significant institutional buying."
2025-04-24,8,"**Earnings Guidance:** Bullish; Middlesex Water’s EPS guidance is above expectations, indicating a likely beat.

**Revenue:** Bullish; QTR revenue of $47.11M vs. estimates of $45.00M, beating expectations.

**Insider Activity:** Bearish; Director Dennis W. Doll sold 4,067 shares, signaling potential concerns.

**Ownership Changes:** Bullish; Winton GROUP Ltd and Barclays PLC increased holdings, showing institutional confidence.

**Net Tilt:** Bullish; Positive earnings and revenue signals outweigh bearish insider selling."
2025-04-25,1,**Dividend Announcement:** Middlesex Water declared a dividend of $0.34 per share. **Direction:** Neutral. Evidence: Dividends typically provide income but do not directly impact stock valuation or growth prospects. This announcement does not offer new financial guidance or operational updates that would influence trading decisions.
2025-04-26,3,"**Analyst Ratings:** Stocknews.com upgraded MSEX from ""Sell"" to ""Hold"" (Bullish).  
**Ownership Changes:** Metlife Investment Management LLC increased its stake by 6.0% in Q4 (Bullish).  
**Price Action:** Shares opened at $61.44 on Friday (Neutral).

**Net Tilt:** Bullish due to analyst upgrade and ownership increase, but price action neutral."
2025-05-01,15,"**Revenue Positive:** Q1 revenue of $44.3M beat expectations ($43.8M). **Bullish**.

**Earnings Negative:** Q1 EPS of $0.53 missed estimates ($0.57-$0.60). **Bearish**.

**Analyst Upgrade:** Stocknews.com upgraded MSEX from ""Sell"" to ""Hold"". **Bullish**.

**Investment Plans:** Company plans $93M investment in 2025. **Neutral**.

**Institutional Buying:** BNY Mellon and Barclays increased holdings. **Bullish**.

**New Investor:** HSBC made a new investment. **Bullish**.

**Net Tilt:** Mixed signals; revenue positive, earnings negative. **Net Neutral**."
2025-05-02,5,"**Insider Sell:** Director Dennis W. Doll sold 4,067 shares (Bearish).

**Revenue Growth:** Q1 Sales USD 44.30M vs. USD 40.52M (Bullish).

**Ownership Increase:** Pictet Asset Management Holding SA increased holdings by 31.2% in Q4 (Bullish).

**Stock Price Movement:** Trading down 0.5% (Bearish).

**Analyst Rating:** Janney Montgomery Scott maintained ""neutral"" rating (Neutral).

**Net Tilt:** Mixed signals with slight net bullish bias due to revenue growth and ownership increase offsetting insider sell and recent price decline."
2025-05-03,8,"**Revenue Beat:** Bullish; Middlesex Water revenues exceeded expectations.

**Institutional Ownership Increase:** Bullish; Proficio Capital Partners, Principal Financial Group Inc., Winton GROUP Ltd., Llc, and Russell Investments Group Ltd. all increased their stakes in MSEX.

**Stock Price Movement:** Bearish; MSEX closed at $59.48 after opening at $60.36."
2025-05-06,7,"**Ownership Trends:** Bullish (MUFG Asset Management increased holdings by 1,006.4%, Barclays by 349.4%, and Llc by 20.8%). Bearish (State of Tennessee sold shares).

**Earnings Performance:** Bearish (Q1 EPS Non-GAAP missed consensus by $0.02).

**New Stake:** Bullish (MetLife Investment Management bought 602 shares).

**Stock Price:** Bearish (NASDAQ:MSEX opened at $59.83, down from previous close).

**Net Tilt:** Mixed signals with slight net bearish bias due to earnings miss and stock price drop."
2025-05-07,10,"**Analyst Ratings:** Bearish - Stocknews.com downgraded MSEX from ""hold"" to ""sell."" Neutral - Janney Montgomery Scott maintained a ""neutral"" rating.

**Revenue:** Bullish - Q1 revenue beat estimates at $44.30M vs. $43.79M consensus.

**Ownership Changes:** Mixed - Proficio Capital, Principal Financial Group, Winton GROUP, and Pictet Asset Management increased holdings. Dimensional Fund Advisors sold 10,650 shares.

**Price Movement:** Bullish - MSEX stock gained 2.4%.

**Earnings Guidance:** Neutral - Analysts predict EPS of 2.34 for the current year.

**Net Tilt:** Net slightly bullish due to revenue beat and stock gain, but analyst downgrade is bearish."
2025-05-08,3,"**Analyst Ratings:** Downgrade by StockNews.com to ""Sell"" (Bearish)

**Ownership Changes:** Victory Capital Management Inc. acquired a new stake worth $238,000 (Bullish)

**Earnings Release:** MSEX released Q1 earnings on May 1st (Neutral, no specific details provided)

**Net Tilt:** Mixed signals with a slight **Bearish** bias due to the analyst downgrade."
2025-05-09,7,"**Ownership Increases:** Multiple institutions increased their stakes in MSEX, including Bank of Montreal (3.5%), Russell Investments (11.3%), Dynamic Technology Lab ($302k), Wells Fargo (13.7%), Franklin Resources ($690k), and Bank of New York Mellon (3.4%). Raymond James also initiated a new position. **Bullish** on investor confidence and potential for future growth."
2025-05-10,6,"**Analyst Downgrade:** Stocknews.com downgraded MSEX from ""hold"" to ""sell,"" negative for sentiment.  
**Ownership Mixed:** Barclays increased stake by 349.4%, while Lp boosted holdings by 1,136.4%. However, LLC sold 8,448 shares, indicating mixed investor confidence.  
**Price Action:** MSEX traded up 0.1%, but the analyst downgrade is bearish. Open price was $60.09.  
**Net Tilt:** Bearish due to analyst downgrade, despite some institutional buying."
2025-05-11,2,"**Ownership Increase:** Bullish. Walleye Capital LLC purchased a new stake in MSEX valued at $675,000 during Q4.

**Earnings Data:** Neutral. MSEX released its quarterly earnings data on May 1st, but no specific details on EPS, revenue, or guidance were provided in the headline.

**Net Tilt:** Slightly Bullish due to the new institutional ownership, though earnings details are lacking."
2025-05-12,2,"**Analyst Upgrade:** Janney Montgomery Scott upgraded Middlesex Water to Buy from Neutral, citing improved fundamentals (bullish).

**Stock Offering:** Middlesex Water announced a common stock offering (bearish due to potential dilution).

**Net Tilt:** Mixed signals with analyst optimism countered by potential share dilution."
2025-05-13,2,"**Ownership Increase:** Bullish. Sterling Capital Management LLC increased its position in MSEX by 771.9% in Q4, indicating strong confidence. Additionally, Institutional investors initiated a new stake in MSEX during Q1, further signaling positive sentiment.

**Net Tilt:** Bullish."
2025-05-14,9,"**Analyst Ratings:** Mixed. Stocknews.com downgraded MSEX to ""Sell"" but later upgraded to ""Hold."" Janney Montgomery Scott upgraded from ""Neutral"" to ""Buy."" **Net Tilt:** Neutral.

**Ownership Changes:** Positive. Versor Investments, Inc., Vanguard Group, and Invesco all increased their stakes in MSEX. **Net Tilt:** Bullish.

**Price Action:** Bearish. MSEX opened at $56.25, down from previous levels. **Net Tilt:** Bearish.

**Net Overall Tilt:** Neutral with slight bias towards bearish due to price action and conflicting analyst ratings."
2025-05-16,7,"**Insider Activity:** Bearish; Director Dennis W. Doll sold 4,067 shares.

**Revenue Performance:** Bullish; Q1 revenue beat expectations at $44.30M vs. $43.79M estimate.

**Institutional Ownership:** Mixed; Principal Financial, BNY Mellon, Barclays increased holdings, while Comerica Bank reduced holdings. Net tilt slightly bullish due to larger increases from major institutions.

**Net Tilt:** Slightly Bullish."
2025-05-17,6,"**Earnings Update:** MSEX reported Q1 earnings on May 1st but details are not provided, leaving current sentiment driven by other factors.

**Stake Accumulation:** Bullish. Northern Trust Corp bought 23,289 shares, and Balyasny Asset Management acquired 4,002 shares, indicating institutional interest.

**Price Movement:** Bullish. MSEX opened at $58.42, up 2.3% from previous close.

NET TILT: **Bullish** due to stake accumulation and positive price movement."
2025-05-22,6,"**Analyst Downgrade:** Stocknews.com downgraded MSEX to Sell, negative for sentiment.  
**Revenue Beat:** Q1 revenue was $44.30M vs. $43.79M expected, positive.  
**Institutional Buying:** Sterling Capital, Northern Trust, and BNY Mellon increased holdings significantly, positive.  
**Stock Performance:** MSEX stock fell 1.0%, negative.  
**Net Tilt:** Mixed signals; institutional buying vs. analyst downgrade and stock decline suggests caution."
2025-05-23,4,"**Executive Appointments:** Bullish. Middlesex Water appointed a new Lead Independent Director and named Nadine Leslie as the new Board Chair, signaling potential leadership stability and strategic direction.

**Protest Incident:** Bearish. An officer faced protests in March 2024, indicating possible operational or governance issues that could impact public perception and operations.

**Net Tilt:** Mixed signals with a slight negative bias due to the protest incident."
2025-05-25,5,"**Bullish Ownership Increases:** D. E. Shaw & Co. Inc., Jane Street Group LLC, JPMorgan Chase & Co., HSBC Holdings PLC, and Proficio Capital Partners LLC all increased their stakes in MSEX during Q4. Notable increases include Jane Street’s 751.4% and JPMorgan’s 187.2%. This indicates strong institutional interest and confidence in MSEX."
2025-05-27,3,"**Ownership Increase:** Bullish. Pictet Asset Management Holding SA increased its stake in Middlesex Water by 31.2% during Q4, indicating institutional confidence.

**Stock Performance:** Neutral. Middlesex Water stock gained 0.1%, a minor move.

**Earnings Update:** Neutral. The company reported its latest quarterly earnings on May 1st, but no specific details or surprises were provided in the headline.

**Net Tilt:** Slightly Bullish due to significant institutional buying, offset by lack of strong stock movement and earnings detail."
2025-05-28,9,"**Analyst Ratings:** Zen downgraded MSEX from ""hold"" to ""sell,"" bearish.  
**Insider Activity:** Director Dennis W. Doll sold 4,067 shares, bearish.  
**Institutional Ownership:** Barclays and Lp significantly increased stakes, bullish; Tidal Investments reduced holdings, bearish; Mirae ASSET acquired shares, bullish.  
**Stock Price:** Opened at $57.87, neutral.  
**Net Tilt:** Mixed signals with slight net negative bias due to analyst downgrade and insider sell."
2025-05-29,3,"**Ownership Changes:** 
- **Bullish:** Inc. increased its stake in MSEX by 9.4% in Q4.
- **Bearish:** Ameriprise Financial sold 3,635 shares.

**Earnings Estimate:**
- **Neutral:** Analysts predict EPS of $2.34 for FY 2025.

**Net Tilt:** Mixed signals with slight bullish bias due to ownership increase."
2025-06-02,4,"**Analyst Ratings:** Zen downgraded MSEX from Hold to Sell, citing concerns (bearish).

**Ownership Changes:** 
- Deutsche Bank increased holdings by 42.6% in Q4 (neutral).
- Millennium Management initiated a position (neutral).

**Earnings Estimates:** Analysts predict FY EPS of 2.34 (neutral).

**Net Tilt:** Bearish due to the significant downgrade from Zen."
2025-06-06,2,"**Ownership Increase:** Sterling Capital Management LLC significantly increased its stake in MSEX by 771.9% in Q4, purchasing 7,562 additional shares. This move is **bullish**, indicating confidence in the stock’s future performance.

NET TILT: Bullish"
2025-06-07,1,"**Ownership Increase:** Bullish. Winton GROUP Ltd acquired a new stake in MSEX valued at $1,025,000 during the fourth quarter, indicating institutional confidence in the stock.

NET Tilt: Bullish."
2025-06-15,3,"**Ownership Increase:** Bullish. LLC increased its stake in MSEX by 15.3%, indicating confidence.

**Stock Performance:** Bearish. MSEX traded down 0.9%.

**Advisory Stake:** Neutral. Advisers hold a $3.32M stake but no change in position noted.

**Net Tilt:** Mixed signals with a slight lean towards bearish due to recent stock performance."
2025-06-18,5,"**Ownership Increase:** Bullish. Assenagon Asset Management increased its stake by 22.5%, while Sterling Capital Management boosted its position by 771.9%. Oppenheimer also slightly increased its holding by 1.0%.

**Earnings Estimate:** Neutral. Analysts expect EPS of 2.34 for the current year.

**Earnings Announcement:** Neutral. MSEX released Q1 earnings on May 1st, but no specific details on performance were provided in the headlines."
2025-06-20,4,"**Analyst Downgrade:** Zen downgraded MSEX from ""hold"" to ""sell,"" citing concerns (bearish).

**Ownership Changes:** 
- Principal Financial Group Inc. increased its stake by 3.0% in Q4 (neutral).
- Exchange Traded Concepts LLC bought 12,960 shares (bullish).

**Stock Price:** Opened at $56.17 (no change in signal).

**Net Tilt:** Mixed signals with a net bearish tilt due to the significant analyst downgrade."
2025-06-24,4,"**Ownership Changes:** Sterling Capital Management LLC increased ownership by 771.9%, indicating **bullish** sentiment (evidence: significant stake increase). Conversely, Sg Americas Securities LLC reduced its stake by 26.2%, signaling **bearish** sentiment (evidence: stake reduction).

**Earnings Estimate:** Analysts predict EPS of 2.34 for the current fiscal year, neutral but suggesting **bullish** potential if met or exceeded (evidence: positive forward estimate).

**Net Tilt:** Mixed signals with a slight **bullish** bias due to the substantial stake increase by Sterling Capital Management LLC.

**Action:** Consider **BUY** if bullish indicators outweigh bearish ones; otherwise, **HOLD**."
2025-06-28,5,"**Ownership Increase:** Bullish. Oppenheimer & Co. Inc. increased its stake in MSEX by 29.9% in Q1, while another firm boosted its stake by 15.3% in Q4. Additionally, Oppenheimer bought shares of MSEX.

**Earnings Estimate:** Neutral. Analysts predict EPS of 2.34 for the current year.

**Net Tilt:** Bullish due to significant ownership increases despite neutral earnings estimate."
2025-06-29,2,"**Ownership Increase:** Bullish. Assenagon Asset Management S.A. increased its stake in MSEX by 22.5%, indicating confidence in the company’s prospects.

**Earnings Release:** Neutral. MSEX released its quarterly earnings on May 1st, but no specific details or surprises were mentioned in the headline.

**Net Tilt:** Slightly Bullish due to the significant ownership increase, though earnings details are lacking."
2025-07-03,1,"**Price Target Downgrade**: BofA downgraded MSEX, lowering the price target to $55 from $60. **Bullish signals weak**; downgrade suggests reduced near-term upside potential. **Net Tilt**: Bearish."
2025-07-05,10,"**Analyst Ratings:** Zen downgraded MSEX from ""hold"" to ""sell"" (bearish).

**Revenue Performance:** QTR revenue beat expectations at $44.30M vs. $43.79M (bullish).

**Ownership Trends:** BNY Mellon, Assenagon Asset Management, and another LLC increased holdings (bullish); Janney Montgomery Scott LLC reduced stake (bearish).

**Stock Movement:** MSEX stock down 0.5% (bearish).

**Earnings Guidance:** Analysts predict EPS of 2.34 for FY (neutral).

**Net Tilt:** Mixed signals with slight net bearish bias due to downgrade and recent stock decline."
2025-07-17,4,"**Ownership Increase:** Bullish. American Century Companies Inc. increased its stake in MSEX by 62.9%, indicating confidence in the stock.

**Stock Performance:** Bullish. MSEX traded up 0.9% today, suggesting positive market sentiment.

**Stake Acquisition:** Bullish. Principal Financial Group Inc. purchased 2,293 additional shares, further supporting the stock.

**Earnings Announcement:** Neutral. MSEX will report Q2 2025 earnings on July 31, which could impact future trading decisions.

**Net Tilt:** Bullish. Multiple institutional investors increasing stakes and positive trading performance suggest a favorable outlook."
2025-07-20,4,"**Ownership Increase:** Bullish. Pictet Asset Management Holding SA increased its stake in MSEX by 31.2%, and Institutional investors also initiated a new position, indicating confidence in the stock.

**Earnings Estimate:** Neutral. Analysts predict EPS of 2.34 for the current year, aligning with expectations but lacking a directional shift.

NET TILT: Bullish due to significant ownership increases."
2025-07-21,9,"**Analyst Ratings:** Zen downgraded MSEX from ""hold"" to ""sell,"" bearish.

**Institutional Ownership:** 
- Bullish: Principal Financial, Oppenheimer & Co., Exchange Traded Concepts LLC, Assenagon Asset Management, and Llc increased stakes.
- Bearish: Bank of New York Mellon Corp reduced stake and sold shares.

**Net Tilt:** Mixed signals with slight bullish bias from ownership increases but significant analyst downgrade."
2025-07-23,8,"**Revenue Beat:** Bullish. Middlesex Water reported Q4 revenue of $44.30M vs. estimates of $43.79M.

**Institutional Ownership:** Mixed. Sterling Capital Management, Mitsubishi UFJ Asset Management, and Pictet Asset Management significantly increased stakes, while Cerity Partners and another LLC reduced positions.

**Stock Performance:** Bullish. MSEX stock gained 0.2%.

**Dividend:** Neutral. Declared $0.34 quarterly dividend.

**Net Tilt:** Slightly Bullish."
2025-07-24,5,"**Ownership Increase:** Bullish. Mirae ASSET GLOBAL ETFS HOLDINGS Ltd. increased its stake by 8.2%, and Llc boosted its position by 128.3% in Q1.

**Earnings Miss:** Bearish. EPS came in at $0.53 vs. expectations of $0.55.

**Stock Performance:** Bearish. MSEX opened at $53.90, down from previous close.

**Earnings Announcement:** Neutral. MSEX is set to announce Q4 earnings on Thursday.

**Net Tilt:** Mixed signals with ownership increase offsetting earnings miss and stock performance."
2025-07-25,1,"**Analyst Downgrade:** Zen downgraded MSEX from ""Hold"" to ""Sell"" with a new price target of $0.98, indicating a bearish stance based on their updated analysis.

**Net Tilt:** Bearish

Evidence: Analyst downgrade to ""Sell"" with a significantly low price target of $0.98 suggests a negative outlook on MSEX’s future performance."
2025-07-31,13,"**Earnings Miss:** MSEX reported Q2 EPS of $0.60, missing estimates of $0.66-$0.67 by 9-10%. **Bullish Revenue Growth:** Q2 revenues rose to $49.32M from $49.15M, beating expectations. **Net Tilt:** Bearish due to significant EPS miss despite revenue beat."
2025-08-02,2,"**Revenue Below Expectations:** MSEX missed revenue expectations, indicating **bearish** sentiment.  
**Earnings Per Share Down:** MSEX reported a 8% decline in EPS, further signaling **bearish** sentiment.  

**Net Tilt:** Bearish."
2025-08-03,3,"**Ownership Increase:** Llc boosted its position in MSEX by 128.3% in Q1, indicating **bullish** sentiment among institutional investors.

**Stock Performance:** MSEX traded up 1.5%, signaling **bullish** market movement.

**Opening Price:** Nasdaq:MSEX opened at $52.39 on Friday, reflecting current market valuation.

**Net Tilt:** Bullish, driven by significant ownership increase and positive stock performance."
2025-08-05,1,"**Earnings Miss:** MSEX reported Q2 Non-GAAP EPS of $0.60 vs. consensus of $0.68, missing expectations by $0.08. **Bullish Signal:** EPS still positive at $0.60. **Bearish Signal:** Miss indicates potential operational challenges. **Net Tilt:** Bearish due to earnings miss.

**Analyst Action:** No significant analyst actions noted today. 

**Catalysts:** None impacting MSEX directly today. 

**Net Direction:** Bearish."
2025-08-20,8,"**Ownership Trends:** Bullish. Wells Fargo, Russell Investments, Bank of Montreal, Raymond James, and Sterling Capital all increased their stakes in MSEX, with Sterling Capital’s increase being particularly significant at 771.9%. However, U.S. Bancorp sold shares, slightly offsetting the positive trend.

**Revenue Performance:** Bearish. MSEX missed Q4 revenue expectations by $3.28M, reporting $49.32M vs. the $52.60M consensus.

**Stock Price Action:** Bullish. MSEX stock traded up 1.9% despite the revenue miss, indicating potential market optimism or other positive factors not captured in the revenue data."
2025-08-22,3,"**Ownership Increase:** T. Rowe Price acquired shares, and [ownership-increase-held|ess0.37] Inc. increased its stake by 0.7%. **Bullish** on investor interest.

**Stock Performance:** Middlesex Water stock opened at $52.81, down slightly from previous close. **Bearish** on slight decline.

**Net Tilt:** Mixed signals with increased ownership but slight stock loss, indicating neutral to slightly positive sentiment."
2025-08-23,10,"**Analyst Ratings:** Zen downgraded MSEX from ""hold"" to ""sell,"" bearish.  
**Ownership Changes:** LLC increased holdings by 6,702%, positive; Vanguard raised stake by 1.5%, positive; Swiss National Bank decreased stake by 1.1%, negative.  
**Price Action:** MSEX stock up 3.3%, bullish.  
**Earnings:** Q4 earnings announced, no specific details provided. Analysts expect FY EPS of 2.34, neutral.  
**Net Tilt:** Mixed signals with net slightly negative due to analyst downgrade and SNB reduction."
2025-08-25,2,"**Ownership Decrease:** Charles Schwab Investment Management Inc. sold 3,458 shares, indicating **bearish** sentiment.

**Revenue Miss:** Q2 revenue was $49.32M vs. estimates of $52.60M, signaling **bearish** performance.

**Net Tilt:** Bearish due to ownership decrease and revenue miss."
2025-08-26,4,"**Ownership Increase:** Bullish. Invesco Ltd. increased its stake by 18.8% in Q1, while Jane Street Group LLC boosted its position by 751.4% in Q4. Additionally, Hsbc Holdings PLC initiated a new position in Q4.

**Earnings Release:** Neutral. Middlesex Water released its quarterly earnings on July 31st, but no specific details on EPS or revenue were provided in the headlines.

**Net Tilt:** Bullish due to significant ownership increases."
2025-08-27,2,"**Ownership Increase:** Bullish. LLC bought a new stake in MSEX, indicating institutional interest.

**Earnings Estimate:** Neutral. Analysts predict EPS of 2.34 for the current year, no change from previous estimates.

**Net Tilt:** Slightly Bullish due to ownership increase, but earnings estimate unchanged."
2025-08-28,4,"**Institutional Ownership Increase:** Bullish. Northern Trust Corp increased its stake by 11.6%, and Proshare Advisors LLC increased its stake by 13.5%. Additionally, Nuveen LLC invested $3.31 million in MSEX.

**Stock Price:** Neutral. Shares opened at $53.98 on Thursday.

**Net Tilt:** Bullish due to significant institutional buying."
2025-09-02,6,"**Ownership Increases:** Bullish. Llc increased its stake by 10.6% in Q1, while Metlife Investment Management LLC increased its stake by 6.0% in Q4. American Century Companies Inc. also bought 5,447 shares recently.

**Stock Performance:** Bearish. MSEX opened at $53.54 on Tuesday, down from previous close.

**Earnings Data:** Neutral. Earnings were released on July 31st, with analysts expecting 2.34 EPS for FY.

**Net Tilt:** Mixed signals but slightly bullish due to significant institutional buying."
2025-09-09,5,"**Ownership Changes:** 
- **Bullish:** Llc increased stake by 128.3%.
- **Bearish:** Comerica Bank trimmed holdings.

**Revenue Performance:**
- **Bearish:** Qtrly revenue $49.32m vs. est. $52.60m, missing expectations.

**Stock Price:**
- **Bearish:** Opened at $53.10, indicating slight pressure.

**Earnings Guidance:**
- **Neutral:** Analysts expect EPS of 2.34 for the current year.

**Net Tilt:** Bearish due to revenue miss and ownership decrease, offset slightly by stake increase."
2025-09-12,1,"**Conference Presentation:** Bullish. Middlesex Water Company will present at Janney’s 5th Annual Virtual Water Utilities Conference, providing an opportunity to highlight company performance and strategic initiatives to investors."
2025-09-16,6,"**Ownership Changes:** 
- **Bullish:** Institutional investors and Mirae ASSET GLOBAL ETFS HOLDINGS Ltd. increased their stakes (Q1 and Q4 respectively).
- **Bearish:** Advisers decreased their stake.

**Stock Performance:**
- **Bearish:** MSEX stock down 2.1%.

**Earnings:**
- **Neutral:** Earnings reported on July 31st.
- **Bullish:** Analysts predict EPS of 2.34 for FY.

**Net Tilt:** Mixed signals with slight bullish bias due to ownership increases and positive EPS forecast, but bearish due to recent stock decline and stake reduction."
2025-09-29,4,"**Ownership Increase:** Bullish. Mirae Asset Global ETFs Holdings Ltd. increased its stake by 8.2%, and another entity purchased a new stake, indicating institutional confidence. Additionally, LLC acquired 1,453 shares.

**Earnings Estimate:** Neutral. Analysts predict EPS of 2.34 for the current fiscal year, providing a baseline but no directional change.

**Net Tilt:** Bullish due to multiple ownership increases."
2025-10-16,1,**Earnings Preview:** MSEX is scheduled to report Q3 2025 earnings on October 31. No specific guidance or analyst actions mentioned yet. **Neutral** until further details emerge.
2025-10-24,7,"**Dividends:** Bullish. Middlesex Water increased its quarterly dividend to $0.36 per share, up 5.88% from previous levels. This reflects strong financial health and confidence.

**Ownership Increase:** Bullish. Institutional investor Planning increased holdings by 47.1% in Q2, indicating growing confidence in MSEX’s prospects.

**Earnings Announcement:** Neutral. MSEX is expected to announce earnings on Friday, with the last report released on July 31st. No specific guidance provided.

**Stock Price:** Neutral. Shares opened at $60.36 on Friday, without additional movement details.

**Net Tilt:** Bullish. Positive dividend and ownership signals outweigh neutral earnings announcement and stock price information."
2025-10-29,4,"**Dividends:** Bullish; MSEX increased Q4 dividend to $0.62 from $0.34 previously.

**Ownership Changes:** Mixed; Principal Financial Group Inc. increased holdings by 2.6%, while Ethic Inc. reduced holdings by 40.6%.

**Stock Price:** Bearish; MSEX opened at $60.99, down $0.11 from the previous close."
2025-10-30,1,"**Earnings Preview:** Middlesex Water is set to release Q3 2025 earnings. Analysts expect EPS of $0.65, up from $0.60 in Q2. Revenue forecast is $75M, a slight increase from $74M last quarter. **Bullish** on continued growth but cautious due to potential regulatory headwinds. No major analyst upgrades or downgrades noted recently. **Net Tilt:** Neutral with a slight bullish bias based on revenue and EPS estimates.

No conflicting signals present."
2025-10-31,6,"**Earnings Miss:** MSEX reported Q3 EPS of $0.77, missing estimates of $0.85-$0.92 by 8-16.3%. **Bullish:** Q3 revenue was $54.1M. **Net Tilt:** Bearish due to significant earnings miss.

*Direction:* Bearish  
*Evidence:* EPS miss by 8-16.3% vs. estimates."
2025-11-02,9,"**Analyst Ratings & Dividends:** Bullish. Consensus rating upgraded to ""Moderate Buy""; quarterly dividend increased from $0.34.

**Ownership Increases:** Bullish. Multiple institutions increased stakes: LLC up 31.6%, Inc up 483.5%; another Inc entered as a new investor.

**Revenue Miss:** Bearish. Q3 revenue $54.09M vs. estimates of $56.08M.

**Stock Performance:** Mixed. Stock gained 1.0% but missed revenue expectations. Opened at $57.47.

**Net Tilt:** Bullish, driven by strong institutional support and dividend hike, despite revenue miss."
2025-11-03,3,"**Price Target Downgrade:** Baird downgraded Middlesex Water’s price target to $63 from $73, indicating **bearish** sentiment.

**Earnings Miss:** Middlesex Water reported Q3 financial results that missed expectations, further pressuring the stock negatively.

**Net Tilt:** Strongly Bearish."
2025-11-04,5,"**Downgrade and Misses:** Robert W. Baird downgraded MSEX, reducing the target price from $73.00 to $63.00. MSEX reported Q3 sales of $54.09M vs. consensus $56.08M and EPS-Non-GAAP of $0.77 vs. consensus $0.86, both missing expectations. MSEX reached a new 52-week low post-results. **Bullish Signal:** Declared a quarterly dividend to be paid on Dec 1st. **Net Tilt:** Bearish due to multiple negative signals outweighing the dividend announcement."
2025-11-05,1,"**Price Target Upgrade:** Bank of America upgraded Middlesex Water’s price target to $53 from $51. **Bullish**, indicating improved outlook based on recent developments or revised forecasts."
2025-11-06,1,"**Conference Presentation:** Bullish. Middlesex Water Company will present at the Baird Global Industrial Conference, providing an opportunity to highlight business performance and strategic initiatives, potentially driving investor interest and stock valuation.

No conflicting signals present. Net tilt is **Bullish**."
2025-11-20,6,"**Downgrade and Revenue Miss:** Robert W. Baird downgraded MSEX, lowering the target price from $73.00 to $63.00. Bullish ownership activity includes Bank of New York Mellon Corp increasing its stake by 2.0% and Victory Capital Management Inc. initiating a new position. However, MSEX missed Q3 revenue expectations, reporting $54.09M vs. estimates of $56.08M. **Net Tilt:** Bearish due to downgrade and revenue miss despite positive ownership trends."
2025-11-21,4,"**Dividends:** Bullish; Middlesex Water increased its quarterly dividend to $0.62 from $0.34 previously.

**Ownership Changes:** Bullish; Llc increased holdings by 31.6% in Q2, indicating institutional support.

**Stock Performance:** Bearish; Middlesex Water stock opened at $48.59, down from previous levels.

**Holdings Update:** Neutral; Bank of Montreal Can maintains holdings worth $233,000, showing stable institutional interest.

**Net Tilt:** Mixed signals with slight bullish bias due to dividend boost and ownership increase."
2025-11-30,5,"**Price Target Downgrade:** Robert W. Baird downgraded MSEX’s price target from $73.00 to $63.00 (Bearish).

**Institutional Ownership Increase:** Invesco Ltd., Legal & General Group Plc, and Bank of New York Mellon Corp. increased their holdings (Bullish).

**Stock Performance:** MSEX traded down 0.8% (Bearish).

**Net Tilt:** Mixed signals with institutional buying supporting but analyst downgrade pressuring the stock."
2025-12-05,2,"**Analyst Actions:** Freedom Capital and Markets both initiated coverage on MSEX with a **Hold** rating. No specific price targets were provided.

**Direction:** Neutral  
**Evidence:** Two new analysts covering MSEX opted for a Hold, indicating no strong bullish or bearish sentiment at this time.

**Net Tilt:** Neutral"
2025-12-07,6,"**Price Target Downgrade:** Robert W. Baird downgraded MSEX, lowering the price target from $73.00 to $63.00 (Bearish).

**Ownership Increase:** Dynamic Technology Lab Private Ltd acquired a new stake worth $244,000 (Bullish). Additionally, the State Board of Administration of Florida Retirement System bought shares (Bullish).

**Stock Performance:** MSEX traded up 1.1% (Bullish).

**Earnings Estimate:** Analysts predict EPS of 2.34 for the current year (Neutral).

**Net Tilt:** Mixed signals with slight Bullish bias due to ownership increases and recent stock gain."
2025-12-08,2,"**Insider Sell:** Management sold 10,000 shares (bearish).

**Revenue Miss:** Q4 revenue was $54.09M vs. $56.08M consensus (bearish).

**Net Tilt:** Bearish due to insider sell and revenue miss."
2025-12-10,3,"**Ownership Changes:**  
- **Bullish:** Vanguard Group Inc. increased its stake in MSEX by 1.5%.  
- **Bearish:** First Trust Advisors LP reduced its position by 6.3%.

**Earnings Release:**  
- **Neutral:** MSEX released Q4 earnings on Oct 31st, but no specific details provided.

**Net Tilt:** Mixed signals from ownership changes; no clear earnings signal."
2025-12-22,1,"**Board Member Appointment:** Bullish. Middlesex Water Company appointed Robert Hoglund to its Board of Directors, potentially signaling enhanced governance and strategic oversight."
2025-12-26,5,"**Price Target Downgrade:** Robert W. Baird downgraded MSEX’s price target from $73.00 to $63.00, indicating **bearish** sentiment.

**Ownership Increase:** Dynamic Technology Lab Private Ltd increased its stake in MSEX, showing **bullish** investor interest.

**Stock Performance:** MSEX opened at $51.72, reflecting current market valuation.

**Stake Acquisition:** Exchange Traded Concepts LLC purchased 27,038 shares, signaling **bullish** institutional activity.

**Earnings Forecast:** Analysts predict EPS of 2.34 for the current fiscal year, providing a neutral outlook.

**Net Tilt:** Mixed signals with both bullish and bearish indicators, suggesting a **neutral** overall stance."
