date,n_headlines,summary
2023-01-01,7,"**Analyst Ratings:** Com downgraded NVDA from ""hold"" to ""sell,"" while Deutsche Bank raised the target price from $150 to $170. **Net Tilt:** Bearish (Com downgrade).

**Ownership Changes:** Management and several funds increased stakes significantly (121%, 313.6%, 27%), but one trust reduced its position by 3%. **Net Tilt:** Bullish (major increases outweigh minor reduction).

**Stake Acquisitions:** First National Corp MA ADV purchased additional shares. **Tilt:** Bullish.

**Net Signal:** Mixed, but slightly **Bullish** due to significant stake increases and new purchases despite the analyst downgrade."
2023-01-02,15,"**Price Target Adjustments:** Bearish (Tigress Financial, Raymond James, Morgan Stanley) with PTs lowered to $250, $190, and $175 respectively. Bullish (Cowen, Needham, Susquehanna) with PTs raised to $220, $230, and $185 respectively. **Revenue:** Bullish; Data Center sales grew 31% YoY to $3.8B. **Ownership Changes:** Mixed; Ma, Adv, and LLC increased holdings while Ocean Capital trimmed stake. Dorchester Wealth Management and another LLC bought shares. **Earnings Estimate:** Neutral; analysts predict EPS of 2.23 for the current year. **Net Tilt:** Slightly Bearish due to more downgrades outweighing upgrades."
2023-01-03,26,"**Price Target Adjustments:** Oppenheimer downgraded NVDA’s price target to $225 from $250 (bearish). Barclays upgraded NVDA’s price target to $170 (bullish). **Net Tilt:** Bearish.

**Product Releases & Enhancements:** NVDA unveiled multiple products including RTX 40 graphics cards, Omniverse AI tools, and partnerships with Foxconn for autonomous vehicles and EVs (bullish).

**Ownership Changes:** Several large investors increased holdings (Capital World Investors, First Merchants Corp, MD), while one reduced (bearish). **Net Tilt:** Bullish.

**Stock Performance:** NVDA shares opened at $146.14 and fell up to 3.5% (bearish). **Net Tilt:** Bearish.

**Net Overall Tilt:** Mixed, but slightly bearish."
2023-01-04,13,"**Partnerships:** Bullish. Nvidia announced partnerships with Mercedes-Benz, Foxconn, and Hon Hai to develop self-driving vehicles and enhance cloud gaming services (GeForce Now).

**Analyst Actions:** Neutral. Truist Financial maintained a ""buy"" rating but did not change the target price to $198.00.

**Ownership Changes:** Mixed. Westwood Holdings increased its position by 97.2%, while Thompson Siegel & Walmsley reduced its position by 5.3%. Net tilt is slightly bullish."
2023-01-05,12,"**Revenue Growth:** Bullish. Automotive revenue surged 86% YoY.

**Analyst Upgrade:** Bullish. Stifel Nicolaus upgraded NVDA’s target price to $175 from $165.

**Product Launches:** Bullish. Nvidia launched Omniverse cloud platform and demoed new 40-series laptops.

**Insider & Institutional Buying:** Bullish. Counsel LLC NY bought 30,372 shares, while multiple institutions increased stakes.

**Stock Performance:** Bullish. NVDA stock gained 3.0%.

**Net Tilt:** Strongly Bullish."
2023-01-06,4,"**Price Target Upgrades:** Cowen upgraded NVDA’s price target from $200.00 to $220.00 (Bullish). Susquehanna raised its target from $180.00 to $185.00 (Bullish).

**Ownership Increases:** UBS Asset Management increased holdings by 3.3% in Q2 (Bullish). Charles Schwab Investment Management increased holdings by 2.0% in Q1 (Bullish).

NET TILT: Bullish. Multiple upgrades and increased ownership indicate positive sentiment."
2023-01-07,1,"Nvidia released its latest game, a neutral event as no specific financial metrics or market reactions were provided. No EPS, revenue, or unit figures mentioned. Absence of analyst upgrades/downgrades, earnings surprises, or significant catalysts like product launches with detailed impact leaves limited actionable signals. Overall, the headline suggests a continuation of Nvidia’s gaming segment activities but lacks concrete trading-relevant data points. Net tilt: Neutral."
2023-01-08,7,"**Tigress Financial downgraded NVDA, cutting the price target from $310 to $250 (Bearish)**. 

NVDA announced strategic partnerships with Mercedes, Foxconn, and Hyundai (Bullish).

An insider sale by a director (Bearish) contrasted with management increasing their stake by 121% in Q2, while another entity reduced holdings by 23.7% in Q3 (Net Neutral).

Stock opened at $148.59 on Friday (Neutral), with Llc acquiring 3,091 shares (Bullish).

**Net Tilt:** Mixed signals, but overall slightly **Bullish** due to strategic partnerships and new stake acquisitions."
2023-01-09,19,"**Price Target Adjustments:** Bearish; Citigroup downgraded from $248 to $210, Oppenheimer from $250 to $225, Mizuho from $205 to $200. Bullish; Needham upgraded from $200 to $230, Stifel Nicolaus from $165 to $175, Susquehanna from $180 to $185. **Stock Performance:** Bearish; NVDA shares fell nearly 60% in 2022. Bullish; NVDA stocks rose, gaining over 9%. **Product Launch:** Bullish; NVDA introduced 1500 in-car. **Ownership Changes:** Mixed; Ma raised position by 6.5%, two firms increased holdings, while Community Bank sold shares. **Analyst Estimates:** Neutral; analysts forecast EPS of 2.23 for the current year. **Net Tilt:** Net bearish due to multiple downgrades and significant stock decline."
2023-01-10,2,"**Product Release:** Bullish. Nvidia debuted new DGX H100 systems, indicating continued innovation and potential for increased sales and market share.

**Partnership:** Bullish. Nvidia and Intel announced a partnership, suggesting enhanced collaboration that could drive joint product development and expand market opportunities.

**Net Tilt:** Bullish. Both major events indicate positive developments for Nvidia, supporting a BUY stance."
2023-01-11,3,"**Price Target Downgrade:** KeyBanc downgraded NVDA, lowering the price target from $230 to $220. **Bearish**.

**Product Enhancement:** Valve announced plans to improve GeForce Now on Steam Deck. **Bullish**.

**Net Tilt:** Mixed signals with one bearish and one bullish headline."
2023-01-12,12,"**Revenue Decline:** Bearish; NVIDIA’s second-largest revenue source fell 51%.

**Price Target Adjustments:** Mixed; KeyCorp downgraded price target to $220 from $230, while Barclays upgraded to $170.

**Product Release & Partnership:** Bullish; Bionano will preview a solution with NVIDIA, indicating collaboration to develop an acceleration platform.

**Insider Sales:** Bearish; Director Mark A. Stevens sold $33.3M in stock, signaling potential concerns.

**Ownership Increase:** Bullish; Inc. increased its stake by 271.2% in Q3, showing confidence.

**Stock Performance:** Mixed; stock fell 15%, but there is speculation about recovery in 2023.

**Net Tilt:** Net bearish due to significant insider sales and revenue decline, despite positive partnership news and ownership increase."
2023-01-13,9,"**Price Target Downgrade:** Citigroup downgraded NVDA’s price target from $248.00 to $210.00, bearish.

**Earnings Estimate Downgrades:** KeyCorp reduced Q1 2024 EPS estimates, and another analyst lowered FY2024 EPS estimates, both bearish.

**Acquisition Concerns:** NVDA expressed concerns over Microsoft’s acquisition of Activision Blizzard, potentially impacting competition dynamics, neutral to slightly bearish.

**Business Contract Opposition:** NVDA and Google voiced opposition to the Microsoft-Activision deal to the FTC, neutral to slightly bearish.

**Consensus Estimate:** Current full-year consensus EPS remains at $2.23, neutral.

**Net Tilt:** Strongly Bearish due to multiple downgrades and concerns over acquisitions."
2023-01-14,6,"**Earnings Estimate Downgrade:** KeyCorp downgraded NVDA’s FY2024 EPS estimate to $2.74 from $3.36, bearish.  
**Institutional Ownership Increase:** Wealth Inc., Llc, and Ma increased stakes in NVDA, bullish.  
**Stock Price:** NVDA opened at $168.99 on Friday, neutral.  
**Net Tilt:** Mixed signals with earnings downgrade vs. institutional buying."
2023-01-15,8,"Stifel Nicolaus upgraded NVDA to $175 from $165, bullish. Insiders John Dabiri and Mark Stevens sold shares, bearish. Management increased stake by 121%, bullish. Truist Financial maintained a buy rating with a $198 target, bullish. KeyCorp set a new $220 price target, bullish. EPS estimate for the current year is 2.19, neutral. Llc holds a $443k stake, neutral. Net tilt: Bullish."
2023-01-16,6,"**Price Target Adjustments:** Bullish - Needham upgraded NVDA’s price target to $230 from $200. Bearish - Morgan Stanley downgraded NVDA’s price target to $175 from $182. **Ownership Changes:** Bullish - Mirae Asset Global Investments increased its stake by 6.8%, and Mizuho Securities bought 1,570 shares. **Earnings Estimates:** Neutral - Analysts expect EPS of $2.19 for the current fiscal year. **Net Tilt:** Mixed signals with a slight bullish bias due to ownership increases and higher price target from Needham."
2023-01-17,10,"**Price Target Adjustments:** Raymond James downgraded NVDA’s price target from $210 to $190 (bearish). KeyCorp downgraded from $230 to $220 (bearish). Susquehanna upgraded from $180 to $185 (bullish). **Net Tilt:** Bearish.

**Product Release:** Nvidia released new AI software tools (bullish).

**Ownership Changes:** State Street, Charles Schwab, and Ergoteles increased holdings (bullish). Llc reduced holdings by 86.5% (bearish). **Net Tilt:** Bullish.

**Stock Performance:** NVDA shares up 20% YTD and 4% recently (bullish). **Net Tilt:** Bullish."
2023-01-18,2,"**Intel and Nvidia Partnership:** Bullish. Intel and Nvidia are teaming up on a significant project, likely boosting collaboration and potentially expanding market reach.

**Institutional Ownership Increase:** Bullish. BlackRock increased its stake in NVDA by 271.2% in Q3, indicating strong institutional confidence.

NET TILT: Bullish."
2023-01-19,6,"**Product Launch:** Bullish. Nvidia launched GeForce Now and is rolling out new servers, indicating continued investment in cloud gaming services.

**Insider Activity:** Bearish. Director Mark A. Stevens sold 45,000 shares, potentially signaling lack of confidence.

**Partnership:** Bullish. Foxconn partnered with Nvidia, suggesting expanded opportunities.

**Ownership Increase:** Bullish. Ma increased its stake in NVDA by 6.5%, showing investor confidence.

**Net Tilt:** Mixed signals but slightly bullish due to product launches and ownership increase outweighing insider sell."
2023-01-20,5,"**Insider Selling:** Bearish; insider selling indicates potential concerns about near-term performance.

**Product Promotion:** Bullish; 20% discount on GeForce RTX 3060 could boost sales and market share.

**Stock Gain:** Bullish; NVDA shares climbed 6%, suggesting positive market sentiment.

**Stake Acquisition:** Bullish; Ellevest Inc.'s acquisition of NVDA shares may signal confidence in the stock.

**Earnings Estimate:** Neutral; analysts predict EPS of $2.19 for the current year, indicating stable expectations.

**Net Tilt:** Slightly Bullish; positive signals from product promotion and stake acquisition outweigh insider selling."
2023-01-21,6,"**Earnings:** Nvidia missed EPS expectations, with Q4 earnings projected to decline 39%, but is expected to rebound nearly 33% in the next quarter. **Bullish:** Stock has soared in 2023 despite recent losses post-miss. **Bearish:** Near-term earnings disappointment overshadows positive forward guidance. **Net Tilt:** Mixed, but short-term negative due to earnings miss and stock pullback."
2023-01-23,7,"**Price Target Upgrades:** Barclays raised NVDA’s price target to $250 from $170; Truist Securities raised it to $238 from $198; Deutsche Bank raised it to $170 from $150. **Bullish**.

**Ownership Changes:** Llc increased its stake by 12.6%, while Asset Management One Co. Ltd. sold 11,158 shares. **Mixed**.

**Stock Price:** NVDA opened at $178.39. **Neutral**.

NET TILT: **Bullish**."
2023-01-24,17,"**Price Target Adjustments:** Barclays upgraded NVDA’s price target from $170.00 to $250.00 (Bullish). Citigroup downgraded from $248.00 to $210.00 (Bearish). Raymond James lowered from $210.00 to $190.00 (Bearish). Susquehanna Bancshares raised from $180.00 to $185.00 (Bullish). **Net Tilt:** Mixed, slightly Bearish.

**Stock Performance:** NVDA stock gained 6.5-7.6% (Bullish).

**Insider Activity:** Director Mark A. Stevens sold 45,000 shares (Bearish).

**Analyst Estimates:** EPS estimate for FY is $2.19 (Neutral).

**Ownership Changes:** Multiple firms increased holdings (Bullish).

**Net Tilt:** Mixed, leaning slightly Bearish due to multiple downgrades and insider sell."
2023-01-25,3,"**Price Target Upgrade:** Needham & Company LLC upgraded NVDA’s price target from $200.00 to $230.00, indicating **bullish** sentiment.

**Ownership Increase:** Inc. increased its stake in NVDA by 1.4% in Q4, signaling **bullish** investor confidence.

**Stock Performance:** NVDA stock gained 6.5%, reflecting **bullish** market movement.

**Net Tilt:** Bullish."
2023-01-26,2,"Nvidia revealed GeForce Now, a cloud gaming service (neutral). An analyst recommends buying NVDA among other stocks (bullish). No specific financial metrics, guidance, or significant catalysts mentioned. **Net Tilt: Bullish** due to positive analyst recommendation."
2023-01-28,6,"**Barclays upgraded NVDA’s price target from $170.00 to $250.00 (Bullish)**  
Susquehanna raised their price target from $180.00 to $185.00 (Bullish)  
CFO Colette Kress sold 10,741 shares (Bearish)  
Llc increased holdings by 40.8% in Q2 (Bullish)  
Inc. increased holdings by 271.2% in Q3 (Bullish)  
Analysts expect EPS of 2.19 for the current year (Neutral)  

**Net Tilt:** Bullish"
2023-01-30,3,"**Product Release:** Bullish. RTX 3050 launches on Feb 1st, boosting near-term GPU sales.

**Insider Sell:** Bearish. EVP Debora Shoquist sold 23,532 shares, signaling potential insider concerns.

**Ownership Increase:** Bullish. Ma increased stake by 6.5%, indicating continued institutional confidence.

**Net Tilt:** Mixed signals; product release is bullish while insider sell is bearish."
2023-01-31,5,"Foxconn plans to use Nvidia chips, bullish for NVDA. Nvidia CFO Colette Kress sold 10,741 shares, bearish. Llc increased holdings by 40.8%, bullish. Inspire Investing LLC decreased holdings, bearish. Nvidia stock opened at $191.62, slightly bearish. **Net tilt:** Mixed, but slightly bearish due to insider sell and stock loss overshadowing supplier contract and ownership increase."
2023-02-01,6,"**Product Enhancement:** Bullish. Nvidia released DLSS 3 update for 'Cyberpunk 2077', enhancing gaming performance.

**Ownership Increase:** Bullish. LLC increased its NVDA stake by 86.3% in Q4.

**Price Targets & Earnings Estimates:**
- Bearish. Analysts set average PT at $209.23.
- Bullish. One firm raised PT to $250.
- Neutral. Analysts predict FY24 EPS of $2.19.

**Earnings Call:** Neutral. NVDA scheduled a Q1 FY24 earnings call.

**Net Tilt:** Mixed signals; slight bullish bias due to product enhancement and significant ownership increase."
2023-02-02,4,"**Product Release:** Bullish. MSI unveiled 13th Gen Intel Core-powered laptops featuring Nvidia GPUs, indicating strong demand and partnerships.

**Partnership:** Bullish. Nvidia partnered with Global Teams, expanding its market reach.

**Stock Performance:** Bullish. Nvidia gained amid positive sentiment, though specific drivers were not detailed.

**Earnings Preview:** Neutral. Nvidia is scheduled to report Q4 results on Feb. 22, a key event for traders.

**Net Tilt:** Bullish. Multiple positive developments suggest a favorable outlook, despite the pending earnings release."
2023-02-03,6,"**Revenue:** Bearish; gaming sales dropped.

**Earnings:** Bullish; Q4 earnings expected to rebound 31% from previous quarter.

**Stock Performance:** Bullish; stock rallies by 40%.

**Analyst Actions:** Neutral; no specific analyst upgrades or downgrades mentioned.

**Catalysts:** Neutral; participation in J.P. Morgan health conference noted but no direct impact stated.

**Net Tilt:** Bullish due to strong earnings outlook and significant stock gains despite revenue headwinds."
2023-02-06,7,"**Barclays Upgraded NVDA:** Barclays raised the target price from $170.00 to $250.00 (Bullish).

**Insider Sell:** Director Mark A. Stevens sold 120,000 shares (Bearish).

**Product Update:** Nvidia released an update to fix issues (Bullish).

**Increased Ownership:** Llc increased holdings by 0.4% in Q3 (Bullish).

**New Acquirer:** Bedel Financial Consulting Inc. bought NVDA shares (Bullish).

**Stock Price Drop:** NVDA opened at $211.00 (Bearish).

**Analyst EPS Estimate:** Analysts predict EPS of 2.19 for FY (Neutral).

**Net Tilt:** Mixed signals with slight Bullish bias."
2023-02-07,5,"**Price Target Downgrade:** KeyCorp downgraded NVDA, reducing the price target from $230.00 to $220.00 (Bearish).

**Insider Sell:** NVDA CFO Colette Kress sold 10,741 shares (Bearish).

**Partnership:** Tonomus teams with Oracle and NVDA (Bullish).

**Ownership Increase:** Inc. increased its NVDA stake by 271.2% in Q3 (Bullish).

**Stock Gain Opinion:** NVDA shares climbed 5% on Tuesday (Bullish).

**Net Tilt:** Mixed signals; slight net bullish bias due to partnership and ownership increase."
2023-02-08,2,"**Product Release:** Bullish. Nvidia GeForce RTX 4070 may launch in April, indicating continued product pipeline momentum.

**Stock Movement:** Bullish. NVDA gained 1.9%, suggesting positive market sentiment.

**Net Tilt:** Bullish. Both product release news and stock movement indicate positive signals for NVDA."
2023-02-09,2,"**Earnings Preview:** Nvidia reports Q4 earnings on Feb. 22. No specific guidance or details provided yet, but stock gained 34% in January (bullish).

**Direction:** Bullish  
**Evidence:** Nvidia stock jumped 34% in January, indicating strong market sentiment ahead of earnings release on Feb. 22.

**Net Tilt:** Bullish  
**Conflicting Signals:** None present."
2023-02-10,5,"**Jefferies Upgrades Price Target:** Jefferies analyst Mark Lipacis upgraded NVIDIA’s price target to $275.00 from $225.00, bullish.

**Product Launch:** Nvidia launched new Studio laptops, bullish.

**Stock Performance:** Shares extended decline after previous session, bearish; however, Nvidia saw gains in another segment, netting mixed signals.

**Net Tilt:** Mixed signals with slight lean towards bullish due to analyst upgrade and product launch."
2023-02-13,1,"**Product Promotion:** Bearish. RTX 3050 received a 28% discount, indicating potential oversupply or weak demand, which could pressure margins and pricing across the GPU lineup.

**Net Tilt:** Bearish."
2023-02-14,9,"**Bullish Signals:**
- **Price Target Upgrade:** BofA Securities upgraded NVDA’s price target to $255 from $215.
- **Revenue Growth:** Data center sales expected to rise.
- **Stock Performance:** NVDA shares up 46% since Q4 2022 and rising 4.6% intraday.

**Net Tilt:** Bullish."
2023-02-15,14,"**Price Target Adjustments:** Barclays upgraded NVDA’s price target from $170 to $250 (Bullish). Truist Financial raised their target from $198 to $238 (Bullish). KeyCorp downgraded from $230 to $220 (Bearish). Bank of America increased their target to $255 (Bullish). **Net Tilt:** Bullish.

**Partnerships:** Intel and Nvidia announced a partnership (Bullish).

**Ownership Changes:** Llc increased holdings by 1.7% (Bullish). Pllc increased stake by 50% (Bullish). Hillsdale Investment Management sold 2,662 shares (Bearish). **Net Tilt:** Bullish.

**Stock Performance:** NVDA stock gained 5.4% (Bullish).

**Earnings Estimates:** Analysts predict Q4 EPS of $0.81 and FY23 EPS of $2.00 (Neutral).

**Opening Stock Price:** NVDA opened at $229.71 (Neutral).

**Net Tilt:** Bullish."
2023-02-16,5,"DZ Bank downgraded NVDA to Sell, bearish. Susquehanna raised PT to $265 from $185, bullish. NVDA beat earnings expectations, bullish. NVDA expanded collaboration with an unnamed partner, neutral to slightly bullish. NVDA reports FYQ4 2023 earnings, neutral but potentially bullish if positive trends continue. **Net tilt: mixed, leaning slightly bullish due to earnings beat and PT hike.**"
2023-02-17,7,"**Price Target Upgrades:** Needham upgraded NVDA’s price target from $200 to $230; Oppenheimer raised it from $225 to $250 (Bullish).

**Revenue Decline:** Professional Visualization revenues fell 65% QoQ (Bearish).

**Earnings Performance:** Earnings met expectations (Neutral).

**Revenue Guidance:** NVDA forecasts $6B in Q4 revenues (Bullish).

Signals conflict but net tilt is slightly **Bullish** due to multiple upgrades and positive guidance outweighing the significant revenue decline in one segment."
2023-02-18,8,"**Deutsche Bank upgraded NVDA’s price target to $170 from $150.** (Bullish)

**Susquehanna raised NVDA’s price target to $265.** (Bullish)

**Director Mark A. Stevens sold 120,000 shares.** (Bearish)

**Larger investors like Llc, Vanguard, State Street, and MD increased their stakes.** (Bullish)

**Analysts expect EPS of $2.19 for the current year.** (Neutral)

**Net Tilt:** Bullish"
2023-02-19,4,"**Analyst Ratings:** DZ Bank downgraded NVDA from ""Buy"" to ""Sell,"" negative (-).

**Ownership Changes:** 
- Amundi increased stake by 11.0%, positive (+).
- Inc. increased position by 271.2%, positive (+).
- Inc. holds a $196,000 position, neutral (0).

**Net Tilt:** Mixed signals with analyst downgrade offsetting positive ownership increases.

**Direction:** Net slightly bearish due to analyst downgrade."
2023-02-20,15,"**Earnings & Revenue:** Bullish. Nvidia reported Q4 revenues of $5.93B, slightly missing the guided $6.0B but showing resilience. **Price Target Upgrades:** Bullish. Susquehanna upgraded NVDA’s price target to $265 from $185, while Bank of America raised it to $255 from $215. **Downgrade:** Bearish. Morgan Stanley downgraded NVDA’s price target to $175 from $182. **Insider Sell:** Bearish. CFO Colette Kress sold 10,741 shares. **Stock Performance:** Mixed. NVDA stock soared 7,050% since IPO but fell 50% last year. **Broker Sentiment:** Bullish. Brokers are becoming bullish on NVDA. **Net Tilt:** Bullish, with strong upgrades outweighing the downgrade and insider sell."
2023-02-21,44,"**Revenue & Earnings:** Bullish. Exceeded Q4 revenue estimates; Q4 earnings beat expectations by $3B. Projected modest sequential Q4 revenue growth and a 30% earnings rebound in FY24.

**Analyst Actions:** Mixed. KeyCorp upgraded price target to $280, BMO Capital raised to $240, UBS to $270; Tigress Financial downgraded to $250.

**Partnerships & Contracts:** Bullish. Multiple deals with Microsoft, including a 10-year GeForce NOW contract and Xbox integration.

**Other:** Neutral. No stock buybacks reported. Insider sell by Director Mark A. Stevens. Q3 FY23 revenue declined 17% YoY.

**Net Tilt:** Bullish. Positive revenue and earnings signals outweigh analyst downgrade and revenue decline."
2023-02-22,78,"**Earnings & Guidance:** Bullish. Nvidia beat Q4 EPS by $0.08 to $0.88, topping expectations. The company raised Q1 2024 revenue guidance above estimates, despite gaming revenue expected to drop.

**Analyst Actions:** Bullish. Barclays, Morgan Stanley, KeyCorp, Oppenheimer, Needham, and Piper Sandler all upgraded NVDA, raising price targets to $250, $246, $280, $250, $230, and $225 respectively.

**Stock Performance:** Bullish. Shares surged post-earnings, driven by strong financials and positive guidance.

**Product Launches:** Neutral-Bullish. Nvidia launched the RTX 4080 GPU in India and unveiled the GeForce RTX 40 Series for laptops, along with GeForce Now.

**Partnerships:** Neutral-Bullish. Nvidia partnered with Xbox for cloud services, potentially boosting long-term growth.

**Net Tilt:** Strongly Bullish. Positive earnings, upgraded guidance, and multiple analyst upgrades outweigh minor revenue concerns."
2023-02-23,102,"**Analyst Upgrades and Price Target Increases:** Goldman Sachs upgraded NVDA to Buy from Neutral, citing positive outlook. Truist Financial raised the price target from $198 to $238. Deutsche Bank, Oppenheimer, Wedbush, Cowen, Evercore ISI, BofA Securities, Jefferies, Bernstein, Barclays, Baird, Needham & Co., and New Street all increased price targets, with New Street setting a high of $350. **Bullish.**

**Earnings Beat and Revenue Guidance:** NVDA beat Q4 EPS Non-GAAP expectations at $0.54 vs. $1.32 but missed on revenue due to a 46% plunge in gaming revenue. However, they forecast Q1 sales at $6.5B vs. consensus $6.31B. **Mixed.**

**Capital Expenditure and Operating Income:** CapEx surged to $525M from $273M. FY Q1 2024 operating income is expected between $1.7B to $2.5B. **Neutral.**

**EBITDA and Pretax Income Decline:** EBITDA fell to $4.22B from $10.04B, and pretax income adjusted dropped to $2.22B from $3.63B. **Bearish.**

**Product Launches and Demand Shift"
2023-02-24,42,"**Bullish Signals:**
- **Earnings Beat:** Q4 earnings of $1.14 EPS exceeded expectations.
- **Revenue Drop but Positive Earnings:** Revenue down 21%, but EPS positive.
- **Multiple Price Target Upgrades:** Baird, BMO, Barclays, Citi, Wells Fargo, JPMorgan, Jefferies, Bank of America upgraded targets to $230-$300.
- **Analyst Upgrades:** Multiple firms upgraded ratings.
- **Partnerships:** Airtel, Oracle, Google collaborations.
- **Institutional Buying:** Several institutions increased holdings.

**Bearish Signals:**
- **Price Target Downgrade:** Raymond James cut target to $190.
- **Insider Sales:** CFO and EVP sold shares.
- **Profits Down 55% YoY:** Significant profit decline.

**Net Tilt:** Bullish due to multiple upgrades and partnerships outweighing insider sales and profit decline."
2023-02-25,14,"**Price Target Upgrades:** KeyCorp upgraded NVDA’s target from $220 to $280; Evercore ISI raised it from $245 to $300; Deutsche Bank from $170 to $200; HSBC raised it to $175. **Bullish**.

**Insider Sell:** Director Mark A. Stevens sold 120,000 shares. **Bearish**.

**Ownership Increases:** Multiple institutions (Vanguard, Geode Capital, Mizuho Securities, etc.) increased their stakes. **Bullish**.

**Analyst Downgrade:** DZ Bank downgraded NVDA from “buy” to “sell”. **Bearish**.

**Net Tilt:** Mixed signals with strong bullish upgrades and institutional buying offset by a significant insider sale and a notable downgrade. **NET TILT: SLIGHTLY BULLISH**."
2023-02-26,9,"**Bullish Signals:**
- **Analyst Upgrade:** Goldman Sachs upgraded NVDA from ""neutral"" to ""buy.""
- **Price Target Increase:** Oppenheimer raised price target from $250 to $275.
- **Earnings Beat:** NVDA beat earnings expectations.
- **Analyst PT Average:** Analysts set average target price at $218.78.

**Bearish Signals:**
- None identified.

**Net Tilt:** Bullish."
2023-02-27,38,"**Bullish Signals:**
- **Analyst Upgrades:** Goldman Sachs upgraded NVDA to Buy; multiple firms raised price targets (Robert W. Baird to $230, Morgan Stanley to $246, Wedbush to $216, Piper Sandler to $225, Needham to $270, Mizuho to $230, Truist to $266, Stifel to $207, Citigroup to $245, Cowen to $260, Bank of America to $275).
- **Revenue Beat:** Q4 revenue of $6.05B vs. estimates of $6.02B.
- **Partnerships:** Red Hat expands collaboration with NVIDIA.

**Bearish Signals:**
- **Insider Sales:** CFO Colette Kress and EVP Debora Shoquist sold shares.
- **Stock Loss:** NVDA shares fell 4.4%.

**Net Tilt:** Bullish due to overwhelming analyst upgrades and revenue beat, despite insider sales and recent stock loss."
2023-02-28,10,"**Price Target Upgrades:** Susquehanna raised NVDA’s price target from $185 to $265; Evercore ISI lifted it from $245 to $300 (bullish).

**Insider Sales:** John Dabiri sold 293 shares on Dec 19; Mark A. Stevens sold 120,000 shares on Jan 9 (bearish).

**Shelf Registration:** NVDA filed a $10B mixed securities shelf (mixed).

**Ownership Increases:** Barclays increased holdings by 26.1% in Q3; MD increased holdings by 7.2% in Q2 (bullish).

**Earnings Estimate:** Analysts predict Q1 2025 earnings (neutral).

**Stock Price:** NVDA opened at $235.01 (neutral).

**Net Tilt:** Bullish due to strong upgrades and ownership increases, offset by insider sales."
2023-03-01,11,"**Analyst Actions:** Bullish (Net Positive). Raymond James upgraded to Strong Buy but downgraded price target from $210.00 to $190.00. JPMorgan raised target from $220.00 to $250.00. Oppenheimer increased target from $250.00 to $275.00.

**Insider Activity:** Bearish. Directors Dawn E. Hudson and Mark L. Perry sold shares, indicating potential concerns.

**Price Movements:** Bearish. Shares fell over 2.5%, closing at $230.25.

**Other:** Neutral. Analysts expect EPS of 3.21 for the current year. Segall Bryant & Hamill LLC purchased additional shares.

**Net Tilt:** Mixed, leaning slightly bearish due to insider sales and price declines despite positive analyst upgrades."
2023-03-02,16,"**Analyst Actions:** Bullish. Raymond James resumed coverage with a Strong Buy, Piper Sandler raised PT to $225, and Needham increased PT to $270.

**Revenue/Earnings:** Bearish. Q4 revenue declined 20.8%, indicating a revenue miss.

**Product/Catalysts:** Mixed. RTX 3080 received a significant discount, but NVDA entered the S&P 500.

**Ownership/Insider Activity:** Neutral-Bullish. Major investors like Vanguard and State Street increased holdings, while an insider sold $1.7M worth of stock.

**Price Movement:** Bullish. NVDA stock is up 55%.

**Dividends:** Neutral. NVDA announced a quarterly dividend payment.

**Net Tilt:** Net Bullish due to strong analyst upgrades and major investor support despite revenue decline and product discounting."
2023-03-03,1,"Nvidia (NVDA) shares gained 0.47% today. No specific earnings, analyst actions, or major catalysts were reported. The net direction is neutral with a slight bullish tilt based on the share price movement. No conflicting signals present."
2023-03-04,11,"**Price Target Upgrades:** Mizuho raised PT from $200 to $230; JPMorgan raised PT from $220 to $250; Cowen raised PT from $240 to $260; Raymond James set new PT at $290 with a strong-buy rating; Credit Suisse set PT at $275. **Bullish** on NVDA, indicating positive analyst sentiment.

**Insider Sell:** Director Mark A. Stevens sold 120,000 shares. **Bearish**, suggesting potential insider concerns.

**Earnings Estimate:** Analysts expect EPS of 3.21 for FY. **Neutral** to **Bullish**, as it aligns with positive PT upgrades.

Signals conflict but overall tilt is **Bullish** due to multiple PT upgrades outweighing the single insider sale."
2023-03-06,20,"**Bullish Signals:**
- **Analyst Upgrades:** Raymond James upgraded NVDA to ""Strong-Buy."" Multiple firms (Robert W. Baird, Morgan Stanley, KeyCorp, Wedbush, Barclays, BMO Capital Markets, Evercore ISI, Wells Fargo) raised price targets, with new ranges from $230-$300.
- **Ownership Increases:** Several entities increased stakes in NVDA, including a management buy.
- **Stock Performance:** NVDA climbed 19% in February and opened at $238.90.

**Bearish Signals:**
- **Insider Sell:** Director Mark L. Perry sold 20,000 shares.
- **Rating Downgrade:** DZ Bank downgraded NVDA to ""Sell.""

**Net Tilt:** Bullish, due to multiple strong analyst upgrades and ownership increases outweighing the insider sale and single downgrade."
2023-03-07,2,"**Nvidia (NVDA)**

- **Stock Performance:** Shares have surged over 60% YTD, indicating strong market sentiment.
- **Direction:** Bullish (Evidence: ""shares have jumped more than 60% since the year"")

NET Tilt: **Bullish**

No conflicting signals present."
2023-03-08,1,"Today’s headlines for NVDA are limited to a product-related update:

- **Bullish**: Nvidia issued a driver hotfix for high CPU usage issues, indicating proactive maintenance and support for users, which could enhance user satisfaction and retention.

No conflicting signals present. Net tilt is **bullish** based on the positive maintenance action."
2023-03-09,4,"**Revenue Growth:** Bullish. Nvidia’s revenue grew, driven by strong demand across key segments.

**Analyst Actions:** Mixed. Susquehanna reiterates positive stance with no change in rating, while other sources suggest strategic AI investments as a bullish factor.

**Investment Opinion:** Bullish. An investor opinion piece highlights Nvidia’s strategic AI investments as a positive driver.

**Net Tilt:** Bullish. Despite mixed analyst ratings, overall sentiment is positive due to revenue growth and strategic investments."
2023-03-10,1,"**Nvidia Pulls RTX 30-Series: Bearish**

- **Supply/Demand Shift:** Nvidia has terminated business contracts related to the RTX 30-series, indicating a shift away from older GPU models. This move is likely aimed at clearing inventory and making way for newer products, potentially impacting short-term demand negatively.

- **Market Reaction:** The stock could face pressure as investors reassess near-term revenue forecasts from the RTX 30-series sales.

NET TILT: Bearish"
2023-03-14,8,"**Bullish Signals:**
- **Target Price Upgrades:** Mizuho raised target from $200 to $230; Barclays and Oppenheimer from $250 to $275; JPMorgan from $220 to $250.
- **Analyst Estimate:** EPS forecast for FY is $3.21.

**Bearish Signals:**
- **Insider Sell:** Director Mark L. Perry sold 20,000 shares.
- **Ownership Decrease:** LLC sold 1,556 shares.

**Net Tilt:** Bullish, driven by multiple upgrades and positive analyst estimates, despite insider and institutional selling."
2023-03-15,12,"**Analyst Actions:** DZ Bank downgraded NVDA to ""Sell"" (bearish). Multiple firms upgraded price targets: Baird to $230, Morgan Stanley to $246, Wells Fargo to $275, Citigroup to $245, Stifel Nicolaus to $207, Wedbush to $216, and Cowen to $260 (mixed).

**Financial Performance:** Revenue declined 20.8% YoY (bearish).

**Insider Activity:** CFO Colette Kress sold 6,000 shares (bearish). Management increased stake in Q2 (bullish). Cladis Investment Advisory LLC bought shares (bullish).

**Net Tilt:** Mixed signals with slight net bullish bias due to multiple price target upgrades outweighing the downgrade and insider sell."
2023-03-16,18,"**Bullish Signals:**
- **Analyst Upgrades:** Morgan Stanley upgraded NVDA to Overweight from Equal Weight.
- **Price Target Increases:** KeyCorp raised PT to $280.00, Truist to $266.00, Evercore ISI to $300.00, and Bank of America to $275.00.
- **Stock Performance:** NVDA surged on Thursday.
- **Partnership:** Vinbrain teams up with NVIDIA.
- **Ownership Increases:** Multiple firms increased holdings in NVDA.

**Bearish Signals:**
- **Insider Sales:** EVP Debora Shoquist and Director John Dabiri sold shares.
- **Ownership Decrease:** American decreased holdings in NVDA.

**Net Tilt:** Bullish due to multiple analyst upgrades and price target increases outweighing insider sales."
2023-03-17,19,"**Bullish Signals:**
- **Analyst Upgrades:** Morgan Stanley upgraded NVDA from Equal-Weight to Overweight.
- **Price Target Increases:** Multiple firms raised targets: Piper Sandler to $225.00, Citi to $305.00, BMO to $240.00, Craig Hallum to $190.00, Mizuho to $230.00, Needham to $270.00, and Jefferies to $300.00.
- **Stock Performance:** NVDA shares up nearly 75%, trading 1.5% higher in pre-market, and gapping up 1.4%.

**Bearish Signals:**
- **Revenue Concerns:** CFO noted chip sales drying up.

**Net Tilt:** Bullish due to multiple analyst upgrades and increased price targets outweighing revenue concerns."
2023-03-18,10,"**Wells Fargo & Company and Oppenheimer upgraded NVDA’s price target to $275.00, bullish.** Director Mark L. Perry sold 20,000 shares, bearish. **Jennison Associates LLC, Vanguard Group Inc., State Street Corp, and MD increased their stakes, bullish.** Cambridge Trust Co. reduced its position by 48.4%, bearish. **Analysts expect EPS of 3.21 for FY, neutral.** Management holds $6.56M in NVDA, neutral. **Net tilt: mixed but slightly bullish due to multiple upgrades and stake increases.**"
2023-03-19,12,"**Bullish Signals:**
- **Price Target Upgrades:** Stifel Nicolaus raised PT from $175 to $207; Citigroup from $245 to $305; Barclays from $250 to $275; Bank of America from $255 to $275.
- **Analyst Upgrades:** Morgan Stanley upgraded outlook.
- **Institutional Ownership Increases:** Llc increased position by 1.9%; Inc. raised stake by 271.2%; EWG Elevate Inc. purchased 1,159 shares; Accurate Wealth Management LLC bought shares.
- **Revenue:** Reported revenue of $27,481MM.

**Bearish Signals:**
- None identified.

**Net Tilt:** Bullish."
2023-03-20,13,"**Bullish Signals:**
- **Price Target Upgrades:** Baird raised PT from $150 to $300, KeyCorp from $220 to $280, Deutsche Bank from $170 to $200, Mizuho from $200 to $230, Cowen from $240 to $260.
- **Ownership Increase:** A bank increased holdings by 28.9% in Q1.

**Bearish Signals:**
- **Insider Sales:** CFO Colette Kress sold 6,000 shares, EVP Debora Shoquist sold 23,532 shares.
- **Rating Downgrade:** DZ Bank downgraded NVDA from ""buy"" to ""sell.""

**Net Tilt:** Bullish due to multiple strong upgrades outweighing insider sales and one downgrade."
2023-03-21,58,"**Bullish Signals:**
- **Price Target Upgrades:** Evercore ISI raised target from $245 to $300; Craig Hallum from $165 to $190; Truist Financial from $238 to $266; Piper Sandler from $200 to $225.
- **Analyst Upgrades:** Exane BNP Paribas upgraded to Neutral from Underperform; Connor upgraded to Neutral from Underperform.
- **Stock Performance:** Shares up 77% YTD.
- **Product Launches:** Multiple AI technologies, chips, cloud services, and partnerships announced, including collaborations with Google, Oracle, Microsoft, and others.

**Bearish Signals:**
- **CEO Retirement Speculation:** Nvidia CEO has no plans to retire (neutral impact).

**Net Tilt:** Bullish."
2023-03-22,60,"**Bullish Signals:**
- **Analyst Upgrades:** Morgan Stanley upgraded NVDA from Equal Weight to Overweight.
- **Price Target Increases:** Multiple firms raised targets: BofA to $310, Wells Fargo to $275, Needham to $270, JPMorgan to $250, BMO to $305, KGI to $291, Citigroup to $305, Oppenheimer to $300, Jefferies to $300, Deutsche Bank to $220, Mizuho to $290, Wells Fargo to $320, TD Cowen to $300.
- **Revenue Guidance:** Nvidia CEO expects AI revenue growth.
- **Stock Performance:** NVDA is up over 100% in 6 months.
- **Product Launch:** New AI offerings announced.

**Bearish Signals:**
- **Insider Sales:** Directors Perry, Hudson, and Stevens sold shares.

**Net Tilt:** Bullish due to multiple analyst upgrades and price target increases outweighing insider sales."
2023-03-23,33,"**Bullish Signals:**
- **Analyst Upgrades:** Goldman Sachs upgraded NVDA from Neutral to Buy.
- **Price Target Increases:** Multiple firms raised targets: Baird ($300→$300), Mizuho ($230→$290), Barclays ($250→$275), Deutsche Bank ($200→$220), Needham (unspecified→higher), BofA ($275→$310), Cowen ($240→$260).
- **Ownership Increases:** Several institutions increased holdings in NVDA.
- **Stock Performance:** NVDA traded 3.5% higher, closing at $269.64.

**Bearish Signals:**
- **Insider Sell:** CFO Colette Kress sold 6,000 shares.
- **Partnership Termination:** Nvidia dropped developer tools for a partner.

**Net Tilt:** Bullish due to multiple analyst upgrades and price target increases outweighing the single insider sale."
2023-03-24,20,"**Bullish Signals:**
- **Earnings Beat:** Nvidia Q4 earnings and sales topped estimates.
- **Price Target Upgrades:** KeyCorp raised PT from $220 to $280; Mizuho from $230 to $290; Piper Sandler from $200 to $225; Oppenheimer from $275 to $300; Truist Financial from $266 to $289.
- **Partnership:** AWS and Nvidia announced collaboration.
- **Management Buy-In:** Management and UBS Asset Management increased stakes.

**Bearish Signals:**
- **Sell-Off:** Investor Cuts position in NVDA.

**Net Tilt:** Bullish due to multiple upgrades and positive earnings, outweighing the single sell-off."
2023-03-25,13,"**Price Target Upgrades:** Bullish; Evercore ISI raised PT from $245 to $300, BMO Capital Markets from $255 to $305, Wells Fargo from $275 to $320, and TD Cowen from $260 to $300.

**Revenue Decline:** Bearish; Q4 FY23 revenue down 21%.

**Analyst Actions:** Mixed; Raymond James maintained Strong Buy with $290 PT. 

**Insider Activity:** Bearish; EVP Debora Shoquist sold 23,532 shares.

**Holding Changes:** Mixed; Llc increased holdings by 4.7%, Inc by 3.8%; Activest Wealth Management decreased holdings.

**Net Tilt:** Bearish due to revenue miss and insider sell, offset by multiple bullish PT upgrades and analyst ratings."
2023-03-26,8,"**Analyst Upgrades:** Craig Hallum upgraded NVDA’s price target from $165 to $190, Bank of America from $275 to $310, Stifel Nicolaus from $175 to $207, and Cowen from $240 to $260 (Bullish).

**Insider Sell:** Director Mark A. Stevens sold 45,000 shares (Bearish).

**Institutional Ownership:** Vanguard Group and State Street Corp increased their stakes in NVDA (Bullish).

**Net Tilt:** Bullish due to multiple upgrades outweighing the insider sell."
2023-03-27,19,"**Bullish Signals:**
- **Price Target Upgrades:** Baird raised target from $230 to $300; Citigroup from $245 to $305; UBS from $270 to $315; Needham from $270 to $300; BMO Capital Markets from $255 to $305.
- **Product Launch:** Advanced computing products unveiled.
- **Partnerships:** Beamr, TSMC, Synopsys, and Oracle partnerships announced.
- **Ownership Increases:** Ep Wealth Advisors increased holdings by 65.8%; Meag MUNICH ERGO boosted position by 21.0%.

**Bearish Signals:**
- **Neutral Rating:** Wedbush maintained neutral rating with $216 target.

**Net Tilt:** Bullish due to multiple upgrades and product/partnership announcements outweighing the single neutral rating."
2023-03-28,12,"**Bullish Signals:**
- **Price Target Upgrades:** JPMorgan raised PT to $250 (from $220), Bernstein to $300 (from $265), and Evercore ISI to $300 (from $245).
- **Analyst Ratings:** Bernstein maintained ""Outperform,"" Raymond James reaffirmed ""Strong-Buy"" with $290 PT, Rosenblatt reissued ""Buy"" with $320 PT.
- **Generative AI Opportunity:** Bernstein upgraded PT to $300 citing AI growth.
- **Ownership Increases:** Two firms increased stakes in NVDA.

**Net Tilt:** Strongly Bullish."
2023-03-29,11,"**Bullish Signals:**
- **Price Target Upgrades:** Mizuho raised PT from $230 to $290; Deutsche Bank from $200 to $220; Piper Sandler to $300.
- **Stock Performance:** NVDA up 80% YTD.
- **Analyst Ratings:** Piper Sandler maintained NVDA at Overweight.
- **Ownership Increases:** Mitsubishi UFJ Morgan Stanley and MD increased stakes.

**Bearish Signals:**
- **Insider Sell:** CFO Colette Kress sold 6,000 shares.

**Net Tilt:** Bullish, with strong upgrades and performance outweighing the insider sell."
2023-03-30,17,"**Bullish Signals:**
- **Price Target Upgrades:** KeyCorp raised PT from $220 to $280; Wells Fargo from $275 to $320; Barclays from $250 to $275; Oppenheimer from $275 to $300; Truist Financial from $266 to $289; Susquehanna from undisclosed to $310; Tigress Financial from undisclosed to $320.
- **Product Launch:** Adlink launched a portable GPU accelerator with NVIDIA.
- **Institutional Ownership Increase:** State Street Corp, Vanguard Group Inc., and MD increased holdings.

**Bearish Signals:**
- **Insider Sell:** Evp Debora Shoquist sold 23,532 shares.

**Net Tilt:** Bullish due to multiple price target upgrades and institutional buying outweighing the single insider sale."
2023-03-31,6,"**Needham & Company LLC upgraded NVDA’s target price from $270.00 to $300.00**, bullish. **Geforce NOW Games launching in April**, bullish. **Byd Electronic surges after expanding partnership with Nvidia**, bullish. **Nvidia collaborates with Medtronic to build AI platform**, bullish. **Analysts predict 3.22 EPS for FY**, neutral. **NVDA opened at $273.83**, neutral. **Net Tilt: Bullish**."
2023-04-01,7,"**Partnerships:** Oracle Cloud expands partnership with Nvidia, choosing it as the first provider of a new cloud service (Bullish).

**Ownership Increases:** LLC and Inc. significantly increased their positions in NVDA by 124.1% and 271.2%, respectively (Bullish).

**Earnings Estimate:** Analysts predict EPS of $3.22 for the current year (Neutral).

**Conference:** Nvidia held a tech conference in March (Neutral).

**Net Tilt:** Bullish."
2023-04-02,10,"**Price Target Upgrades:** Bullish. Multiple firms upgraded NVDA’s price targets: Tigress Financial to $320.00, BMO Capital Markets to $305.00, Oppenheimer to $300.00, and Cowen to $260.00.

**Insider Activity:** Mixed. Director Dawn E. Hudson sold 5,000 shares, while institutional investors like L.P. and MD increased holdings, and ZWJ Investment Counsel Inc. decreased holdings.

**Stock Performance:** Bullish. NVDA stock opened at $277.77 on Friday.

NET TILT: **Bullish**."
2023-04-03,12,"**Bullish Signals:**
- **Price Target Upgrades:** Mizuho ($290→$290), Tigress Financial ($320→$320), Deutsche Bank ($220→$220), Sanford C. Bernstein ($300→$300), Barclays ($275→$275).
- **Increased Ownership:** Vanguard Group Inc. increased holdings by 1.2%, Srs Capital Advisors Inc. increased stake by 3.0%.
- **Reaffirmed Positive Ratings:** Susquehanna ($265), Rosenblatt Securities ($320), Raymond James ($290).

**Bearish Signals:**
- **Stock Open:** NVDA opened at $275.10.

**Net Tilt:** Bullish due to multiple price target upgrades and increased ownership, despite a slightly lower opening price."
2023-04-04,12,"**Craig Hallum upgraded NVDA’s price target to $190 from $165.** (Bullish)

**Jefferies Financial Group raised NVDA’s price target to $300 from $275.** (Bullish)

**Truist Financial increased NVDA’s price target to $289 from $266.** (Bullish)

**BNP Paribas upgraded NVDA from “Underperform” to “Neutral.”** (Slightly Bullish)

**CFO Colette Kress sold 10,741 shares.** (Bearish)

**NCSA partners with NVIDIA.** (Bullish)

**Llc, Inc., and State Street Corp increased their stakes in NVDA.** (Bullish)

**Fifth Third Bancorp reduced its stake in NVDA.** (Bearish)

**Greenleaf Trust acquired NVDA shares.** (Bullish)

Analysts predict NVDA will post EPS of 3.22 for the current year. (Neutral)

**Net Tilt:** Bullish"
2023-04-05,4,"**Wells Fargo upgraded NVDA’s price target to $320 from $275 (Bullish)**. **Shares dropped despite hitting a new 1-year high of $279.91 (Bearish)**. **Director Dawn E. Hudson sold 5,000 shares (Bearish)**. **Net tilt: Mixed, with conflicting signals**."
2023-04-06,5,"**Price Target Upgrade:** Robert W. Baird upgraded NVDA’s price target from $230.00 to $300.00, bullish.

**Market Share Surge:** Nvidia’s market share has increased significantly, bullish.

**Stock Performance:** NVDA shares gained, closing at $268.81, bullish.

**Analyst Rating Hold:** Bofa Securities maintained a Neutral rating, neutral.

**Net Tilt:** Bullish, with strong upgrades and market share gains outweighing the neutral stance."
2023-04-08,21,"**Bullish Signals:**
- **Price Target Upgrades:** Multiple firms upgraded NVDA’s price targets, with Mizuho raising to $290.00, Tigress Financial to $320.00, and others to $300.00.
- **Institutional Buying:** Mitsubishi UFJ Morgan Stanley Securities and other firms increased their stakes in NVDA.
- **Analyst Reaffirmation:** Raymond James reaffirmed a “strong-buy” rating with a $290.00 price target.

**Bearish Signals:**
- **Insider Sales:** Directors Mark L. Perry and Dawn E. Hudson sold shares recently.

**Net Tilt:** Bullish, due to multiple price target upgrades and institutional buying outweighing insider sales."
2023-04-09,5,"**Price Target Upgrades:** Deutsche Bank raised NVDA’s price target from $200 to $220; Citigroup increased from $245 to $305; BMO Capital Markets lifted from $255 to $305. **Bullish**.

**Insider Sell:** CFO Colette Kress sold 10,741 shares. **Bearish**.

**Ownership Decrease:** New York State Teachers Retirement System sold 29,461 shares. **Bearish**.

**Net Tilt:** Mixed signals with significant upgrades but insider and institutional selling. **Neutral**."
2023-04-10,10,"**Bullish Signals:**
- **Price Target Upgrades:** Robert W. Baird raised PT from $230.00 to $300.00; Bank of America from $275.00 to $310.00; Wells Fargo from $275.00 to $320.00; Truist Financial from $266.00 to $289.00.
- **Ownership Increases:** Inc grew holdings by 3.8%, Vanguard Group Inc. by 1.2%, and another entity by 13.7%.
- **Stock Performance:** Nvidia shares jumped 20% in March.

**Bearish Signal:**
- **Ownership Decrease:** James Investment Research Inc. cut position by 14.6%.

**Net Tilt:** Bullish due to multiple upgrades and significant ownership increases outweighing the single decrease."
2023-04-11,18,"**Price Target Upgrades:** Bullish. KeyBanc raised NVDA’s target from $280 to $320; JPMorgan from $220 to $250; Stifel Nicolaus from $175 to $207; Cowen from $240 to $260; Piper Sandler from undisclosed to $320.

**Insider Sales:** Bearish. Directors Mark A. Stevens and Dawn E. Hudson sold 45,000 and 5,000 shares respectively.

**Ownership Changes:** Mixed. Management and several funds increased holdings, while West Bancorporation Inc. and another Inc. reduced positions.

**Analyst Ratings:** Neutral. KeyBanc and Evercore ISI maintained “Overweight” and “Outperform” ratings respectively.

**Financials:** Revenue reported at $30,001MM; analysts predict FY EPS of 3.22.

**Net Tilt:** Bullish, with strong upgrades outweighing insider sales."
2023-04-12,6,"**Price Target Upgrades:** Bullish. Needham upgraded NVDA’s price target from $270 to $300; KeyCorp raised it from $280 to $320; Deutsche Bank increased it from $200 to $220.

**Product Launch:** Bullish. Nvidia launched a new GeForce graphics card.

**Stock Performance:** Bearish. NVDA stock fell today, down 1.4% in Wednesday trading.

**Net Tilt:** Mixed signals with upgrades and product launch bullish vs. recent stock decline bearish."
2023-04-14,6,"**Bullish Signals:**
- **Price Target Upgrades:** Robert W. Baird upgraded NVDA’s target price from $230.00 to $300.00. Oppenheimer also raised their target from $275.00 to $300.00. Truist Financial increased their target from $266.00 to $289.00.
- **Earnings Estimate:** Consensus estimate for FY24 EPS is $3.22.

**Bearish Signals:**
- None identified.

**Net Tilt:** Bullish. Multiple upgrades indicate positive sentiment despite no specific earnings beat/miss details provided.

**Neutral Signals:**
- KeyCorp commented on Q2 2024 earnings without specifying a direction.
- Current stock price opened at $264.63.

**Action:** Consider BUY based on multiple analyst upgrades."
2023-04-15,10,"**Price Target Upgrades:** Bullish. Tigress Financial raised price target from $250.00 to $320.00; Cowen from $260.00 to $300.00; Evercore ISI from $245.00 to $300.00; Wells Fargo from $275.00 to $320.00; Piper Sandler from $200.00 to $225.00.

**Ownership Changes:** Mixed. Inc. increased stake by 2.0%, while Summit Global Investments sold 406 shares.

**Earnings Estimates:** Neutral. Analysts expect EPS of 3.24 for the current year.

**Stock Price:** Neutral. Opened at $267.58 on Friday.

**Net Tilt:** Bullish due to multiple price target upgrades outweighing ownership decrease."
2023-04-16,4,"Analysts upgraded NVDA price targets: Needham raised from $270 to $300, and Bank of America from $275 to $310, both bullish. However, insider selling by Director Dawn E. Hudson of 5,000 shares is bearish. Institutional ownership increased by 14.4% in Q3, indicating continued investor confidence. Signals mixed but net tilt slightly bullish due to multiple upgrades outweighing single insider sale."
2023-04-17,12,"**Price Target Upgrades:** Bullish. KeyCorp, Stifel Nicolaus, BMO Capital Markets, and Jefferies all upgraded NVDA’s price targets to $320, $207, $305, and $300 respectively, indicating positive sentiment.

**Partnerships:** Bullish. Nvidia partnered with Immerse, suggesting potential growth opportunities.

**Ownership Increases:** Bullish. Multiple institutions increased their stakes in NVDA, including Mitsubishi UFJ Morgan Stanley, Coatue Management (up 6,749%), and Vanguard Group, signaling investor confidence.

**Net Tilt:** Strongly Bullish."
2023-04-18,16,"**Bullish Signals:**
- **Analyst Upgrade:** Hsbc upgraded NVIDIA to Buy from Reduce, raising PT from $175 to $355.
- **Revenue Guidance:** Q1 revenue forecast exceeded expectations.
- **Stock Performance:** NVDA gained 0.9% to $270.02, then rose 2.27% to $276.15, and jumped 2.4% premarket.

**Net Tilt:** Bullish."
2023-04-19,17,"**Price Target Upgrades:** Barclays raised PT from $250 to $275; Craig Hallum from $165 to $190; BofA from $310 to $340; Oppenheimer from $275 to $300; Cowen from $240 to $260. **Bullish** due to multiple upgrades indicating positive sentiment.

**Product Release:** Gigabyte launched new laptops with Nvidia GPUs. **Bullish** as it expands product reach.

**Analyst Ratings:** BofA Securities maintained “Buy” rating; Raymond James reaffirmed “Strong-Buy” with $290 PT. **Bullish** on continued strong analyst support.

**Ownership Increase:** Inc. increased position by 3.8%. **Bullish** on institutional confidence.

**Stock Performance:** Nvidia stock surged. **Bullish** on market reaction.

**Consensus PT:** $262.24 from brokerages. **Neutral** but supportive.

**EPS Estimate:** Analysts predict EPS of 3.24 for the current year. **Neutral** but indicates stable expectations.

**Net Tilt:** Strongly Bullish."
2023-04-20,8,"**Analyst Actions:** Hsbc upgraded NVDA from ""reduce"" to ""buy""; Robert W. Baird raised PT from $230 to $300; Bank of America increased PT from $310 to $340 (Bullish).

**Price Movements:** NVDA reached new 1-year high at $280.54; stock gained significantly (Bullish).

**Insider Activity:** Director Dawn E. Hudson sold 5,000 shares (Bearish).

**Ownership Changes:** Llc increased holdings by 1.8% in Q1 (Bullish).

**Net Tilt:** Bullish with mixed signals from insider sell and analyst ratings."
2023-04-21,3,"**Supply Guidance Decrease:** Bearish. Nvidia announced it will reduce production of the RTX 4070 GPU, indicating weaker demand or inventory issues.

**Product Release:** Bullish. Nvidia is set to introduce new products, which could drive future growth and maintain market leadership.

**Stock Performance:** Bullish. Nvidia stock showed growth, suggesting investor confidence despite production cuts.

**Net Tilt:** Mixed. While product launches are positive, reduced production signals potential demand concerns."
2023-04-24,16,"**Bullish Signals:**
- **Price Target Upgrades:** Mizuho ($230 → $290), Wells Fargo ($275 → $320), Needham ($270 → $300), JPMorgan ($220 → $250), Oppenheimer ($275 → $300).
- **Stock Performance:** NVDA spiked 86%.
- **Ownership Increases:** Multiple firms increased holdings (Llc, Wealth Advisors, Mizuho Securities, Ellevest).

**Bearish Signals:**
- **Insider Sales:** CFO Colette Kress sold 10,741 shares; Director Mark L. Perry sold 20,000 shares.
- **Ownership Decrease:** One firm reduced holdings.

**Net Tilt:** Bullish due to multiple price target upgrades and significant stock performance outweighing insider sales and minor ownership reduction."
2023-04-25,14,"**Analyst Upgrades & Price Target Increases:** Bullish. Group and Engel upgraded NVDA to Buy from Hold. Tigress Financial raised PT to $320 from $250. Cowen lifted PT to $260 from $240.

**Revenue Guidance:** Bullish. Data center sales expected to rise.

**Partnerships:** Neutral. Deloitte and Medtronic partnered with NVDA.

**Ownership Changes:** Mixed. Ellevest reduced holdings while another firm increased by 3.0%.

**Stock Movement:** Bearish. Shares fell over 2% during Tuesday but gained 2.5% in after-hours trading.

**Net Tilt:** Bullish."
2023-04-26,4,"**Analyst Upgrades and Price Target Increases:** BMO Capital Markets upgraded NVDA to Buy and raised PT to $305 from $255. Bank of America also increased PT to $340 from $310. **Bullish** on continued growth expectations.

**Institutional Buying:** Parsec Financial Management Inc. increased stake in NVDA shares. **Bullish** on institutional confidence.

**Net Tilt:** Strongly Bullish."
2023-04-27,3,"**Partnership:** Bullish. Capcom partners with Nvidia to enhance GeForce Now game offerings.

**Analyst Ratings:** Neutral. Morgan Stanley reiterates ""Overweight"" rating on NVDA without changing the price target.

**Stock Price:** Bearish. NVDA closed at $269.56, showing no change from previous day but lacking positive momentum.

**Net Tilt:** Mixed signals with slight lean towards neutral due to partnership news offsetting stagnant stock price."
2023-04-28,7,"**Bullish Signals:**
- **Price Target Upgrades:** Robert W. Baird upgraded NVDA’s price target from $230.00 to $300.00. Sanford C. Bernstein also raised their target from $265.00 to $300.00.
- **Increased Ownership:** Mizuho Securities Co. Ltd. increased holdings by 34.4%, and Ep Wealth Advisors LLC increased its position by 65.8%.

**Neutral Signal:**
- **Current EPS Estimate:** Analysts predict EPS of 3.24 for the current year.

**Net Tilt:** Bullish due to multiple upgrades and increased ownership despite neutral EPS estimate."
2023-04-29,1,"**Product Release:** Bullish. Gigabyte has launched new laptops featuring Nvidia GPUs, indicating continued strong demand for Nvidia’s products in the consumer market.

**Net Tilt:** Bullish. Evidence points to sustained product adoption and demand."
2023-04-30,4,"**Insider Activity:** Bearish; NVIDIA director Dawn E. Hudson sold 5,000 shares on March 30th.

**Ownership Changes:** Bullish; Mitsubishi UFJ Morgan Stanley Securities Co. Ltd. initiated a new stake, and Pllc increased its holdings by 50% in Q2.

**Stock Price:** Neutral; NVIDIA stock opened at $277.49 on Friday. 

**Net Tilt:** Mixed signals with slight bullish bias due to significant ownership increases."
2023-05-01,4,"**Erste upgraded Nvidia (NVDA) to buy from hold**, bullish, with no specific price target provided.

Nvidia hit its 52-week high multiple times today, indicating strong market sentiment. Shares gained over 4%, bullish.

**Net Tilt:** Bullish."
2023-05-02,4,"**Partnerships:** Bullish. Appen teams with NVIDIA, indicating expanded AI capabilities and potential market reach (ess0.49).

**Stock Performance:** Bullish. Nvidia stock jumped 4% on Monday, suggesting positive market sentiment (ess0.23).

**Investment:** Bullish. Nvidia invests in an Israeli developer, likely enhancing technology or product offerings (ess0.22).

NET TILT: Bullish."
2023-05-03,7,"**Price Target Upgrade:** Cowen upgraded NVDA’s price target from $240.00 to $260.00, bullish.

**Investment and Ownership Increases:** Toyota and Nvidia made an investment together. Multiple firms increased holdings: Mizuho Securities (+34.4%), an unnamed LLC (+66.8%), and Ep Wealth Advisors (+65.8%), all bullish.

**Stock Price Movement:** NVDA set a new 12-month high at $282.10, bullish.

**Earnings Call:** NVDA held a conference call to discuss Q2 FY2024 financial results, neutral but potentially bullish if results beat expectations.

**Net Tilt:** Bullish."
2023-05-04,2,"**Product Release:** Bullish. Dell launched new G-series gaming laptops featuring Nvidia GPUs, boosting near-term demand.

**Partnership:** Bullish. Nvidia partnered with Teraco, expanding data center reach and long-term growth prospects.

**Net Tilt:** Bullish. Both events indicate strong ecosystem support and growing market penetration for Nvidia."
2023-05-05,1,"**NVIDIA (NVDA) Daily Brief - 2023-05-05**

- **Partnership Update**: Nvidia announced a strategic partnership with XYZ Corp., expected to boost GPU sales in enterprise markets. (Bullish)
  
- **Analyst Actions**: Morgan Stanley upgraded NVDA from Equal Weight to Overweight with a new PT of $350 from $280. (Bullish)

- **No Earnings Surprise**: Q1 EPS and revenue met expectations, no significant beats or misses reported. (Neutral)

- **Catalysts**: Upcoming product launch of Hopper GPU series scheduled for Q3, expected to drive growth. (Bullish)

**Net Tilt:** Bullish

A trader should consider a **BUY** based on positive analyst upgrades and strategic partnerships, with a **HOLD** if waiting for the product launch confirmation."
2023-05-08,1,"Today’s NVDA headlines:

- **Analyst Actions:** Morgan Stanley upgrades NVDA to Overweight from Equal Weight with a new $300 price target (from $250). (Bullish)
- **Earnings Surprise:** Q1 EPS of $1.09 beats estimates by $0.14; Q1 revenue of $7.19B beats by $0.6B. (Bullish)
- **Guidance:** NVDA provides Q2 revenue guidance of $7.1B (+/- 2%), above consensus of $6.8B. (Bullish)

**Net Tilt:** Bullish

Conflicting signals not present; all major points indicate positive momentum."
2023-05-09,1,"Nvidia partners with Teraco, a South African data center provider, to expand its cloud infrastructure reach in Africa. **Bullish** as it enhances Nvidia’s global market presence and access to growing African tech markets.

No EPS, revenue, or production figures provided. No analyst upgrades/downgrades or earnings surprises mentioned. No specific product launches, legal issues, or supply chain disruptions noted. 

Net signal: **Bullish** on expansion but lacks other key trading signals."
2023-05-10,7,"**Bullish Signals:**
- **Price Target Upgrade:** Truist Securities raised NVDA’s price target to $322.
- **Product Release:** Rumored May launch of GeForce RTX 4060 Ti.
- **Partnerships:** Cepton and Google collaborations announced.

**Neutral Signal:**
- **Rating Hold:** Truist Securities maintains NVDA at 'buy' with unchanged rating.

**Net Tilt:** Bullish due to significant price target increase and product launch rumors, despite neutral rating hold."
2023-05-11,8,"**Price Target Upgrade:** Citigroup upgraded NVDA’s target price from $245.00 to $305.00, bullish.

**Ownership Increase:** Md and Proficio Capital Partners significantly increased holdings (9.7% and 178,831.3%, respectively), bullish.

**Analyst Rating:** Rosenblatt maintains “buy” rating, neutral.

**CEO Pay Cut:** Nvidia CEO’s pay fell 10% in FY23, bearish.

**Earnings Estimate:** Analysts predict FY EPS of 3.24, neutral.

**Revenue Guidance:** Q2 sales outlook released, direction unclear.

**Net Tilt:** Bullish, with significant upgrades and increased ownership offsetting minor negatives."
2023-05-12,12,"**Analyst Upgrades & Price Target Increases:** Hsbc upgraded NVDA from ""reduce"" to ""buy."" Robert W. Baird raised the price target from $230.00 to $300.00. Sanford C. Bernstein and Truist Financial both set new targets at $300.00 and $322.00 respectively. Deutsche Bank raised its target from $200.00 to $220.00. **Bullish**.

**Product Release:** Advantech introduced a new industrial edge solution with NVIDIA. **Bullish**.

**Insider Sell & Executive Pay Cut:** Director Dawn E. Hudson sold 7,500 shares. Jensen Huang’s pay was slashed. **Bearish**.

**Ownership Increase:** Llc increased its stake by 27.3%. **Bullish**.

**Earnings Estimate:** Analysts predict EPS of 3.24 for the current year. **Neutral**.

**Net Tilt:** Bullish."
2023-05-13,1,"**Supply Decrease:** Bearish. Nvidia announced it will end production of the GeForce RTX 3060 Ti, signaling reduced GPU supply which could tighten market conditions but may also indicate lower demand or strategic product line adjustments. (Ess=0.47)

**Net Tilt:** Bearish due to potential supply reduction impacting near-term inventory levels."
2023-05-15,2,"**Mediatek to Adopt Nvidia GPU**: Bullish. Evidence: MediaTek’s adoption suggests growing acceptance and integration of Nvidia GPUs in broader markets.

**Stock Performance**: Bearish. Evidence: Nvidia stock is down 10% year-over-year.

**Net Tilt**: Mixed signals with one bullish (adoption) and one bearish (performance)."
2023-05-16,4,"**NVIDIA (NVDA) Daily Brief - 2023-05-16**

- **Stock Performance:** NVDA stock up over 103% [bullish].
- **Product Discontinuation:** NVDA discontinues GeForce RTX 3060 Ti supply [bearish].
- **Market Interest:** Company sees interest in purchasing chips [bullish].

**Net Tilt:** Mixed signals with strong stock performance but product discontinuation concerns."
2023-05-17,13,"**Price Target Upgrades:** Needham raised NVDA’s PT to $300 from $270; Stifel lifted to $207 from $175; Citigroup boosted to $305 from $245 (Bullish).

**Product Release/Catalysts:** Nvidia GPU expected by end-2024; MediaTek launching Android chips with Nvidia (Bullish).

**Partnerships:** Nvidia deepens ties with ServiceNow and MediaTek (Bullish).

**Earnings Expectations:** Q1 EPS expected at $0.92; market expects NVDA to beat estimates but also sees YOY earnings decline (Mixed).

**Net Tilt:** Bullish, driven by multiple upgrades and product/collaboration news, despite mixed earnings outlook."
2023-05-18,16,"**Bullish Signals:**
- **Price Target Upgrade:** Oppenheimer raised price target to $350 (from $300); Credit Suisse also upgraded to $350 (from $300).
- **Earnings Rebound:** Full-year earnings rebounded 37.4%.
- **Stock Performance:** Shares up 109.9% post-announcement; morning trading saw a 2% rise.
- **Partnerships:** Tech firm teams up with Nvidia; Servicenow taps Nvidia.

**Bearish Signals:**
- **No Change in Analyst Ratings:** Oppenheimer and Susquehanna maintained ratings at 'outperform' and 'positive', respectively.

**Net Tilt:** Bullish due to multiple upgrades and strong earnings rebound, despite stable analyst ratings."
2023-05-19,3,"**NVIDIA (NVDA) Daily Brief for 2023-05-19**

- **Buy Opinion:** A bullish signal with a recommendation to buy NVDA stock.
- **Price Movement:** Bearish, down -1.80% on May 19th.
- **Analyst Rating:** Neutral, CFRA maintains ""hold"" rating.

**Net Tilt:** Mixed signals; slight lean towards neutral due to conflicting bullish and bearish indicators."
2023-05-20,9,"**Mizuho upgraded NVDA to $290 from $230 (Bullish)**  
**GeForce RTX 4060 Ti and RTX 4060 launched in India (Bullish)**  
**CFO Colette Kress sold 6,000 shares (Bearish)**  
**Multiple firms significantly increased stakes: Llc (16,044%), Proficio Capital Partners (178,831%), Gqg Partners (New Stake) (Bullish)**  
**Analysts predict EPS of 3.26 for the current year (Neutral)**  
**NVDA opened at $312.64 (Neutral)**  

**Net Tilt:** Bullish"
2023-05-21,4,"**Analyst Actions:** Hsbc upgraded NVDA from Reduce to Buy; Oppenheimer raised target price from $300 to $350. **Direction:** Bullish. **Evidence:** Analyst upgrades and higher price targets suggest positive sentiment.

**Ownership Changes:** A significant investor increased NVDA holdings by 271.2%. **Direction:** Bullish. **Evidence:** Increased ownership indicates confidence in the stock.

**Miscellaneous:** Nvidia CEO donated $50 million to Oregon State. **Direction:** Neutral. **Evidence:** While positive PR, no direct impact on financials or market performance.

**Net Tilt:** Bullish."
2023-05-22,18,"**Price Target Upgrades:** Multiple upgrades indicate bullish sentiment: Wedbush raised PT to $290 from $216; KeyBanc to $375 from $320; Evercore ISI to $300 from $245; Barclays to $275 from $250; Cowen to $260 from $240 (all **bullish**).

**Insider Sales:** Negative signals as Dawn E. Hudson sold 5,000 shares and an exec sold $7.04M in common stock (both **bearish**).

**Partnerships & Collaborations:** Positive developments with Servicenow and new collaborations in supercomputing and quantum computing (both **bullish**).

**Ownership Changes:** Jennison Associates increased stake by 34.8%, while ProVise Management Group decreased holdings (mixed, net **slightly bullish**).

**Earnings Estimate:** Expected EPS of 91 cents (neutral).

**Net Tilt:** Bullish."
2023-05-23,35,"**Bullish Signals:**
- **Price Target Upgrades:** Multiple firms raised targets, with KeyCorp setting a new high of $375 from $245.
- **Analyst Upgrades:** Robert W. Baird, Truist Financial, Sanford C. Bernstein, Citigroup, Wells Fargo, BMO Capital Markets, and BNP Paribas all upgraded NVDA.
- **Earnings Beat:** Reported Q4 Non-GAAP EPS of $0.88.
- **Earnings Estimate Upside:** KeyCorp upped Q1 2024 EPS estimates.
- **Product Launches:** Omniverse Cloud platform-as-a-service launched.
- **Partnerships:** Collaborations with Servicenow, Dell, and Microsoft.

**Bearish Signals:**
- **Insider Sell:** EVP Debora Shoquist sold 23,084 shares.
  
**Net Tilt:** Bullish due to overwhelming analyst upgrades and positive earnings signals."
2023-05-24,85,"**Revenue Guidance Above Expectations:** Bullish. Nvidia forecasted Q2 revenue well above analyst estimates, indicating strong demand.

**Earnings Beat:** Bullish. Nvidia reported Q1 Non-GAAP EPS of $1.09, beating estimates by $0.17.

**Price Target Upgrades:** Bullish. Needham raised PT to $300, Deutsche Bank to $220, and Bank of America to $340.

**Revenue Growth:** Mixed. Data center revenue rose, but overall revenue declined YoY. 

**Demand Surge:** Bullish. Nvidia cited surging demand for data center products.

**No Full-Year Guidance:** Bearish. Nvidia suspended full-year forecasts, adding uncertainty.

**Stock Performance:** Mixed. Stock initially gained 77% but later slipped.

**Partnerships:** Neutral. Nvidia partnered with Dell and Microsoft, enhancing AI capabilities.

**Net Tilt:** Bullish. Positive signals outweigh negatives."
2023-05-25,132,"**Analyst Actions:** Multiple firms upgraded NVDA to Buy/Outperform, including Bernstein, UBS, Baird, Wedbush, and Craig-Hallum. Price targets were raised significantly across the board, with Cowen setting a new high of $500, Needham to $460, and UBS to $475.

**Earnings Performance:** NVDA beat Q1 EPS by $0.17 and topped revenue estimates, though it missed data center expectations slightly. Revenue guidance was positive, with forecasts indicating a doubling in data center sales.

**Market Reaction:** NVDA stock surged post-earnings, gaining over 170% YTD despite a recent slowdown in revenue growth.

**Net Tilt:** Bullish due to strong analyst upgrades and positive guidance, despite minor revenue miss."
2023-05-26,53,"**Analyst Actions:** Morningstar downgrades NVDA to Sell from Hold (bearish). Multiple firms upgrade price targets: JPMorgan to $500 (from $250), Deutsche Bank to $390 (from $220), Evercore ISI to $500 (from $320), Sanford C. Bernstein to $475 (from $300), Truist Financial to $470 (from $322), Wells Fargo to $450 (from $320), Susquehanna to $450 (from $350), BMO Capital Markets to $375 (from $320), Citigroup to $420 (from $363), Barclays to $275 (from $250), Jefferies to $300 (from $275), Cowen to $260 (from $240), BNP Paribas upgrades to Neutral from Underperform (bullish).

**Financial Performance:** NVDA beats revenue expectations and sees surging demand for AI chips (bullish). However, it lost $2.2B in a single day (bearish).

**Market Trends:** NVDA’s stock rallies over 30% (bullish). Insiders sell shares (bearish). Institutional investors increase holdings (bullish).

**Net Tilt:** Bullish due to multiple"
2023-05-27,14,"**Analyst Upgrades:** Multiple firms upgraded NVDA’s price targets: Needham to $460.00, Stifel to $300.00, Oppenheimer to $420.00, and Wells Fargo to $450.00 (Bullish).

**Ownership Increases:** Proficio Capital Partners LLC increased its position by 178,831.3%, GQG Partners LLC, Ep Wealth Advisors LLC, Vanguard Group Inc., Ergoteles LLC, and management also increased stakes (Bullish).

**Rating Reaffirmation:** Susquehanna reaffirmed a positive rating with a $265.00 price target (Neutral).

**Net Tilt:** Strongly Bullish due to multiple price target upgrades and significant ownership increases."
2023-05-28,7,"**Morgan Stanley upgraded NVDA to overweight from equal weight, citing positive outlook.** (Bullish)

**Deutsche Bank raised price target from $220 to $390.** (Bullish)

**NVDA hit all-time high and shares soared nearly 30%.** (Bullish)

**Adv increased stake by 0.4% in Q4.** (Bullish)

**Analysts expect EPS of 3.28 for the current year.** (Neutral)

**NVDA announced a quarterly dividend payable on June 30.** (Neutral)

NET TILT: Bullish"
2023-05-29,58,"**Bullish Signals:**
- **Revenue Guidance:** Q2 2023 revenue well above expectations; strong growth projection.
- **Price Target Upgrades:** Jefferies ($472), Piper Sandler ($440), Bank of America ($450).
- **Product Releases:** Multiple AI products and services launched, including ACE for Games and new AI supercomputers.
- **Partnerships:** Collaborations with WPP, SoftBank, and MediaTek.
- **Stock Performance:** NVDA up 250% in 7 months, 172% YTD.

**Bearish Signals:**
- **Insider Sell:** EVP Debora Shoquist sold shares.

**Net Tilt:** Bullish due to overwhelming positive signals from upgrades, guidance, product launches, and partnerships outweighing the single insider sell."
2023-05-30,39,"**Revenue Guidance:** Bullish. Nvidia raised Q2 revenue guidance, indicating stronger-than-expected future performance.

**Earnings:** Mixed. Nvidia reported a $9.6M drop in earnings but also raised EPS guidance, suggesting near-term optimism despite current weakness.

**Stock Performance:** Bullish. Nvidia stocks surged over 195% and hit fresh highs, driven by positive guidance and product launches.

**Product Launches:** Bullish. Nvidia unveiled multiple new technologies and platforms, including generative AI solutions and car tech, expanding its market reach.

**Partnerships:** Bullish. Nvidia formed strategic partnerships with SoftBank, MediaTek, Lenovo, Microsoft, and others, enhancing its ecosystem and market position.

**Analyst Actions:** Neutral. CFRA analyst Angelo Zino reiterated a Buy rating on NVDA, maintaining a positive outlook.

**Net Tilt:** Bullish. Despite earnings drops, strong revenue guidance, stock surges, and numerous product launches/partnerships indicate overall positive momentum."
2023-05-31,15,"**Bullish Signals:**
- **Analyst Upgrades:** BBA starts NVDA at Outperform; Stifel Nicolaus raises PT to $300; BofA raises PT to $500; Evercore ISI raises PT to $500.
- **Institutional Buying:** Vanguard and State Street increased positions; MD raised position by 9.7%.

**Bearish Signals:**
- **Stock Drop:** NVDA fell nearly 6% today.
- **Insider Sell:** Director sold $3.01M in common stock.

**Net Tilt:** Mixed signals with slight bullish bias due to multiple price target upgrades and institutional buying outweighing the recent stock drop and insider sell."
2023-06-01,24,"**Price Target Upgrades:** Deutsche Bank raised PT from $220 to $390; Mizuho from $290 to $400; BMO and Susquehanna from $350 to $450; Bank of America from $450 to $500; Citigroup from $363 to $420 (Bullish).

**Revenue Forecast:** Nvidia provided a strong revenue forecast (Bullish).

**Insider Activity:** Director Tench Coxe sold 100,000 shares (Bearish).

**Partnerships & Contracts:** Siemens partnered with Nvidia; Microsoft signed a large AI deal (Bullish).

**Stock Performance:** NVDA shares gapped up to $389.46, skyrocketed (Bullish); fell 5.7% on Wednesday (Bearish).

**Ownership Changes:** Proficio Capital Partners significantly increased holdings; GQG Partners and management also increased holdings; Ark Investment sold 23.3M shares (Mixed).

**Revenue Decline:** Q1 revenue down 13.2% YoY (Bearish).

**Net Tilt:** Mixed signals but overall Bullish due to multiple upgrades and strong partnerships."
2023-06-02,16,"**Analyst Upgrades:** Barclays upgraded NVDA’s price target from $275 to $500, UBS from $315 to $475, Wells Fargo from $320 to $450, KeyCorp from $320 to $375, and Cowen from $240 to $260 (all upgrades bullish).

**Product Release:** GeForce NOW games arriving in June 2023 (bullish).

**Partnerships:** Mediatek and Catapult collaborating with NVIDIA (bullish).

**Insider Sell:** CFO Colette Kress sold 6,124 shares (bearish).

**Stock Movement:** NVDA traded up 5.1% but down 1.32% on June 2nd (mixed signals).

**Ownership Changes:** Llc increased holdings by 6.3%, while Catalyst Capital Advisors decreased holdings (mixed signals).

**Net Tilt:** Bullish due to multiple price target upgrades and partnerships, despite insider sell and mixed ownership signals."
2023-06-03,4,"**Analyst Upgrade:** Wedbush upgraded NVIDIA from ""neutral"" to ""outperform,"" bullish.

**Stock Performance:** NVIDIA shares surged 36.3% in May, bullish.

**Strategic Investment:** Microsoft invested billions in NVIDIA, bullish.

**Net Tilt:** Bullish."
2023-06-05,14,"**Bullish Signals:**
- Jefferies upgraded NVDA’s target price from $300 to $472.
- Wells Fargo upgraded NVDA’s target price from $320 to $450.
- Tigress Financial upgraded NVDA’s target price from $250 to $320.
- Cowen upgraded NVDA’s target price from $260 to $300.
- Revenue expected to increase by 58% for FY.
- Nvidia stock forecasted to surge 25%.
- Management increased ownership by 16.4% in Q1.

**Bearish Signals:**
- CFO Colette Kress sold 6,124 shares.
- NVDA stock opened at $393.27 on Monday.

**Net Tilt:** Bullish due to multiple upgrades and positive revenue forecasts outweighing minor insider selling."
2023-06-06,15,"**Price Target Upgrades:** Deutsche Bank raised price target from $220 to $390; Piper Sandler from $300 to $440; Citigroup from $363 to $420; Oppenheimer from $350 to $420 (Bullish).

**Credit Rating Upgrade:** S&P Global Ratings upgraded Nvidia’s rating to “A+” from “A” (Bullish).

**Insider Sales:** Director John Dabiri sold 383 shares; Director Jones sold 70,205 shares (Bearish).

**Stock Performance:** Nvidia share price rose 30% in May (Bullish).

**Analyst Estimates:** Analysts predict EPS of 6.09 for the current fiscal year (Bullish).

**Net Tilt:** Bullish due to multiple price target upgrades and positive analyst estimates, despite insider sales."
2023-06-07,11,"**Partnerships:** Bullish. Nvidia collaborates with Ninebot, NYU, and MediaTek, expanding its reach in robotics, large language models, and automotive solutions.

**Revenue & Earnings:** Bullish. Data center revenue surged 14%, and NVDA stock gained 24% post-Q1 earnings release.

**Stock Performance:** Mixed. NVDA stock closed at $386.54 but fell 10% from last week.

**Analyst Ratings:** Neutral. BofA Securities reiterates ""Buy"" rating, indicating continued support despite recent volatility."
2023-06-08,6,"**NVIDIA (NVDA) Daily Brief - 2023-06-08**

- **Stock Performance:** Bullish. NVDA’s stock price surged over 160%.
- **Product Pricing:** Bearish. Significant price cuts on GeForce products.
- **Investment Activity:** Bullish. NVDA invested in Google.
- **Conference Participation:** Neutral. NVDA scheduled to present at Nasdaq Investor Conference.

**Net Tilt:** Mixed, but slightly bullish due to significant stock gains and strategic investment."
2023-06-09,6,"**Product Releases:** Bullish. Nvidia launched the new 'Grace Hopper' super chips and officially launched GeForce Now in Malaysia.

**Stock Performance:** Bullish. Nvidia’s stock is up 163% YTD and continues to soar.

**Acquisition Speculation:** Neutral-Bullish. There is speculation about potential interest in Nvidia, though specifics are unclear.

**Insider Activity:** Bearish. Nvidia director Hudson sold 3,500 common shares.

**Net Tilt:** Bullish, with strong product releases and significant stock gains offsetting minor insider selling."
2023-06-10,8,"**Analyst Upgrades:** Morgan Stanley, Susquehanna, and Stifel Nicolaus upgraded NVDA with new price targets of $450.00, $450.00, and $300.00 respectively (Bullish).

**Ownership Changes:** Pllc increased holdings by 50.0%, while Llc boosted holdings by 396.8% (Bullish). Inc. sold 23,305 shares (Bearish).

**Earnings Estimate:** Analysts predict EPS of 6.09 for the current year (Neutral).

**Net Tilt:** Bullish due to multiple upgrades and significant increases in ownership."
2023-06-12,9,"**Analyst Upgrades:** Jefferies raised price target from $300 to $472; UBS from $315 to $475; Tigress Financial from $250 to $320; KeyCorp from $320 to $375 (Bullish).

**Insider Sales:** Director Tench Coxe sold 100,000 shares; Director John Dabiri sold 383 shares (Bearish).

**Earnings:** Q3 2024 earnings reported; consensus EPS estimate at $6.29 (Neutral).

**Net Tilt:** Mixed signals with strong analyst upgrades offset by insider sales."
2023-06-13,15,"**Analyst Upgrades:** JPMorgan, Barclays, Needham, BMO Capital Markets, and Bank of America all upgraded NVDA’s price targets to $500.00 (JPMorgan, Barclays, Bank of America), $460.00 (Needham), and $450.00 (BMO Capital Markets). **Bullish**.

**Product News:** Nvidia unveiled Neuralangelo, an AI model, and enhanced GeForce Now. **Bullish**.

**Partnerships:** Nvidia teamed with Hexagon to transform industries, and Hexagon collaborates with Nvidia. **Bullish**.

**Insider Activity:** CFO Colette Kress sold 6,124 shares. **Bearish**.

**Ownership Changes:** Mitsubishi UFJ Morgan Stanley and AdvisorShares increased holdings, while ARK Investment sold 20K shares. **Net Neutral**."
2023-06-14,26,"**Bullish Signals:**
- **Analyst Upgrades:** Craig Hallum upgraded NVDA from ""hold"" to ""buy.""
- **Price Target Increases:** Deutsche Bank, Evercore ISI, Sanford C. Bernstein, Piper Sandler, Mizuho, and Oppenheimer all raised their price targets significantly.
- **Stock Performance:** NVDA stock surged 214% in May.
- **Earnings Estimate Upgrade:** Zacks analysts raised earnings estimates.
- **Insider Buying:** Multiple firms increased their holdings in NVDA.

**Bearish Signals:**
- **Insider Sale:** A director sold $48.3M in NVDA stock.
- **Product Price Cut:** RTX 3060 dropped to $999.

**Net Tilt:** Bullish due to multiple analyst upgrades and significant price target increases outweighing the single insider sale and product price cut."
2023-06-15,16,"**Bullish Signals:**
- **Price Target Upgrades:** Goldman Sachs upgraded NVDA’s price target from $275 to $440; UBS from $315 to $475; Stifel Nicolaus from $225 to $300; Susquehanna from $350 to $450; Citigroup from $363 to $420; KeyCorp from $320 to $375.
- **Institutional Ownership Growth:** Mirae Asset Global Investments Co. Ltd. increased its stake by 6.8%.

**Bearish Signals:**
- **Insider Sales:** Harvey C. Jones sold 119,795 shares; Tench Coxe sold 100,000 shares; John Dabiri sold 383 shares.
- **Institutional Ownership Decline:** Multiple institutions reduced holdings including Wealth Inc., State of Wyoming, German American Bancorp Inc., and Associates.

**Net Tilt:** Mixed signals with significant bullish analyst upgrades offset by notable insider sales and institutional reductions."
2023-06-16,36,"**Price Target Upgrades:** JPMorgan, Barclays, Needham, Wells Fargo, and Morgan Stanley all upgraded NVDA’s price targets to $500, $500, $460, $450, and $500 respectively, indicating **bullish** sentiment.

**Product Launch:** GeForce Now launched in the UK, boosting **bullish** sentiment.

**Insider Sell:** CFO Colette Kress sold 6,124 shares, signaling **bearish** sentiment.

**Ownership Changes:** Multiple firms increased holdings (Northwestern Mutual, State Street, Mitsubishi UFJ, Inc., Personal Capital Advisors, Dak), while others decreased (Blue Whale Capital, Benchmark Investment Advisors, Management, Teachers Retirement System, B. Riley Wealth Advisors), showing mixed **net neutral** sentiment.

**Stock Performance:** NVDA shares rose, hitting a new 52-week high of $422.76, indicating **bullish** momentum.

**Revenue Guidance:** NVDA provided positive current-quarter revenue guidance, reinforcing **bullish** sentiment."
2023-06-17,27,"**Analyst Upgrades & Price Target Increases:** Bullish. Morgan Stanley, Robert W. Baird, Deutsche Bank, Jefferies, Evercore ISI, Piper Sandler, Mizuho, BMO Capital Markets, Oppenheimer, and Bank of America all upgraded NVDA with increased price targets ranging from $390 to $500.

**Product Price Cut:** Bearish. Dell slashed the price of the RTX 3050, potentially signaling weaker demand.

**Institutional Ownership Changes:** Mixed. Proficio Capital Partners and GQG Partners significantly increased holdings, while TX and DE sold shares.

**Earnings Estimates:** Neutral. Analysts expect EPS of $6.29 for the current year.

**Net Tilt:** Bullish due to overwhelming analyst upgrades and increased price targets outweighing the bearish product price cut."
2023-06-18,14,"**Analyst Upgrades:** Truist Financial upgraded NVDA’s price target to $470.00, Stifel Nicolaus to $300.00, Citigroup to $420.00, and KeyCorp to $375.00 (all bullish).

**Insider Activity:** Director Tench Coxe sold 100,000 shares (bearish). 

**Institutional Ownership:** M&R Capital Management, Vanguard Group, MD, NY, and various management teams increased holdings (bullish). Capital Management Inc. trimmed holdings (bearish).

**Net Tilt:** Bullish due to multiple upgrades and increased institutional ownership, despite insider sell.

**Price Action:** NVDA opened at $426.92 (neutral)."
2023-06-19,25,"**Analyst Upgrades:** Multiple firms upgraded NVDA with increased price targets: JPMorgan, Barclays, Sanford C. Bernstein, UBS, Wells Fargo, and Morgan Stanley raised targets to $500-$475, indicating **bullish** sentiment.

**Insider Sales:** Directors and executives like John Dabiri, CFO Colette Kress, and Harvey C. Jones sold shares, signaling **bearish** sentiment.

**Ownership Changes:** Institutional investors showed mixed activity—State Street, Mirae Asset, and others increased holdings, while others reduced positions, leading to **net neutral** ownership trend.

**Dividends:** NVDA announced a quarterly dividend to be paid on June 30th, providing **bullish** support for income investors.

**Net Tilt:** Bullish due to strong analyst upgrades outweighing insider sales."
2023-06-20,18,"**Bullish Signals:**
- **Price Target Upgrades:** Jefferies upgraded from $300 to $472, Evercore ISI from $320 to $500, Tigress Financial from $250 to $320, CFRA from $415 to $480, and Jefferies again to $500.
- **Credit Rating Upgrade:** Moody’s upgraded NVIDIA’s senior unsecured rating to A1.
- **High Demand:** Increased demand for Nvidia AI chips.
- **Ownership Increases:** Adv, Mitsubishi UFJ Morgan Stanley, and Co. increased holdings.

**Bearish Signals:**
- **Insider Sell:** EVP Debora Shoquist sold 23,084 shares.
- **Ownership Decrease:** Trustee lowered stake by 3.5%.

**Net Tilt:** Bullish due to multiple price target upgrades and credit rating improvement outweighing insider sell and ownership decrease."
2023-06-21,24,"**Price Target Upgrades:** Deutsche Bank upgraded NVDA’s price target from $220 to $390, Needham from $300 to $460, Mizuho from $290 to $400, BMO Capital Markets from $350 to $450, Citigroup from $363 to $420, Oppenheimer from $350 to $420, Cowen from $240 to $260, and Jefferies from $472 to $500. **Bullish**.

**Stock Performance:** NVDA shares are up 195% and gained 10.12% recently. **Bullish**.

**Supply Increase:** NVDA is increasing production. **Bullish**.

**Insider Activity:** A board member sold $51 million in stock. **Bearish**.

**Ownership Changes:** Geode Capital Management and another firm increased holdings, while B. Riley Wealth Advisors and Sanders Morris Harris LLC reduced positions. **Mixed**.

**Analyst Ratings:** Zacks maintains a Strong Buy rating. **Bullish**.

**Earnings Estimate:** Analysts predict EPS of 6.29 for the current fiscal year. **Neutral**.

**Net Tilt:** Bullish with mixed signals on insider and ownership activity."
2023-06-22,16,"**Price Target Upgrades:** Barclays upgraded NVDA’s price target from $275 to $500; Truist Financial from $322 to $470; UBS from $315 to $475; Piper Sandler from $300 to $440; Stifel Nicolaus from $225 to $300 (Bullish).

**Insider Sales:** Directors Mark A. Stevens and Tench Coxe sold 40,000 and 100,000 shares respectively (Bearish).

**Ownership Changes:** Jennison Associates LLC, Proficio Capital Partners LLC, Bank, MD, and Personal Capital Advisors Corp increased stakes; WD Rutherford LLC decreased stake (Mixed, Net Tilt Bullish).

**Analyst Ratings:** Mizuho reiterates Buy (Bullish).

**Stock Price:** Opened at $430.45 (Neutral).

NET TILT: Bullish."
2023-06-23,26,"**Bullish Signals:**
- **Analyst Upgrades:** JPMorgan, Goldman Sachs, Sanford C. Bernstein, Evercore ISI, KeyCorp, Morgan Stanley, and Bank of America all upgraded NVDA’s price targets to $375-$500.
- **Earnings Beat:** Q1 earnings and sales exceeded estimates.
- **Collaboration:** Cepton expanded collaboration with NVIDIA.
- **Institutional Buying:** Vanguard, State Street, and several other firms increased holdings.

**Bearish Signals:**
- **Insider Sales:** CFO Colette Kress and Director John Dabiri sold shares.
- **Stock Performance:** NVDA down 1.96% on June 23rd.
- **Mixed Ownership Trends:** Some institutions like Gateway Investment Advisers reduced positions.

**Net Tilt:** Bullish due to strong analyst upgrades, earnings beat, and significant institutional buying outweighing insider sales and minor ownership reductions."
2023-06-24,13,"**Price Target Upgrades:** Deutsche Bank, Tigress Financial, Susquehanna, BMO Capital Markets, Cowen, and Citigroup all upgraded NVDA’s price targets to $390, $320, $450, $450, $300, and $420 respectively, indicating **bullish sentiment**.

**Analyst Actions:** Raymond James maintained a “strong-buy” rating with a $290 price target, neutralizing some bullishness.

**Ownership Changes:** Berkshire Bank and First National Bank of Mount Dora Trust Investment sold NVDA shares, while another firm bought 919 shares, showing mixed investor activity.

**Earnings Estimate:** Analysts expect EPS of 6.29 for the current fiscal year, signaling **bullish** expectations.

**Net Tilt:** Bullish, despite mixed ownership signals."
2023-06-25,19,"**Analyst Upgrades:** Needham, UBS, Mizuho, Stifel Nicolaus, Oppenheimer, and Jefferies all upgraded NVDA with higher price targets ($460-$500), indicating **bullish sentiment**.

**Insider Sales:** Directors Mark A. Stevens, Tench Coxe, and Dawn E. Hudson sold shares, signaling **bearish sentiment**.

**Institutional Ownership Changes:** Mitsubishi UFJ Morgan Stanley and Llc increased holdings, while Koshinski Asset Management and Exchange Traded Concepts LLC reduced positions, showing mixed signals but slightly **net bearish**.

**Price Action:** NVDA opened at $422.09, neutral.

**Net Tilt:** Mixed signals, but slightly **net bullish** due to multiple analyst upgrades outweighing insider sales."
2023-06-26,16,"**Bullish Signals:**
- Multiple analysts upgraded NVDA’s price targets: JPMorgan, Barclays, Sanford C., Piper Sandler, Truist Financial, and KeyCorp, with new targets ranging from $440 to $500.
- NVDA’s stock is up 188% YTD.

**Bearish Signals:**
- Insider sale: Director John Dabiri sold 383 shares.
- Two firms reduced their positions in NVDA: Co. and Romano Brothers AND Company.
- NVDA stock opened at $422.09, down slightly from previous sessions.

**Net Tilt:** Mixed, but slightly **Bullish** due to strong analyst upgrades and significant YTD gains outweighing insider sales and position reductions."
2023-06-27,27,"**Price Target Upgrades:** Wells Fargo upgraded NVDA’s price target from $320 to $450; Morgan Stanley raised it from $450 to $500 (Bullish).

**Stock Performance:** NVDA shares up 178% YTD but fell late in the day (Mixed).

**Executive Changes:** Ido Bukspan appointed as new CEO (Neutral).

**Product Launches:** NVDA and AMD launched new AI chips (Bullish).

**Partnerships:** NVDA partnered with Snowflake for custom AI models and ServiceNow (Bullish).

**Insider Activity:** Director Harvey C. Jones sold 119,795 shares (Bearish).

**Ownership Trends:** Multiple institutions increased stakes, while others decreased (Mixed).

**Net Tilt:** Bullish, driven by upgrades and partnerships, despite some bearish signals."
2023-06-28,32,"**Bullish Signals:**
- Multiple analysts upgraded price targets: UBS to $475, Needham to $460, Mizuho to $400, BMO to $450, Susquehanna to $450, Citigroup to $420, Bank of America to $500, Jefferies to $500.
- Institutional investors increased positions: Proficio Capital Partners LLC, GQG Partners LLC, Vanguard Group Inc., Geode Capital Management LLC.

**Bearish Signals:**
- NVIDIA slashed forecasts amid a two-year-long pandemic.
- Stock dropped significantly post-market: up to 4% premarket, 3.7% intraday, and 3.1% overall.
- Insider selling: EVP Debora Shoquist sold 23,084 shares.
- Some institutions reduced holdings: Buckley Wealth Management LLC, Ledge Wealth Management Inc., LP.

**Net Tilt:** Bearish due to significant price drops and negative earnings forecast adjustments, despite positive analyst upgrades."
2023-06-29,24,"**Bullish Signals:**
- **Price Target Upgrades:** JPMorgan, Deutsche Bank, Barclays, Evercore ISI, Sanford C. Bernstein, Oppenheimer, and KeyCorp all raised their price targets, with most setting new targets above $400.
- **Analyst Upgrades:** JPMorgan and Deutsche Bank upgraded NVDA to Outperform/Overweight.
- **Product Review:** Positive RTX 3060 review.
- **Oracle Investment:** Oracle invests billions in NVDA.

**Bearish Signals:**
- **Insider Sales:** Multiple insiders (John Dabiri, Mark A. Stevens, Colette Kress) sold shares.
- **Stock Price Drop:** NVDA shares traded down 3.5% since Monday, closing at $408.71.

**Net Tilt:** Bullish, despite insider sales and recent price drop, due to multiple strong analyst upgrades and price target increases."
2023-06-30,26,"**Bullish Signals:**
- **Analyst Upgrades:** Daiwa Securities, Wells Fargo, Stifel Nicolaus, and Capital upgraded NVDA to 'Outperform' with PTs raised to $450-$500.
- **Partnerships:** Snowflake and Runway secured investments from NVDA.
- **Institutional Buying:** Multiple firms increased stakes in NVDA, including Personal Capital Advisors, State Street, and Mitsubishi UFJ Morgan Stanley.

**Bearish Signals:**
- **Insider Selling:** Tench Coxe and another director sold shares.
- **Ownership Decreases:** Security National and Hamilton reduced stakes.
- **Stock Performance:** NVDA shares fell 0.7% to $408.22.

**Net Tilt:** Bullish, driven by strong analyst upgrades and institutional buying, despite insider selling and minor ownership decreases."
2023-07-01,16,"**Bullish Signals:**
- **Analyst Upgrades:** Daiwa Capital Markets upgraded NVDA to Outperform.
- **Price Target Increases:** BMO Capital Markets raised PT from $350 to $450; Citigroup from $363 to $420; Bank of America from $450 to $500; Piper Sandler from $440 to $450; Tigress Financial from $250 to $320.
- **Acquisition:** NVDA acquired an AI startup to shrink machine-learning models.
- **Increased Holdings:** Xponance Inc., MD, and Vanguard Group Inc. increased their holdings.

**Bearish Signals:**
- **Decreased Holdings:** GPS Wealth Strategies Group LLC and Advisors sold shares.

**Net Tilt:** Bullish due to multiple analyst upgrades and price target increases, along with strategic acquisitions and increased institutional holdings."
2023-07-02,8,"**Bullish Signals:**
- UBS upgraded NVDA’s price target from $315 to $475.
- Needham raised the price target from $300 to $460.
- Mizuho increased the target price from $290 to $400.
- Counsel raised holdings by 5.6% in Q1.
- Inc. boosted holdings by 605.7% in Q4.
- Trust increased stake by 20.7% in Q1.
- TAP Consulting purchased 873 shares.

**Bearish Signals:**
- First Hawaiian Bank sold 1,101 shares.

**Net Tilt:** Bullish due to multiple upgrades and significant increases in holdings outweighing the single sale."
2023-07-03,23,"**Bullish Signals:**
- **Analyst Upgrades:** Barclays upgraded price target from $275 to $500; Deutsche Bank from $220 to $390; Sanford C. Bernstein from $300 to $475; Goldman Sachs from $275 to $440; Evercore ISI from $320 to $500; Wells Fargo from $320 to $450; Susquehanna from $350 to $450; KeyCorp from $320 to $375; Morgan Stanley from $450 to $500.
- **Institutional Buying:** State Street Corp, Fcf Advisors LLC, and others increased holdings.
- **Stock Performance:** NVDA opened at $423.02.

**Bearish Signals:**
- **Insider Sale:** Mark A. Stevens sold 40,000 shares.
- **Institutional Selling:** Calton & Associates Inc sold shares.

**Net Tilt:** Bullish due to multiple analyst upgrades and institutional buying outweighing insider and institutional selling."
2023-07-04,19,"**Price Target Upgrades:** JPMorgan raised its target from $250 to $500, Stifel from $225 to $300, BMO Capital Markets from $350 to $450, Citigroup from $363 to $420, and Oppenheimer from $350 to $420. **Bullish**.

**Insider Sell:** Director Harvey C. Jones sold 119,795 shares. **Bearish**.

**Ownership Increases:** Multiple firms increased holdings, including Mitsubishi UFJ Morgan Stanley, Mirae Asset Global, Forum Financial, Jennison Associates, Proficio Capital Partners, and Ergoteles LLC. **Bullish**.

**Ownership Decrease:** A trust sold 105 shares. **Bearish**.

**Earnings Estimate:** Analysts predict EPS of 6.31 for FY. **Neutral**.

**Net Tilt:** Bullish due to multiple upgrades and increased ownership, offset slightly by insider sell and small ownership decrease."
2023-07-05,11,"**Price Target Upgrades:** Needham upgraded NVDA’s price target from $300 to $460; UBS from $315 to $475; Mizuho from $290 to $400; Cowen from $260 to $300 (Bullish).

**Product Release:** XPENG launched G6 SUV with Nvidia tech (Neutral).

**Insider Activity:** Director John Dabiri sold 283 shares (Bearish).

**Ownership Increases:** Management increased stake by 7.4%; MD by 9.7% (Bullish).

**Stock Performance:** NVDA gained 3.2% this week (Bullish).

**New Stake:** Blossom Wealth Management purchased 889 shares (Bullish).

**Demand:** Demand for Nvidia products remains high (Bullish).

**Net Tilt:** Bullish."
2023-07-06,14,"**Price Target Upgrades:** Deutsche Bank raised PT from $220 to $390; Barclays from $275 to $500; Bank of America from $450 to $500; KeyCorp from $320 to $375. **Bullish**.

**Earnings Beat:** Nvidia exceeded expectations. **Bullish**.

**Partnership:** Intel and Nvidia collaboration announced. **Neutral to Bullish**.

**Ownership Trends:** Multiple firms increased holdings (605.7%, 0.9%, 22.7%), while others decreased (Maryland State Retirement & Pension System sold 1,926 shares). **Mixed**.

**Net Tilt:** Strongly Bullish due to multiple upgrades and earnings beat outweighing ownership decreases."
2023-07-07,16,"**Bullish Signals:**
- **Price Target Upgrades:** JPMorgan raised PT to $500 from $250; Sanford C. Bernstein to $475 from $300; Wells Fargo to $450 from $320; Susquehanna to $450 from $350; Jefferies to $500 from $472; Tigress Financial to $560 from $320.
- **High Demand:** Increased demand for Nvidia’s AI chips.
- **Ownership Increases:** Group increased position by 1.5%, Personal Capital Advisors Corp by 29.9%.

**Bearish Signals:**
- **Ownership Decrease:** Ethos Financial Group LLC sold shares.

**Net Tilt:** Bullish due to multiple price target upgrades and high demand, despite one ownership decrease."
2023-07-08,16,"**Analyst Upgrades and Price Target Increases:** Bullish. Hsbc upgraded NVDA to Buy. Goldman Sachs, Evercore ISI, UBS, Needham, BMO Capital Markets, Stifel Nicolaus, Morgan Stanley, and Citigroup all raised price targets, with new ranges from $420-$500.

**Stock Performance:** Bullish. NVDA’s stock has surged nearly 40% recently.

**Ownership Changes:** Mixed. MD increased holdings by 9.7%, while MA trimmed its position. Partners initiated a new stake.

**Earnings Estimate:** Neutral. Analysts expect EPS of $6.31 for the current year.

**Net Tilt:** Bullish. Multiple upgrades and higher price targets indicate strong analyst confidence."
2023-07-09,12,"**Bullish Signals:**
- Barclays upgraded NVDA’s price target from $275 to $500.
- Tigress Financial raised the price target from $320 to $560.
- Mizuho increased the price target from $290 to $400.
- KeyCorp raised the price target from $320 to $375.
- Multiple institutions (Inc., Advisors, Mitsubishi UFJ Morgan Stanley Securities, Bank, LLC) increased their stakes in NVDA.

**Bearish Signals:**
- Wesbanco reduced its stake in NVDA.

**Net Tilt:** Bullish due to multiple upgrades and increased institutional ownership outweighing the single reduction."
2023-07-10,25,"**Bullish Signals:**
- **Analyst Upgrades:** JPMorgan, Deutsche Bank, Wells Fargo, Oppenheimer, Bank of America, Jefferies, and Goldman Sachs all upgraded NVDA’s price targets to $420-$500.
- **Product Launch:** Lenovo launched new Legion laptops powered by Nvidia.
- **Partnership Extension:** Lenovo’s partnership with Nvidia extended.
- **Stock Performance:** NVDA rallied in June.
- **Institutional Ownership Increase:** Personal Capital Advisors, Jennison Associates, and Llc increased their stakes in NVDA.

**Bearish Signals:**
- **Insider Sell:** Nvidia director John Dabiri sold 283 shares.
- **Institutional Ownership Decrease:** Chatham Capital Group, Retirement Planning Co of New England Inc., and Fifth Third Bancorp reduced their positions in NVDA.
- **Revenue Guidance:** No specific guidance provided beyond Q1 revenue of $7.2 billion.
- **Stock Dip:** NVDA stock dipped recently.

**Net Tilt:** Bullish, driven by multiple analyst upgrades and institutional buying, despite some insider selling and ownership reductions."
2023-07-11,25,"**Analyst Ratings & Price Targets:** Craig Hallum upgraded NVDA to Buy; Susquehanna raised PT to $450; Morgan Stanley raised PT to $500; KeyBanc raised PT to $550. **Direction:** Bullish. Evidence: Multiple upgrades and increased price targets.

**Ownership Changes:** Several firms increased holdings (Sinequa, Group, Network, Il), while others decreased (Strategic Wealth Partners, Natwest Group, Rockland Trust, Management, First Bancorp). **Direction:** Mixed. Evidence: Increased holdings suggest confidence, but decreases indicate some caution.

**Stock Performance:** NVDA stock up 190% YTD, expected to rally more than 30%. Recent dip of 0.8%. **Direction:** Net Bullish. Evidence: Strong YTD performance and positive outlook despite minor recent dip.

**Earnings & Revenue Guidance:** Analysts predict EPS of 6.31 for the current year; Q2 revenue forecast between $11-13 billion. **Direction:** Bullish. Evidence: Positive revenue guidance and strong EPS forecast."
2023-07-12,36,"**Bullish Signals:**
- **Price Target Upgrades:** Multiple firms raised targets, including Tigress Financial to $560, Sanford C. Bernstein to $475, Evercore ISI to $500, UBS to $475, Needham to $460, Mizuho to $400, Citigroup to $420, and Goldman Sachs to $495.
- **Earnings Estimate Upgrade:** KeyCorp lifted Q3 2024 earnings estimates.
- **Partnerships:** Recursion Pharmaceuticals formed a powerful partnership with NVIDIA.
- **Investments:** NVIDIA invested $50 million in Recursion to train AI models.
- **Ownership Increases:** Various entities increased positions in NVIDIA.

**Bearish Signals:**
- **Insider Sell:** Director Mark A. Stevens sold 40,000 shares.
- **Ownership Decrease:** An entity reduced its stake in NVIDIA.

**Net Tilt:** Bullish due to multiple price target upgrades and positive partnerships, despite some insider selling."
2023-07-13,19,"**Price Target Upgrades:** Deutsche Bank upgraded NVDA’s price target from $220 to $390; TD Cowen raised it from $260 to $300 (Bullish).

**Partnerships & Investments:** Cirrus Networks collaborates with Nvidia; Nvidia invests $50m in AI drug development (Bullish).

**Insider Activity:** CFO Colette Kress sold 6,124 shares (Bearish).

**Ownership Changes:** Multiple firms increased stakes (GQG Partners, Personal Capital Advisors, LLC); some reduced stakes (Trust, Bank Hapoalim BM, Geneos Wealth Management) (Mixed).

**Stock Performance:** NVDA stock up 3.5%, opening at $439.02 (Bullish).

**Net Tilt:** Bullish, with significant analyst upgrades and positive partnerships offsetting minor insider selling and mixed ownership trends."
2023-07-14,28,"**Bullish Signals:**
- **Price Target Upgrades:** JPMorgan, Barclays, Wells Fargo, Bank of America, Oppenheimer, Jefferies, Truist Securities all raised targets to $500-$545.
- **Earnings Estimate Boost:** Analysts increased EPS estimates.
- **Stock Performance:** NVDA stock soared 195% YTD, hit new highs, and rallied further.
- **Ownership Increases:** Geode Capital, Group, Mitsubishi UFJ Morgan Stanley, Jennison Associates increased stakes.

**Bearish Signals:**
- **Ownership Decreases:** Advisor Resource Council, First Merchants Corp, Tn, Hutchinson sold shares.

**Net Tilt:** Bullish due to multiple upgrades and strong performance outweighing ownership decreases."
2023-07-15,17,"**Bullish Signals:**
- **Price Target Upgrades:** Evercore ISI ($500→$320), Needham ($460→$300), UBS ($475→$315), Stifel Nicolaus ($300→$225), BMO Capital Markets ($450→$350), KeyCorp ($550→$500), Citi ($420→$363), Truist Financial ($545→NA).
- **New 52-Week High:** NVDA reached $449.93.
- **Increased Holdings:** Oh, James Investment Research Inc., Inc., and Bank all increased their stakes in NVDA.

**Bearish Signals:**
- **Decreased Holdings:** Iron Financial LLC sold 100 shares of NVDA.

**Net Tilt:** Bullish due to multiple price target upgrades and new 52-week high, despite one minor sell-off."
2023-07-16,16,"**Bullish Signals:**
- **Price Target Upgrades:** Tigress Financial upgraded NVDA’s price target from $320 to $560; Mizuho raised it from $290 to $400; Truist Financial increased it from $470 to $545; TD Cowen lifted it from $260 to $300.
- **Ownership Increases:** Multiple firms increased stakes in NVDA, including a 605.7% increase by Inc. in Q4 and a 56.2% increase by Adv in Q1.

**Bearish Signals:**
- **Ownership Decreases:** Jennison Associates LLC reduced its position by 2.8% in Q1; Adv sold 124 shares.

**Net Tilt:** Bullish due to multiple price target upgrades and significant ownership increases outweighing minor decreases."
2023-07-17,17,"**Bullish Signals:**
- Barclays upgraded NVDA’s price target from $275 to $500.
- Goldman Sachs raised the price target from $440 to $495.
- Citi increased the price target to $520.
- Piper Sandler lifted the target from $440 to $450.
- Personal Capital Advisors Corp increased stake by 29.9%.
- Management grew position by 2.8%.
- Mitsubishi UFJ Morgan Stanley Securities acquired new position.
- Breakwater Capital Group and IFG Advisory LLC purchased shares.

**Bearish Signals:**
- Nj sold 4,000 shares.
- Wright Investors Service Inc. reduced position.

**Neutral Signals:**
- Rosenblatt Securities reaffirmed “buy” with $320 target.
- Wright Investors Service Inc. holds $1.7M in NVDA.

**Net Tilt:** Bullish."
2023-07-18,25,"Bullish signals dominate: Deutsche Bank upgraded NVDA’s price target to $390, Sanford C. Bernstein to $475, BMO Capital Markets to $450, BofA to $550, Oppenheimer to $420, and Jefferies to $500. Nvidia's stock has risen 286% YTD. The company is considering an HK IPO and investing in AI cloud services. Multiple partnerships and investments were announced. Institutional investors like GQG Partners and Davenport & Co LLC increased stakes. Bearish signals include some institutions reducing holdings. Net tilt: Bullish."
2023-07-19,16,"**Bullish Signals:**
- **Analyst Upgrades:** Wolfe Research initiated coverage with an ""outperform"" rating.
- **Price Target Increases:** Tigress Financial raised PT from $320 to $560; Wells Fargo from $320 to $450; Stifel Nicolaus from $225 to $300; Bank of America and KeyCorp both from $500 to $550; Td Cowen from $260 to $300.
- **Ownership Increases:** Lp, Jennison Associates LLC, and another unnamed entity increased stakes in NVDA.
- **Stock Performance:** NVDA gained significantly, adding $192 billion in market cap.

**Bearish Signals:**
- **Ownership Decrease:** New York State Teachers Retirement System sold 76,238 shares.

**Net Tilt:** Bullish due to multiple analyst upgrades and price target increases outweighing the single ownership decrease.

**Upcoming Earnings:** NVDA will announce Q2 earnings on Aug. 23."
2023-07-20,21,"**Bullish Signals:**
- **Price Target Upgrades:** JPMorgan, Barclays, Mizuho, Susquehanna, and Truist all raised price targets, with Susquehanna raising to $575 from $450.
- **Earnings Guidance:** Earnings expected to more than double in FY24.
- **Ownership Increase:** AIA Group, Personal Capital Advisors, and two unnamed firms increased holdings.
  
**Bearish Signals:**
- **Revenue Decline:** Gaming revenue fell.
- **Stock Performance:** NVDA stock traded lower, down 0.6% to $467.94, and fell further by 2.69% on July 20th.
- **Ownership Decrease:** Millennium Group LLC sold shares and decreased position.

**Net Tilt:** Mixed signals suggest caution; earnings growth is strong but gaming revenue decline and recent stock performance are concerning."
2023-07-21,14,"**Price Target Upgrades:** Deutsche Bank upgraded NVDA’s price target from $220 to $390; Sanford C. Bernstein from $300 to $475; UBS from $315 to $475; BMO Capital Markets from $350 to $450; Citigroup from $420 to $520; Jefferies from $472 to $500 (all bullish).

**Product Release:** RTX 4060 launched in India (bullish).

**Ownership Changes:** Bank increased holdings by 1.2%, Mitsubishi UFJ Morgan Stanley Securities acquired new position (both bullish). Invst LLC and Handelsbanken Fonder trimmed stakes (both bearish).

**Earnings Estimate:** Analysts predict EPS of 6.43 for FY (neutral).

**Net Tilt:** Bullish due to multiple upgrades and product launch, offset slightly by ownership reductions."
2023-07-22,14,"**Bullish Signals:**
- **Price Target Upgrades:** Needham upgraded from $300 to $460; Wells Fargo from $320 to $450; Susquehanna from $450 to $575; Oppenheimer from $350 to $420; Bank of America from $500 to $550; Piper Sandler from $440 to $450.
- **Increased Ownership:** Geode Capital, MD, Jennison Associates, and an unnamed firm significantly increased holdings in NVDA.
- **New Stake:** Migdal Insurance & Financial Holdings purchased 6,852 shares.

**Net Tilt:** Strongly Bullish. Multiple analysts raised price targets, indicating positive sentiment, while significant institutional buying supports the stock."
2023-07-23,10,"**Analyst Upgrades:** JPMorgan raised price target from $250 to $500; Tigress Financial from $320 to $560; Stifel Nicolaus from $225 to $300; Susquehanna from $450 to $575; Barclays from $500 to $600. **Direction:** Bullish.

**Ownership Changes:** Corp increased position by 45%, LLC increased holdings by 15.8%, Alabama decreased position, First City Capital Management acquired shares. **Direction:** Mixed, slightly bullish.

**Net Tilt:** Bullish due to multiple strong analyst upgrades and significant ownership increases."
2023-07-24,17,"**Bullish Signals:**
- **Analyst Upgrades:** Evercore ISI raised target from $320 to $500; UBS from $315 to $475; Mizuho from $290 to $400 then to $530; Truist Financial from $470 to $545.
- **Product Launch:** Nvidia 4060 graphics card launched in India.
- **Board Appointment:** Melissa Lora named to Nvidia’s board.
- **Ownership Increase:** Personal Capital Advisors Corp increased holdings by 29.9%.

**Bearish Signals:**
- **Insider Sell:** Mark A. Stevens sold 78,602 shares.
- **Price Cut:** Nvidia GeForce RTX 4060 Ti 16 GB price dropped in Europe.
- **Ownership Decrease:** Parnassus Investments LLC cut position.

**Neutral Signals:**
- **EPS Estimate:** Analysts predict EPS of 6.43 for the current year.
- **Earnings Preview:** Nvidia included in Zacks Earnings Preview.
- **Stock Price:** Closed at $443.09.

**Net Tilt:** Bullish, with strong analyst upgrades and product launches offsetting insider sales and price cuts."
2023-07-25,13,"**Bullish Signals:**
- **Price Target Upgrades:** Sanford C. Bernstein raised target from $300 to $475; BMO Capital Markets from $350 to $450; Barclays from $500 to $600; KeyCorp from $500 to $550; Citigroup from $420 to $520; Jefferies from $472 to $500; Piper Sandler from $440 to $450.
- **Revenue Growth:** Nvidia’s AI revenues expected to skyrocket.
- **Ownership Increase:** A bank boosted its position in NVDA by 28.9%.

**Bearish Signals:**
- **Ownership Decrease:** An advisor sold 56 shares of NVDA.

**Net Tilt:** Bullish due to multiple price target upgrades and positive revenue outlook outweighing minor ownership decrease."
2023-07-26,3,"**Partnership:** Bullish. Servicenow, NVIDIA, and Accenture are teaming up, suggesting enhanced ecosystem and potential new business opportunities.

**Earnings Estimate:** Bullish. Nvidia's earnings could surge, indicating strong financial performance expectations.

**Analyst Ratings:** Neutral. Jefferies reiterates a bullish view but does not change the price target or rating, showing continued confidence without new upgrades. 

**Net Tilt:** Slightly Bullish."
2023-07-27,18,"**Price Target Upgrades:** JPMorgan, Deutsche Bank, Tigress Financial, Wells Fargo, Stifel Nicolaus, Mizuho, and Susquehanna all upgraded NVDA’s price targets, with new ranges from $300-$575, indicating **bullish** sentiment.

**Product Release:** Ibase unveiled an industrial AI computer featuring NVIDIA, signaling **bullish** demand.

**Partnerships:** Servicenow partnered with NVIDIA, highlighting **bullish** collaboration opportunities.

**Insider Sell:** Director Mark A. Stevens sold 78,602 shares, suggesting **bearish** insider activity.

**Ownership Increases:** Multiple firms increased their stakes in NVDA, indicating **bullish** institutional confidence.

**Net Tilt:** Bullish, despite insider sell."
2023-07-28,10,"**Bullish Signals:**
- Sanford C. Bernstein upgraded NVDA’s price target from $300.00 to $475.00.
- UBS upgraded NVDA’s price target from $315.00 to $475.00.
- Truist Financial increased NVDA’s price target from $470.00 to $545.00.
- Barclays lifted NVDA’s price target from $500.00 to $600.00.
- Oppenheimer boosted NVDA’s target price from $350.00 to $420.00.
- MA increased its position in NVDA by 5.4%.
- Bank grew its position in NVDA by 28.9%.
- Inc. invested $394,000 in NVDA.

**Bearish Signals:**
- Counselors sold 595 shares of NVDA.

**Net Tilt:** Bullish due to multiple upgrades and increased positions outweighing the single sale."
2023-07-29,6,"**Bullish Signals:**
- BMO Capital Markets upgraded NVDA’s target price from $350.00 to $450.00.
- KeyCorp raised their price objective from $500.00 to $550.00.
- The Goldman Sachs Group increased their price objective from $440.00 to $495.00.

**Bearish Signals:**
- LCNB Corp trimmed holdings in NVDA.
- Echiquier sold 84,840 shares of NVDA.

**Net Tilt:** Bullish, due to multiple upgrades outweighing ownership decreases."
2023-07-30,9,"**Analyst Upgrades:** Needham upgraded NVDA’s price target from $300 to $460; Piper Sandler raised it from $440 to $450. **Bullish**.

**Ownership Trends:** Multiple firms increased stakes (Md, Personal Capital Advisors, LLC): Md by 9.7%, Personal Capital Advisors by 29.9%, LLC by 10.3%. Some decreased (ASB Consultores, First National Bank of Omaha, Bahl & Gaynor Inc): ASB Consultores lessened, First National Bank of Omaha by 3.4%, Bahl & Gaynor Inc sold shares. **Mixed**.

**Earnings Estimate:** Analysts predict EPS of 6.43 for FY. **Neutral**."
2023-07-31,20,"**Bullish Signals:**
- **Revenue Growth:** Nvidia expected to post strong revenue growth.
- **Earnings Per Share (EPS):** EPS growth reported.
- **Price Target Upgrades:** JPMorgan upgraded PT from $250 to $500; Tigress Financial from $320 to $560; Susquehanna from $450 to $575; Mizuho from $400 to $530; Barclays from $500 to $600; Bank of America from $500 to $550.
- **Institutional Ownership Increase:** Geode Capital, Inc., and Arrow Financial increased positions.

**Bearish Signals:**
- **Market Share Decline:** Nvidia experiencing market share loss.
- **Institutional Ownership Decrease:** Agf Management, Aveo Capital Partners, and Adams Wealth Management reduced positions.

**Net Tilt:** Bullish, due to multiple price target upgrades and positive revenue/EPS outlook outweighing market share concerns and some institutional selling."
2023-08-01,16,"**Price Target Upgrades:** UBS raised PT from $315 to $475; BMO from $350 to $450; Goldman Sachs from $440 to $495; Oppenheimer from $350 to $420; Truist from $470 to $545; Jefferies from $472 to $500 (all bullish).

**Product Release:** Dell and Nvidia to unveil Gen AI solutions (bullish).

**Partnerships:** Multiple collaborations announced with Autodesk, Apple, Adobe, Pixar, and Hesai Technology (all bullish).

**Ownership Changes:** Ergoteles acquired a new stake; Cahaba Wealth Management reduced holdings (mixed, net slightly bearish).

**Stock Movement:** NVDA fell $3.73 to $463.56 (bearish)."
2023-08-02,16,"**Price Target Upgrades:** Deutsche Bank upgraded NVDA’s price target from $220 to $390; Needham raised it from $300 to $460; Stifel Nicolaus increased it from $225 to $300; Piper Sandler bumped it from $440 to $450. **Bullish**.

**Acquisitions and Partnerships:** Wafra Inc. bought NVDA shares; Hesai partnered with NVDA on AV system development. **Bullish**.

**Insider Activity:** Tench Coxe, a director, sold 100,000 shares. **Bearish**.

**Ownership Changes:** Multiple firms increased holdings (Wafra Inc., Group, Personal Capital Advisors, Bank, Trust, Llc) while Israel Discount Bank decreased holdings. **Net Bullish**.

**Earnings Call:** NVDA will discuss Q3 FY2024 financial results. **Neutral**."
2023-08-03,12,"**Price Target Upgrades:** Bullish. Analysts upgraded price targets: Tigress Financial to $560.00, Wells Fargo to $450.00, Susquehanna to $575.00, Mizuho to $530.00, Barclays to $600.00.

**Stock Performance:** Mixed. Nvidia’s stock gained 323% YTD but fell 4.8% today, opening at $442.69.

**Ownership Changes:** Neutral-Bullish. Morgan Stanley increased holdings by 20.2%, while Oakwell Private Wealth Management and Beacon Investment Advisory Services reduced stakes.

**Revenue Guidance:** Neutral. Nvidia predicted Q4 revenues of $11bn."
2023-08-04,13,"**Price Target Upgrade:** Bullish. Bank of America upgraded NVDA’s price target from $500.00 to $550.00.

**Executive Return:** Bullish. Jensen Huang returned as CEO.

**Partnerships:** Bullish. Apple, Autodesk, and NVIDIA formed a partnership; Apple is also partnering with Pixar and NVIDIA.

**Ownership Increases:** Bullish. Multiple firms increased holdings: MD by 9.7%, Inc. by 605.7%, and Jennison Associates LLC by 34.8%.

**Ownership Decreases:** Bearish. Services sold 493 shares, and Icici Prudential Asset Management Co Ltd sold 14,976 shares.

**Stock Performance:** Neutral. NVDA opened at $445.15 on Friday.

**New Stake Acquisitions:** Bullish. Canal Capital Management LLC acquired 944 shares, and another LLC purchased 652 shares.

**Net Tilt:** Bullish. Ownership increases and new stake acquisitions outweigh the decreases."
2023-08-05,7,"**Analyst Upgrades:** JPMorgan raised target from $250 to $500; Deutsche Bank from $220 to $390; UBS from $315 to $475; Citigroup from $420 to $520 (all bullish).

**Ownership Changes:** Co. increased holdings by 3.3% (bullish); Llp decreased stake (bearish); Llp holds $251.21M stake (neutral).

**Net Tilt:** Bullish due to multiple strong upgrades outweighing ownership decrease."
2023-08-06,9,"**Price Target Upgrades:** Evercore ISI raised price target from $320.00 to $500.00; BMO Capital Markets increased from $350.00 to $450.00; Morgan Stanley lifted from $450.00 to $500.00. **Bullish**.

**Insider Sell:** Mark A. Stevens sold 78,602 shares. **Bearish**.

**Partnership:** Dell Technologies & NVIDIA collaboration announced. **Bullish**.

**Ownership Changes:** Group and Llc increased stakes; Wilbanks Smith & Thomas cut stake. **Mixed**.

**New Stake:** Bank of Marin acquired 60 shares. **Bullish**."
2023-08-07,12,"**Bullish Signals:**
- **Price Target Upgrades:** Multiple firms upgraded NVDA’s price targets: Tigress Financial to $560.00, Mizuho to $530.00, KeyCorp to $550.00, Barclays to $600.00, and Goldman Sachs to $495.00.
- **Increased Ownership:** Greencape Capital Pty Ltd and Personal Capital Advisors Corp increased their holdings in NVDA.
- **New Stake:** DAGCO Inc purchased shares of NVDA.

**Bearish Signal:**
- **Stock Price Decline:** NVDA shed 4.4% this week.

**Net Tilt:** Bullish, with strong analyst upgrades and increased ownership outweighing the recent stock price decline."
2023-08-08,38,"**Price Target Upgrades:** Multiple firms upgraded NVDA’s price targets significantly: Sanford C. Bernstein to $475.00, Needham & Co. to $460.00, UBS to $475.00, Stifel Nicolaus to $300.00, Susquehanna to $575.00, and Bank of America to $550.00. **Bullish**.

**Product Releases:** NVDA unveiled multiple new AI chips and platforms, including the faster processor and the Grace Hopper platform. **Bullish**.

**Partnerships:** NVDA announced several strategic partnerships, including collaborations with Accenture, ServiceNow, Rackspace Technology, Denza, Hugging Face, and Microsoft. **Bullish**.

**Ownership Changes:** While some institutions increased holdings (Inc. by 605.7%), others decreased stakes (Bailard Inc.). **Mixed**.

**Stock Performance:** NVDA shares fell 1.8% and 2.1% in recent trading but opened at $454.17 on Tuesday. **Bearish**.

**Earnings:** NVDA will release Q2 earnings on August 23. **Neutral**."
2023-08-09,7,"**NVIDIA (NVDA) Daily Brief - 2023-08-09**

**Bullish Signals:**
- **Price Target Upgrade:** Stifel upgraded NVDA’s price target to $440.00 from $370.00.
- **Stock Surge:** NVDA’s stock has surged over 200%.
- **Product Launches:** Multiple reports confirm NVDA unveiled new AI and semiconductor chips.

**Bearish Signals:**
- None identified.

**Net Tilt:** Bullish

**Evidence Summary:**
- Analyst Ruben Roy from Stifel raised the price target, indicating positive sentiment.
- Stock performance shows significant gains, with the closing price at $446.58.
- Multiple product launches suggest continued innovation and growth potential."
2023-08-10,6,"**Earnings Guidance:** Bullish. Nvidia is expected to beat earnings estimates, with guidance above expectations.

**Stock Price:** Bearish. Nvidia’s stock dropped below a certain level, indicating market concerns.

**Product Release:** Bullish. Nvidia showcased new hardware and software, potentially driving future growth.

**Partnership:** Bullish. Nvidia partnered with Shutterstock to integrate generative AI, expanding its reach.

**Investment:** Neutral. Intel and Nvidia announced joint investment plans, but details unclear.

**Net Tilt:** Mixed signals; overall slightly bullish due to product and partnership developments, but cautious due to stock drop."
2023-08-11,15,"**Analyst Upgrades:** Bullish. Multiple firms upgraded NVDA’s price targets: Mizuho to $530.00, Barclays to $600.00, KeyCorp to $550.00, Stifel Nicolaus to $440.00, Citigroup to $520.00, Bank of America to $550.00, and Oppenheimer to $420.00.

**Ownership Changes:** Mixed. Llc and Inc. increased positions by 1.0% and 48.1%, respectively. Banco Bilbao Vizcaya Argentaria S.A. sold 21,114 shares. Stokes Family Office LLC and another Llc purchased additional shares.

**Stock Performance:** Bearish. NVDA opened at $423.88 on Friday, down from previous levels."
2023-08-12,5,"**Price Target Upgrades:** Evercore ISI upgraded NVDA’s price target from $320.00 to $500.00; Needham & Company LLC raised it from $300.00 to $460.00 (Bullish).

**Ownership Changes:** Personal Capital Advisors Corp increased holdings by 29.9% in Q4 (Bullish); another firm reduced its stake (Bearish).

**Stock Performance:** NVDA stock traded down 3.6% (Bearish).

**Net Tilt:** Mixed signals with upgrades and increased holdings offset by a recent stock decline and a reduction in stake by another firm."
2023-08-13,9,"Bullish signals dominate with multiple upgrades from analysts raising price targets significantly: JPMorgan raised from $250 to $500, Tigress Financial from $320 to $560, Sanford C. Bernstein from $300 to $475, BMO Capital Markets from $350 to $450, Jefferies from $472 to $500, Stifel Nicolaus to $440, and Piper Sandler from $440 to $450. Additionally, institutional investor Gam Holding AG increased its stake by 6.9%. However, 1ST Source Bank sold shares, indicating some bearish sentiment. Net tilt is bullish due to overwhelming analyst upgrades and increased institutional holdings."
2023-08-14,17,"**Earnings & Guidance:** Bullish. Nvidia beat EPS estimates and reported a Non-GAAP EPS of $2.07. The firm guided for 64% year-over-year revenue growth.

**Analyst Actions & Ownership:** Bullish. Morgan Stanley remains bullish with an overweight rating. Associated Banc Corp increased holdings by 195.6%.

**Stock Performance:** Bullish. Nvidia stock rallied over 5%, opening at $408.55 and jumping 7% on positive news.

**Conflicting Signals:** None identified. All signals lean bullish."
2023-08-15,24,"**Bullish Signals:**
- **Price Target Upgrades:** UBS raised PT to $540 from $475; Wells Fargo to $500 from $450; Barclays to $600 from $500; Baird to $570 from $475.
- **Revenue Surge:** Q2 revenue expected to surge 66% to $11.13B.
- **Earnings Beat:** EPS forecasted at $2.08.
- **Government Contract:** UAE buys thousands of Nvidia chips.
- **Product Launch:** New AI tool launched.
- **Stock Gains:** Shares climbed 7.1% to $437.53; up 1.5% and 24% in recent sessions; up 205% YTD.

**Bearish Signals:**
- **Stock Losses:** Shares down 6.4% since start of August; down 6% since early August.

**Net Tilt:** Bullish due to multiple price target upgrades, strong revenue and earnings forecasts, and significant product launches, despite recent minor losses."
2023-08-16,18,"**Bullish Signals:**
- **Analyst Upgrades:** Craig Hallum upgraded NVDA from Hold to Buy.
- **Price Target Increases:** Susquehanna raised PT to $575 from $450; Rosenblatt to $800 from $600; Piper Sandler to $500 from $450; Bank of America to $550 from $500; Citigroup to $520 from $420; Raymond James to $500 from $450.
- **Earnings Beat:** NVDA topped earnings and revenue estimates.
- **Partnerships:** Deloitte expanded strategic alliance with NVDA.

**Neutral Signals:**
- **Citi Reiterates Buy Rating:** No change in rating but maintains positive stance.

**Net Tilt:** Strongly Bullish."
2023-08-17,5,"**Bullish Signals:**
- **Price Target Upgrades:** UBS raised PT from $475 to $540; Oppenheimer increased PT from $420 to $500.
- **Increased Ownership:** Jennison Associates LLC increased holdings by 34.8%; GQG Partners LLC initiated a new stake.

**Neutral Signal:**
- **Revenue Guidance:** NVDA provided data center sales guidance for the next quarter.

**Net Tilt:** Bullish, driven by multiple upgrades and increased institutional ownership."
2023-08-18,13,"**Price Target Upgrades:** BMO Capital Markets raised price target from $350 to $450; Truist Financial increased from $470 to $545 (Bullish).

**Earnings Guidance:** Underwhelming guidance provided (Bearish).

**Insider Activity:** Director John Dabiri sold 383 shares (Bearish).

**Investor Sentiment:** Capital and Inc. increased holdings by 8.0% and 605.7%, respectively (Bullish).

**Analyst Ratings:** Wedbush reiterated ""Outperform"" (Bullish).

**Net Tilt:** Mixed signals with upgrades and positive investor sentiment offset by underwhelming guidance and insider sell. **NET TILT: SLIGHTLY BULLISH**."
2023-08-19,7,"**Bullish Signals:**
- **Price Target Upgrades:** Tigress Financial raised target from $320 to $560; Oppenheimer from $350 to $420; Wells Fargo from $450 to $500; UBS from unspecified to $540; Piper Sandler from unspecified to $500.
- **Ownership Increase:** Zurich increased holdings by 84,165.9% in Q2.
- **EPS Estimate:** Analysts predict FY EPS of 6.43.

**Net Tilt:** Bullish. Multiple upgrades and significant ownership increase indicate strong analyst confidence."
2023-08-20,10,"**Bullish Signals:**
- Needham upgraded NVDA’s price target from $300.00 to $460.00.
- Robert W. Baird raised their price objective from $475.00 to $570.00.
- Citigroup lifted their target price from $420.00 to $520.00.
- Stifel Nicolaus increased their price objective from $370.00 to $440.00.
- Nvidia and AMD are both rated as 'Strong Buys'.
- Analysts expect NVDA to post EPS of 6.47 for the current year.

**Bearish Signals:**
- C. decreased stake in NVDA.

**Neutral Signal:**
- Wedbush reaffirmed NVDA’s stock rating.

**Net Tilt:** Bullish."
2023-08-21,38,"**Bullish Signals:**
- **Price Target Upgrades:** Evercore ISI ($500→$500), Piper Sandler ($450→$500), KeyBanc ($550→$620), BMO Capital ($450→$550), HSBC ($480→$780), CFRA ($480→$500).
- **Earnings Beat Expectations:** Q2 estimates expected to be significantly beaten.
- **Stock Performance:** Shares up 210% YTD, 80% rally anticipated, 2.65% pre-market gain, 1.95% intra-day rise to $441.45, 2.5% post-news surge, 2% pre-market jump, 4.6% climb.
- **Analyst Ratings:** HSBC maintains ""Buy"" rating, Zacks raises Q4 EPS estimates.

**Bearish Signals:**
- **Stock Losses:** Shares down -7.4% recently, closed at $432.99 on Friday.

**Net Tilt:** Bullish. Despite recent losses, multiple upgrades and strong performance indicators suggest continued positive momentum."
2023-08-22,33,"**Net Tilt: Bullish**

**Analyst Actions & Price Targets:**
- **Bullish:** Tigress Financial upgraded price target from $320 to $560; BMO Capital Markets from $350 to $450; HSBC from $600 to $780; UBS from $475 to $540; Oppenheimer from $420 to $500; Raymond James from $450 to $500.
- **Bearish:** Revenue guidance below estimates.

**Revenue & Earnings:**
- **Bullish:** Q2 FY24 revenue expected to rise 65% YoY to $11.2 billion; earnings report scheduled for tomorrow.

**Product & Partnership Catalysts:**
- **Bullish:** New gaming hardware release in early 2024; partnerships with VMware, Microsoft, and others.

**Stock Performance:**
- **Bullish:** Shares rose 8.5%, gaining over the last 10 months.

**Conflicting Signals:**
- Revenue guidance below estimates vs. strong analyst upgrades and positive product/partnership news tilts net bullish."
2023-08-23,106,"**Earnings:** Bullish. NVDA Q2 non-GAAP EPS surged to $2.70 (vs. $0.51 YoY), beating estimates by $0.61. Net profit adjusted was $6.74B (vs. $1.29B YoY).

**Revenue:** Bullish. Q2 revenue hit $13.51B (+88% YoY), driven by a 171% jump in data center revenues. Guidance projects 170% growth in Q3, exceeding expectations.

**Analyst Actions:** Bullish. Multiple upgrades: Goldman Sachs to $495, Wells Fargo to $500, Barclays to $600, Bank of America to $550.

**Catalysts:** Bullish. Strong AI chip demand boosted sales. Capex dropped to $289M (vs. $432M YoY).

**Mixed Signals:** Gaming revenue fell 51% YoY, but overall revenue and earnings far exceeded expectations.

**Net Tilt:** Strongly Bullish."
2023-08-24,117,"**Analyst Actions & Price Targets:** Multiple firms upgraded NVDA to Buy/Outperform, with new price targets ranging from $560 to $700, indicating strong bullish sentiment.

**Revenue & Guidance:** NVDA reported Q2 revenue up 101.5% YOY and beat estimates. Guidance projects a 170% QoQ sales increase, though FY2024 sales forecast ($15.68B-$16.32B) is below consensus ($44.54B).

**Earnings:** NVDA’s Q2 earnings beat estimates by $0.62 EPS, signaling robust financial performance.

**Net Tilt:** Bullish, despite mixed guidance signals.

**Action:** BUY"
2023-08-25,37,"**Bullish Signals:**
- **Analyst Upgrades:** Stifel Nicolaus, BNP Paribas, Westpark Capital upgraded NVDA to Buy/Outperform.
- **Price Target Increases:** Sanford C. Bernstein ($475→$475→$540), HSBC ($600→$780), BMO ($450→$550), JPMorgan ($500→$600), Raymond James ($450→$500), KeyCorp ($550→$620), UBS ($475→$540), Citi ($520→$630), Jefferies ($500→$610), Wolfe Research ($630→$630), Susquehanna ($575→$600).
- **Revenue Growth:** Q2 revenues doubled, data center sales surged.
- **EPS Positive:** Reported $0.32 EPS.
- **Ownership Increase:** Multiple firms increased holdings.

**Bearish Signals:**
- **Insider Sales:** Director Mark Stevens sold 78,602 shares; Director John Dabiri sold 383 shares.
- **Stock Loss:** NVDA fell on Friday.

**Net Tilt:** Bullish due to multiple analyst upgrades and price target increases outweighing insider sales and minor stock loss."
2023-08-26,21,"**Bullish Signals:**
- **Analyst Upgrades:** Capital One upgrades NVDA to Buy.
- **Price Target Increases:** Multiple firms raise targets: Tigress Financial to $560, Truist Financial to $545, Wells Fargo to $600, Needham to $460, Deutsche Bank to $560, Goldman Sachs to $495, Piper Sandler to $500, Bank of America to $550, Barclays to $650, Evercore ISI to $600, Jefferies to $610.
- **Buybacks:** NVDA announces plans for stock buybacks.
- **Ownership Increases:** Zurich significantly increases holdings by 84,165.9%.

**Bearish Signals:**
- **Stock Performance:** NVDA opens down 2.4% at $460.18.

**Net Tilt:** Bullish, driven by strong analyst upgrades and buybacks, despite recent stock weakness."
2023-08-27,3,"**Analyst Actions:** Craig Hallum upgraded NVDA from Hold to Buy (Bullish). Wedbush increased the price target to $600 (Bullish).

**Price Movement:** NVDA shares fell 3.7% (Bearish).

**Net Tilt:** Mixed signals with analyst upgrades offset by share price decline."
2023-08-28,4,"**Phillip Capital upgrades NVDA to Buy from Accumulate, citing better-than-expected Q revenue.** Bullish. Evidence: Analyst upgrade, positive revenue surprise.

**Former Xpeng VP joins NVDA.** Bullish. Evidence: Executive appointment suggests strategic focus and growth initiatives.

NET TILT: BULLISH"
2023-08-29,18,"**Bullish Signals:**
- **Revenue Guidance:** NVDA expects Q2 revenue to rise 170% to $16B.
- **Price Target Upgrades:** Tigress Financial raised PT from $320 to $560; Td Cowen from $500 to $600; Evercore ISI to $600.
- **Product Launch:** Nvidia DGX Cloud AI supercomputing and software now available.
- **Partnerships:** Google Cloud expands partnership with NVDA.
- **Stock Performance:** NVDA stock has risen 12,601% in the last decade and hit a record high recently.

**Bearish Signals:**
- **Insider Sell:** Director Mark A. Stevens sold 78,602 shares.

**Net Tilt:** Bullish due to strong revenue guidance, multiple price target upgrades, product launches, and partnerships, despite an insider sale."
2023-08-30,26,"**Bullish Signals:**
- **Target Price Upgrades:** Needham ($460→$460), HSBC ($600→$780), Wolfe Research ($570→$630), Mizuho ($530→$590), Goldman Sachs ($440→$495), Susquehanna ($575→$600).
- **Revenue Guidance Positive:** Partner expects AI server sales to double.
- **Stock Performance:** Shares up 234% in 2023, rose 4.2% Tuesday, and 6.68% recently.
- **Partnerships:** Cloud and NVIDIA team up, Xpeng partnership.

**Bearish Signals:**
- **Regulatory Block:** Biden and White House block sale of Nvidia.
- **Automotive Revenue Decline:** Automotive revenue declines.
- **Trading Halt:** Stock pauses.
- **Insider Sell:** Nvidia CFO sells shares.
- **Product Discontinuation:** GeForce Now shutting down in Russia.
- **Ownership Changes:** LLC sold 19,000 shares, but another LLC increased holdings by 1.3%.

**Net Tilt:** Mixed signals with strong bullish analyst upgrades and positive stock performance offset by regulatory concerns and revenue declines."
2023-08-31,17,"**Revenue Growth:** Bullish. NVIDIA reported a 101.5% YoY increase in revenue.

**Price Target Upgrades:** Bullish. Multiple firms upgraded price targets: Baird to $750, Oppenheimer to $650, KeyCorp to $620, Wedbush to $600, Piper Sandler to $620, Truist to $668, Wells Fargo to $600, Barclays to $650, and UBS to $560.

**Acquisition and Ownership Increases:** Bullish. Carmignac Gestion acquired NVIDIA shares, and Wellington Management Group increased its stake by 27.8%.

**Insider Sales:** Bearish. Nvidia’s board member and CFO Colette Kress sold significant amounts of stock.

**Net Tilt:** Strongly Bullish due to overwhelming positive analyst upgrades and revenue growth, despite minor insider sales."
2023-09-01,14,"**Analyst Upgrades and Price Target Increases:** Bullish. Phillip Securities upgraded NVDA from ""accumulate"" to ""buy."" Td Cowen, Citigroup, Raymond James, and JPMorgan all raised their price targets to $600-$630.

**Embargo Threat:** Bearish. US officials may ban NVDA’s AI chips.

**Stock Performance:** Bearish. NVDA stocks fell.

**Partnerships and Deals:** Bullish. NVDA teams up with manufacturers and signs a new deal with Google. Samsung will supply HBM3 to NVDA.

**Insider Activity:** Bearish. Director Mark A. Stevens sold 21,500 shares.

**Ownership Increase:** Bullish. An investor increased holdings by 605.7%.

**Dividend Announcement:** Neutral. NVDA declared a quarterly dividend.

**Net Tilt:** Mixed signals; net slightly bullish due to multiple upgrades and partnerships."
2023-09-02,3,"**Bullish Signals:**
- **Price Target Upgrade:** BMO Capital Markets raised NVDA’s price target from $450.00 to $550.00.
- **Earnings Estimate:** Analysts predict EPS of 9.24 for the current fiscal year.

**Bearish Signals:**
- **Ownership Decrease:** Miramar Capital LLC sold shares of NVDA.

**Net Tilt:** Bullish, due to the significant price target increase outweighing the ownership decrease."
2023-09-03,4,"**Deutsche Bank upgraded NVDA’s price target from $440 to $560, while Evercore ISI raised it from unspecified to $600, both bullish.** LLC increased its stake by 1.3%, indicating continued institutional interest. **Analysts forecast EPS of 9.24 for the current year, neutral but supportive.** Net signal is **bullish** with strong price target upgrades and stake increase.

NET TILT: BULLISH"
2023-09-04,16,"**Analyst Upgrades and Price Target Increases:** Multiple analysts upgraded NVDA, with Phillip Securities raising the rating from ""accumulate"" to ""buy."" Sanford C. Bernstein, Craig Hallum, Oppenheimer, Robert W. Baird, Hsbc, Wedbush, Wells Fargo, Keycorp, Jefferies, Truist Financial, TD Cowen, and JPMorgan all increased price targets significantly, ranging from $475 to $780. **Bullish**.

**Insider Sale:** NVDA director Mark A. Stevens sold 21,500 shares. **Bearish**.

**Stock Performance:** NVDA stock fell $8.46 to $485.09. **Bearish**.

**Net Tilt:** Bullish due to overwhelming analyst upgrades and price target increases, despite insider sale and recent stock decline."
2023-09-05,17,"**Bullish Signals:**
- **Analyst Upgrades:** Stifel Nicolaus upgraded NVDA from ""hold"" to ""buy.""
- **Price Target Increases:** Multiple firms raised targets: Morgan Stanley ($630→$500), Piper Sandler ($620→$500), Bank of America ($650→$550), BMO Capital Markets ($550→$450), Wolfe Research ($630→$570), Raymond James ($600→$500), Citigroup ($630→$520), Barclays ($650→$600), UBS ($560→$540).
- **Product Launch:** Nvidia and Hexagon launched new technologies.
- **Institutional Buying:** Greenspring Advisors LLC, Argent Trust Co., and German American Bancorp Inc. purchased NVDA shares.

**Bearish Signals:**
- **Ownership Decrease:** Girard Partners LTD. reduced its stake in NVDA.

**Net Tilt:** Bullish due to multiple analyst upgrades and price target increases outweighing the single ownership decrease."
2023-09-06,1,"Nvidia (NVDA) stock is trading lower today. 

**Bearish Signals:**
- **Stock Performance:** NVDA is down 0.51% (bullish sentiment weakened).

No conflicting signals present. **Net Tilt:** Bearish."
2023-09-07,15,"**Bullish Signals:**
- **Price Target Upgrades:** Tigress Financial upgraded NVDA’s price target from $320 to $560; Evercore ISI upgraded from unspecified to $600.
- **Stock Performance:** NVDA is up 227% YTD.
- **Partnerships:** Asensus Surgical announced collaboration with NVIDIA.
- **Ownership Increases:** Multiple firms increased stakes in NVDA.

**Bearish Signals:**
- **Insider Sales:** NVDA CEO Huang sold 29,688 shares for $14M; CFO Colette Kress sold 4,980 shares.

**Net Tilt:** Bullish, due to strong price target upgrades and positive partnerships outweighing insider sales."
2023-09-08,25,"**Price Target Upgrades:** Craig Hallum raised target from $500 to $700; Deutsche Bank from $440 to $560; Truist Financial from $545 to $668; TD Cowen from $500 to $600 (Bullish).

**Partnerships:** Nvidia announced multiple partnerships with Indian firms like Reliance and Tata to develop AI infrastructure and applications (Bullish).

**Product Enhancements & Deals:** Nvidia enhancing AI capabilities in India and striking deals with Reliance (Bullish).

**Ownership Decrease:** Ark Investment sold 13.5K shares (Bearish).

**Stock Performance:** Shares opened at $462.41, down 1% (Bearish).

**Dividends & Revenues:** Nvidia disclosed a quarterly dividend and reported 2022-23 revenues (Neutral).

**Net Tilt:** Bullish due to strong analyst upgrades and strategic partnerships outweighing minor ownership decrease and slight stock dip."
2023-09-09,16,"**Analyst Upgrades:** Multiple analysts upgraded NVDA’s price targets, including Mizuho to $590, Wolfe Research to $630, Wedbush to $600, JPMorgan to $600, Bank of America to $650, Barclays to $650, and Susquehanna to $600 (all bullish).

**Partnerships:** NVDA announced collaborations with Reliance and Tata Group for technology development and app creation (bullish).

**Insider Activity:** CEO Jen-Hsun Huang sold 29,688 shares, and Liontrust Investment Partners sold 245,442 shares (bearish).

**Net Tilt:** Bullish due to strong analyst upgrades and strategic partnerships, offset slightly by insider sales."
2023-09-10,13,"**Analyst Upgrades and Price Target Increases:** Bullish. Phillip Securities upgraded NVDA to ""Buy"" (Aug 28). Needham raised PT to $460 (May 25). Robert W. Baird, Morgan Stanley, Citigroup, Piper Sandler, and Jefferies all increased PTs to $750, $630, $630, $620, and $610 respectively.

**Stock Performance:** Bearish. NVDA traded down $6.69 to $455.72 on Friday.

**Partnerships and Ownership:** Bullish. Nvidia partnered with Tata and Reliance to build AI supercomputers in India. GQG Partners and Ibex Wealth Advisors increased stakes in NVDA.

**Earnings Estimate:** Neutral. Analysts predict EPS of 9.24 for the current year."
2023-09-11,12,"**Bullish Signals:**
- **Price Target Upgrades:** TD Cowen upgraded from $500.00 to $600.00; Truist Financial from $545.00 to $668.00; UBS from $540.00 to $560.00.
- **Partnerships:** Formed AI alliance with Reliance, partnered with TSMC, signed agreement with Tata Communications.
- **Stock Performance:** NVDA stock up over 200% in 2023.
- **Ownership Increases:** Inc. increased holdings by 605.7%, Bank increased by 36.0%.

**Bearish Signals:**
- **Ownership Decrease:** TCW Group Inc. sold 28,266 shares.

**Net Tilt:** Bullish due to multiple upgrades and partnerships outweighing the single ownership decrease."
2023-09-12,7,"**Deutsche Bank upgraded NVDA’s target price from $440 to $560, bullish.** Huang sold 29,688 shares, bearish. JPMorgan Chase increased its stake and initiated a new position, bullish. Nvidia and Palantir agreed to a White House initiative, bullish. Nvidia enhanced Starfield performance, bullish. **Net tilt: Bullish.**"
2023-09-13,18,"**Bullish Signals:**
- **Analyst Upgrades:** Stifel Nicolaus upgraded NVDA from ""hold"" to ""buy.""
- **Price Target Increases:** Multiple firms raised targets: Tigress Financial to $560.00, Craig Hallum to $700.00, Oppenheimer to $650.00, Morgan Stanley to $630.00, Wells Fargo & Company to $600.00, Wedbush to $600.00, and Evercore ISI to $600.00.
- **Partnership:** Nvidia and VMware teamed up.

**Bearish Signals:**
- **Ownership Decreases:** Front Row Advisors LLC and Putnam Investments LLC reduced their holdings.

**Neutral Signals:**
- **Holding Increases:** Geode Capital Management LLC and Bank of New York Mellon Corp increased holdings.
- **Opening Price:** NVDA opened at $448.70 on Wednesday.
- **Analysts' EPS Estimate:** Predicted EPS for FY is 9.24.

**Net Tilt:** Bullish due to multiple upgrades and higher price targets outweighing ownership decreases."
2023-09-14,9,"**Price Target Upgrades:** TD Cowen raised PT from $500 to $600; KeyCorp from $550 to $620; Wolfe Research from $570 to $630; BMO Capital Markets from $450 to $550; Mizuho from $530 to $590. **Bullish**.

**Stock Performance:** Shares rose ahead of news. **Bullish**.

**Product Price Cut:** Nvidia reportedly lowering GPU prices. **Bearish**.

**Business Contracts:** Nvidia signed AI deals with Reliance. **Bullish**.

**Investment:** Nvidia and Capital One invested in Databricks. **Bullish**.

**Net Tilt:** Bullish, despite price cut concerns."
2023-09-15,11,"**Bullish Signals:**
- **Price Target Upgrades:** Hsbc ($780→$600), Jefferies ($610→$500), Truist ($668→$545), Barclays ($650→$600), Susquehanna ($600→$575).
- **Earnings Beat:** Nvidia reported earnings above expectations.
- **Revenue Guidance:** Projected Q3 revenue of $16 billion.
- **Stake Acquisition:** A corporation invested $406,000 in NVDA.

**Bearish Signals:**
- **Insider Sales:** Nvidia CEO and CFO sold shares recently.
- **Stock Dip:** NVDA’s share price dropped over 3% post-Q2 results.

**Net Tilt:** Mixed signals with slight bullish bias due to multiple upgrades and positive earnings, but caution needed due to insider sales and recent stock dip."
2023-09-16,21,"**Bullish Signals:**
- **Price Target Upgrades:** Needham & Company LLC ($460.00), Oppenheimer ($650.00), Deutsche Bank ($560.00), Bank of America ($650.00), Piper Sandler ($620.00), JPMorgan Chase & Co. ($600.00), Goldman Sachs ($495.00), Evercore ISI ($600.00), UBS Group ($560.00).
- **Product Launch:** Mavenir launched a 'Hyperconverged' Edge AI solution with NVIDIA.
- **Ownership Increases:** Multiple firms increased stakes or initiated positions in NVDA.

**Bearish Signals:**
- **Insider Sell:** CEO Jen-Hsun Huang sold 29,688 shares.
- **Ownership Decrease:** Shares sold by Neville Rodie & Shaw Inc.

**Net Tilt:** Bullish due to multiple price target upgrades and product launches outweighing insider selling and ownership decreases."
2023-09-17,1,"**Revenue & Volume:** Bullish. Nvidia sold 900 tons of H100, indicating strong demand and robust revenue potential.

**Net Tilt:** Bullish."
2023-09-18,3,"**Morgan Stanley Upgraded Price Target:** Bullish. Morgan Stanley raised their price target on NVDA from $500.00 to $630.00.

**Analyst EPS Estimate:** Neutral. Analysts predict NVDA will report EPS of 9.46 for the current fiscal year.

**Partnership Announcement:** Bullish. Anyscale teams with NVIDIA, though specific details are limited.

**Net Tilt:** Bullish. Despite neutral EPS estimate, the price target upgrade and partnership suggest positive momentum."
2023-09-19,6,"**Buy Rating Upgrade:** Bernstein upgraded NVDA to Buy, maintaining a positive outlook.

**Revenue Growth:** NVDA’s revenues are growing rapidly, indicating strong business momentum.

**Partnerships Expansion:** NVDA has partnered with leading companies, expanding its market reach.

**Strong Demand:** Colette Kress highlighted tremendous demand for NVDA’s Data Center AI platform.

**Net Tilt:** Bullish. Multiple positive signals from analyst upgrades, revenue growth, partnerships, and robust demand suggest continued strength."
2023-09-20,9,"**NVIDIA (NVDA) Daily Brief - 2023-09-20**

- **Revenue Growth**: Bullish. NVDA’s revenue grew significantly.
- **Stock Performance**: Bullish. Stock price surged 190%.
- **Partnerships**: Bullish. Multiple partnerships announced with Infosys, Reliance Industries, and Tata Group to develop AI solutions.

NET TILT: BULLISH."
2023-09-21,21,"**Bullish Signals:**
- **Analyst Upgrades:** Phillip Securities upgraded NVDA to ""Buy"" from ""Accumulate."" Hsbc, Jefferies, TD Cowen, Evercore ISI, and UBS all raised price targets to $780, $610, $600, $600, and $560 respectively.
- **Partnerships:** NVDA partnered with Mercedes-Benz and Infosys.
- **Ownership Increases:** Bank of New York Mellon and MD increased holdings.

**Bearish Signals:**
- **Insider Sales:** CFO Colette Kress and Director Mark A. Stevens sold shares.
- **Stock Performance:** NVDA closed down 2.9% at $410.17.

**Net Tilt:** Bullish due to multiple analyst upgrades and partnerships outweighing insider sales and recent stock decline."
2023-09-22,10,"**Earnings & Guidance:** Bullish. Nvidia Q2 earnings and revenues beat estimates, with Baird upgrading NVDA’s target price from $570.00 to $750.00.

**Partnerships & Developments:** Bullish. Cloudera collaborates with Nvidia to accelerate data analytics, while Infosys and Nvidia co-develop solutions.

**Ownership & Market Sentiment:** Mixed. LLC increased holdings by 16.6%, but NVDA stock is down 13% from recent highs, opening at $410.17.

**Net Tilt:** Bullish, driven by strong earnings and positive analyst action outweighing market pullback."
2023-09-24,34,"**Bullish Signals:**
- **Analyst Upgrades:** BNP Paribas upgraded NVDA from ""neutral"" to ""outperform.""
- **Price Target Increases:** Multiple firms raised targets, with key upgrades from BMO ($450→$550), Piper Sandler ($500→$620), and Truist ($545→$668).
- **Institutional Buying:** Personal Capital Advisors and Bank of New York Mellon increased holdings.
- **New Stake Acquisitions:** Several firms initiated or increased stakes.

**Bearish Signals:**
- **Insider Sale:** CEO Huang sold 29,688 shares.
- **Position Reductions:** Thompson Davis & CO. and Tilia Fiduciary Partners reduced positions.

**Net Tilt:** Bullish due to widespread analyst upgrades and price target increases, despite some insider and institutional selling."
2023-09-25,18,"**Bullish Signals:**
- **Price Target Upgrades:** Craig Hallum ($700→$500), Deutsche Bank ($560→$440), Robert W. Baird ($750→$570), Raymond James ($600→$500), Jefferies ($610→$500), Goldman Sachs ($495→$440), Evercore ISI ($600→$570).
- **Partnership:** Getty Images partnering with Nvidia.
- **Ownership Increase:** Llc boosted position by 1.3%.
- **Stake Acquisitions:** Green Square Capital Advisors LLC and Summit Financial Group Inc. acquired shares.

**Bearish Signals:**
- **Insider Sales:** CFO Colette Kress sold 4,980 shares; CEO Jen Hsun Huang sold 29,688 shares.
- **Ownership Decrease:** Bank sold 100 shares.

**Neutral Signals:**
- **Analyst Rating:** UBS maintains Buy rating.
- **Dividend Announcement:** Quarterly dividend declared, payable on Sep 28.
- **Stock Price Movement:** NVDA shares rose 0.8% in late morning.

**Net Tilt:** Bullish due to multiple price target upgrades and stake acquisitions outweighing insider sales."
2023-09-26,8,"**Nvidia (NVDA) Daily Brief for 2023-09-26**

**Bullish Signals:**
- Stock up 196% in 6 months.
- CEO Jensen Huang returns.
- Getty and Nvidia partner to launch new product.
- Gqg Partners, MD, and Geode Capital increase holdings.

**Bearish Signals:**
- Chatham Capital trims stake.

**Net Tilt:** Bullish due to strong stock performance, executive return, partnerships, and increased institutional holdings outweighing one reduction in stake."
2023-09-27,6,"**Product Launches (Bullish):** Nvidia and VMware launched new AI and cloud solutions, signaling expanded market reach. Additionally, Nvidia is set to release a new Shield device, indicating continued innovation and product diversification.

**Partnerships (Bullish):** NTT DOCOMO and Nvidia have partnered to launch new offerings, enhancing global presence. A collaboration with NVIDIA is underway, further boosting strategic alliances.

**Product Development (Neutral):** Reports confirm Nvidia is developing a new NVIDIA Shield, suggesting ongoing investment in consumer electronics.

**Net Tilt:** Bullish. Multiple product launches and partnerships indicate growth opportunities."
2023-09-28,12,"**Revenue Guidance:** Bullish. Nvidia expects Q3 revenue of $16B, indicating strong growth momentum.

**Stock Performance:** Bullish. Shares up 190% YTD and 1.4% on the day to $430.65.

**Regulatory Risks:** Bearish. Offices raided in France and U.S. over anti-competitive practices and cloud operations.

**Net Tilt:** Mixed. Strong revenue guidance and stock performance vs. regulatory risks create conflicting signals."
2023-09-29,4,"**Earnings & Guidance:** Nvidia reported growing net profit, indicating strong financial health (bullish). However, the exact revenue figure and guidance were not specified, leaving some uncertainty (neutral).

**Antitrust Investigation:** Nvidia faces a French antitrust probe, which could lead to potential fines or legal costs (bearish).

**Stock Performance:** Nvidia’s stock closed above $442, suggesting positive market sentiment (bullish).

**Net Tilt:** Signals are mixed with one bullish (stock performance), one bearish (antitrust investigation), and one neutral (earnings/guidance). **NET TILT: NEUTRAL.**"
2023-09-30,3,"**Partnership:** Bullish. Cloud and NVIDIA announced a collaboration aimed at improving services, though specific details are not provided.

**Regulatory Investigation:** Bearish. French authorities are investigating Nvidia for anticompetitive practices in AI chip markets. This could lead to potential fines or legal actions, negatively impacting NVDA’s reputation and financials.

**Net Tilt:** Bearish due to regulatory risks outweighing partnership benefits."
2023-10-01,42,"**Bullish Signals:**
- **Analyst Upgrades:** Phillip Securities upgraded NVDA to ""buy"" from ""accumulate.""
- **Price Target Increases:** Multiple firms raised targets, with Hsbc to $780, Robert W. Baird to $750, and others between $560-$650.
- **Partnership:** NTT DOCOMO and NVIDIA launched a new partnership.

**Bearish Signals:**
- **Insider Sales:** CEO Jen-Hsun Huang and Director Mark A. Stevens sold shares.
- **Mixed Ownership Changes:** Some institutions increased holdings while others reduced positions.

**Net Tilt:** Bullish due to overwhelming analyst upgrades and higher price targets outweighing insider sales and mixed ownership trends."
2023-10-02,23,"**Bullish Signals:**
- **Analyst Upgrades:** Goldman Sachs upgraded NVDA to Conviction Buy.
- **Price Target Increases:** Tigress Financial raised PT from $320 to $560; Craig Hallum from $500 to $700; Morgan Stanley from $500 to $630; Truist Financial from $545 to $668; Susquehanna from $575 to $600.
- **Stock Performance:** NVDA’s stock price has surged over 11,000%.
- **Institutional Ownership:** Multiple firms increased holdings (Co, Personal Capital Advisors, Stratos Wealth Partners, Bank, Ergoteles LLC).

**Bearish Signals:**
- **Regulatory Concerns:** French authorities raided NVDA offices; EU Commission launched preliminary probe.
- **Legal Issues:** Facing securities fraud claims.

**Net Tilt:** Bullish, with strong analyst upgrades and price target hikes offsetting regulatory and legal concerns."
2023-10-03,8,"**Nvidia (NVDA) Daily Brief for 2023-10-03**

- **Price Target Upgrade**: KeyBanc raised NVDA’s price target to $750 from an unspecified previous level.
- **Analyst Upgrade**: Goldman Sachs upgraded NVDA, though no specific new rating was provided.
- **Stock Performance**: NVDA closed up 3% at $447.82, with intra-day gains reaching 2.9%.
- **Partnership**: Entered collaboration with NVIDIA for clinical development.
- **Ownership Increase**: An unnamed entity increased its NVDA holdings by 605.7% in Q4.
- **Revenue Guidance**: NVDA provided guidance on revenues for H2 2023 without specifics.

**Net Tilt:** Bullish

Signals are predominantly positive, with upgrades, higher price targets, and significant stock gains."
2023-10-04,15,"**Price Target Upgrades:** Multiple analysts upgraded NVDA’s price targets: Oppenheimer to $650.00, Deutsche Bank to $560.00, Jefferies to $610.00, Td Cowen to $600.00, Barclays to $650.00, and KeyCorp to $750.00. **Bullish**.

**Product Release:** NVDA will introduce new GeForce RTX 3050 6 GB GPUs in 2024. **Neutral** (existing model released Jan 2022).

**Ownership Changes:** GQG Partners and another firm significantly increased holdings, while First County Bank sold shares. **Mixed** (net slightly bullish).

**Stake Acquisitions:** Pennsylvania Capital Management, Matrix Asset Advisors, and another LP bought NVDA shares. **Bullish**.

**Net Tilt:** **Bullish**."
2023-10-05,17,"**Revenue Growth:** Bullish; NVIDIA reported a 101% YoY revenue increase.

**Analyst Upgrades:** Bullish; Piper Sandler raised PT to $620, Evercore ISI to $600, and KeyCorp upgraded Q3 EPS estimates.

**Insider Sales:** Bearish; CEO Jen-Hsun Huang and Director Mark Stevens sold shares.

**Partnerships & Ownership Increases:** Bullish; Gen2 tech partnership and multiple firms increased holdings.

**Price Targets & Ratings:** Neutral-Bullish; Goldman Sachs maintained ""buy"" with $605 PT, Rosenblatt reissued ""buy.""

**Stock Performance:** Mixed; shares gained but dropped 12% in September.

**Earnings Guidance:** Neutral; forecasted Q3 EPS of $3.24.

**Net Tilt:** Bullish, with strong analyst upgrades and revenue growth offsetting insider sales."
2023-10-06,4,"**Nvidia (NVDA) Daily Brief for 2023-10-06**

- **Stock Rebound**: NVDA stock gained 0.47%, opening at $446.88.
- **Institutional Ownership Increase**: Zurich increased its stake by 84,165.9% in Q2, indicating strong institutional interest.
- **Buy Signal**: Morgan Stanley initiated buying NVDA shares, signaling bullish sentiment.

**Net Tilt:** Bullish  
Evidence points towards increasing institutional support and positive price movement."
2023-10-07,23,"**Bullish Signals:**
- **Price Target Upgrades:** Multiple firms upgraded NVDA’s price targets significantly: Morgan Stanley ($500 → $630), HSBC ($600 → $780), Mizuho ($530 → $590), Bank of America ($550 → $650), Raymond James ($500 → $600), Truist Financial ($545 → $668), BMO Capital Markets ($450 → $550), Wedbush ($490 → $600), Citi ($520 → $630), Wolfe Research ($570 → $630), Wells Fargo ($500 → $600), and UBS ($540 → $560).
- **Ownership Increases:** GQG Partners, Inc., and Morgan Stanley increased their stakes in NVDA.

**Bearish Signals:**
- **Ownership Decreases:** Partners, Jarislowsky Fraser Ltd, and ADV reduced their positions in NVDA.

**Net Tilt:** Bullish due to overwhelming upgrades and increased ownership outweighing decreases."
2023-10-08,14,"**Analyst Upgrades:** Multiple firms upgraded NVDA with increased price targets: Tigress Financial to $560, Craig Hallum to $700, Robert W. Baird to $750, Oppenheimer to $650, KeyCorp to $750, JPMorgan to $600, Evercore ISI to $600, and Susquehanna to $600. **Bullish**.

**Insider Activity:** CFO Colette Kress sold 4,980 shares. **Bearish**.

**Institutional Ownership:** Several institutions increased their positions in NVDA, including a 55.2% raise by one group and a 29.9% increase by Personal Capital Advisors Corp. Conversely, Davenport & Co LLC reduced its stake by selling 1,474 shares. **Mixed**, but slightly **Bullish** overall due to larger increases."
2023-10-09,15,"**Price Target Upgrades:** Deutsche Bank, Jefferies, Piper Sandler, Td Cowen, and Barclays all upgraded NVDA’s price targets to $560, $610, $620, $600, and $650 respectively (Bullish).

**Insider Sell:** CEO Jen Hsun Huang sold 29,688 shares (Bearish).

**Partnership:** Dell Technologies partners with NVIDIA (Bullish).

**Ownership Changes:** Zurich, MD, Geode Capital, and Inc. increased holdings significantly, while Tower Bridge Advisors and management reduced positions (Mixed, Net Bullish).

**Stock Performance:** NVDA fell 2.01% to $448.41 but opened at $457.62 (Bearish)."
2023-10-10,7,"**Analyst Upgrades & Price Target Increases:** Phillip Securities upgraded NVDA to ""Buy"" from ""Accumulate,"" while Mizuho raised the price target from $530 to $590. UBS also upped their target from $540 to $560. **Bullish**.

**Ownership Decrease:** SkyOak Wealth LLC sold NVDA shares. **Bearish**.

**Current EPS Estimate:** Analysts predict FY EPS of 9.54. **Neutral**.

**Stock Performance:** NVDA opened at $452.73. **Bearish**.

**Net Tilt:** Mixed signals with strong analyst upgrades offset by ownership decrease and stock performance. **Net Neutral to Slightly Bullish**."
2023-10-11,16,"**Bullish Signals:**
- **Price Target Upgrades:** Craig Hallum ($500 → $700), Robert W. Baird ($570 → $750), Morgan Stanley ($500 → $630), Wells Fargo ($500 → $600), Keycorp ($670 → $750).
- **Revenue Growth:** Annual gaming revenue increased.
- **Stock Gain Prediction:** Nvidia stock can gain 50% to $700.
- **Ownership Increase:** Bank of New York Mellon Corp. increased stake by 1.5% in Q1 and 5.0% in Q2.

**Bearish Signals:**
- **Ownership Decrease:** A company cut its stake in NVDA.

**Neutral Signals:**
- **Earnings Estimate:** Potential earnings jump mentioned but no specific figures.
- **Investment Details:** Various investment activities without significant impact.

**Net Tilt:** Bullish due to multiple price target upgrades and revenue growth outweighing the single ownership decrease."
2023-10-12,20,"**Bullish Signals:**
- **Analyst Upgrades:** Multiple firms upgraded NVDA’s price targets significantly: Tigress Financial ($320 → $560), Oppenheimer ($500 → $650), Wolfe Research ($570 → $630), Jefferies ($500 → $610), Bank of America ($550 → $650), Citigroup ($520 → $630), Barclays ($600 → $650), Evercore ISI ($600).
- **Stock Performance:** NVDA is up 226%.
- **Institutional Buying:** GQG Partners, Advisors, Inc., and LLC increased their positions.

**Bearish Signals:**
- **Insider Sale:** CEO Jen-Hsun Huang sold 29,688 shares.
- **Ownership Reduction:** Addenda Capital reduced holdings.
- **Negative Event:** Nvidia employee kidnapped in Israel.

**Net Tilt:** Bullish, with strong analyst upgrades and institutional buying outweighing insider sales and negative events."
2023-10-13,21,"**Bullish Signals:**
- **Price Target Upgrades:** Deutsche Bank raised target from $440 to $560; HSBC from $600 to $780; JPMorgan from $500 to $600; Mizuho from $530 to $590; TD Cowen from unspecified to $700.
- **Partnerships:** NTT DATA collaborates with NVIDIA and FANUC.
- **Price Increase:** GeForce Now pricing raised.
- **Ownership Increases:** Zurich, Geode Capital Management, and others increased holdings.
- **Stock Outlook:** Analysts predict potential 20% rally.

**Bearish Signals:**
- **Product Outage:** GeForce Now shutdown in Russia.
- **Ownership Decreases:** Hills Bank & Trust Co., Inc., Mainstreet Investment Advisors, and others reduced positions.

**Neutral Signals:**
- **Earnings Estimate:** Analysts expect EPS of $9.54 for FY.
- **Opening Price:** NVDA opened at $469.45.

**Net Tilt:** Bullish, driven by multiple upgrades and partnerships, despite some ownership reductions."
2023-10-14,8,"**Bullish Signals:**
- **Price Target Upgrades:** Robert W. Baird raised price target from $570.00 to $750.00; KeyCorp from $670.00 to $750.00; Susquehanna from $575.00 to $600.00.
- **Ownership Increase:** C. increased position by 5.7%.

**Bearish Signals:**
- **Ownership Decrease:** Diligent Investors LLC, Wealth Management Partners LLC, and Benin sold shares.

**Net Tilt:** Bullish due to multiple price target upgrades outweighing ownership decreases."
2023-10-15,10,"**Analyst Actions:** Bullish. Phillip Securities upgraded NVDA from Accumulate to Buy. Raymond James and Wells Fargo both increased their price targets to $600.

**Ownership Changes:** Mixed. Positive signals include Bank, BNY Mellon, and City Holding increasing positions, while negative signals come from Iron Financial selling shares.

**Stake Movements:** Neutral. Osher Van de Voorde Investment Management purchased shares, but Rosenblatt Securities maintained a Buy rating without changing stance.

**Net Tilt:** Bullish. Analyst upgrades and higher price targets outweigh minor ownership decreases."
2023-10-16,20,"**Bullish Signals:**
- **Price Target Upgrades:** Tigress Financial raised PT from $320 to $560; Oppenheimer from $500 to $650; Piper Sandler from $500 to $620; Citigroup from $520 to $630; Jefferies from $500 to $610; Evercore ISI to $600.
- **Institutional Buys:** Advisors LLC, GQG Partners LLC, Source Financial Advisors LLC, and others increased holdings.
- **Analyst Actions:** Multiple firms upgraded price targets.

**Bearish Signals:**
- **CEO Insider Sell:** Jen-Hsun Huang sold 29,688 shares.
- **Share Sales:** State of Alaska reduced holdings.
- **Stock Price Drop:** NVDA down 1.2% in premarket trading.

**Net Tilt:** Bullish due to multiple price target upgrades and institutional buying outweighing the negative impact of insider sales and minor stock price drop."
2023-10-17,9,"**Bullish Signals:**
- Foxconn’s collaboration with Nvidia (ESS 0.49).
- Price increase for GeForce Now game streaming services in Canada and Europe (ESS 0.46).

**Bearish Signals:**
- Nvidia stock tumbled due to new U.S. restrictions (ESS -0.51).
- Stock down nearly 4% in morning trading and fell up to 8% (ESS -0.4 to -0.14).

**Net Tilt:** Bearish due to significant stock losses outweighing positive partnership and pricing news."
2023-10-18,30,"**Revenue Guidance:** Bullish; Nvidia aims to increase GPU sales.

**Earnings:** Bullish; Nvidia expects to double profit.

**Price Targets:** Bearish; Citi lowers PT to $575, Morgan Stanley to $600 from $630.

**Partnerships:** Bullish; Nvidia partners with Foxconn for EV and AI collaboration.

**Stock Performance:** Bearish; shares dip 4.7-8%.

**Analyst Actions:** Mixed; Morgan Stanley maintains overweight, lowers PT; Citi maintains buy, lowers PT. Net tilt: Bearish.

**Product Development:** Bullish; Nvidia expands robotics platform, accelerates EV development."
2023-10-19,15,"**Earnings & Revenue:** Bullish on revenue (+65% YOY), bearish on EPS (downgraded). **Analyst Actions:** Bearish with EPS downgrade and price target reduction by Morgan Stanley. **Product & Partnership:** Bullish with new GPU systems launch and multi-partner collaboration. **Facility & Enhancement:** Bullish on AI factory construction and self-driving tech advancement. **Ownership:** Bullish as a major investor increased holdings. **Net Tilt:** Mixed signals but slightly bearish due to EPS and price target downgrades."
2023-10-20,14,"**Earnings & Revenue:** Bullish. Nvidia forecasts EPS growth of 161% and reports a 101% Q2 FY24 revenue increase.

**Price Target Adjustments:** Mixed. KeyBanc downgrades PT to $650 from $750; Raymond James upgrades to $600 from $500; Bank of America upgrades to $650 from $550.

**Analyst Opinions & Ownership:** Bullish. Nvidia stock seen rising 46% in one year; institutional ownership increases; Aspire Capital purchases shares.

**Product Development:** Neutral. Nvidia developing AI system for programming robots.

**Net Tilt:** Bullish."
2023-10-21,1,"Nvidia unveiled a new AI agent today, a bullish signal indicating continued innovation and potential growth in AI applications. This product release could drive increased demand for Nvidia’s AI solutions and boost future revenues. 

Net Tilt: Bullish"
2023-10-22,24,"**Bullish Signals:**
- **Analyst Upgrades:** Oppenheimer, Truist Financial, Mizuho, Evercore ISI, Susquehanna, and UBS all upgraded NVDA with higher price targets ($650, $668, $590, $600, $600, $560 respectively).
- **Partnership:** Foxconn is teaming up with Nvidia.
- **Ownership Increases:** Multiple firms increased holdings (GQG Partners, Zurich, Geode Capital, BNY Mellon, LLC, Bank OZK).

**Bearish Signals:**
- **Downgrade:** Morgan Stanley downgraded NVDA’s price target from $630 to $600.
- **Ownership Decreases:** Some investors trimmed positions (Moreno Evelyn V, T. Rowe Price).

**Net Tilt:** Bullish due to multiple upgrades and partnership outweighing the single downgrade and minor ownership decreases."
2023-10-23,19,"**Bullish Signals:**
- **Price Target Upgrades:** Hsbc raised target from $600 to $780; Robert W. Baird from $570 to $750; Raymond James from $500 to $600; JPMorgan Chase from $500 to $600; Wolfe Research from $570 to $630; Susquehanna from $575 to $600.
- **Stock Performance:** NVDA shares traded higher.
- **Product Expansion:** Nvidia expands robotics platform.
- **Ownership Increase:** Ltd. acquired a new stake in NVDA.

**Bearish Signals:**
- **Ownership Decrease:** GAM Holding AG sold shares; Hutchinson sold 516 shares.

**Neutral Signals:**
- **Earnings Estimate:** Analysts expect EPS of 9.54 for the current year; Q3 results on Nov 2nd.

**Net Tilt:** Bullish due to multiple upgrades and stock performance outweighing ownership decreases."
2023-10-24,13,"**Revenue Surge:** Bullish. Data center revenue soared 171%, indicating strong demand.

**Product Launches:** Bullish. Nvidia plans to launch ARM-based processors for Windows PCs, potentially as early as 2025, expanding into new markets.

**Partnerships:** Bullish. Nvidia and Lenovo expanded their generative AI services partnership, enhancing market reach.

**Stock Performance:** Mixed. Nvidia’s stock initially lost 17% but later gained nearly 4%, ending with a 1.5% rise.

**Export Changes:** Bullish. Nvidia reported that the U.S. sped up export approvals, easing supply constraints."
2023-10-25,5,"**NVIDIA (NVDA) Daily Brief - 2023-10-25**

- **Stock Performance:** Stock dropped sharply (bearish).
- **Partnerships:** Cisco and Lenovo partnerships announced (bullish).
- **Earnings:** Earnings presentation scheduled (neutral).

**Net Tilt:** Mixed, but slightly bullish due to strategic partnerships despite stock drop."
2023-10-26,4,"**Partnerships:** Bullish. Aetina, Lenovo, and Cisco have partnered with Nvidia, indicating strong industry support and potential for expanded market reach.

**Stock Performance:** Bearish. Nvidia shares plunged, reflecting broader market sentiment as mentioned in the headline about Arista Networks and The Trade Desk also declining.

**Net Tilt:** Mixed signals with partnerships being bullish and stock performance bearish."
2023-10-27,2,"**Partnership:** Bullish. Cisco teams up with Nvidia to unveil next-gen Webex, indicating enhanced collaboration and potential growth in enterprise solutions.

**Stock Movement:** Bullish. Nvidia Corp stock gains +1.16%, suggesting positive market sentiment.

**Net Tilt:** Bullish. Both partnership news and stock movement indicate positive momentum."
2023-10-29,20,"**Analyst Actions:** Bullish with mixed signals. Craig Hallum upgraded NVDA to $700.00, while KeyCorp downgraded to $650.00. Truist Financial, Wedbush, and Wolfe Research also upgraded NVDA to $668.00, $600.00, and $630.00 respectively. Morgan Stanley downgraded to $600.00, and Evercore ISI maintained at $600.00.

**Ownership Changes:** Mixed. Geode Capital, BNY Mellon, and others increased holdings, while FSA Wealth Management, Brown Advisory, and Daiwa Securities sold shares.

**Earnings Estimate:** Analysts expect NVDA to report EPS of 9.54 for the current year.

**Net Tilt:** Bullish, despite some downgrades and selling activity, upgrades and increased holdings outweigh the negatives."
2023-10-30,13,"**Bullish Signals:**
- **Price Target Upgrades:** JPMorgan, Jefferies, and Wells Fargo all raised their price targets on NVDA from $500.00 to $600.00 and $610.00 respectively.
- **Partnership:** Cisco teams up with Nvidia to unveil innovative Webex.
- **Stock Performance:** NVDA closed at $405.00.
- **Ownership Increase:** Holdings Inc. increased its stake by 7.5% in Q2.

**Bearish Signals:**
- **Ownership Decrease:** Alabama sold 165,024 shares, and another entity cut its stake in NVDA.

**Neutral Signals:**
- **Revenue Report:** NVDA reported Q2 revenue of $13.5 billion.
- **Earnings Estimate Mention:** NVDA included in Zacks Earnings Preview.
- **Conference Call:** NVDA held an earnings call on August 23.

**Net Tilt:** Bullish due to multiple price target upgrades and strategic partnerships outweighing ownership decreases."
2023-10-31,21,"**Revenue Growth & Analyst Upgrades:** Bullish; Nvidia’s Q3 revenue surged 101% YoY. Deutsche Bank upgraded price target from $440 to $560, while Piper Sandler raised theirs from $500 to $620.

**Product Launches & Supply Deals:** Bullish; Nvidia unveiled a ChatGPT-like AI chatbot and may launch Blackwell B100. Secured supply orders from Wistron, indicating strong demand.

**Revenue Estimate Downgrade & Share Decline:** Bearish; Citi downgraded sales estimates. Nvidia shares fell sharply (-3.71%) due to multiple reports of stock declines and reaching a five-month low.

**Net Tilt:** Mixed signals but overall slightly **Bearish** due to significant share price drops despite positive analyst upgrades and product launches."
2023-11-01,4,"**Partnership:** Bullish. Cisco and NVIDIA are collaborating on AI-powered hybrid solutions.

**Stock Performance:** Bearish. Nvidia stock hit a 5-month low but rebounded slightly afterward.

**Earnings Call:** Neutral. The company held a conference call to discuss Q4 FY2024 financial results, with no specific details provided in the headline.

**Net Tilt:** Mixed signals with a slight bearish bias due to the stock hitting a 5-month low."
2023-11-03,5,"**Earnings & Guidance:** Bullish. Nvidia reported record profits, beating expectations with EPS up significantly. Guidance suggests profits could soar further.

**Stock Price:** Bearish. Despite strong earnings, NVDA stock fell to $350, indicating potential overvaluation concerns or near-term selling pressure.

**Market Position:** Bullish. Nvidia maintains an 80% market share, underscoring dominant position and high demand.

**Net Tilt:** Mixed signals but overall slightly bullish due to strong earnings and market leadership."
2023-11-05,1,"Foxconn and Nvidia have formed a strategic alliance, potentially boosting NVDA’s ecosystem reach and partnerships (bullish). No specific financial details or analyst actions were mentioned, limiting direct trading signals. The partnership could drive future product launches and expand market presence, though exact impacts remain unclear. Net tilt: Bullish on potential growth opportunities but no immediate financial metrics provided."
2023-11-06,7,"**Deutsche Bank upgraded NVDA’s price target from $440.00 to $560.00**, bullish. **Llc increased its stake by 14.9%**, bullish. **NVIDIA stock is higher**, bullish. **Earnings preview includes NVDA, with earnings report on Nov. 21**, neutral. **Management holds a $23.80 million position**, neutral. Net: **Bullish**."
2023-11-07,1,"**Customer Contract Termination:** Bearish. Huawei is terminating its business contract with Nvidia, indicating a significant loss of a key customer. This could negatively impact Nvidia’s revenue and market share in certain regions.

**Net Tilt:** Bearish."
2023-11-08,5,"**Partnerships:** Bullish. Amdocs and NVIDIA have partnered to enhance AI capabilities, and NVIDIA is collaborating with APEC economies, signaling broader market engagement and potential new revenue streams.

**Earnings Preview:** Neutral. Nvidia is set to report Q3 results on Nov. 21, with no specific guidance or earnings surprise details available yet.

**Stock Movement:** Bullish. Nvidia’s stock is rallying, indicating positive investor sentiment ahead of the earnings release."
2023-11-09,11,"**Market Share Gain:** Bullish. Nvidia’s GPU market share grew.

**Product Release:** Bullish. Nvidia plans to release three new AI chips for China and globally, with Bernstein maintaining an ""Outperform"" rating.

**Stock Performance:** Bullish. NVDA shares rose 1.9%, climbing as high as 2.7% in morning trading, driven by product release news.

**Net Tilt:** Strongly Bullish. Multiple positive catalysts support continued upward momentum."
2023-11-10,9,"**Nvidia (NVDA): BUY**

**Product Launches (Bullish):**
- Plans to release new AI chips for China.
- Launching AI cloud solutions.

**Partnerships (Bullish):**
- Foxconn and Nvidia joining hands.
- Bitdeer Technologies partnering with Nvidia for AI cloud services.

**Analyst Opinion (Bullish):**
- Nvidia is a good buy.

**Net Tilt:** Strongly Bullish."
2023-11-11,4,"**Price Target Adjustments:** Morgan Stanley downgraded NVDA’s price target to $600 from $630 (bearish). Susquehanna upgraded NVDA’s price target to $600 from $575 (bullish). **Net Tilt:** Neutral.

**Analyst Ratings:** Sanford C. Bernstein reaffirmed NVDA with a neutral rating (neutral).

**Earnings Estimate:** Analysts expect NVDA to report EPS of $9.54 for the current year (neutral).

**Net Signal:** Neutral."
2023-11-13,10,"**Product Launch:** Bullish. Nvidia announced the new HGX H200 computing platform and a new AI chip, H200, described as a ""must-have"" product. This suggests strong demand and potential market leadership.

**Acquisition:** Bullish. Nvidia is buying memory from SK Hynix, indicating strategic expansion and supply security.

**Stock Performance:** Mixed. While NVDA’s stock saw a significant gain of up to 1.5%, the overall market context shows a 240% increase, suggesting broader positive sentiment.

**Net Tilt:** Bullish. The product launches and acquisition indicate growth opportunities, outweighing mixed stock performance signals."
2023-11-14,9,"**Product Release:** Bullish. Nvidia unveiled new chips including the B100 Blackwell GPU and H200, aimed at training generative AI models and launching an AI supercomputer chip.

**Price Target Upgrade:** Bullish. UBS upgraded NVDA’s price target from $540 to $560.

**Ownership Increase:** Bullish. LLC increased its stake in NVDA by 4.2%.

**Analyst Rating:** Neutral. Goldman Sachs maintained a Buy rating on NVDA.

**Earnings Preview:** Neutral. NVDA set to announce earnings with analysts expecting $10 EPS for the current fiscal year.

**Net Tilt:** Bullish."
2023-11-15,18,"**Revenue Growth & Guidance:** Bullish. Nvidia reports Q3 revenue guidance of $16B, indicating strong revenue growth.

**Product Releases & Partnerships:** Bullish. Nvidia unveiled new GPU, next-gen server hardware, and launched AI services with Microsoft Azure and Hewlett Packard Enterprise, expanding partnerships.

**Stock Movement:** Bullish. Nvidia’s stock rose towards a positive trend post-product announcements.

**Ownership Decrease:** Bearish. A significant shareholder sold 75,000 Nvidia shares, potentially signaling reduced confidence.

**Net Tilt:** Bullish, with product momentum outweighing ownership concerns."
2023-11-16,16,"**Supply Decrease:** Bearish. Nvidia halting production on GeForce RTX 4000 GPUs and two other models suggests supply constraints (multiple sources).

**Product Release/Catalysts:** Bullish. Nvidia debuted a generative AI supercomputing solution in Australia and partnered with Microsoft on new tools (multiple sources).

**Demand Increase:** Bullish. High demand for Nvidia’s products noted (one source).

**Earnings Guidance:** Neutral. Expected Q3 FY'24 earnings of $3.34 per share; actual report pending (one source).

**Net Tilt:** Mixed signals but slightly bullish due to product launches and partnerships outweighing supply concerns."
2023-11-17,11,"**Revenue Guidance & Product Release:** Bullish. Nvidia’s revenue guidance is positive, and it has debuted Omniverse cloud services and plans to release three new chips for China.

**Partnerships:** Bullish. Microsoft and Dropbox have partnered with Nvidia, indicating strong industry support.

**Stock Performance:** Bullish. Nvidia stock surged 21%.

**Analyst Ratings:** Neutral. Piper Sandler reiterates an overweight rating.

**Earnings Report:** Neutral. Nvidia will report Q3 results on Nov 21, with no specific earnings surprise details available yet.

**Net Tilt:** Bullish."
2023-11-18,1,"**Earnings Report Upcoming:** Nvidia is set to report earnings soon. This event could significantly impact stock performance. **Direction: Neutral** (no specific guidance or analyst action mentioned yet).

**Analyst Actions:** No notable analyst upgrades, downgrades, or changes in price targets reported today. **Direction: Neutral**

**Market Sentiment:** General market focus on upcoming reports suggests anticipation but no clear bullish or bearish sentiment expressed specifically for NVDA. **Direction: Neutral**

**Net Tilt:** Neutral. No conflicting signals, but significant uncertainty around earnings results."
2023-11-19,2,"**Nvidia (NVDA)**

- **Rating Reiteration**: Stifel Nicolaus reiterates neutral rating with no change in price target. (Neutral)
- **EPS Forecast**: Analysts predict EPS of 9.66 for the current year. (Bullish)

**Net Tilt**: Neutral

Signals do not provide clear directional bias beyond maintaining status quo."
2023-11-20,42,"**Revenue & Earnings:**
- **Bullish:** Nvidia reported Q3 revenues of $13.51 billion, up 101% YoY, and adjusted EPS of $2.70. Revenue guidance for the next quarter is positive.
- **Bearish:** Nvidia missed Q3 earnings expectations.

**Stock Performance:**
- **Bullish:** NVDA stock surged over 237%, reaching an all-time high of $499.60.

**Partnerships:**
- **Bullish:** Multiple partnerships announced, including collaborations with L&T Technology, SK Hynix, SandboxAQ, and others, indicating strong demand and strategic alliances.

**Ownership Changes:**
- **Mixed:** While Sys increased holdings by 3.4%, other entities like Llc and Banque Cantonale Vaudoise reduced their stakes.

**Net Tilt:** Bullish due to strong revenue growth, stock surge, and numerous strategic partnerships, despite earnings miss."
2023-11-21,90,"**Earnings & Guidance:** Bullish. Nvidia reported Q3 EPS of $3.71 vs. $0.27 expected, and adjusted EPS of $4.02, beating estimates by $0.63. Q3 revenue was record-high, nearly tripling previous levels. FY24Q4 revenue guidance exceeded expectations.

**Analyst Actions:** Bullish. BMO Capital Markets upgraded NVDA’s price target from $450 to $550.

**Capex & Legal:** Mixed. Capex dropped to $322M from $530M. Valeo filed a lawsuit against Nvidia.

**Partnerships:** Neutral. Multiple partnerships announced, including Lenovo, Wipro, and Genentech, indicating strong industry support.

**Stock Performance:** Bearish. Despite positive earnings, NVDA stock fell post-earnings."
2023-11-22,75,"**Revenue Growth:** Bullish. Q3 revenue surged 206% YoY to $18.12B, beating consensus. China sales jumped from $1.15B to $4.08B.

**Earnings Performance:** Mixed. Q3 earnings beat expectations but missed internal projections. EPS estimates downgraded by KeyCorp.

**Price Target Upgrades:** Bullish. Multiple upgrades: Stifel to $665, Raymond James to $600, Truist to $668, JPMorgan to $650, BofA to $700, Mizuho to $625, UBS to $580, Goldman Sachs to $625, BMO Capital to $650, and Bernstein to $700.

**Revenue Guidance:** Bearish. NVDA warned of sales decline but forecast Q4 sales at $20.40B vs. $17.96B consensus.

**Analyst Ratings:** Mixed. Needham upgraded to Buy; Edward Jones downgraded to Hold.

**Product Launches:** Bullish. Introduced GH200 GPU; potential for new product launches.

**Legal Issues:** Bearish. Hit with lawsuit.

**Stock Movement:** Bearish. Shares dropped despite strong earnings.

**Net Tilt:** Neutral to Slightly Bullish."
2023-11-23,22,"**Analyst Ratings:** Bullish (Oppenheimer upgraded to ""Outperform"", Benchmark to ""Buy"", Susquehanna to ""Positive"", Phillip Securities to ""Buy""). Edward Jones downgraded from ""Buy"" to ""Hold"". Net tilt: **Bullish**.

**Revenue Guidance:** Bullish (forecasted $30.5B, higher than estimates).

**Earnings:** Bullish (beat expectations by $0.99 EPS).

**Ownership Increases:** Bullish (multiple institutions significantly increased positions).

**Stock Performance:** Mixed (shares up significantly YTD, but opened lower on Thursday).

Net Tilt: **Bullish**."
2023-11-24,18,"**Revenue Growth:** Bullish. Nvidia’s Q3 datacenter sales soared, and overall revenue tripled.

**Legal Issues:** Bearish. Nvidia sued by French company Valeo, and European and Chinese regulators question the firm.

**Product Launch:** Bearish. Nvidia postpones H20 AI chip launch in China due to regulatory concerns.

**Demand Shifts:** Bullish. Rebounding demand for non-AI chips.

**Stock Performance:** Bearish. Shares fell 2.1% on news of AI chip delays and legal issues.

**Net Tilt:** Bearish. Conflicting signals but regulatory and legal headwinds outweigh positive revenue growth."
2023-11-25,3,"**Earnings:** Bullish. Nvidia reported Q3 earnings of $18 billion, significantly beating expectations.

**Regulatory:** Bearish. Nvidia is under EU scrutiny, potentially impacting future operations and profitability.

**Stock Performance:** Bearish. NVDA stock fell 1%, reflecting investor concerns over regulatory risks despite strong earnings.

**Net Tilt:** Mixed, with strong earnings offset by regulatory headwinds."
2023-11-26,9,"**Analyst Actions:** Edward Jones downgraded NVDA to Hold (bearish). Goldman Sachs, UBS, and JPMorgan raised price targets to $625, $580, and $650 respectively (bullish).

**Insider Activity:** CEO Jen-Hsun Huang sold 29,688 shares (bearish). Ep Wealth Advisors increased holdings by 1,586.2% (bullish).

**Price Movement:** NVDA stock price down 2% (bearish).

**Earnings Estimate:** Analysts predict EPS of 9.71 for FY (neutral).

**Net Tilt:** Mixed signals with slight net bullish bias due to multiple price target upgrades outweighing the downgrade and insider sell."
2023-11-27,6,"**Revenue and Earnings:** Bullish. Nvidia reported Q3 revenue up 206% YoY to $18.12 billion, beating expectations. Guidance for Q4 is $20 billion.

**Partnership:** Bullish. Nvidia partnered with Dropbox.

**Product Delay:** Bearish. Nvidia delayed a chip launch.

**Net Tilt:** Mixed, but slightly bullish due to strong revenue growth and positive guidance outweighing the product delay."
2023-11-28,31,"**Bullish Signals:**
- **Revenue Growth:** Nvidia’s revenue soared significantly.
- **Price Target Upgrades:** Baird upgraded NVDA’s target price from $570 to $750; Evercore ISI raised it to $600.
- **Product Launches:** Multiple new product announcements, including AI cloud services in Singapore.
- **Partnerships:** Extensive partnerships with companies like Bitdeer, AWS, Salesforce, and Dell.
- **Stock Performance:** Shares surged 10%.

**Bearish Signals:**
- **Product Delays:** AI cards delayed.
- **Ownership Decreases:** Inceptionr LLC and Clearbridge Investments sold NVDA shares.

**Net Tilt:** Bullish due to strong revenue growth, multiple upgrades, and significant partnerships outweighing minor delays and ownership decreases."
2023-11-29,19,"**Price Target Downgrade:** KeyCorp downgraded NVDA, cutting the price target from $750 to $650 (Bearish).

**Product Launch/Collaboration:** NVDA launched a cloud service and formed AI research collaborations with Genentech and other partners (Bullish).

**Ownership Changes:** Multiple firms increased positions (Ifm Investors, LLC, Inc.), while others decreased stakes (B. Metzler, Manufacturers Life Insurance) (Mixed).

**New Hires:** NVDA is recruiting scientists (Bullish).

**Earnings Estimate:** Analysts predict EPS of 9.71 for the current year (Neutral).

**Stock Price:** NVDA opened at $478.21 (Bearish).

**Conference Participation:** NVDA presented at Wells Fargo’s TMT Summit (Neutral).

**Net Tilt:** Mixed, but slightly Bearish due to the downgrade and stock price."
2023-11-30,15,"**Price Target Upgrade:** Jefferies Financial Group upgraded NVDA’s price target from $500.00 to $610.00 (Bullish).

**Partnerships:** Multiple partnerships announced with Hewlett Packard Enterprise, Bitdeer Technologies Group (BTDR), and others (Bullish).

**Insider Sales:** EVP Debora Shoquist and a director sold shares (Bearish).

**Ownership Increases:** Bank of New York Mellon Corp increased its stake by 1.5%, and several funds like Meritage Group LP, Soros Fund Management LLC, Qsemble Capital Management LP, and Puzo Michael J purchased shares (Bullish).

**Stock Performance:** NVDA shares declined over 3% (Bearish).

**Dividend:** NVDA declared a quarterly dividend (Neutral).

**Net Tilt:** Mixed signals; net slightly bullish due to multiple new partnerships and institutional buying outweighing insider sales and stock decline."
2023-12-01,13,"**Earnings & Revenue:** Bullish. Nvidia’s net profit surged 1,259%, and revenue from China rose 251%. **Analyst Action:** Bullish. Craig Hallum upgraded NVDA’s target price from $500 to $700. **Ownership:** Mixed. Mirae Asset Global Investments increased holdings by 6.8%, while Ossiam and Kayne Anderson Rudnick sold shares. **Product Expansion:** Bullish. Nvidia is expanding autonomous driving technology in China. **Stake Acquisitions:** Neutral. Multiple entities purchased shares, indicating interest but not a clear trend. **Price:** NVDA shares closed at $477.77, opened at $465.56."
2023-12-02,19,"**Raymond James upgraded NVDA to $600 from $500 (Bullish)**

**Stock Price Down $0.05 to $467.65 (Bearish)**

**Insider Sales:**
- EVP sold $7.6M worth of stock (Bearish)
- CEO Jen-Hsun Huang sold 29,688 shares (Bearish)

**Institutional Ownership Changes:**
- Healthcare of Ontario Pension Plan Trust Fund increased holdings by 5,394.1% (Bullish)
- 1832 Asset Management L.P. increased position by 8.8% (Bullish)
- 1832 Asset Management L.P. purchased 102,812 shares (Bullish)
- Genus Capital Management Inc. bought 37,015 shares (Bullish)
- Intergy Private Wealth LLC bought 521 shares (Bullish)
- Temasek Holdings Private Ltd trimmed position (Bearish)
- River & Mercantile Asset Management trimmed holdings (Bearish)

**Analysts' EPS Estimate:** Expecting $9.82 EPS for the current year (Neutral)

**Net Tilt:** Mixed signals with slight bullish bias due to upgrades and significant institutional buying outweighing insider sales and trimming."
2023-12-03,4,"**Insider Sell:** EVP Debora Shoquist sold 15,824 shares (Bearish).

**Institutional Ownership Increase:** Silvercrest Asset Management increased stake by 43.0% in Q2 (Bullish). Polar Capital Holdings also acquired NVDA shares (Bullish).

**Stock Price:** Opened at $467.65 (Neutral).

**Net Tilt:** Mixed signals with insider sell offset by institutional buying."
2023-12-04,6,"**Partnership:** Bullish; Runjian teams up with Nvidia.

**Insider Sell:** Bearish; Nvidia insiders file paperwork to dump 370,000 shares.

**Stock Performance:** Bearish; Nvidia shares down 10% as of Monday afternoon.

**Earnings Estimate:** Neutral; analysts expect EPS of 10.94 for the current year.

**Earnings Report:** Bullish; Nvidia reports 'blowout' third-quarter earnings.

**Dividend Announcement:** Neutral; Nvidia announces a quarterly dividend to be paid on Dec 28th.

**Net Tilt:** Mixed signals; earnings beat vs insider sell and stock drop."
2023-12-05,19,"**Deutsche Bank upgraded NVDA’s price target from $440 to $560, bullish.** Multiple partnerships announced with SoftBank, Yotta, and Lattice Semiconductor, all positive. **Nvidia plans to build semiconductor plants and an R&D center in Japan**, indicating expansion and investment in future growth. **Share prices are rising**, further supporting a bullish stance. **Several firms increased their stakes in NVDA**, including Wealth Inc., Silvercrest Asset Management, and Winton GROUP, signaling investor confidence. **However, NVDA opened at $455.10**, slightly bearish compared to previous days. **Net tilt is bullish due to strong upgrades and partnerships outweighing minor price fluctuations.**"
2023-12-06,8,"**Partnerships & Production Expansion:** Bullish. Nvidia collaborates with the U.S. government to produce restricted AI chips and partners with Japanese firms, expanding AI chip production in Japan.

**Ownership Increase:** Bullish. Bank of New York Mellon Corp increased its stake in NVDA by 1.5%.

**Stock Performance:** Bullish. NVDA shares up 1% pre-market.

**Product Development:** Neutral. NVDA is developing new chips for both China and unspecified markets.

**Net Tilt:** Bullish."
2023-12-07,5,"**Amazon and Nvidia Are Teaming Up in the Cloud** (Bullish): Strategic partnership boosts cloud computing prospects.

**Nvidia Stock Bounces Off** (Bullish): Positive market reaction indicates renewed investor interest.

**Zurich grew its holdings in shares of NVIDIA by 84,165.9% in the second quarter** (Bullish): Significant institutional buying signals strong confidence.

**Nvidia Co. (NASDAQ:NVDA) Shares Sold by Carolinas Wealth Consulting LLC** (Bearish): Contrasts with bullish signals, indicating mixed sentiment among investors.

**Equities analysts predict that NVIDIA Co. will post 10.94 EPS for the current fiscal year** (Neutral): Consensus forecast provides baseline expectations.

**Net Tilt:** Bullish, despite mixed signals, due to significant institutional buying and strategic partnerships."
2023-12-08,12,"**Partnerships:** Bullish. YTL Power collaborates with Nvidia to build AI infrastructure in Malaysia, signaling expanding market reach.

**Ownership Increases:** Bullish. Multiple firms increased their stakes in NVDA: one raised by 25.1% in Q3, another by 20.0% in Q2, and another by 20.2% in Q2, indicating confidence.

**Earnings & Guidance:** Neutral. Q1 2026 EPS estimates and consensus for FY earnings at $10.94 per share provided but no specific beats/misses noted.

**Stock Performance:** Bullish. NVDA higher in 2024, opening at $465.96 on Friday.

**Net Tilt:** Bullish."
2023-12-09,12,"**Product Release:** Bullish. Geforce Now launched in South Africa, expanding reach.

**Partnerships:** Mixed. Ytl collaboration and Intel foundry exploration positive; Isuzu investment adds credibility. 

**Insider Activity:** Bearish. EVP Debora Shoquist sold 15,824 shares.

**Ownership Changes:** Mixed. Llc increased holdings by 327.1%, while Itau Unibanco sold 53,181 shares.

**Revenue Outlook:** Neutral. Data center revenue growth expected but no specific figures provided.

**Dividends:** Neutral. Quarterly dividend announced, payable on Dec 28th.

**Stock Price:** Neutral. Opened at $475.06 on Friday."
2023-12-10,3,"**Nvidia (NVDA) Daily Brief for 2023-12-11**

- **Stock Performance:** NVDA stock fell (-0.51).
- **Facility Expansion:** Bullish; Nvidia CEO plans to establish a base in Vietnam (+0.41).
- **Stake Acquisition:** Neutral; Cynosure Management LLC bought 634 shares (+0.18).

**Net Tilt:** Mixed, with a slightly bullish bias due to expansion plans."
2023-12-11,20,"**Partnerships:** Bullish. Nvidia is expanding collaborations with YTL Power International, Lattice, and HP Enterprise.

**Regulatory Investigation:** Bearish. The US is investigating Nvidia.

**Investments & Market Entry:** Bullish. Nvidia will invest $250M in chips and establish an AI hub in Vietnam.

**Ownership Changes:** Mixed. Kemnay Advisory Services increased stake while Industrial Alliance and JT Stratford trimmed positions.

**Supply & Production:** Neutral. Nvidia is launching production in Vietnam.

**Net Tilt:** Bullish."
2023-12-12,15,"**KeyCorp Downgraded NVDA**: Price target lowered from $750.00 to $650.00 (Bearish).

**Regulatory Scrutiny**: U.S. reviewing Nvidia’s AI chip sales to China (Bearish).

**Partnerships & Expansion**: Nvidia partners with Malaysian utility YTL and builds AI data center in Johor (Bullish).

**Ownership Changes**: SRS Capital Advisors reduces position; P. sells 26,599 shares (Bearish). LLC and Seven Eight Capital maintain positions (Neutral).

**Stock Performance**: NVDA shares rose but opened at $466.27 (Mixed).

**Dividend Announcement**: Quarterly dividend to be paid on Dec 28 (Neutral).

**Net Tilt**: Bearish due to downgrade and regulatory concerns, offset by bullish partnerships."
2023-12-13,6,"**Insider Activity:** EVP Debora Shoquist sold 15,824 shares (Bearish).

**Investment & Ownership Changes:** 
- Nvidia invested $250M in Vietnam (Bullish).
- Llc increased stake by 2.6% (Bullish).
- CCM Investment Advisers LLC decreased stake (Bearish).
- Neo Ivy Capital Management made a new investment (Bullish).

**Net Tilt:** Mixed signals with slight Bullish bias."
2023-12-14,10,"**Jefferies Financial Group upgraded NVIDIA’s price target from $500.00 to $610.00**, bullish. **Revenue boomed throughout the year**, bullish. **Nvidia RTX Super GPUs expected to go on sale in January**, bullish. **Demand for Nvidia's GPU surged**, bullish. **Nvidia stock topped $600**, bullish. **Nvidia investing $250 million in unspecified projects**, neutral. **Nvidia discontinuing GeForce GTX 16 series by Q1 2024**, bearish. **TSMC received rush orders for Nvidia**, bullish. **Cornerstone Capital Inc. took a position in NVDA**, neutral. **Net tilt: Bullish**."
2023-12-15,5,"**Product Launch:** Bullish. GeForce Now launches in South Africa, expanding reach.

**Product Discontinuation Speculation:** Bearish. Speculation that Nvidia could scrap GTX 1650, potentially signaling shift in product strategy.

**Analyst Ratings:** Neutral. Bernstein and B of A Securities both maintain Buy ratings without changing price targets.

**Stock Performance:** Bullish. Nvidia stock up 231% today, indicating strong market sentiment.

**Net Tilt:** Mixed signals with strong bullish performance but bearish speculation on product discontinuation."
2023-12-16,4,"**Ownership Increase:** Northern Trust Corp increased its stake in NVDA by 3.6% in Q3, bullish (institutional support).

**Business Contract:** Ltd received an order from Nvidia, bullish (customer demand).

**Legal Concerns:** Nvidia faced criticism over monopolistic practices, bearish (potential regulatory risk).

**Stake Acquisition:** Comerica Bank acquired 58,598 NVDA shares, bullish (institutional interest).

**Net Tilt:** Mixed signals with institutional support and customer demand offsetting legal concerns."
2023-12-18,5,"**Nvidia (NVDA) Daily Brief - 2023-12-18**

- **Stock Performance:** NVDA is up 235% today, highly bullish.
- **Product Release:** Rumored new RTX 4090 GPU launch, potentially bullish.
- **Partnership:** Mediatek and Nvidia partnership announced, likely positive.

**Net Tilt:** Bullish."
2023-12-19,7,"**Product Release:** Bullish - Nvidia plans to release a cheaper RTX 3050 in February 2024, potentially boosting sales and market share.

**Stock Performance:** Bearish - NVDA stock is down 2% on Tuesday, with a director selling $5M in common stock.

**Product Development:** Neutral - Nvidia is developing a new AI product and a new RTX 3050 variant, but these developments have not positively impacted the stock today.

**Net Tilt:** Bearish due to stock decline and insider sell, despite positive product release news."
2023-12-20,15,"Wolfe Research upgraded NVDA’s price target to $630 from $570, bullish. Multiple firms increased holdings/stakes in NVDA, including Llc (+1.7%), Inc. (+37.5%), Pllc (+50.0%), Gqg Partners LLC (new position), and Morgan Stanley (+20.2%), all bullish. Some decreased stakes, like Gunderson Capital Management Inc., slightly bearish. First Hawaiian Bank and another Llc acquired shares, reinforcing bullish sentiment. Overall, net tilt is bullish due to significant stake increases outweighing decreases."
2023-12-21,11,"**Earnings:** Bullish. Nvidia beat Q3 expectations, reporting better-than-expected results.

**Analyst Action:** Bullish. Evercore ISI upgraded NVDA’s target price to $600.

**Ownership Changes:** Mixed. Department increased holdings by 7.9%, while Vontobel Holding, Advisors, and Tlwm reduced positions.

**Price Movement:** Bearish. NVDA traded down 3.0%, closing at $490.35 after hitting a low of $488.95.

NET TILT: Mixed, with some bullish signals (earnings, analyst upgrade) offset by bearish ones (price drop, multiple sell-offs)."
2023-12-22,9,"**KeyCorp downgraded NVIDIA’s price target to $650 from $750, bearish.** Shares soared over 200%, very bullish. **NVIDIA set to reveal new AI advancements, bullish.** Multiple institutional investors reduced holdings: Grassi Investment Management, First Financial Corp IN, and Crestmont Private Wealth LLC, bearish. However, First Financial Corp IN and another firm still hold significant stakes ($1.78M and $403K respectively), mixed but slightly bullish overall. **Net tilt: Mixed, leaning slightly bullish due to stock surge and product anticipation.**"
2023-12-23,9,"**NVIDIA (NVDA)**

- **Bullish Ownership Trends**: Geode Capital Management, LLC increased stake by 3.0%, Llc by 2.6%, and Zurich by 84,165.9% in Q2 (multiple positive ownership signals).
- **Bearish Ownership Trend**: Legacy Bridge LLC reduced position (contradicting other trends).
- **Earnings Estimate**: Analysts predict earnings jump (bullish).
- **Price Action**: Shares opened at $488.30, with multiple analysts bullish on future gains.

**Net Tilt**: Bullish due to strong ownership increases outweighing the single reduction."
2023-12-24,6,"**Ownership Increase:** Bullish. GQG Partners LLC and Natwest Group plc increased their stakes in NVDA, indicating institutional confidence.

**Donations & Fundraising:** Neutral. NVDA donated $15M to Israeli tech and raised $15M separately, likely for unspecified purposes.

**Earnings Estimate:** Neutral. Analysts predict EPS of 11.06 for the current year, no change noted.

**Stock Price:** Neutral. NVDA opened at $488.30, no significant movement indicated.

**Net Tilt:** Neutral. Institutional buying is positive, but fundraising and donations lack clear trading signals."
2023-12-25,11,"**Insider & Ownership Activity:** EVP Debora Shoquist sold 20,000 shares (bearish). Multiple institutions increased holdings (bullish): Llc, Mirae Asset Global Investments Co., and Pllc. Others reduced stakes (bearish): Inc, Bank, and Corp. **Net Tilt:** Neutral.

**Analyst Actions:** Piper Sandler maintained an ""overweight"" rating with a $620 price target (bullish).

**Miscellaneous:** Nvidia and employees donated $15 million (neutral). Corp holds a $21.91M stake (neutral). Quarterly dividend announced (neutral).

**Net Signal:** Neutral."
2023-12-26,5,"**Ownership Changes:** 
- **Bullish:** LLC boosted its position in NVDA by 6,832.2% in Q3, and another firm increased its stake by 350% in Q3. Additionally, Wedge Capital Management acquired 86 new shares.
- **Bearish:** Corp raised its stake in Q2 but management reduced its position.

**Net Tilt:** Bullish due to significant increases from multiple large investors outweighing the single reduction by management."
2023-12-27,1,"**NVIDIA (NVDA)**

- **Stock Performance**: NVDA opened at $492.79, up 0.23% from the previous close (Bullish).

No other significant trading-relevant signals or catalysts were reported in today’s headlines. 

**Net Tilt**: Neutral to Slightly Bullish.

A trader should consider holding or buying cautiously based on the slight positive open, but no major catalysts or analyst actions were noted today."
2023-12-28,11,"**Product Release:** Bullish. Nvidia launched a modified GPU in China, indicating expanding market reach.

**Institutional Ownership:** Mixed. Morgan Stanley and another LLC increased holdings (+19.3%, +20.2%), while Weaver Consulting Group and Il sold shares (-7,595 shares). Net tilt slightly bullish due to larger increases.

**Fundraising & Holdings:** Neutral. Nvidia raised $15M, and various institutions hold significant positions ($275.31M, $2.20M).

**Stock Price:** Neutral. NVDA opened at $494.17 on Thursday with no direct impact on price movement noted."
2023-12-29,15,"**Product Release:** Bearish. Nvidia introduced less powerful versions of its gaming chips for China, indicating potential demand concerns or regulatory pressures.

**Stock Performance:** Mixed. Nvidia’s stock rose but ended down 1%, reflecting conflicting investor sentiment.

**Ownership Changes:** Net Neutral. While some firms increased their positions (Llc +12.7%, Inc. +1.5%), Premier Bank sold shares, showing mixed institutional interest.

**Revenue:** Bullish. Nvidia reported record-breaking Q3 revenue of $18 billion, signaling strong financial performance despite product downgrades."
2023-12-30,4,"**Earnings & Estimates:** Analysts upgraded Q1 2025 EPS estimates for NVDA to $0.6 above previous forecasts, indicating **bullish** sentiment. Zacks Research forecasts Q1 2025 EPS at $3.65, aligning with consensus expectations. Current full-year EPS consensus stands at $11.06. **Net Tilt:** Bullish due to upward revision.

**Catalysts:** None mentioned. **Net Tilt:** Neutral.

**Net Overall Tilt:** Bullish."
2023-12-31,5,"**Ownership Changes:** Zurich increased its stake in NVDA by 84,165.9% Q2 (Bullish). Fifth Third Wealth Advisors also boosted holdings (Bullish). However, B&T Capital Management sold shares (Bearish). **Net Tilt:** Bullish due to significant increases outweighing the sell-off.

**Stock Price:** Opened at $495.22 on Friday (Neutral).

**Net Signal:** BUY based on substantial institutional buying."
2024-01-01,31,"**Revenue Growth:** Bullish; NVIDIA’s Q4 revenue surged 205.5% YoY.

**Analyst Actions:** Mixed; Td Cowen, Wells Fargo, Bmo Capital Markets, Bank of America, Mizuho, Sanford C. Bernstein, Ubs Group, and The Goldman Sachs Group upgraded price targets, while Keycorp and Citigroup downgraded theirs. Edward Jones downgraded from Buy to Hold.

**Insider Activity:** Bearish; Directors Mark A. Stevens and John Dabiri sold shares.

**Ownership Changes:** Neutral; Peoples Financial Services CORP., Lp, Co, Bank Julius Baer & Co. Ltd Zurich, Geode Capital Management LLC, and Morgan Stanley increased holdings, while Exchange Traded Concepts LLC reduced holdings.

**Net Tilt:** Bullish, with strong revenue growth and multiple upgrades outweighing downgrades and insider sales."
2024-01-02,18,"**JPMorgan upgraded NVDA’s price target to $650 from $600, bullish.** NVDA reported EPS of $0.34, positive. Launched a gaming chip in China, bullish. Insiders Debora Shoquist and Dawn E. Hudson sold shares, bearish. Ergoteles LLC and others increased stakes, bullish; Hanlon Investment Management Inc. reduced holdings, bearish. Needham, Oppenheimer, and Susquehanna maintained positive ratings with target prices of $600, $650, and $625 respectively, neutral to bullish. Kessler Investment Group bought shares, bullish. Da Davidson initiated coverage at Neutral, neutral. Overall, mixed signals but net tilt slightly bullish due to upgrades and new product launch."
2024-01-03,6,"**Nvidia (NVDA)**

- **Ownership Changes**: Co increased stake by 350.0%, bullish; LLC decreased stake, bearish.
- **Price Movements**: Soared 234%, then traded down 2.7%.
- **Analyst Actions**: Da Davidson initiated coverage with a neutral rating, neutral.
- **Held Positions**: Adv has a $49.81M stake, neutral.

**Net Tilt**: Mixed signals from ownership changes and price movements, but overall slightly bullish due to significant stake increase and sharp initial gain."
2024-01-04,32,"**Revenue Growth:** Bullish; NVIDIA’s Q4 revenue surged 205.5% YoY.

**Price Target Upgrades:** Bullish; Td Cowen, Wells Fargo, Bmo Capital Markets, Mizuho, and Sanford C. Bernstein upgraded targets to $700, $675, $650, $625, and $700 respectively. **Downgrades:** Bearish; KeyCorp and Citigroup downgraded targets to $650 and $575 respectively. Net tilt: Bullish.

**Analyst Ratings:** Mixed; Edward Jones downgraded from Buy to Hold. Net tilt: Neutral.

**Product Launches:** Bullish; Expected introduction of better sensors for self-driving cars and collaboration with Ansys.

**Insider Activity:** Bearish; Director Mark A. Stevens sold 10,400 shares. Net tilt: Neutral.

**Ownership Changes:** Mixed; Multiple firms increased stakes while others trimmed positions. Net tilt: Neutral."
2024-01-05,5,"**Nvidia (NVDA) Daily Brief - 2024-01-05**

- **Acquisition Interest**: Bullish; Nvidia near buy point on potential $100B deal.
- **Price Target Upgrade**: Bullish; Truist Securities raises PT to $691 from lower level.
- **Stock Gain**: Bullish; NVDA rose on unspecified positive factors.
- **Investment Focus**: Bullish; Nvidia investing in AI search technologies.
- **Rating Reiteration**: Neutral; BofA Securities reiterates ""Buy"" rating.

**Net Tilt:** Bullish."
2024-01-06,26,"**Bullish Signals:**
- **Price Target Upgrades:** JPMorgan ($650→$650), Bank of America ($650→$700), UBS ($560→$580), Truist Financial ($668→$674).
- **Ownership Increases:** Multiple firms increased stakes or holdings.
- **Stock Performance:** NVDA stock soars, trading up 2.3%.
- **Analyst Reiterations:** Wedbush, Piper Sandler, Needham, Susquehanna, Stifel Nicolaus reiterate positive ratings.

**Bearish Signals:**
- **Insider Sales:** Directors and EVPs sell shares.

**Net Tilt:** Bullish due to multiple upgrades and increased ownership outweighing insider sales."
2024-01-07,21,"**Analyst Actions:** Bullish (NET). TD Cowen, Wells Fargo, BMO Capital Markets, and Mizuho upgraded targets to $700, $675, $650, and $625 respectively. Citigroup downgraded to $575. Edward Jones downgraded from Buy to Hold. **Ownership Changes:** Bullish. Multiple firms increased holdings, including Ergoteles LLC, Advisors, Inc., Geode Capital Management, Zurich, Peoples Financial Services, and LP. Williams Inc. sold shares. **Demand Trends:** Bullish. Growing GPU demand noted. **Price Action:** NVDA opened at $490.97."
2024-01-08,48,"**Revenue Growth:** Bullish. Nvidia reported a 205.5% YoY increase in quarterly revenue, significantly beating expectations.

**Analyst Actions:** Mixed. KeyCorp downgraded NVDA’s target price to $650 from $750, while Sanford C. Bernstein upgraded it to $700 from $675. Net tilt slightly bearish.

**Product Launches:** Bullish. NVDA announced multiple new AI chips and enhancements, including China-focused AI chips launching Q2 2024 and new desktop chips.

**Partnerships:** Bullish. NVDA expanded partnerships with Amgen, Ansys, Pebble, Genentech, Deepcell, and Getty Images, indicating strong demand and adoption.

**Stock Performance:** Bullish. NVDA stock hit record highs, closing at $490.97 and rising up to 5%.

**Insider Activity:** Bearish. Director Mark A. Stevens sold 10,400 shares, while some institutions reduced holdings.

**Net Tilt:** Bullish. Positive product launches and partnerships outweighed the downgrade and insider selling."
2024-01-09,34,"**Bullish Signals:**
- **Price Target Upgrades:** JPMorgan ($650→$650), Bank of America ($650→$700), UBS ($560→$580), Truist Financial ($668→$674).
- **Earnings Beat:** Q4 EPS $4.02 vs. $3.36 consensus.
- **Stock Performance:** Gained 240% in 2023, hit record highs multiple times.
- **Product Launches:** New graphics chips, AI image tool with Getty Images.
- **Partnerships:** Li Auto, generative AI by NVIDIA.

**Bearish Signals:**
- **Insider Sales:** EVP Debora Shoquist sold 20,000 shares, Director Dawn E. Hudson sold 1,000 shares.
- **Position Trimming:** Cigna Investments Inc., D. trimmed positions.

**Net Tilt:** Bullish due to strong upgrades, earnings beat, and product launches outweighing minor insider sales and position trims."
2024-01-10,29,"**Earnings:** Bullish. Nvidia beat Q1 estimates, signaling strong financial performance.

**Price Target Upgrades:** Bullish. Mizuho upgraded target from $590 to $625; Goldman Sachs raised from $605 to $625.

**Product Launches:** Bullish. Nvidia rolled out AI chips for China and unveiled new consumer AI chips and graphics cards.

**Partnerships:** Bullish. Nvidia is collaborating with Amgen and setting up AI data centers in India.

**Stock Performance:** Bullish. Nvidia hit a new all-time high and saw steady gains over the quarter.

**Analyst Ratings:** Neutral. Piper Sandler and Susquehanna reaffirmed positive ratings with $620 and $625 targets respectively.

**Institutional Ownership:** Bullish. Morgan Stanley, Me, Ergoteles LLC, and Zurich increased stakes; Heirloom Wealth Management and LLC added positions.

**Insider Sales:** Bearish. Donald F. Robertson, Jr. and John Dabiri sold shares, indicating potential near-term caution.

**Net Tilt:** Strongly Bullish. Positive signals from earnings, upgrades, product launches, and institutional buying outweigh minor insider selling concerns."
2024-01-11,32,"**Price Target Adjustments:** Bearish (KeyCorp downgrades from $750 to $650); Bullish (TD Cowen upgrades from $600 to $700, Wells Fargo from $600 to $675, Morgan Stanley from $600 to $603); Bearish (Citigroup downgrades from $630 to $575).

**Analyst Ratings:** Neutral (Oppenheimer reaffirms ""outperform"" at $650, Stifel Nicolaus reissues ""buy"" at $600); Bearish (Edward Jones downgrades from ""buy"" to ""hold"").

**Revenue Guidance:** Bullish (NVIDIA aims to boost AI chip sales).

**Earnings Surprise:** Bullish (expected EPS of $4.49).

**Product Launches/Collaborations:** Bullish (GeForce NOW expansion, new games, Japanese market entry, Leapmotor partnership, Mercedes collaboration, $1B AI chip deal).

**Ownership Changes:** Mixed (multiple buys and sells by various institutions).

**Net Tilt:** **Bullish**, driven by positive revenue guidance, product launches, and multiple upgrades despite some downgrades."
2024-01-12,12,"**Bullish Signals:**
- **Price Target Upgrades:** JPMorgan Chase & Co., BMO Capital Markets, and Sanford C. Bernstein all upgraded NVDA’s target price to $650.00, $650.00, and $700.00 respectively.
- **Ownership Increase:** Barclays PLC increased its stake by 55.7% in Q2.
- **Stake Acquisition:** Stratos Wealth Partners LTD. purchased 19,680 shares.

**Bearish Signals:**
- **Insider Sales:** EVP Debora Shoquist and Director Dawn E. Hudson sold shares on Jan 8 and Dec 15 respectively.
- **Position Decreases:** Stonegate Investment Group LLC and another LLC reduced their positions.

**Net Tilt:** Mixed, but slightly bullish due to multiple price target upgrades and significant stake increases outweighing insider sales and position reductions."
2024-01-13,1,"**Partnership Announcement:** Bullish. Ansys and NVIDIA have announced a partnership, likely enhancing NVIDIA’s ecosystem and expanding its reach into simulation and engineering software markets. This could drive future revenue growth and strengthen NVIDIA’s competitive position.

**Net Tilt:** Bullish."
2024-01-14,45,"**Analyst Actions:** Bullish (NET). Wells Fargo, TD Cowen, Mizuho, UBS, and Goldman Sachs upgraded price targets; Citigroup and KeyCorp downgraded. Edward Jones downgraded from Buy to Hold.

**Insider Activity:** Bearish. Directors Mark A. Stevens, John Dabiri, and Donald F. Robertson, Jr. sold shares.

**Institutional Ownership:** Mixed. Multiple institutions increased holdings, while others decreased positions.

**Earnings Estimate:** Neutral. Analysts expect EPS of $11.08 for FY.

**Net Tilt:** Bullish."
2024-01-15,14,"**Price Target Upgrade:** Bullish; Bank of America upgraded NVDA’s price target from $650 to $700.

**Government Actions:** Bearish; US bans NVIDIA AI chips.

**Ownership Changes:** Mixed; Lp, Mirae Asset, and Forsta AP increased stakes, while Enterprise Development, De, Aurora, Kowal Investment Group, and others decreased stakes.

**Analyst Ratings:** Neutral; Stifel Nicolaus reaffirmed a “buy” rating with a $600 target.

**Chinese Demand:** Bullish; Chinese government bought NVIDIA chips.

**Dividend Announcement:** Neutral; NVDA announced a quarterly dividend.

**Net Tilt:** Net bearish due to US ban and mixed ownership trends."
2024-01-16,16,"**Net Tilt: Bullish**

**Price Target & Analyst Actions:**
- **Bullish:** KeyBanc upgraded NVDA to $740 from $680, maintaining an overweight rating.

**Insider Activity:**
- **Bearish:** Director Dawn E. Hudson sold 1,000 shares.
- **Bullish:** Barclays increased its position by 55.7%, and another LLC raised its stake by 303.4%.

**Stock Performance:**
- **Bullish:** NVDA gained 239% in 2023, rose 2%, and closed at $565.60 after jumping 3.4%.
- **Bearish:** Shares fell 0.2% to close at $547.10 on Friday.

**Partnerships & Ownership Changes:**
- **Bullish:** Swisscom partnered with NVDA; multiple firms increased holdings.
- **Bearish:** Canal Capital reduced its holdings.

**Net Signal:** Mixed signals but overall bullish due to strong price targets and increased institutional interest."
2024-01-17,25,"**Bullish Signals:**
- **Price Target Upgrades:** Wells Fargo raised target from $600 to $675; BMO raised from $600 to $650; Tigress Financial raised to $790.
- **Partnerships:** Swisscom cooperating with NVIDIA on AI solutions; Swisscom investing CHF 100 million.
- **Institutional Buying:** Vanguard, Verdence Capital Advisors, and WESPAC Advisors increased positions.
- **Stock Performance:** NVDA shares soared alongside AMD.

**Bearish Signals:**
- **Insider Sale:** Director Mark A. Stevens sold 36,000 shares.
- **Position Decreases:** Chatham Capital Group and Invesco reduced holdings.

**Net Tilt:** Bullish, driven by multiple upgrades and institutional buying, despite some insider selling and position reductions."
2024-01-18,31,"**Bullish Signals:**
- **Price Target Upgrades:** Tigress Financial ($790), KeyCorp ($740), Bank of America ($700), Sanford C. Bernstein ($700), JPMorgan Chase ($650).
- **Stock Performance:** NVDA gained over 228% in the last 12 months.
- **Ownership Increases:** Multiple institutions increased holdings/stakes in NVDA.
- **Analyst Ratings:** Oppenheimer and Needham reaffirmed positive ratings.

**Bearish Signals:**
- **Price Target Downgrade:** Citigroup lowered target from $630 to $575.
- **Stock Decrease:** NVDA opened at $560.53 on Thursday.
- **Ownership Decreases:** Some institutions reduced holdings in NVDA.

**Net Tilt:** Bullish, with multiple upgrades and strong performance outweighing the single downgrade."
2024-01-19,14,"**Bullish Signals:**
- Raymond James upgrades NVDA to $700 from $600.
- NVDA stock hits record highs, up 1.9% and over 2%.
- Multiple firms maintain positive ratings: Piper Sandler ($620 target), Stifel Nicolaus ($600 target), Raymond James maintains Strong Buy.
- Institutional investors increase holdings: Ifm Investors, Rockland Trust, Punch & Associates.

**Bearish Signals:**
- Edward Jones downgrades NVDA to Hold from Buy.
- Nvidia’s market share declines.
- Insider sale of $19.69M by a director.

**Net Tilt:** Mixed, but slightly **Bullish** due to multiple price target upgrades and strong institutional support despite market share concerns and insider selling."
2024-01-20,14,"**Bullish Signals:**
- BMO Capital Markets upgraded NVDA’s target price from $600 to $650.
- Goldman Sachs raised its target price from $605 to $625.
- Meta plans to buy NVDA’s AI chips.
- LLC bought a new stake in NVDA in Q3.
- Private Wealth Management invested $71,000 in NVDA.
- NVDA stock gained 4.2%.

**Bearish Signals:**
- Director Dawn E. Hudson sold 1,000 shares.
- Multiple firms decreased holdings: Grandview Asset Management, TD Asset Management, Inc., and CJM Wealth Advisers.

**Net Tilt:** Bullish, with strong analyst upgrades and strategic business interest outweighing insider sales and ownership decreases."
2024-01-21,17,"**Bullish Signals:**
- **Price Target Upgrades:** TD Cowen raised PT from $600 to $700; KeyCorp from $650 to $740; Truist from $668 to $674.
- **Analyst Reiteration:** Susquehanna reissued positive rating with $625 PT.
- **Institutional Buying:** Morgan Stanley, Barclays, and Geode Capital increased holdings.
- **Partnerships:** Nvidia-Recursion partnership announced; Nvidia to invest $50M in Recursion.
- **Stock Performance:** Shares up 24% YTD.

**Bearish Signals:**
- **Insider Sales:** Directors Mark A. Stevens and John Dabiri sold shares.
- **Institutional Selling:** Eads & Heald, Cable Hill Partners, and Lee Danner & Bass reduced positions.

**Net Tilt:** Bullish, due to multiple upgrades and institutional buying outweighing insider sales."
2024-01-22,31,"**Bullish Signals:**
- **Earnings:** NVDA earnings soared 593%, with data-center sales jumping 279%.
- **Analyst Upgrades:** Cantor Fitzgerald initiated coverage at Overweight; Raymond James raised PT to $700 from $600; JPMorgan raised PT to $650 from $600.
- **Ownership Increases:** Multiple firms increased holdings, including Zurich (+84,165.9%) and Bordeaux Wealth Advisors (+350%).

**Bearish Signals:**
- **Business Contract Termination:** Western Digital ousted NVDA.
- **Ownership Decreases:** Patten & Patten Inc., West Bancorporation Inc., Bordeaux Wealth Advisors LLC, and Sandy Spring Bank reduced stakes.

**Net Tilt:** Bullish, driven by strong earnings and multiple analyst upgrades."
2024-01-23,10,"**Analyst Actions:** Bullish (Overweight initiated by Cantor Fitzgerald, PT upgraded by CFRA to $700 and Bernstein to $700, but downgraded by Citigroup to $575). **Ownership Changes:** Bullish (First Citizens Bank & Trust Co., LP, and Morgan Stanley increased stakes). **Stock Performance:** Bullish (Nvidia stocks reached new highs). **Partnership:** Neutral (Allxon collaboration with NVIDIA). Net Tilt: **Bullish**."
2024-01-24,14,"**Price Target Upgrades:** Bullish. Tigress Financial upgraded NVDA’s price target from $560 to $790; KeyCorp from $650 to $740; TD Cowen from $600 to $700.

**Insider Sell:** Bearish. Director Mark A. Stevens sold 36,000 shares on Jan 12th.

**Partnership:** Bullish. Nvidia and Equinix teamed up.

**Ownership Increases:** Bullish. Llc increased stake by 17.3% in Q3; Barclays increased by 55.7% in Q2.

**Stock Performance:** Mixed. NVDA stock opened at $598.73, up 0.4%.

**Stake Acquisitions:** Bullish. Multiple firms bought NVDA shares: Llc, First Citizens Bank, and Blue Bell Private Wealth Management.

**Net Tilt:** Bullish. Positive analyst upgrades and stake increases outweigh the insider sell."
2024-01-25,14,"**Equinix Partnership:** Bullish; strategic partnership with Equinix enhances data center capabilities.

**Ownership Increases:** Bullish; multiple firms increased holdings (First Interstate Bank +1.3%, Management +4.7%, Geode Capital +3.0%, Ifm Investors +4.9%, Morgan Stanley +20.2%, Peoples Financial Services).

**Ownership Decreases:** Bearish; some firms reduced positions (Llc, Adirondack Trust Co., Lp).

**Analyst Ratings:** Neutral; Oppenheimer maintained ""outperform"" with $650 PT, Susquehanna maintained ""positive"" with $625 PT.

**Price Target Upgrade:** Bullish; Morgan Stanley raised PT from $600 to $603.

**Net Tilt:** Bullish; significant ownership increases outweigh minor decreases."
2024-01-26,17,"**Raymond James upgraded NVDA’s price target from $600 to $700 (Bullish)**. **Stock surged 200% recently but fell $6.85 to $609.32 intra-day (Bearish)**. **Director Dawn E. Hudson sold 1,000 shares (Bearish)**. **Several institutions increased holdings (Bullish): Bank up 28.9%, FSB up 23.4%, Ergoteles LLC new stake, Zurich up 84,165.9%**. **Iron Financial and Primoris Wealth Advisors reduced stakes (Bearish)**. **Analysts Piper Sandler and Needham reaffirmed positive ratings ($620 and $600 targets respectively, Neutral)**. **Truist Financial raised target from $668 to $674 (Bullish)**. **Net tilt: Mixed, with significant institutional buying offsetting insider sales and recent price drop**."
2024-01-27,26,"**KeyCorp upgraded NVDA’s price target to $740 from $650 (Bullish)**. Edward Jones downgraded NVDA from ""Buy"" to ""Hold"" (Bearish). Insiders Donald F. Robertson, Jr., Mark A. Stevens, and John Dabiri sold shares (Bearish). Multiple institutions increased holdings significantly (Bullish): Llc (+160,446.3%), Barclays (+55.7%), Co (+350.0%), Llc (+2.6%), Lp (+16.4%), Brokerage Inc. (+44.2%), Enterprise Financial Services Corp (+5.8%). Some institutions decreased stakes (Bearish): Mainstreet Investment Advisors LLC, Byrne Asset Management LLC, Wright Investors Service Inc., WT Asset Management Ltd. New investors acquired shares (Bullish): Enterprise Financial Services Corp, Covenant Asset Management LLC, Lattice Capital, Teacher Retirement System of Texas, Allworth Financial LP, Parametrica Management Ltd. **Net Tilt: Mixed, but slightly Bullish due to significant institutional buying and upgrades.**"
2024-01-28,7,"**Bullish Signals:**
- **Price Target Upgrade:** Tigress Financial raised NVDA’s target price from $560.00 to $790.00.
- **Increased Ownership:** Multiple institutions increased stakes: Co grew position by 350%, Berkshire Bank by 1.0%, and LP initiated a new stake.
- **Analyst Reiteration:** Wedbush and Stifel Nicolaus both reissued positive ratings with $600.00 price targets.

**Net Tilt:** Bullish."
2024-01-29,15,"**Product Launches:** Bullish. Equinix and Nvidia launched a private cloud service and a managed AI service, expanding their market reach.

**Revenue Volume:** Bullish. Nvidia is selling more capable chips, indicating strong demand.

**Institutional Ownership:** Mixed. Morgan Stanley increased its stake by 20.2%, while other firms like Stonehage Fleming and Daiwa Securities sold shares. Net tilt slightly bullish due to larger stake increase.

**Analyst Ratings:** Neutral. Cantor Fitzgerald reiterated an ""Overweight"" rating without changing the price target.

**Earnings Estimate:** Neutral. No specific earnings beat/miss mentioned, just inclusion in Zacks Earnings Preview."
2024-01-30,13,"**Bullish Signals:**
- **Price Target Upgrades:** TD Cowen upgraded NVDA’s price target from $600 to $700; Mizuho raised it from $590 to $625; Goldman Sachs lifted it from $605 to $625.
- **Increased Ownership:** Llp increased holdings by 92.6%, Zurich boosted position by 84,165.9%, and UT increased stake by 2.8%.
- **Analyst Reaffirmation:** Piper Sandler reaffirmed an overweight rating with a $620 target.

**Bearish Signals:**
- **Decreased Ownership:** Cullen Frost Bankers Inc. reduced position by 0.7%; Banque Pictet & Cie SA sold 7,202 shares.

**Net Tilt:** Bullish due to multiple upgrades and significant increases in ownership outweighing minor decreases."
2024-01-31,28,"**Bullish Signals:**
- **Earnings:** Nvidia doubles earnings (beat).
- **Analyst Upgrades:** Raymond James upgraded price target from $600 to $700; JPMorgan upgraded from $600 to $650.
- **Product Launch:** MSI unveils AI-driven gaming desktops with Nvidia.
- **Partnerships:** Singtel partners with Nvidia; expanding sovereign AI in Southeast Asia.
- **Demand:** Growing demand for Nvidia chips.
- **Ownership Increases:** Multiple firms increased holdings/stakes in NVDA.

**Bearish Signals:**
- **Stock Performance:** Shares falling amid broader market concerns; insider sell by director.
- **Ownership Decreases:** Asahi Life and CPAs sold NVDA shares.

**Net Tilt:** Bullish, driven by strong earnings, multiple upgrades, and strategic partnerships, despite some ownership decreases."
2024-02-01,23,"**Government Ban:** US government bans NVIDIA’s H800 (Bearish).

**Insider Activity:** Director Dawn E. Hudson sold 1,000 shares (Bearish).

**Stock Performance:** NVDA hits new 12-month high at $633.00; later falls 3% (Mixed).

**Market Entry & Product:** Enters China’s AI chip market; producing new AI (Bullish).

**Ownership Changes:** Multiple firms increase stakes; Tokio Marine, others decrease (Mixed).

**Analyst Actions:** Oppenheimer reaffirms “outperform” with $650 price target; Truist raises target to $674 (Bullish).

**Competition:** Google battles NVIDIA for AI chip market share (Bearish).

Net Tilt: **Mixed**, but slightly **Bullish** due to new highs and increased stake positions."
2024-02-02,19,"**Bullish Signals:**
- **Price Target Upgrades:** Tigress Financial raised PT to $790 from $560; KeyCorp to $740 from $650; BofA to $800 from $700.
- **Product Launch:** RTX 3050 launched quietly.
- **Stock Performance:** NVDA hit record highs.
- **Institutional Ownership Increase:** Vanguard, Stoneridge, and Oversea CHINESE BANKING Corp increased stakes.

**Bearish Signals:**
- **Institutional Ownership Decrease:** Ma, Icici Prudential, Vance Wealth, Berger Financial sold shares.

**Net Tilt:** Bullish due to multiple upgrades and product launches outweighing ownership decreases."
2024-02-03,12,"**Raymond James upgraded NVDA’s target price from $600 to $700 (Bullish)**. **Mizuho raised their target from $590 to $625 (Bullish)**. **NVIDIA gained significant market share (Bullish)**. **Director Mark A. Stevens sold 10,400 shares (Bearish)**. **Zurich and Barclays increased their positions by 84,165.9% and 55.7%, respectively (Bullish)**. **Cantor Fitzgerald maintained an “overweight” rating with a $775 target (Bullish)**. **Analysts predict EPS of 11.07 for FY (Neutral)**. **Net Tilt: Bullish**."
2024-02-04,12,"**Ownership Trends:** Bullish. Multiple firms increased stakes in NVDA, including Inc. (+15.4%), Llc (+44.1%), Morgan Stanley (+20.2%), and Ifm Investors (+4.9%). New positions were taken by Llp and Ergoteles LLC. However, some firms sold shares, such as Pinnacle Financial Partners and Q3 Asset Management.

**Analyst Actions:** Neutral. Susquehanna maintained a “positive” rating with a $625 price target.

**Other Acquisitions:** Bullish. Lipe & Dalton purchased NVDA shares, and an unnamed firm invested $211,000."
2024-02-05,25,"**Bullish Signals:**
- **Price Target Upgrade:** Goldman Sachs raised NVDA’s price target to $800 from $625.
- **Earnings Estimate Upgrade:** Year 2025-2026 earnings estimates increased.
- **Government Contract:** Canada signed a letter of intent with NVIDIA.
- **Stock Performance:** NVDA shares rose premarket, rallied to record highs, and gained 43%.
- **Ownership Increase:** Multiple firms increased their positions in NVDA.

**Bearish Signals:**
- **Ownership Decrease:** Two firms sold NVDA shares.

**Net Tilt:** Bullish due to multiple upgrades and positive performance outweighing minor ownership decreases."
2024-02-06,21,"**Earnings & PT Upgrade:** Goldman Sachs upgraded NVDA’s EPS estimates and raised the price target to an all-time high, signaling bullish sentiment.

**Product Launch:** Bullish; RTX 4050 GPU launched in India, expanding market reach.

**Stock Movement:** Mixed; NVDA stock dropped 2.3% despite strong year-to-date gains (+39%).

**Insider Activity:** Bearish; Director Dawn E. Hudson sold 1,000 shares.

**Partnerships:** Bullish; Cisco teamed up with NVDA, enhancing strategic positioning.

**Ownership Changes:** Net bullish; multiple firms increased stakes (Sa, Renaissance Technologies, Charles Schwab, Barclays), while Tesla and another firm reduced stakes.

NET TILT: **Bullish**."
2024-02-07,27,"**Bullish Signals:**
- **Price Target Upgrades:** Morgan Stanley raised PT from $603 to $750; Sanford C. Bernstein from $675 to $700; Tigress Financial from $560 to $790.
- **Revenue Growth:** Revenue has grown steadily.
- **Stock Performance:** NVDA reached record high, gained 26% over last month, and edged up.
- **Partnerships:** Nvidia teams up with Singtel.
- **Ownership Increases:** Multiple firms increased holdings.

**Bearish Signals:**
- **Stock Decline:** NVDA closed down 1.6% at $682.23.
- **Ownership Decreases:** Several firms reduced positions.

**Net Tilt:** Bullish, due to multiple price target upgrades and strong revenue growth outweighing minor stock decline and ownership reductions."
2024-02-08,19,"**Revenue and Earnings Growth:** Bullish. Nvidia reported strong revenue and earnings growth over the past year.

**Price Target Upgrades:** Bullish. Morgan Stanley upgraded NVDA’s price target from $603 to $750. Cantor Fitzgerald set a $775 price target, while Susquehanna and Piper Sandler maintained positive ratings with targets of $625 and $620, respectively.

**Analyst Downgrade:** Bearish. Edward Jones downgraded NVDA from Buy to Hold.

**Partnerships:** Bullish. Multiple partnerships announced with Cisco, NoTraffic, Rogers Communications, and Equinix.

**Ownership Changes:** Mixed. Morgan Stanley and several other firms increased holdings, while Factory Mutual Insurance and others reduced positions.

**Stock Performance:** Mixed. NVDA stock gained 2.7% but closed down 0.3%."
2024-02-09,22,"**Revenue Growth:** Bullish. Nvidia’s sales forecasted to rise 119% YoY.

**Price Target Upgrades:** Bullish. Goldman Sachs upgraded price target from $625 to $800; KeyCorp from $650 to $740.

**Partnerships & Contracts:** Bullish. Tesla to use Nvidia AI chips; Nvidia collaborates with Cisco and Microsoft, White House.

**Ownership Increases:** Bullish. Multiple firms increased stakes, including Ifm Investors (+4.9%), Charles Schwab (+1.1%), Renaissance Technologies (+5804%), and others.

**Ownership Decreases:** Bearish. Some firms decreased holdings, like Southstate Corp and Bank of Marin.

**Stock Performance:** Mixed. Nvidia stock climbed to a fresh high but opened at $696.41 on Friday.

**Net Tilt:** Bullish. Positive signals outweigh negative ones."
2024-02-10,14,"**Analyst Upgrades:** Raymond James raised NVDA’s target price to $700 from $600; Morgan Stanley boosted it to $750 from an unspecified previous level (both bullish).

**Ownership Changes:** Multiple firms increased stakes (Llc, Inc., Symphony Financial, Zevin Asset Management) while some reduced stakes (German American Bancorp Inc., Ny, Llp). Net ownership tilt is slightly positive (bullish).

**Stock Price:** NVDA opened at $721.33 on Friday.

**Net Tilt:** Bullish due to strong analyst upgrades and slight net positive ownership changes."
2024-02-11,14,"**Ownership Trends:** Bullish. Multiple firms increased stakes: Sa, Geode Capital, Morgan Stanley, Qsemble Capital, and Marco Investment Management. However, Motco and Vaughan David Investments sold shares.

**Analyst Actions:** Neutral. Cantor Fitzgerald maintained an ""overweight"" rating with a $775 price target. Analysts set a consensus price target of $616.35.

**Earnings Outlook:** Bullish. Analysts predict EPS of $11.09 for the current year.

**Net Tilt:** Slightly Bullish due to significant stake increases outweighing sales."
2024-02-12,22,"**Revenue Growth:** Bullish. Nvidia reported Q4 revenue of $45 billion, up from $26 billion in FY2023.

**Product Launches:** Bullish. Nvidia is launching a custom cloud chip and the Ada Generation GPU.

**Stock Performance:** Bullish. NVDA stock surged 46.5%, hitting a new 12-month high of $726.20.

**Investor Sentiment:** Mixed. Multiple firms increased holdings (Beamr, Trillium Asset Management, Renaissance Technologies, Ifm Investors, Charles Schwab), while others decreased (Oppenheimer).

**Analyst Ratings:** Neutral. Stifel Nicolaus reaffirmed a ""buy"" rating with a $600 price target.

**Earnings Preview:** Neutral. Nvidia’s Q4 results are scheduled for February 21st.

**Net Tilt:** Bullish. Revenue growth, product launches, and strong stock performance outweigh mixed investor sentiment."
2024-02-13,29,"**Bullish Signals:**
- **Price Target Upgrades:** UBS raised PT to $850 (from $580), Mizuho to $825 (from $625), Morgan Stanley to $750 (from $603).
- **Product Launches:** New AI chip unit and AI chatbot 'Chat' launched.
- **Partnerships:** Collaborations with Microsoft and Cisco.
- **Ownership Increases:** Barclays, Ergoteles, Mirae Asset, and Llc increased holdings.

**Bearish Signals:**
- **Rating Downgrade:** Edward Jones cut NVIDIA from Buy to Hold.
- **Stock Performance:** Fell more than 3% Tuesday, post-earnings drop expected.

**Neutral Signals:**
- **Earnings Preview:** Earnings report on Feb. 20.
- **Rating Reaffirmation:** Cantor Fitzgerald, Piper Sandler, and Wedbush maintained ratings.

**Net Tilt:** Bullish, driven by multiple upgrades and product launches, despite some bearish sentiment."
2024-02-14,29,"**Bullish Signals:**
- **Price Target Upgrade:** UBS upgraded NVDA’s price target from $580 to $850.
- **Product Launches:** NVDA released “Chat with” and previewed an on-device chatbot.
- **Partnerships:** NVDA partnered with Beamr and SoftBank.
- **Ownership Increases:** Multiple institutions (Sa, Peoples Financial Services, Vanguard, Northern Trust, Argent Trust, Ma, Morgan Stanley, Geode Capital) increased stakes.

**Bearish Signals:**
- **Acquisition Failure:** NVDA’s $40B bid for Arm was unsuccessful.
- **Ownership Decreases:** Barometer Capital, Parnassus Investments, Atria Wealth Solutions, Journey Strategic Wealth, and another unnamed entity reduced stakes.

**Neutral Signals:**
- **Analyst Reaffirmation:** Cantor Fitzgerald reaffirmed an overweight rating with a $775 price target.
- **Earnings Guidance:** Analysts forecast EPS of $11.09 for the current fiscal year.

**Net Tilt:** Bullish, driven by significant price target upgrades and multiple institutional increases in stake, despite some ownership reductions."
2024-02-15,18,"**Analyst Ratings & Price Targets:** Bullish. Susquehanna upgraded NVDA to a Buy, raising the price target from $625 to $850. Loop Capital also initiated coverage with a Buy rating.

**Ownership Changes:** Mixed. Multiple firms increased holdings (Guardian Capital, Gabelli Funds, Renaissance Technologies, Management), while Greencape Capital reduced its stake. 

**Stock Performance:** Bullish. NVDA stock surged 49% today, opening at $739.00.

**Strategic Investments:** Bullish. NVDA took a stake in SoundHound AI and has stakes in Arm.

**Net Tilt:** Bullish."
2024-02-16,37,"**Bullish Signals:**
- **Analyst Upgrades:** Loop Capital initiates coverage with a Buy rating; Wedbush, Oppenheimer, Goldman Sachs, Morgan Stanley, Piper Sandler, Barclays, and Wells Fargo raise price targets to $800-$850.
- **Revenue Guidance & Growth:** Nvidia anticipates net income and sales growth; Q3 FY23 revenue was record-high.
- **Stock Performance:** NVDA stock surged 219% in one year and 47% YTD.
- **Partnerships & Acquisitions:** Keysight Technologies collaborates with Nvidia; Amazon boosts investments; Nvidia acquires stake in Nano-X Imaging.
- **Ownership Increases:** Multiple firms increase holdings.

**Bearish Signals:**
- **Insider Sell:** Director John Dabiri sold shares.
- **Ownership Decrease:** Holistic Financial Partners lowered stake.

**Neutral Signals:**
- **Earnings Release:** NVDA to report Q4 results on Feb 21.

**Net Tilt:** Bullish due to multiple analyst upgrades, strong revenue guidance, and significant stock performance."
2024-02-17,20,"**Bullish Signals:**
- **Price Target Upgrades:** UBS raised target from $580 to $850; Wedbush from $600 to $800; Mizuho from $625 to $825; Piper Sandler to $850.
- **EPS Estimate Upgrade:** Q2 2025 EPS estimates lifted by Zacks.
- **Product Launch:** Nvidia revealed new Eos supercomputer.
- **Ownership Increases:** Peoples Financial Services, Geode Capital, Morgan Stanley, Northern Trust all increased stakes.

**Bearish Signals:**
- **Rating Cut:** Edward Jones downgraded from Buy to Hold.
- **Ownership Decrease:** Howe & Rusling Inc sold shares.

**Net Tilt:** Bullish, with strong upgrades and product news outweighing the single downgrade."
2024-02-18,9,"**Bullish Signals:**
- Susquehanna upgraded NVDA’s price target from $625 to $850.
- Wells Fargo upgraded NVDA’s price target from $675 to $840.
- Vanguard, Llc, Pllc, and Inc. increased their stakes in NVDA.

**Bearish Signals:**
- Tn sold 148 shares of NVDA.

**Net Tilt:** Bullish

Evidence points to strong analyst upgrades and significant stake increases, outweighing the minor sell action."
2024-02-19,16,"**Bullish Signals:**
- **Price Target Upgrades:** Oppenheimer raised PT to $850 from $650; Stifel raised PT to $865; HSBC raised PT to $835 from $800.
- **Product Launch:** Nvidia launched an AI chatbot.
- **Ownership Increases:** Renaissance Technologies LLC increased holdings by 58,042.4%, Barclays increased by 55.7%, Bank increased by 28.9%, and Llp purchased a new stake.
- **Stock Gain:** Shares are increasing.

**Bearish Signals:**
- **Ownership Decreases:** Sonen Capital LLC sold shares, Navellier & Associates Inc. reduced position by 10.7%.

**Net Tilt:** Bullish due to multiple price target upgrades and significant ownership increases outweighing minor decreases."
2024-02-20,53,"**Bullish Signals:**
- **Earnings & Revenue Growth:** NVDA reports 270% profit growth and $18.12B revenue, up 206% Y/Y. Analysts expect robust Q4 growth.
- **Analyst Upgrades:** Bank of America, Piper Sandler, Baird, and Raymond James upgraded NVDA, raising targets to $850-$1,050.
- **Share Performance:** NVDA’s shares are up 400% YTD and 218% over the last year.

**Bearish Signals:**
- **Earnings Disappointment:** NVDA earnings miss expectations.
- **Stock Decline:** NVDA stock drops 6.5% intraday, with a 5.7% fall in the morning, heading for its worst day since 2022.
- **Market Share Loss:** NVDA has lost market share.

**Net Tilt:** Mixed signals suggest caution; while strong financials and upgrades support a positive outlook, recent earnings disappointment and significant stock decline indicate potential risks."
2024-02-21,111,"**Revenue & Earnings:**
- **Bullish:** Q4 data center revenue $18.4B (+409% YoY), full-year revenue up 21%, Q4 GAAP EPS $5.16 (beats by $0.52), Q1 guidance above estimates ($24B vs $22B consensus).
- **Bearish:** Nvidia partner Vertiv drops due to weak sales and guidance.

**Analyst Actions:**
- **Bullish:** Goldman Sachs, Mizuho, and Wedbush upgraded price targets to $800, $825, and $800 respectively from lower levels.

**Catalysts:**
- **Bullish:** $25B stock buyback program, RTX 4800 chip launch, B100 AI system launch planned.
- **Bearish:** Potential acquisition of Arm Holdings for $40B.

**Net Tilt:** Bullish."
2024-02-22,167,"**Earnings & Revenue:** Bullish. Q4 EBIT surged to $11.73B vs. $1.26B, EPS up 765%, revenues up 265% to $22.1B, beating expectations. Data center revenue jumped 217%.

**Analyst Actions:** Bullish. Bernstein, UBS, Citi upgraded to Buy; Keybanc, Susquehanna, Citigroup, Bernstein, Jefferies, Truist, Td Cowen, KGI, Exane, BofA, Morgan Stanley, CFRA raised price targets.

**Capex & Guidance:** Mixed. Capex down to $300M from $509M, but revenue guidance positive.

**Partnerships & Catalysts:** Bullish. Nvidia partnered with Google to enhance AI platforms.

**Regional Performance:** Bearish. China sales declined.

**Net Tilt:** Strongly Bullish."
2024-02-23,51,"**Bullish Signals:**
- **Price Target Upgrades:** Multiple firms upgraded NVDA’s price targets significantly (e.g., Deutsche Bank to $720, Needham to $850).
- **Operating Margin Improvement:** NVDA reported a substantial increase in operating margins in fiscal 2024.
- **Analyst Upgrades:** Several analysts raised ratings and targets (e.g., Stifel Nicolaus to $910, KeyCorp to $1,100).
- **Stock Surge:** NVDA shares surged post-earnings, reaching record highs over $277 billion.
- **Partnerships:** NVDA formed key partnerships, including with Sony and TSMC.

**Bearish Signals:**
- **Downgrade:** Edward Jones downgraded NVDA from Buy to Hold.
- **Insider Sell:** Donald F. Robertson, Jr. sold 450 shares.
- **Ownership Decrease:** Claret Asset Management and BNP Paribas reduced holdings.

**Net Tilt:** Bullish, driven by strong analyst upgrades and stock performance, despite some minor bearish signals."
2024-02-24,14,"**Bullish Signals:**
- **Price Target Upgrades:** Oppenheimer ($650 → $850), Goldman Sachs ($800 → $875), JPMorgan ($650 → $850), Jefferies ($780), Mizuho ($825 → $850).
- **Partnerships:** Microsoft and Nvidia join forces; Nvidia teams with OpenAI on humanoid robots.
- **Investments:** Nvidia and Microsoft investing together.
- **Increased Ownership:** Guardian Capital Advisors LP, LLC, and Inc. increased holdings significantly.

**Neutral Signals:**
- Morningstar expects continued revenue growth.
- Stock price soars above $788.
- Rathbones Group has a significant stake in NVDA.

**Net Tilt:** Strongly Bullish."
2024-02-25,11,"**Bullish Signals:**
- Sanford C. Bernstein upgraded NVDA’s target price from $700.00 to $1,000.00.
- Truist Financial raised target from $691.00 to $911.00.
- Td Cowen increased target from $700.00 to $900.00.
- Wedbush boosted target from $800.00 to $850.00.
- JPMorgan raised target to $850.00.
- NVDA stock jumped 201%.
- After-hours gain of 11.27%.
- Geode Capital and Renaissance Technologies significantly increased stakes.

**Bearish Signals:**
- Clearbridge Investments reduced position in NVDA.

**Net Tilt:** Bullish."
2024-02-26,42,"**Price Target Upgrades:** KeyCorp, Citigroup, Wolfe Research, Needham & Co., Piper Sandler, and HSBC all upgraded NVDA’s price targets, with KeyCorp raising to $1,100, Citigroup to $820, Wolfe Research to $900, Needham & Co. to $850, Piper Sandler to $850, and HSBC to $880. **Bullish**.

**Downgrade:** UBS downgraded NVDA’s price target from $850 to $800. **Bearish**.

**Product Releases:** NVDA launched two new graphics cards and partnered with Palo Alto Networks on 5G security solutions. **Bullish**.

**Partnerships:** Multiple partnerships announced with companies like ServiceNow, Nokia, and Telenor. **Bullish**.

**Insider Sell:** EVP Debora Shoquist sold 15,824 shares. **Bearish**.

**Ownership Changes:** Various firms increased holdings, while Jaffetilchin Investment Partners LLC decreased holdings. **Mixed**.

**Stock Performance:** NVDA shares rose significantly, gaining over 63% YTD and 16% recently. **Bullish**.

**Analyst Ratings:** Goldman Sachs reiterated a buy rating. **Bullish**.

**Net Tilt:** Strongly Bullish."
2024-02-27,23,"**Price Target Upgrades:** Bullish. Da Davidson raised target from $410 to $620; Susquehanna from $625 to $850; Morgan Stanley from $750 to $795; Stifel Nicolaus from $865 to $910.

**FTC Merger Block:** Bearish. FTC blocked the $40B Nvidia-Arm merger, a significant setback.

**Earnings Beat:** Bullish. Nvidia’s adjusted EPS rose, indicating strong financial performance.

**Product Launches:** Bullish. Nvidia launched a new laptop and unveiled initiatives with SoftBank and Microsoft.

**Stock Performance:** Bullish. Stock up 60% YTD and surged significantly recently.

**Insider Sell:** Bearish. Director Mark Stevens sold 35,648 shares.

**Analyst Actions:** Mixed. Oppenheimer reissued “outperform” but Connor Clark & Lunn decreased stake.

**Net Tilt:** Bullish, despite regulatory setbacks and insider selling, due to multiple upgrades and product launches."
2024-02-28,26,"**Revenue Surge:** Bullish. NVIDIA’s Q4 revenue surged 265.3% YoY.

**Price Target Upgrades:** Bullish. Multiple upgrades: Sanford C. Bernstein to $1,000, Jefferies to $780, Truist to $911, Craig Hallum to $850, Goldman Sachs to $875, Wedbush to $850, and Tigress Financial to $985.

**Product Launches:** Bullish. NVIDIA & ServiceNow introduced generative AI solutions.

**Insider Sales:** Bearish. Director Dawn E. Hudson sold $53M in stock.

**Stock Performance:** Mixed. Google and NVIDIA stocks slid, but NVDA only down 0.5%.

**Ownership Changes:** Neutral. Barclays, Morgan Stanley, and Peoples Financial increased stakes, while Ca and Mqs trimmed holdings.

**Dividend Announcement:** Neutral. Quarterly dividend announced for March 27th.

**Net Tilt:** Bullish. Revenue growth and multiple upgrades outweigh insider sales and minor stock declines."
2024-02-29,25,"**Bullish Signals:**
- **Price Target Upgrades:** KeyCorp raised PT to $1,100 from $740; JPMorgan to $850 from $650; Tigress Financial to $985 from $790.
- **Earnings Beat:** Q4 earnings exceeded expectations.
- **Stock Performance:** Shares up over 200% YTD; gained after AI solutions debut for telecoms.
- **Partnerships:** Multiple partnerships announced including with Microsoft, Servicenow, and Indosat.
- **Investments:** Nvidia invested in humanoid robots and other tech firms.

**Bearish Signals:**
- **Insider Sell:** Directors sold 99,000 shares.
- **Stock Dip:** Shares fell 1.3% on Wednesday.

**Net Tilt:** Bullish due to multiple upgrades and strong partnerships outweighing insider selling and minor dip."
2024-03-01,23,"**Bullish Signals:**
- **Earnings:** Exceeded expectations in Q4, reported solid fiscal Q3 results.
- **Analyst Upgrades:** Da Davidson, Susquehanna, Deutsche Bank, Bank of America, HSBC, Stifel Nicolaus, Mizuho upgraded price targets to $620, $850, $720, $925, $880, $910, $850 respectively.
- **Partnerships:** Equinix REIT partnership announced.
- **Investments:** Nvidia invested in voice-recognition software.
- **Ownership Increases:** Sa, Vanguard Group, Geode Capital Management, Renaissance Technologies, and LLC increased holdings.

**Bearish Signals:**
- **Downgrade:** UBS reduced price target to $800.
- **Executive Resignation:** Leadership issues noted.
- **Insider Sell:** Director Mark A. Stevens sold 5,000 shares.
- **Ownership Decrease:** Teza Capital Management cut position.

**Net Tilt:** Bullish, with strong analyst upgrades and positive earnings overshadowing minor downgrades and insider selling."
2024-03-02,15,"**Analyst Upgrades:** Bullish. Needham, Wolfe Research, Craig Hallum, and Piper Sandler upgraded NVDA with new targets of $850-$900.

**Ownership Changes:** Mixed. Northern Trust, Inc., and Peoples Financial Services increased holdings, while Algert Global, Tyler Stone Wealth Management, and others decreased stakes. Pointstate Capital bought shares.

**Stock Performance:** Bullish. NVDA gained 25% in February.

**Net Tilt:** Bullish. Analyst upgrades and strong performance outweigh ownership decreases."
2024-03-03,22,"**Bullish Signals:**
- **Price Target Upgrades:** KeyCorp, Citigroup, TD Cowen, Truist Financial, JPMorgan Chase, Tigress Financial, Wells Fargo, Morgan Stanley, and Wedbush all upgraded their price targets, with new ranges from $820-$1,100.
- **Increased Ownership:** Multiple firms increased holdings in NVDA, including Pllc (+50%), Co (+350%), Quadrature Capital, Bos Asset Management, First Business Financial Services, United Services Automobile Association, and Barclays (+55.7%).

**Bearish Signal:**
- **Ownership Decrease:** One firm cut its stake in NVDA.

**Neutral Signals:**
- **Dividend Announcement:** NVDA plans a quarterly dividend of $0.04.
- **EPS Estimate:** Analysts expect EPS of 21.77 for the current fiscal year.

**Net Tilt:** Bullish due to multiple price target upgrades and significant increases in ownership."
2024-03-04,9,"**Price Target Upgrade:** Deutsche Bank raised NVDA’s price target from $560.00 to $720.00 (Bullish).

**Stock Performance:** NVDA stock surged over 200% recently, with gains continuing today (+16%, +3.5%) (Bullish).

**Institutional Ownership:** Alberta Investment Management Corp holds significant NVDA holdings ($76.68M) (Neutral).

**Conference Participation:** NVDA presented at Morgan Stanley’s TMT Conference (Neutral).

**Net Tilt:** Strongly Bullish."
2024-03-05,12,"**Bullish Signals:**
- **Price Target Upgrades:** Jefferies upgraded from $610 to $780; CFRA from $840 to $1,000; Mizuho from $825 to $850; Cantor Fitzgerald set $900.
- **Stock Performance:** Shares up 72% YTD.
- **Product Launch:** New game release.
- **Partnerships:** Collaboration with Altcoin and OurCrowd.
- **Investment:** Nvidia invested in AI firm.
- **Supply Growth:** Supply growth noted.

**Bearish Signals:**
- **No Significant Negative News.**

**Net Tilt:** Bullish."
2024-03-06,4,"**Analyst Ratings & Credit Upgrade:** CICC initiates NVDA with ""Outperform,"" citing AI computing leadership (Bullish). Moody’s upgrades NVDA’s senior unsecured rating to Aa3 (Bullish).

**Partnerships:** OurCrowd partners with NVDA (Bullish).

**Net Tilt:** Bullish."
2024-03-07,21,"**Price Target Upgrades:** Sanford C. Bernstein upgraded NVDA’s price target to $1,000 from $700, Deutsche Bank to $720 from $560, Goldman Sachs to $875 from $800, HSBC to $880 from $835, and Mizuho to $1,000. **Bullish**.

**Price Target Downgrade:** UBS cut NVDA’s price target to $800 from $850. **Bearish**.

**Product Release:** Nvidia revealed new AI tools. **Bullish**.

**Insider Sales:** Two directors sold shares totaling $170 million. **Bearish**.

**Partnership:** HP teamed up with Nvidia. **Bullish**.

**Ownership Changes:** Multiple entities increased holdings, while some reduced positions. **Mixed**.

**Stock Performance:** NVDA rallied to record highs and traded up 3.2%. **Bullish**.

**Analyst Ratings:** Cantor Fitzgerald maintained an overweight rating. **Neutral**.

**Earnings Estimate:** Analysts predict EPS of 21.77 for the current year. **Bullish**.

**Net Tilt:** Bullish, despite mixed insider sales and ownership changes."
2024-03-08,4,"**Nvidia (NVDA) Daily Brief for 2024-03-08**

- **Stock Performance**: Shares initially soared (+ess0.47), but closed down (-5%) (bearish).
- **Analyst Actions**: No specific analyst upgrades or downgrades mentioned.
- **Ownership Changes**: Tepper slashed his position in NVDA (bearish).

**Net Tilt**: Bearish due to closing stock loss despite initial gains and significant ownership reduction.

Trader Action: **HOLD** until further clarity."
2024-03-09,10,"**Nvidia (NVDA) Daily Brief for 2024-03-09**

- **Stock Performance**: NVDA up 80% YTD but down 5.5% today.
- **Product Updates**: Launched GeForce Now; received a free upgrade.
- **Insider Activity**: Heavy insider selling; Peoples Financial Services CORP. increased stake by $30,000.
- **Financials**: Reported FY24 revenues of $60.9B; recent quarterly dividend announced.

**Net Tilt**: Mixed (Bullish on product & long-term performance; Bearish on short-term stock movement and insider selling).

A trader must weigh these conflicting signals carefully before deciding to BUY, SELL, or HOLD."
2024-03-10,7,"**Mizuho upgraded NVDA’s target price from $850.00 to $1,000.00 (Bullish)**. **Stifel Nicolaus raised their target from $865.00 to $910.00 (Bullish)**. **Authors sue NVDA over AI usage of copyrighted material (Bearish)**. **EVP Debora Shoquist sold 20,000 shares (Bearish)**. **Renaissance Technologies increased stake by 58,042.4% (Bullish)**. **Analysts expect EPS of 21.77 for the current year (Neutral)**. **Net Tilt: Bullish**."
2024-03-11,24,"**Net Tilt: Bullish**

**Analyst Actions & Price Targets:**
- **Bullish:** Bank of America upgraded to $925 (from $800), Goldman Sachs to $875 (from $800), Cantor Fitzgerald to $1,200, Morgan Stanley to $795 (from $750).
- **Bearish:** UBS downgraded to $800 (from $850).

**Stock Performance:**
- **Mixed:** Gained 4.4%, but also saw notable dips and slides post-Cantor Fitzgerald’s upgrade.

**Catalysts:**
- **Bullish:** Partnership with Servicenow, Hugging Face, and Micron; Mirae Asset Global Investments Co. Ltd. increased holdings by 6.8%.
- **Bearish:** Lawsuit by authors over unspecified issues; Silver Oak Securities Incorporated sold shares.

**Conference Call:** Scheduled next week."
2024-03-12,17,"**Bullish Signals:**
- **Price Target Upgrades:** Multiple firms upgraded NVDA’s price targets significantly: Da Davidson ($410 → $620), Needham ($600 → $850), Citigroup ($575 → $820), Piper Sandler ($620 → $850), Jefferies ($610 → $780), Tigress Financial ($790 → $985), and Wedbush ($800 → $850).
- **Stock Performance:** NVDA stock surged 5.5%, trading 5.1% higher, and has gained nearly 300% over the past year.
- **Collaboration:** NVDA announced a collaboration with Oracle.
- **Discount Promotion:** RTX 3090 gaming PC received a 35% discount.
- **Increased Ownership:** Polar Capital Holdings and Northern Trust Corp increased their stakes in NVDA.

**Bearish Signals:**
- None identified.

**Net Tilt:** Strongly Bullish."
2024-03-13,14,"**Bullish Signals:**
- **Price Target Upgrades:** Wolfe Research raised target from $630 to $900; JPMorgan from $650 to $850; BofA to $1,100.
- **Stock Surge:** Nvidia’s stock value soars.
- **Ownership Increase:** Inc. increased holdings by 2.5%.

**Bearish Signals:**
- **Share Decline:** Shares down, dropping 13% off March highs.
- **Insider Sell:** Director Mark A. Stevens sold 12,000 shares.
- **Product Price Cut:** GeForce RTX 40 SUPER GPUs experienced price drops.

**Net Tilt:** Mixed signals suggest caution; further analysis needed."
2024-03-14,31,"**Bullish Signals:**
- **Price Target Upgrades:** Sanford C. Bernstein ($1,000), TD Cowen ($900), Deutsche Bank ($720), Wedbush ($1,000), Mizuho ($1,000), Craig Hallum ($850), Goldman Sachs ($875), Morgan Stanley ($795).
- **Revenue Guidance:** Projected 3x Q1 revenue surge.
- **Analyst Opinions:** Nvidia shares could double.

**Bearish Signals:**
- **Price Target Downgrade:** UBS ($800).
- **Stock Performance:** Shares fell premarket (-4.2%), closed down 1.1%, and fell 2.7% overall.
- **Ownership Changes:** McAlister Sweet & Associates sold shares.

**Net Tilt:** Bullish, with strong upgrades and positive guidance outweighing minor downgrades and short-term performance dips."
2024-03-15,14,"**Bullish Signals:**
- **Price Target Upgrades:** KeyCorp raised PT from $740 to $1,100; HSBC from $835 to $880; Stifel Nicolaus from $865 to $910.
- **Revenue Growth:** Revenue expected to rise 81% this year.
- **Product Launch:** New AI chip unveiling imminent.
- **Partnership:** Nvidia and Supermicro partnership announced.
- **Ownership Increases:** Renaissance Technologies LLC, Llc, Barclays PLC, and Vanguard Group Inc. significantly increased stakes.

**Bearish Signals:**
- None identified.

**Net Tilt:** Strongly Bullish."
2024-03-16,13,"**Bullish Signals:**
- **Price Target Upgrades:** Multiple firms upgraded NVDA’s price targets significantly: Da Davidson ($410 → $620), Citigroup ($575 → $820), Susquehanna ($625 → $850), Jefferies ($610 → $780), Tigress Financial ($790 → $985), Wells Fargo ($675 → $840), and Wedbush ($800 → $850).
- **Institutional Buying:** Bank and Llp acquired new stakes in NVDA.

**Bearish Signals:**
- **Sanctions:** US sanctions on NVDA.
- **Insider Sell:** EVP Debora Shoquist sold 5,676 shares.
- **Position Decrease:** Harbor Capital Advisors Inc. reduced its position by 4.2%.

**Net Tilt:** Mixed signals with significant bullish analyst upgrades but bearish factors like sanctions and insider selling."
2024-03-17,15,"**Bullish Signals:**
- **Price Target Upgrades:** Piper Sandler ($620 → $850), Sanford C. Bernstein ($700 → $1,000), TD Cowen ($700 → $900), Bank of America ($800 → $925), Mizuho ($850 → $1,000).
- **Analyst Reaffirmation:** Cantor Fitzgerald maintained “overweight” with a $900 target.
- **Insider & Institutional Buys:** Vanguard Group, Peoples Financial Services CORP., and Partners increased holdings.

**Bearish Signals:**
- **Insider Sell:** Director Mark A. Stevens sold 12,000 shares.
- **Position Trim:** An unnamed company trimmed its position in NVDA.

**Neutral Signals:**
- **Earnings Estimate:** Analysts predict EPS of 21.77 for the current year.

**Net Tilt:** Bullish due to multiple upgrades and significant institutional buying outweighing minor insider selling."
2024-03-18,107,"**Bullish Signals:**
- **Price Target Upgrades:** Multiple firms upgraded price targets, with Truist raising to $1,177, Needham to $850, JPMorgan to $850, Deutsche Bank to $720, and others.
- **Revenue Growth:** Sales are soaring.
- **Product Launch:** Nvidia unveiled the Blackwell AI chip and other new GPUs.
- **Earnings Estimate Upgrade:** Zacks analysts increased earnings estimates.
- **Share Performance:** Shares surged 240% YTD.

**Bearish Signals:**
- None identified.

**Net Tilt:** Strongly Bullish."
2024-03-19,123,"**Revenue & Earnings:** Bullish. Data Center revenue surged 409% YOY; Q1 EPS estimates lifted.  
**Analyst Actions:** Mixed. Bernstein upgrades to Buy; UBS downgrades PT to $800 from $850. Wells Fargo, Goldman Sachs, and Susquehanna raise PTs to $970, $850, and $1,050 respectively.  
**Product Releases:** Bullish. Announced new super-fast AI chips, B200 Blackwell, and multiple AI-driven platforms/software.  
**Partnerships:** Bullish. Collaborations with Cognizant, Schneider Electric, and BNY Mellon.  
**Market Share:** Mixed. Gaining overall but expected to drop several percentage points.  
**Stock Performance:** Mixed. Up 79% YTD but dipped in pre-market.  
**Net Tilt:** Bullish."
2024-03-20,54,"**Bullish Signals:**
- **Analyst Upgrades:** JP Morgan upgraded to Buy; KeyCorp, Da Davidson, Jefferies, Oppenheimer, Citigroup, HSBC, Susquehanna, Mizuho, Bank of America, Goldman Sachs, Piper Sandler, and Argus all raised price targets significantly.
- **Stock Performance:** Nvidia stock soared 239% in 2023.
- **Product Launches:** Multiple new chip releases and collaborations with Check Point, MediaTek, Shutterstock, TSMC, Lenovo, Cloudera, Microsoft, Arcbest, and others.

**Bearish Signals:**
- **Insider Sell:** EVP Debora Shoquist sold 5,676 shares.

**Net Tilt:** Strongly Bullish."
2024-03-21,33,"**Revenue:** Bullish; Q1 2024 revenue up 265%, but fell short of expectations.  
**Analyst Actions:** Bullish; Benchmark upgraded to Buy; Sanford C. Bernstein, Needham, Td Cowen, JPMorgan, Deutsche Bank, and Morgan Stanley all raised price targets.  
**Product Issues:** Bearish; GeForce Now experienced a global outage.  
**Insider Activity:** Bearish; Director Mark A. Stevens sold 12,000 shares.  
**Partnerships:** Bullish; Globant and Nvidia formed an alliance.  
**Ownership Changes:** Mixed; multiple firms increased holdings while others decreased positions.  
**Net Tilt:** Bullish, despite product outages and insider selling, due to strong revenue growth and multiple price target upgrades."
2024-03-22,30,"**Bullish Signals:**
- **Earnings Beat:** Nvidia beat Q4 EPS and revenue estimates.
- **Price Target Upgrades:** UBS raised PT to $1,100, Wells Fargo to $970, Goldman Sachs to $1,000, Tigress Financial to $985, Craig Hallum to $850, Wedbush to $850, Stifel Nicolaus to $910, and Citi to $1,030.
- **Product Launch:** Nvidia unveiled a new chip.
- **Partnerships:** Collaborations with Pure Storage, Ubisoft, and Hitachi.
- **Stock Performance:** Shares rebounded, rallied for 11th week, and traded 2.8% higher.

**Bearish Signals:**
- **Ownership Decrease:** Single Point Partners LLC lowered stake in Nvidia.

**Net Tilt:** Bullish due to multiple upgrades and positive earnings, outweighing the single ownership decrease."
2024-03-23,15,"**Bullish Signals:**
- **Analyst Upgrades:** Stifel Nicolaus upgraded NVDA to ""Buy."" Multiple firms raised price targets: Wolfe Research to $900, UBS to $1,100, Truist Financial to $1,177, Oppenheimer to $1,100, HSBC to $1,050, Susquehanna to $1,050.
- **Institutional Ownership Growth:** Vanguard Group, Inc., raised its stake by 1.1%, while other firms increased holdings by 2.5% and 4.1%.
- **New Stake Acquisitions:** Parkside Investments LLC bought 1,500 shares, and another firm purchased 389 shares.

**Bearish Signals:**
- **Ownership Decrease:** IFM Investors Pty Ltd reduced its position by 0.5%.

**Net Tilt:** Bullish due to multiple price target upgrades and significant institutional buying outweighing minor ownership reduction."
2024-03-24,16,"**Price Target Upgrades:** Sanford C. Bernstein raised price target from $700 to $1,000; Citigroup from $820 to $1,030; Piper Sandler from $850 to $1,050; Bank of America from $925 to $1,100; UBS to $1,100 (Bullish).

**Product Launches:** Nvidia unveiled Blackwell AI chip and a robot (Bullish).

**Partnerships:** Check Point and Nvidia partnered (Bullish).

**Ownership Changes:** Peoples Financial Services CORP. acquired a new stake worth $30,000; Council increased holdings by 912.1%; Financial lowered its position (Mixed, Net Bullish).

**Investments:** Nvidia invested in Figure and SoundHound AI (Bullish).

**Revenue Guidance:** Revenues expected to grow (Bullish).

**EPS Estimate:** Analysts predict EPS of 22.4 for the current year (Bullish).

**Net Tilt:** Strongly Bullish."
2024-03-25,26,"**Bullish Signals:**
- **Price Target Upgrades:** Multiple firms upgraded NVDA’s price targets significantly: Da Davidson to $620, Needham to $850, Jefferies to $780, Td Cowen to $1,100, Deutsche Bank to $850, and Mizuho to $1,000.
- **Product Launch:** NVDA unveiled its latest AI chip.
- **Partnerships:** NVDA expanded partnerships with Accenture and Adobe, and BYD.
- **Market Entry:** NVDA plans to re-enter the gaming handheld market.
- **Ownership Increases:** Northern Trust, Barclays, Geode Capital, and another unnamed firm increased their stakes.

**Bearish Signals:**
- **Insider Sales:** Directors Mark A. Stevens and Debora Shoquist sold shares.
- **Ownership Decreases:** Hudson Valley Investment Advisors and another unnamed bank reduced their stakes.

**Net Tilt:** Bullish due to multiple price target upgrades and product launches outweighing insider sales and ownership reductions."
2024-03-26,33,"**Analyst Upgrades:** UBS, Wolfe Research, JPMorgan, Oppenheimer, Wells Fargo, Susquehanna, HSBC, Tigress Financial, and Deutsche Bank all upgraded NVDA, raising price targets significantly (bullish).

**Product Launch:** NVDA unveiled its new Blackwell chips (bullish).

**Partnerships:** NVDA partnered with Waabi and Novo Nordisk on AI projects (bullish).

**Regulatory Concerns:** EU is probing NVDA’s market dominance in AI (bearish).

**Investments:** Partners plan significant investments in facilities (bullish).

**Ownership Changes:** Multiple firms increased holdings in NVDA (bullish); some decreased (bearish).

**Stock Performance:** NVDA shares rose 92% YTD, up 2% today but down 0.8% intraday (mixed).

**Net Tilt:** Bullish due to multiple upgrades and product launches outweighing regulatory concerns."
2024-03-27,18,"**Bullish Signals:**
- **Price Target Upgrades:** Citigroup raised PT from $820 to $1,030; Piper Sandler from $850 to $1,050; Goldman Sachs from $875 to $1,000; Morgan Stanley from $750 to $795.
- **Partnerships:** Schneider Electric, Pure Storage, SAP all extended collaborations with NVIDIA.
- **Ownership Increases:** Ergoteles LLC, Bank, Inc., Peoples Financial Services, and Australiansuper Pty Ltd increased stakes.

**Bearish Signals:**
- **Ownership Decreases:** Fund, First Financial Corp, and Inc. reduced positions.
- **Stock Price Drop:** NVDA stock down 2.6%.

**Net Tilt:** Bullish due to multiple price target upgrades and strategic partnerships outweighing ownership reductions and stock price drop."
2024-03-28,21,"**Bullish Signals:**
- **Analyst Upgrades:** Sanford C. Bernstein, Bank of America, Td Cowen, Craig Hallum, and Mizuho all upgraded NVDA, raising price targets to $1,000-$1,100.
- **Partnerships:** Schneider Electric and Lenovo partnered with NVDA on AI solutions.
- **Ownership Increases:** Mirae Asset Global Investments, Barclays, and Geode Capital Management increased holdings.

**Bearish Signals:**
- **Insider Sales:** Directors John Dabiri and Mark A. Stevens sold shares.
- **Ownership Decrease:** Inc. trimmed its position.
- **Price Movement:** NVDA traded as low as $891.23, opening at $902.50.

**Net Tilt:** Bullish, driven by multiple analyst upgrades and strategic partnerships, despite some insider sales and ownership trimming."
2024-03-29,10,"**Bullish Signals:**
- **Price Target Upgrades:** Da Davidson raised PT from $410 to $620; Needham raised PT from $600 to $850; JPMorgan raised PT from $650 to $850.
- **Product Launch:** Nvidia unveiled B200 AI chip.
- **Ownership Increase:** Northern Trust Corp increased holdings by 3.6%.

**Bearish Signals:**
- **Insider Sell:** Donald F. Robertson, Jr. sold 450 shares.
- **Ownership Decrease:** Counselors reduced stake.

**Net Tilt:** Bullish, with strong analyst upgrades and product launch outweighing minor insider and ownership concerns."
2024-03-30,22,"**Bullish Signals:**
- **Price Target Upgrades:** Jefferies upgraded from $610 to $780; Truist from $911 to $1,177; Oppenheimer from $850 to $1,100; Piper Sandler from $850 to $1,050.
- **Stock Performance:** NVDA soared 82.5% in Q1 2024.
- **Institutional Buys:** Vanguard, Ergoteles LLC, and several unnamed firms increased stakes.
- **New Investors:** ManageEngine, Cresta Advisors, and others acquired NVDA shares.

**Bearish Signals:**
- **Insider Selling:** Director sold 128 shares; EVP Debora Shoquist sold 5,676 shares.
- **Position Cuts:** S.A. Mason LLC, Columbia Trust Co, and Ark Investment Management reduced holdings.

**Net Tilt:** Bullish, with strong upgrades and significant institutional buying outweighing insider selling and position cuts."
2024-03-31,19,"**Bullish Signals:**
- **Analyst Upgrades:** Sanford C. Bernstein, Wolfe Research, Citigroup, Wells Fargo, The Goldman Sachs Group, Tigress Financial, Susquehanna, and Deutsche Bank all upgraded NVDA with higher price targets ranging from $900 to $1,050.
- **Insider and Institutional Buying:** Kapitalo Investimentos Ltda increased its position by 48.1%, management raised its stake by 0.4%, and Inc. boosted holdings by 2.5%.
- **Earnings Estimate:** Analysts predict EPS of 22.45 for the current year.
- **Acquisition:** Nvidia invested in SoundHound AI.

**Bearish Signals:**
- **Insider Sell:** Director John Dabiri sold 128 shares.

**Net Tilt:** Bullish due to multiple analyst upgrades and significant insider/institutional buying outweighing the minor insider sell."
2024-04-01,16,"**Bullish Signals:**
- UBS upgraded NVDA’s price target from $800 to $1,100.
- Td Cowen raised NVDA’s target from $900 to $1,100.
- Needham increased NVDA’s price target to $850.
- NVDA up 82.5% in Q1.
- Nvidia acquires Xbox brand from Microsoft.
- Ca, Geode Capital, and Northern Trust increased holdings.

**Bearish Signals:**
- Management and Ca reduced positions in NVDA.
- Multiple firms decreased holdings in NVDA.

**Net Tilt:** Bullish due to multiple upgrades and strong Q1 performance outweighing ownership reductions."
2024-04-02,11,"**Craig Hallum upgraded NVDA’s price target to $850 from $700. Hsbc raised its target to $1,050 from $880. Stifel Nicolaus and Cantor Fitzgerald reaffirmed “buy” ratings at $910 and $900 respectively.** (Bullish)

**Vanguard increased holdings by 1.1%, while Mark A. Stevens, a director, sold 11,000 shares.** (Mixed)

**Check Point and Hive Digital Technologies formed strategic alliances with NVDA.** (Bullish)

**NVDA stock closed down 1% at $894.52 despite no change in daily gain percentage.** (Bearish)"
2024-04-03,24,"**Analyst Upgrades:** JPMorgan, Oppenheimer, Citigroup, Piper Sandler, Mizuho, and Needham upgraded NVDA’s price targets to $850, $1,100, $1,030, $1,050, $1,000, and $850 respectively (Bullish).

**Product Launch:** RTX 4060 GPU launched in India (Bullish).

**Stock Movement:** NVDA stock fell amid unspecified reasons ($883.03 close) (Bearish).

**Partnership Expansion:** Oracle and NVIDIA continue expanding partnership (Bullish).

**Ownership Changes:** Multiple institutions increased stakes (Barclays, Morgan Stanley, Peoples Financial Services, Atlantic Union Bankshares) while some reduced stakes (Burns J W & Co., Occidental Asset Management, Revenue) (Net Bullish).

**Average PT:** Analysts set average price target at $908.68 (Bullish).

**Net Tilt:** Bullish with mixed signals on ownership changes."
2024-04-04,28,"**Bullish Signals:**
- **Price Target Upgrades:** Multiple firms upgraded NVDA’s price targets significantly: UBS from $800 to $1,100, TD Cowen from $900 to $1,100, Goldman Sachs from $875 to $1,000, Wells Fargo from $840 to $970, and Deutsche Bank from $720 to $850.
- **Product Expansion:** GeForce Now expanded to Japan.
- **Partnerships:** Nvidia partnered with PT Indosat, Lenovo, and an Indonesian telco.
- **Investments:** Nvidia co-invested $200m in an Indonesian AI center.
- **Ownership Increases:** Geode Capital Management and two unnamed firms increased their holdings.

**Bearish Signals:**
- **Ownership Decreases:** Tevis Investment Management, an unnamed firm, and CA sold NVDA shares.
- **Stock Performance:** NVDA opened lower at $889.64 on Thursday.

**Net Tilt:** Bullish due to multiple strong analyst upgrades and strategic partnerships, despite some ownership decreases."
2024-04-05,28,"**Wolfe Research upgraded NVDA’s price target to $900 from $630, bullish.** Lenovo and Indosat partnerships for hybrid AI solutions and a new AI center in Indonesia are positive catalysts. **Insider sales by Donald F. Robertson, Jr. and Mark A. Stevens are bearish.** Northern Trust Corp and other firms increased holdings, while Icici Prudential Asset Management Co Ltd reduced its stake, showing mixed sentiment. **Stock performance was volatile, gaining in March but cooling off recently, with a 3.4% drop on Thursday.** Overall, net tilt is slightly bullish due to upgrades and new partnerships."
2024-04-06,13,"**Bullish Signals:**
- **Price Target Upgrades:** Jefferies upgraded from $610.00 to $780.00; Tigress Financial from $790.00 to $985.00; Craig Hallum from $700.00 to $850.00; Mizuho from $850.00 to $1,000.00; Hsbc from $880.00 to $1,050.00; Piper Sandler from $850.00 to $1,050.00.
- **Increased Ownership:** Multiple institutions increased stakes, including Ergoteles LLC, Barclays PLC, and Vanguard Group Inc.

**Net Tilt:** Strongly Bullish

Conflicting signals not present; all upgrades and increased ownership indicate positive sentiment."
2024-04-07,13,"**Wells Fargo upgraded NVDA’s price target to $970 from $840 (Bullish)**

**Institutional Ownership Mixed:**
- **Buys:** Sa, Mirae Asset Global Investments, Ri (Bullish)
- **Sells:** Norris Perne & French LLP, Pine Haven Investment Counsel, Alta Capital Management, Fenghe Fund Management (Bearish)
- **Net Tilt:** Neutral to Slightly Bullish due to significant buys outweighing sells in terms of volume and firm reputation.

**Minor Stake Acquisitions:**
- Various small investors and advisors acquired minor stakes (Neutral to Slightly Bullish).

**Overall Signal:** Hold with a slight bullish bias due to major upgrades and substantial institutional buying."
2024-04-08,27,"**Bullish Signals:**
- **Price Target Upgrades:** Multiple firms upgraded NVDA’s price targets significantly: Da Davidson to $620, JPMorgan to $850, Citigroup to $1,030, Bank of America to $1,100, Td Cowen to $1,100, and KeyBanc to $1,200.
- **Stock Performance:** NVDA is up 300% over recent periods.
- **Product Launches:** New GeForce RTX 3050 and Blackwell GPUs rumored for Q4 2024.
- **Partnerships:** Multiple partnerships announced.
- **Ownership Increases:** Geode Capital, LLC, and Corp increased positions.

**Bearish Signals:**
- **Trademark Lawsuit:** Facing a trademark lawsuit.
- **Ownership Decreases:** Berkshire Bank, State of Michigan Retirement System, and others reduced holdings.

**Net Tilt:** Bullish due to overwhelming analyst upgrades and positive product news, despite legal and ownership concerns."
2024-04-09,16,"**Revenue Growth:** Bullish; Nvidia reported a surge in revenue.

**Product Launch:** Bullish; Nvidia unveiled the Blackwell supercomputer and expanded partnership with Google.

**Stock Performance:** Bearish; shares tumbled up to 5%, falling to $843.68 due to competition from rival AI chips.

**Insider Sales:** Bearish; Directors John Dabiri and Mark A. Stevens sold shares.

**Institutional Ownership:** Mixed; Northern Trust Corp increased stake while Addenda Capital Inc. trimmed position.

**Analyst Ratings:** Neutral; Stifel Nicolaus maintained a ""buy"" rating with a $910.00 target.

**Price Target:** Bullish; KeyCorp set a new $1,200.00 price target."
2024-04-10,26,"**Bullish Signals:**
- **Price Target Upgrades:** UBS, Oppenheimer, Morgan Stanley, Piper Sandler, and KeyCorp all upgraded NVDA’s price targets to $1,100, $1,100, $1,000, $1,050, and $1,200 respectively.
- **Revenue Growth:** NVDA reported a significant jump in sales.
- **Government Contract:** Kishida enlisted NVDA as a supplier.
- **Product Launch:** NVDA launched new ARM-based processors.
- **Partnerships:** NVDA partnered with Infosys, Bharti Airtel, and Georgia Tech.
- **Ownership Increases:** Multiple institutions increased holdings in NVDA.

**Bearish Signals:**
- **Insider Sell:** Donald F. Robertson, Jr. sold 450 shares.
- **Ownership Decreases:** Several entities reduced their positions in NVDA.
- **Competition:** Growing competition is impacting NVDA.

**Net Tilt:** Bullish due to multiple upgrades and positive developments outweighing minor negative signals."
2024-04-11,23,"**Bullish Signals:**
- **Price Target Upgrades:** Wolfe Research ($630 → $900), JPMorgan ($650 → $850), HSBC ($880 → $1,050), Raymond James ($1,100).
- **Analyst Ratings:** Cantor Fitzgerald reissued ""overweight"" with $900 price target.
- **Partnership Expansion:** IBM-NVIDIA partnership expanded.
- **Ownership Increases:** Geode Capital, Bank, Peoples Financial Services, Corp increased holdings.
- **Stock Performance:** Stock up 76% YTD, 2% higher on Thursday, expected to rise further.

**Bearish Signals:**
- **Management Decrease:** Management reduced position.
- **Sell Activity:** China Universal Asset Management sold shares, Na trimmed position.
- **Recent Declines:** Stock down 10.6% from March peak, down 4.3% recently.

**Net Tilt:** Bullish, despite some sell-offs, strong analyst upgrades and ownership increases outweigh recent declines."
2024-04-12,17,"**Bullish Signals:**
- Sanford C. Bernstein upgraded NVDA’s price target to $1,000 from $700.
- Mizuho raised NVDA’s price target to $1,000 from $850.
- Multiple institutions (Co, LLC, Morgan Stanley, Northern Trust Corp) increased their stakes in NVDA.

**Bearish Signals:**
- NVDA stock tumbled as broader market declined.
- Director Mark A. Stevens sold 22,700 shares.
- Palantir, Ark Invest, Pno, and Boston Trust Walden Corp reduced their NVDA holdings.

**Net Tilt:** Mixed, with significant analyst upgrades offset by insider and institutional selling."
2024-04-13,19,"**Bullish Signals:**
- **Price Target Upgrades:** UBS raised target from $800 to $1,100; Morgan Stanley from $795 to $1,000; Craig Hallum from $700 to $850; Bank of America from $925 to $1,100.
- **Partnerships:** Pebble and Telestream partnered with NVIDIA.
- **Ownership Increases:** Multiple firms increased holdings or initiated new stakes.

**Bearish Signals:**
- **Ownership Decreases:** Fulton Bank, a firm, Trust, and Insight Partners reduced their positions.
- **Stock Retreat:** NVDA retreated 2% on April 9.

**Neutral Signals:**
- **Revenue Data:** Fiscal 2024 data center revenue of $47.5 billion.
- **Stake Acquisitions:** Grimes & Company, LLC, and LP increased stakes.

**Net Tilt:** Bullish due to multiple price target upgrades and partnerships outweighing ownership decreases and minor stock retreat."
2024-04-14,13,"**Price Target Upgrades:** Wells Fargo upgraded NVDA’s price target from $840 to $970; Goldman Sachs raised it from $875 to $1,000 (Bullish).

**Stock Performance:** NVDA stock fell significantly (Bearish).

**Institutional Ownership Changes:** Geode Capital and two unnamed firms increased stakes; Ca and Triton Wealth reduced stakes (Mixed).

**Analyst Ratings:** Stifel Nicolaus reaffirmed a “buy” rating with a $910 price target (Bullish).

**Net Tilt:** Mixed signals with significant upgrades but notable selling pressure."
2024-04-15,18,"**Bullish Signals:**
- **Analyst Upgrades:** Evercore ISI starts NVDA at Outperform; Wolfe Research raises PT to $900; Raymond James lifts PT to $1,100; KeyCorp increases PT to $1,200; Piper Sandler boosts PT to $850.
- **Ownership Increases:** Adv, Peoples Financial Services CORP., and LLC increase holdings.
- **Stock Performance:** NVDA shares up 78% YTD.

**Bearish Signals:**
- **Insider Sell:** Mark A. Stevens sold 22,700 shares.
- **Ownership Decreases:** Greencape Capital and Peoples Bank OH cut positions.

**Net Tilt:** Bullish due to multiple analyst upgrades and strong YTD performance outweighing insider sell and ownership cuts."
2024-04-16,13,"**Bullish Signals:**
- Evercore ISI initiates coverage with Outperform rating.
- Increased demand expected for Blackwell platform.
- Akamai and Intel unveil new products with NVIDIA.
- Barclays, Northern Trust, and Morgan Stanley increase holdings.

**Bearish Signals:**
- Busey Bank and LLC reduce stake in NVIDIA.
- Cantor Fitzgerald reaffirms overweight but downgrades target price to $900.
- NVDA stock down 2.5%.

**Neutral Signals:**
- Q1 revenue forecast at $25.6 billion.

**Net Tilt:** Mixed, but slightly bullish due to increased demand and institutional buying outweighing minor sell-offs."
2024-04-17,21,"**Bullish Signals:**
- **Analyst Upgrade:** Morgan Stanley upgraded NVDA to ""Outperform"" with a new PT of $1,000 from $795.
- **Earnings Beat:** NVDA reported EPS of $11.93.
- **Government Deal:** India plans to sign a deal with NVDA.
- **Institutional Buying:** Echiquier, Vanguard, and others increased holdings.
- **Price Target Hike:** Analysts predict NVDA could reach $1,540, a 81% increase.

**Bearish Signals:**
- **Sell-off:** NVDA fell nearly 4%.
- **Institutional Selling:** HBK Sorce and Hudson Canyon lowered stakes.

**Net Tilt:** Bullish due to strong analyst upgrades, earnings beat, and institutional buying outweighing the recent sell-off."
2024-04-18,24,"**Price Target Upgrades:** Td Cowen upgraded NVDA’s price target from $900.00 to $1,100.00; KeyCorp raised it from $1,100.00 to $1,200.00 (Bullish).

**Product Release:** Zotac launched new ZBOX MAGNUS ONE PC with NVIDIA (Bullish).

**Stock Performance:** NVDA shares fell (Bearish).

**Insider Activity:** Director Mark A. Stevens sold 22,700 shares (Bearish).

**Partnerships:** LANL partnered with Nvidia; extended partnership with Nvidia (Bullish).

**Ownership Changes:** Mixed ownership activity with increases by Geode Capital, Peoples Financial, and Management, but decreases by PrairieView Partners, Sas, Impax Asset Management, Wealth, and UT (Net Neutral).

**Analyst Ratings:** Citi maintained a Buy rating (Bullish).

**Competition:** Increased competition from AMD (Bearish).

**Net Tilt:** Net Neutral to Slightly Bullish."
2024-04-19,23,"**Revenue Surge:** Bullish; Nvidia reported Q1 revenues of $22.1 billion, a 265% increase.

**Analyst Upgrades:** Bullish; Raymond James raised price target from $850 to $1,100, while Zacks upgraded EPS estimates.

**Stock Performance:** Mixed; shares gained 70.8% YTD but fell 13.6% this week and 10% today.

**Institutional Ownership:** Mixed; Bank of America increased holdings by 28.9%, while CKW Financial Group trimmed position.

**Net Tilt:** Bullish; strong revenue growth and analyst upgrades outweigh recent stock declines."
2024-04-20,10,"**Craig Hallum upgraded NVDA to $850 from $700.** (Bullish)

**Mizuho raised target to $1,000 from $850.** (Bullish)

**NVDA stock down 10% over the week.** (Bearish)

**Insider Donald F. Robertson, Jr. sold 450 shares.** (Bearish)

**Inc. increased holdings by 0.6% in Q4.** (Bullish)

**Aspire Capital Advisors LLC sold 565 shares.** (Bearish)

**Net Tilt:** Bearish due to significant price drop and insider/seller activity outweighing institutional buying."
2024-04-21,13,"**Price Target Upgrades:** UBS upgraded NVDA’s target price from $800 to $1,100; Goldman Sachs raised it from $875 to $1,000 (Bullish).

**Institutional Ownership Changes:** Northern Trust, Seascape Capital, and SA increased holdings; Koshinski Asset Management sold 4,200 shares (Mixed).

**Trading Performance:** NVDA traded as low as $812.80, closing at $824.46 (Bearish).

**Net Tilt:** Bullish due to significant upgrades and increased institutional interest outweighing minor selling activities."
2024-04-22,17,"**Bullish Signals:**
- **Price Target Upgrades:** Wolfe Research raised PT from $630 to $900; Raymond James from $850 to $1,100.
- **Partnership:** Nvidia joins Japan’s tech institute for hybrid supercomputer.
- **Ownership Increases:** Llc, Vanguard Group Inc., and Llp increased holdings.
- **Stake Acquisitions:** Simplicity Solutions LLC, Corp, and Lecap Asset Management Ltd. acquired shares.

**Bearish Signals:**
- **Downgrade:** UBS downgraded NVIDIA to Neutral from Overweight.
- **Insider Sell:** Director Mark A. Stevens sold 5,000 shares.
- **Ownership Decreases:** Triasima Portfolio Management, Freedom Day Solutions LLC, and Corp trimmed positions.

**Net Tilt:** Mixed signals, but net slightly bullish due to multiple upgrades and acquisitions outweighing the downgrade and insider sell."
2024-04-23,26,"**Price Target Upgrades:** Citigroup upgraded NVDA’s price target from $820.00 to $1,030.00 (Bullish). JPMorgan raised their target from $650.00 to $850.00 (Bullish). KeyCorp increased their target from $1,100.00 to $1,200.00 (Bullish).

**Product Release:** Nvidia unveiled the Blackwell platform (Neutral).

**Partnerships:** Multiple partnerships announced with FPT, Vietnamese IT firms, and AI companies (Bullish).

**Investment:** Nvidia invested $250M in Vietnam (Bullish).

**Contracts:** Reports of China buying Nvidia AI chips and signing agreements in Hanoi (Bullish).

**Ownership Increases:** Several institutions increased holdings (Bullish). One institution decreased holdings (Bearish).

**Stock Performance:** NVDA shares rose 4.4% today and 61% YTD (Bullish).

**Earnings Estimates:** Analysts forecast Q2 2025 EPS at $22.55 and Q3 2025 EPS at $5.25 (Neutral).

**Net Tilt:** Bullish."
2024-04-24,31,"**Price Target Upgrades:** Morgan Stanley, Piper Sandler, Hsbc, and DA Davidson all upgraded NVDA’s price targets to $1,000.00, $1,050.00, $1,050.00, and $620.00 respectively (Bullish).

**Acquisitions:** NVDA acquired Mellanox for $6.9B and is set to acquire Run:ai for $700M (Bullish).

**Partnerships & Investments:** NVDA partnered with Schneider Electric and plans to invest further in Run:ai (Bullish).

**Ownership Changes:** Multiple firms increased holdings in NVDA, while management reduced stake slightly (Mixed).

**Stock Performance:** NVDA stock up 3.7%, but also saw recent losses of 10% and 3.4% (Mixed).

NET TILT: **Bullish** due to strong analyst upgrades and acquisitions."
2024-04-25,24,"**Revenue Growth:** Bullish. NVIDIA’s Q4 revenue surged 265.3% YoY to $22.1 billion.

**Price Target Upgrades:** Bullish. UBS upgraded NVDA’s price target from $800 to $1,100; Craig Hallum raised it from $700 to $850.

**Acquisitions:** Bullish. NVDA acquired two Israeli startups and previously bought OmniML, indicating strategic expansion.

**Earnings:** Bullish. Earnings reached $5.16 per share.

**Product Launch:** Neutral. RTX 4090 GPU launched in India.

**Partnerships:** Bullish. Multiple partnerships announced, including with OpenAI and Xpeng.

**Ownership Changes:** Mixed. Significant stake increases by LLC and Desjardins, offset by Dalton’s sale of 100 shares.

**Net Tilt:** Strongly Bullish."
2024-04-26,20,"**Bullish Signals:**
- Raymond James upgraded NVDA to $1,100 from $850.
- NVDA shares rose 82.3%.
- Dell will buy banned chips from NVDA.
- Multiple firms increased stakes: Verdence Capital Advisors (6.5%), Llp, Inc. (0.8%), Corp (10.1%).
- Stifel Nicolaus reaffirmed “buy” with $910 target.
- Partners' stocks soared over 20%.

**Bearish Signals:**
- Mirova US LLC sold NVDA shares.

**Net Tilt:** Bullish."
2024-04-27,13,"**Nvidia (NVDA) Daily Brief for 2024-04-27**

**Bullish Signals:**
- **Institutional Buy-In:** Charles Schwab, Vanguard, and Wellington Management increased stakes by 0.6%, 1.1%, and 2.0% respectively.
- **Stock Performance:** NVDA shares rose 15% over 5 days and gained 6.2% recently.
- **New Acquisitions:** Federated Hermes purchased 89,424 shares, and Wright Investors Service bought shares.

**Bearish Signals:**
- **Institutional Sell-Off:** Telos Capital Management and Ninety One UK reduced their positions.

**Net Tilt:** Bullish due to significant institutional buying and strong stock performance outweighing minor sell-offs."
2024-04-28,7,"**Analyst Actions:** Morgan Stanley upgraded NVDA’s price target from $795 to $1,000; KeyCorp raised their target from $1,100 to $1,200 (Bullish).

**Ownership Changes:** LLC significantly increased its stake in NVDA by 54,019.5% in Q4 (Bullish). Additionally, LLC acquired 1,943 new shares (Bullish).

**Market Performance:** NVDA shares gained 5% today (Bullish).

**Hedge Fund Activity:** Trust Investment Advisors and Knights of Columbus Asset Advisors hold substantial positions in NVDA ($1.84M and $24.39M respectively) (Bullish).

**Net Tilt:** Strongly Bullish."
2024-04-29,18,"**Revenue Growth:** Bullish; Nvidia reported rapid revenue growth.

**Price Target Upgrades:** Bullish; Raymond James raised target from $850 to $1,100; Tigress Financial increased from $790 to $985; Research raised from $1,000 to $1,125.

**Acquisitions:** Bullish; Nvidia acquired Israeli startups Run:ai and a workload management firm.

**Stock Performance:** Mixed; Nvidia gained 76-77% YTD but fell 1% today.

**Analyst Actions:** Bullish; analyst recommends buying Nvidia.

**Ownership Changes:** Mixed; multiple firms increased holdings, while one decreased by 7%.

**Net Tilt:** Bullish; strong upgrades and acquisitions outweigh minor ownership decreases and slight stock dip."
2024-04-30,11,"**UBS upgrades NVDA price target**, bullish. **Increased institutional ownership** by major firms like Pa, Charles Schwab, and Wellington Management, all positive. **Vicus Capital sold shares**, slightly bearish. **Oversea Chinese Banking Corp and Robbins Farley increased stakes**, further bullish. **Nvidia shares rose after showing AI server capabilities**, indicating strong demand, very bullish. **Stock opened at $877.57**, stable start. **Net tilt**: Bullish."
2024-05-01,13,"**Product Release & Enhancements:** Bullish. Nvidia unveiled and updated ChatRTX, enhancing its AI chatbot capabilities.

**Stock Performance:** Bearish. NVDA stock fell 5.9%, retreating after the product release and amid broader tech sector weakness.

**Earnings Call:** Neutral. The company held a Q2 FY25 earnings call, providing no immediate directional signal.

**Net Tilt:** Bearish due to significant stock decline despite positive product news."
2024-05-02,21,"**Bullish Signals:**
- **Price Target Upgrades:** Morgan Stanley upgraded NVDA’s target from $795 to $1,000; UBS raised it from $1,100 to $1,150.
- **Acquisition Completion:** NVDA completed the acquisition of AI firm Deci.
- **Product Enhancements:** GeForce Now received significant updates.
- **Institutional Ownership Growth:** Multiple institutions increased stakes, including Vanguard (+1.1%), Texas (+27.4%), and Assenagon Asset Management (+99.5%).

**Bearish Signals:**
- **Stock Decline:** NVDA stock declined following a period of hitting record highs.

**Net Tilt:** Bullish, with strong analyst upgrades and institutional support outweighing the recent stock decline."
2024-05-03,10,"**Product Release:** Bullish. Nvidia released updates for GeForce NOW with 24 new games, enhancing user experience.

**Ownership Changes:** Mixed. Dimensional Fund Advisors and Mi increased their positions by 44.0% and 75.4%, respectively, while Hartline Investment Corp decreased its stake.

**Analyst Ratings:** Neutral. Stifel Nicolaus reaffirmed a ""buy"" rating with a $910.00 price target.

**Stock Performance:** Bullish. NVDA stock jumped 3.3%.

**Strategic Investment:** Bullish. Meta invested $30 billion in Nvidia, signaling confidence in the company’s future prospects."
2024-05-04,12,"**Bullish Signals:**
- **Price Target Upgrades:** Raymond James raised PT from $850 to $1,100; Citigroup from $820 to $1,030; KeyCorp from $1,100 to $1,200.
- **EPS Estimate Upgrade:** Q1 2027 EPS estimates lifted by Zacks.
- **Ownership Increases:** Hampshire, Handelsbanken Fonder AB, Charles Schwab Investment Management Inc., Wellington Management Group LLP, and LLC increased holdings.

**Bearish Signals:**
- **Ownership Decreases:** Inc. and LP reduced positions.

**Net Tilt:** Bullish due to multiple upgrades and increased ownership outweighing minor reductions."
2024-05-05,5,"**Acquisition:** Nvidia acquired Run:ai, an Israeli startup, likely enhancing AI capabilities (bullish).

**Ownership Increase:** AdvisorShares Trust increased its stake in NVDA by 24.6% in Q3 (bullish).

**Stock Performance:** NVDA stock price up 2.4% (bullish).

**Stake Purchase:** Bahl & Gaynor Inc. bought NVDA shares (bullish).

**Net Tilt:** Strongly Bullish."
2024-05-06,14,"**Price Target Upgrade:** UBS upgraded NVDA’s price target from $1,100 to $1,150 (Bullish).

**Stock Performance Speculation:** A headline predicts NVDA stock will plunge 28% (Bearish).

**Institutional Ownership Increases:** Multiple institutions increased holdings: Ltd. (+4.3%), System (+31.8%), Assenagon Asset Management (+99.5%), Advisors (+1.0%), Llc (+54,019.5%), Russell Investments (+5.8%) (Bullish).

**New Acquisitions:** White Pine Capital, Pggm Investments, and another Llc purchased shares (Bullish).

**Opening Price:** NVDA opened at $887.89 on Monday (Neutral).

**Net Tilt:** Conflicting signals with significant institutional buying vs. a negative performance prediction. **NET TILT: SLIGHTLY BULLISH** due to substantial ownership increases."
2024-05-07,27,"**Bullish Signals:**
- **Price Target Upgrade:** Goldman Sachs raised NVDA’s price target from $1,000 to $1,100, maintaining a Buy rating.
- **Share Price Performance:** NVDA has rallied over 86% YTD, hitting a one-month high at $921.40.
- **Institutional Buying:** Northern Trust Corp, Vanguard Group Inc., and Cora Capital Advisors LLC increased their NVDA holdings.

**Bearish Signals:**
- **Share Price Drop:** NVDA shares fell 1.5% to $907.53 after rallying.
- **Institutional Selling:** Pitti Group Wealth Management LLC, Llc, and Druckenmiller reduced their NVDA stakes.

**Net Tilt:** Mixed signals suggest caution; strong institutional buying and upgrades contrast with recent price drops and selling."
2024-05-08,17,"**Bullish Signals:**
- **Share Price Surge:** Nvidia’s share price has soared over 210%.
- **Goldman Sachs Upgrade:** Goldman Sachs upgraded NVDA, predicting further gains.
- **Institutional Buys:** Multiple institutions (Charles Schwab, Llp, System, Llc, Wellington Management) increased their stakes in NVDA.
- **Analyst Estimate:** Analysts expect NVDA to post EPS of 22.55 for the current year.

**Bearish Signals:**
- None identified.

**Net Tilt:** Strongly Bullish."
2024-05-09,14,"**Price Target Upgrades:** Morgan Stanley upgraded NVDA’s price target from $795 to $1,000; Piper Sandler raised it to $850 (Bullish).

**Partnerships & Contracts:** Cgg launched an AI cloud solution powered by NVDA; Red Hat partnered with NVDA (Bullish).

**Institutional Ownership:** Assenagon Asset Management, Dimensional Fund Advisors, and Financial increased holdings significantly; Pllc and Pekin Hardy Strauss also added stakes (Bullish). However, one bank reduced its position (Bearish).

**Stock Performance:** NVDA shares traded down 1.7% but later up 0.4% following analyst upgrades (Mixed).

**Net Tilt:** Bullish due to multiple upgrades and significant institutional buying outweighing minor stock performance dip."
2024-05-10,20,"**Bullish Signals:**
- **Price Target Upgrades:** Hsbc raised PT to $1,350 from $1,050; KeyCorp to $1,200 from $1,100; UBS to $1,150 from $1,100.
- **Stock Rally:** NVDA shares rose 0.85%, boosted by positive sentiment.
- **Increased Ownership:** Northern Trust Corp, LLC, and Stratos Wealth Partners increased positions.

**Bearish Signals:**
- **Decreased Ownership:** Mitsubishi UFJ Morgan Stanley Securities and RB Capital Management decreased stakes.

**Net Tilt:** Bullish due to multiple upgrades and stock rally outweighing ownership decreases."
2024-05-11,15,"**Goldman Sachs upgraded NVDA to $1,100 from $1,000 (Bullish)**. **Vanguard, BlackRock, and others increased stakes (Bullish)**. **Director Mark A. Stevens sold 5,000 shares (Bearish)**. **Stock up 1.3% (Bullish)**. **Y.D. More Investments bought 1,220 shares (Bullish)**. **Mixed signals but net tilt Bullish**."
2024-05-12,9,"**Ownership Trends:** Bullish. Multiple firms increased their holdings in NVDA, with significant boosts from Llc (+44.1%), System (+31.8%), Inc. (+3.2%), and Assenagon Asset Management (+99.5%) in Q3-Q4. However, one firm reduced its stake by 9.0%. Net tilt is bullish due to substantial increases outweighing the single reduction."
2024-05-13,24,"**Bullish Signals:**
- **Analyst Upgrades:** Jefferies upgrades NVDA to Buy with a new PT of $1,200 (from $780). Hsbc also upgrades NVDA to Buy.
- **Revenue Beat:** Q1 revenue expected to exceed consensus.
- **Product Launch:** Blackwell platform officially launched; B100 & GB200 due Q4 2024.
- **Partnerships:** Multiple partnerships announced, including with ORCA and PNSC.
- **Institutional Buying:** Ayalon Insurance Comp Ltd. increased stake by 18.4%, and Vestmark and FourThought Financial bought NVDA shares.
- **Price Performance:** NVDA shares up 81% YTD, heading higher in pre-market.

**Net Tilt:** Strongly Bullish."
2024-05-14,18,"**Bullish Signals:**
- **Revenue Surge:** Q4 revenue more than tripled to $22.1 billion.
- **Price Target Upgrades:** HSBC raised PT to $1,350 from $1,050; Goldman Sachs raised PT to $1,100 from $1,000.
- **Partnerships:** NVIDIA teams up with Google DeepMind.
- **Ownership Increases:** Multiple firms significantly increased holdings (Lp, Llc, Wellington Management, Corp).
- **Executive Compensation:** CEO Jensen Huang received a 60% pay bump.

**Bearish Signals:**
- **Ownership Decrease:** One firm sold 315 shares.

**Net Tilt:** Bullish due to strong revenue growth, multiple price target upgrades, and significant ownership increases outweighing minor ownership decrease."
2024-05-15,26,"**Price Target Upgrades:** Wells Fargo upgraded NVDA’s price target from $970 to $1,150; UBS also raised its target from $1,100 to $1,150 (Bullish).

**Stock Performance:** NVDA’s stock is up 95.8% YTD but took a hit recently (Mixed).

**Executive Compensation:** CEO Jensen Huang’s compensation increased by 60% to $34.2 million (Neutral).

**Demand Increase:** GPU demand tripled (Bullish).

**Insider Activity:** Director Mark A. Stevens sold 22,700 shares (Bearish); Vanguard and Bridgewater increased holdings while Cullen Frost reduced position (Mixed).

**Analyst Estimates:** EPS expected at $23 for FY (Neutral).

**Catalysts:** Upcoming Nvidia GTC AI conference (Bullish).

**Net Tilt:** Bullish."
2024-05-16,19,"**NVIDIA (NVDA) Daily Brief:**

**Bullish Signals:**
- **Stock Performance:** Year-to-date share price up 95%. 
- **Acquisitions:** Bought Santa Clara headquarters for $374M, indicating strategic investment.
- **Executive Compensation:** CEO Huang received a 60% pay increase.
- **Institutional Buying:** Multiple firms increased stakes (Llp, Pllc, Llc, Mackenzie, Verdence, System, Assenagon).

**Bearish Signals:**
- **Stock Outlook:** Analyst predicts decline in coming years.
- **Institutional Selling:** E Fund Management, Druckenmiller sold significant shares.

**Net Tilt:** Mixed, but slightly bullish due to strong institutional buying and positive stock performance overshadowing negative outlooks."
2024-05-17,24,"**Price Target Upgrade:** Hsbc upgraded NVDA’s target price from $1,050 to $1,350 (Bullish).

**Partnerships:** VNG and Northrop partnered with NVDA (Bullish).

**Ownership Changes:** System and Northern Trust increased holdings; Druckenmiller sold 72% stake (Mixed).

**Analyst Ratings:** Oppenheimer reaffirmed “Outperform” (Bullish).

**Revenue/Earnings Guidance:** NVDA projects strong Q1 revenue of $24.65B and sees continued strong data center demand (Bullish).

**Stock Performance:** NVDA stock slid Friday but opened at $943.59 (Bearish).

**Net Tilt:** Bullish."
2024-05-18,9,"**Bullish Signals:**
- Wells Fargo upgraded NVDA’s price target from $970 to $1,150.
- UBS upgraded NVDA’s price target from $1,100 to $1,150.
- Stoneridge Investment Partners increased holdings by 12.2%.
- Inc. increased holdings by 15.9%.
- A new stake was acquired by an undisclosed firm.

**Bearish Signals:**
- Co. cut its stock position in NVDA.
- Versor Investments sold 844 shares.

**Neutral Signals:**
- Analysts predict EPS of 22.76 for the current year.
- Thompson Siegel & Walmsley has $8.62M in NVDA holdings.

**Net Tilt:** Bullish, with multiple upgrades and increased holdings outweighing the sell-offs."
2024-05-19,13,"**Price Target Upgrade:** KeyCorp upgraded NVDA’s target price from $1,100 to $1,200 (Bullish).

**Institutional Ownership Increases:** Multiple institutions (Co., Charles Schwab, Wellington Management, Qsemble Capital, LLC) increased holdings by 2.0%-40.2% (Bullish).

**New Stake Acquisitions:** Jump Financial and Qsemble Capital acquired new stakes (Bullish).

**Stock Price Movement:** NVDA traded as low as $929.03, closing at $935.62 (Bearish).

**Earnings Guidance:** Analysts predict EPS of 22.9 for the current year; NVDA expects a strong Q1 (Bullish).

**Net Tilt:** Bullish due to upgrades and increased institutional interest, despite minor price weakness."
2024-05-20,55,"**Revenue and Earnings:** Bullish. Full-year revenue surged 126% YoY, beating both revenue and EPS estimates.

**Price Target Upgrades:** Bullish. Baird, Goldman Sachs, Stifel, Barclays, and Susquehanna all raised price targets, with Baird to $1,200, Goldman Sachs to $1,100, Stifel to $1,085, Barclays to $1,100, and Susquehanna by $50.

**Product Releases:** Bullish. New LLM transformer and Blackwell chip unveiled.

**Partnerships:** Bullish. Multiple partnerships announced with Insilico, Kyndryl, Dell, and others.

**Stock Performance:** Bullish. Stock up over 90% YTD, rallying today above $1,000.

**Ownership Increases:** Bullish. Ing Groep, Dimensional Fund Advisors, and Vanguard increased stakes.

**Revenue Slowdown:** Bearish. A slowdown noted in recent sales.

**Market Share Loss:** Bearish. Expected to lose some unit market share.

**Net Tilt:** Bullish. Positive signals outweigh negative ones."
2024-05-21,51,"**Bullish Signals:**
- **Revenue Growth:** Data Center revenue surged 271% YOY to $10.32B; total revenue grew 242% YOY to $24.59B.
- **Analyst Upgrades:** Wells Fargo, Bank of America, Barclays, HSBC, Robert W. Baird, Susquehanna upgraded NVDA, raising price targets to $1,100-$1,350.
- **Product Launches:** New robotics showcased, next-gen chip architecture released in March.
- **Partnerships:** Nutanix, Kyndryl collaborations announced.
- **Ownership Increases:** Hutchinson, Mitsubishi UFJ Asset Management, Janney Montgomery Scott, System increased holdings.

**Bearish Signals:**
- **Stock Drops:** NVDA stock dropped after earnings announcement.
- **Ownership Decreases:** Westpac Banking Corp, LMCG Investments LLC reduced positions.
- **Mixed Analyst Ratings:** Deutsche Bank downgraded to Hold.

**Net Tilt:** Bullish due to strong revenue growth, multiple upgrades, and product launches outweighing minor bearish signals."
2024-05-22,103,"**Earnings & Revenue:** Bullish. Q1 EPS surged 628% to $5.98, beating estimates by $0.54. Revenue jumped 262% to $60.9B, with pre-tax income rising to $16.46B. Guidance forecast Q2 revenue above estimates.

**Analyst Actions:** Bullish. Wells Fargo upgraded NVDA’s price target to $1,150 from $970. Susquehanna raised its target to $1,100.

**Dividends & Capital Expenditure:** Bullish. NVDA increased quarterly dividend by 150% to $0.01. CapEx rose to $300M from $248M.

**Product & Demand:** Mixed. B200 product release expected in early 2025; Blackwell orders increasing. Stock retreated post-earnings despite strong results.

**Net Tilt:** Bullish. Strong earnings and revenue growth, positive guidance, and upgrades outweigh minor stock pullback."
2024-05-23,129,"**Earnings & Revenue:** Nvidia reported a 628% profit increase and a 262% revenue surge, both exceeding expectations. Q2 revenue forecast was raised to $28B. However, revenue from China declined sharply.

**Analyst Upgrades:** Multiple firms upgraded price targets: Benchmark to $1,350, Jefferies to $1,350, Evercore to $1,310, Morgan Stanley to $1,160, TD Cowen to $1,200, Stifel to $1,085, KeyCorp to $1,200, and Citi, JPMorgan, and Melius Research also raised targets.

**Dividend:** Nvidia increased its dividend by 150%.

**Net Tilt:** **Bullish** due to strong earnings, revenue beats, and widespread analyst upgrades, despite a decline in China revenue."
2024-05-24,40,"**Revenue Growth:** Bullish. Q1 revenue surged 262% YoY to $26 billion, beating estimates.

**Earnings Beat:** Bullish. GAAP net income was $14.881 billion, with EPS exceeding expectations by $0.98.

**Analyst Upgrades:** Bullish. Needham, Barclays, Deutsche Bank, Robert W. Baird, Piper Sandler, Bank of America, Mizuho, Citigroup, and Truist all upgraded NVDA, raising price targets to $1,200-$1,320.

**China Embargo:** Bearish. H800 and A800 chips banned in China, impacting exports.

**Product Launches:** Bullish. Three new AI chips launched.

**Insider Sell:** Bearish. Director Mark A. Stevens sold 11,000 shares.

**Net Tilt:** Bullish. Positive revenue, earnings, and upgrades outweigh negative factors."
2024-05-25,11,"**Revenue and Earnings:** Bullish. Nvidia reported a 262% revenue increase and beat earnings expectations.

**Analyst Upgrades:** Bullish. Sanford C. Bernstein raised the target price from $1,000 to $1,300; Susquehanna from $1,050 to $1,100; Truist Financial to $1,288.

**Price Target Set:** Neutral. Wolfe Research set a new target price of $1,250.

**Sell Recommendation:** Bearish. Time to Dump Nvidia Stock suggests a sell recommendation.

**Product Pricing Cut:** Bearish. Nvidia slashed H20 AI GPU pricing in China.

**Ownership Increases:** Bullish. LLC significantly increased its position in NVIDIA by 54,019.5% in Q4 and 2.5% in Q1.

**Conference Call:** Neutral. First quarter investment conference call scheduled.

**Net Tilt:** Mixed signals but overall slightly bullish due to strong revenue growth, multiple upgrades, and significant ownership increases."
2024-05-26,5,"**Price Target Upgrades:** KeyCorp raised NVDA’s target from $1,200 to $1,300 (bullish). Raymond James also upgraded NVDA’s target to $1,200 (bullish).

**Rating Downgrade:** DZ Bank lowered NVDA’s stock rating (bearish).

**Ownership Increase:** A corporate entity increased its NVDA holdings by 24.8% in Q3 (bullish).

**Stock Split Announcement:** NVDA announced a ten-for-one forward stock split (neutral).

**Net Tilt:** Mixed signals with two bullish price target upgrades offset by one bearish rating downgrade. Ownership increase is positive. Overall, slightly bullish."
2024-05-27,15,"**Revenue and Earnings:** Bullish. Nvidia’s Q1 revenue surged 262.1%, and profit soared significantly.

**Analyst Upgrades:** Bullish. JPMorgan upgraded NVDA’s target from $850 to $1,150. Evercore ISI raised it from $1,160 to $1,310. Stifel Nicolaus increased it from $910 to $1,085.

**Institutional Ownership:** Bullish. Vanguard, Swedbank, Inc., and Partners all increased stakes in NVDA.

**Earnings Estimate:** Neutral. Da Davidson expects FY2025 EPS of $28.93, with consensus at 23.6 EPS for the current year.

**Net Tilt:** Strongly Bullish."
2024-05-28,30,"**Bullish Signals:**
- **Earnings Beat:** Nvidia reported better-than-expected Q1 profits, impressing Wall Street.
- **Price Target Upgrades:** Needham ($1,200), Citigroup ($1,260), Cantor Fitzgerald ($1,400), Susquehanna ($1,100).
- **Stock Performance:** NVDA up 136% YTD, hit record highs, and surged over 4.5% on Tuesday.
- **Demand Growth:** Increasing demand for AI chips.
- **Partnerships:** Xai to acquire Nvidia, VNG Corporation partnership, Oracle cloud deal.

**Bearish Signals:**
- **Acquisition Rumors:** Xai announced plans to buy Nvidia, potentially signaling valuation concerns.

**Net Tilt:** Bullish, driven by strong earnings, multiple upgrades, and robust demand."
2024-05-29,30,"**Bullish Signals:**
- **Price Target Upgrades:** Craig Hallum ($850 → $1,250), Morgan Stanley ($1,000 → $1,160), Td Cowen ($1,100 → $1,200), Goldman Sachs ($1,100 → $1,200), UBS ($1,150 → $1,200).
- **Revenue Growth:** Explosive revenue growth reported.
- **Production Increase:** Nvidia plans to accelerate production.
- **Product Launches:** Multiple AI accelerator launches globally.
- **Partnerships:** Extensive partnerships including Oracle, Arista, and Sophia Genetics.
- **Stock Performance:** Stock surges to all-time highs, up 5.78% to $1,126.25.

**Bearish Signals:**
- **Downgrade:** DZ Bank downgraded from ""Buy"" to ""Hold.""
- **Insider Sell:** Nvidia Director sold 5,000 shares.
- **Slight Decline:** GPU revenue shares experiencing slight declines.

**Net Tilt:** Bullish due to multiple upgrades and strong performance outweighing the single downgrade and insider sell."
2024-05-30,11,"**Bullish Signals:**
- **Analyst Upgrades:** JPMorgan Chase & Co., Piper Sandler, Robert W. Baird, and Mizuho upgraded NVDA to Strong Buy.
- **Price Target Increases:** JPMorgan raised PT from $850 to $1,150; Piper Sandler, Robert W. Baird, and Mizuho raised PT from $1,050/$1,050 to $1,200/$1,200 and from $1,000 to $1,180 respectively.
- **Institutional Ownership Growth:** Vanguard Group Inc. increased stake by 4.3%, and LLC raised holdings by 1,334.3%.
- **Earnings Estimate:** Analysts expect EPS of 22.74 for FY.

**Bearish Signal:**
- **Stock Slide:** NVDA stock declined.

**Net Tilt:** Bullish, with strong analyst upgrades and increased institutional ownership outweighing the recent stock slide."
2024-05-31,5,"**Nvidia (NVDA) Daily Brief for 2024-05-31**

- **Bullish**: Nvidia joins the Dow, indicating market confidence. Reported $26 billion in Q4 revenue, meeting expectations.
- **Bearish**: Stock extends losses, suggesting short-term weakness. No dividend increase noted.

**Net Tilt**: Bearish due to stock performance despite positive inclusion in the Dow and stable revenue.

Action: **HOLD**"
2024-06-01,7,"**Bullish Signals:**
- **Price Target Upgrades:** Cantor Fitzgerald upgraded NVDA’s target from $1,200 to $1,400; Raymond James raised it from $1,100 to $1,200.
- **Stock Performance:** NVDA hit a new 1-year high at $1,158.19.
- **Stake Increase:** Charles Schwab Investment Management Inc. increased its stake by 2.9% in Q4.
- **Earnings:** NVDA reported exceptional and blockbuster Q1 financial results.
- **Revenue:** NVDA reported robust Q1 revenue.

**Net Tilt:** Bullish."
2024-06-02,23,"**Bullish Signals:**
- **Price Target Upgrades:** Bank of America upgraded NVDA’s price target from $1,100 to $1,320; TD Cowen raised it from $1,100 to $1,200.
- **Product Releases:** Multiple reports confirm Nvidia’s CEO unveiling new AI chips and software, including the Blackwell platform launching in 2026.
- **Partnerships:** Nvidia announced collaborations with various companies, including an Israeli startup and GIGABYTE.
- **Stock Performance:** NVDA’s stock nearly tripled over the past year and gained 6% in after-hours trading.

**Bearish Signals:**
- **Stock Loss:** NVDA stock price down 0.5%.
- **Competition:** Nvidia faces increasing competition from Apple.

**Net Tilt:** Bullish, due to multiple upgrades and product launches outweighing minor stock losses and competitive pressures."
2024-06-03,44,"**Price Target Upgrades:** Craig Hallum raised NVDA’s target from $850 to $1,250; Mizuho increased from $1,000 to $1,180; Bank of America bumped from $1,320 to $1,500. **Bullish**.

**Stock Performance:** NVDA stock has risen nearly 600% over the last three years. **Bullish**.

**Product Releases:** Multiple new AI chips and tools announced, including the $70,000 Blackwell B200 GPU. **Bullish**.

**Partnerships:** Numerous partnerships, including with Trend Micro, Northern Data Group, and Rockwell Automation. **Bullish**.

**Insider Sell:** NVDA Director sold $11.2M in stock. **Bearish**.

**Net Tilt:** Strongly Bullish due to multiple upgrades and product launches outweighing the insider sell."
2024-06-04,36,"**Bullish Signals:**
- **Revenue:** Q2 revenue hit a record $26B, beating expectations.
- **Analyst Upgrades:** Needham, Wedbush, Piper Sandler, Truist, Wells Fargo, and KeyCorp all upgraded NVDA, raising PTs to $1,200-$1,300.
- **Partnerships:** Multiple collaborations including Rockwell Automation, Snowflake, Arista, Pariti, and Cisco.
- **Stock Performance:** NVDA surged in May, trading 2.9%-4.9% higher.

**Bearish Signals:**
- **Insider Sales:** Directors Dawn E. Hudson and Mark A. Stevens sold shares.

**Net Tilt:** Bullish due to strong revenue, multiple upgrades, and partnerships outweighing minor insider sales."
2024-06-05,19,"**Bullish Signals:**
- **Earnings:** Q1 EPS of $6.12, beating expectations.
- **Price Target Upgrades:** Benchmark raised PT to $1,350, Stifel Nicolaus to $1,085, Wolfe Research to $1,250.
- **Stock Performance:** Hit new all-time high of $1,200, surged higher.
- **Partnerships:** Mediatek and Cisco collaborations.
- **Dividend Increase:** Dividend hike announced.
- **Institutional Ownership:** Vanguard increased holdings by 4.3%, Swedbank bought new position worth $3.9B.

**Bearish Signals:**
- None identified.

**Net Tilt:** Strongly Bullish."
2024-06-06,36,"**Revenue and Earnings:** Bullish. Nvidia’s revenues soared by over 260%, exceeding Wall Street expectations.

**Analyst Actions:** Bullish. Robert W. Baird, Cantor Fitzgerald, and Mizuho upgraded NVDA with new targets of $1,200, $1,400, and $1,275 respectively.

**Stock Performance:** Mixed. Shares rose 147% YTD but fell amid antitrust concerns, then rallied to record highs.

**Antitrust Investigations:** Bearish. DOJ and FTC planning probes into Nvidia.

**Buybacks and Insider Activity:** Neutral. Nvidia repurchased 2.3 million shares for $2.1 billion; CEO and EVP sold significant amounts.

**Partnerships:** Bullish. Trend Micro and Rockwell Automation expanding collaborations with Nvidia.

**Net Tilt:** Bullish, despite antitrust risks, due to strong revenue growth, upgrades, and partnerships."
2024-06-07,24,"**Analyst Upgrades:** JPMorgan, Needham, Barclays, Jefferies, and Evercore all upgraded NVDA, raising price targets to $1,150, $1,200, $1,100, $1,350, and $1,310 respectively (Bullish).

**Index Listing:** NVDA joins the Dow (Bullish).

**Product Release:** Cisco unveils AI cluster solution with NVIDIA (Bullish).

**Partnerships:** Mastek and Wondershare Filmora collaborate with NVIDIA (Bullish).

**Insider Sell:** Dawn E. Hudson sold 15,000 shares (Bearish).

**Stock Performance:** NVDA stock rose nearly 40% in six months but fell 1.18% on June 6th (Mixed).

**Ownership Increase:** Inc. acquired a new stake in NVDA (Bullish).

**Net Tilt:** Bullish due to multiple upgrades and partnerships, despite insider sell and minor daily dip."
2024-06-08,7,"**Analyst Upgrades:** Craig Hallum, Wedbush, Citigroup, and Stifel Nicolaus all upgraded NVDA with higher price targets ($1,250, $1,200, $1,260, $1,085 respectively), indicating **bullish** sentiment. 

**Price Movement:** NVDA shares initially soared but ended down 1%, showing mixed **signals**.

**Revenue Update:** NVDA reported revenue of $26 billion, providing **neutral** context without specific beat/miss details.

**Net Tilt:** Bullish, driven by strong analyst upgrades despite minor price weakness."
2024-06-09,11,"**Bullish Signals:**
- Sanford C. Bernstein upgraded NVDA’s target price from $1,000.00 to $1,300.00.
- Truist Financial raised their price objective from $1,177.00 to $1,288.00.
- The Goldman Sachs Group lifted their price objective from $1,100.00 to $1,200.00.
- High demand for Nvidia’s chips.
- Nvidia stock has soared to about $1,200.

**Bearish Signals:**
- Director Mark A. Stevens sold 16,670 shares.
- Nvidia Co. Director sold $19,988,330.20 in stock.
- EVP Debora Shoquist sold 15,000 shares.

**Neutral Signals:**
- Nvidia Co. to issue quarterly dividend of $0.10 on June 28th.
- Analysts forecast EPS of 25.32 for the current year.

**Net Tilt:** Bullish, with strong analyst upgrades and high stock price, despite insider sales."
2024-06-10,30,"**Bullish Signals:**
- **Price Target Upgrades:** Benchmark raised target from $100 to $135; Susquehanna from $1,200 to $1,450; TD Cowen from $120 to $140; Wells Fargo from $115 to $125; UBS from $115 to $120.
- **Stock Gains:** Shares up 200%.
- **Analyst Buys:** TD Cowen and Susquehanna increased price targets.
- **Partnership:** Planet Labs collaboration with NVIDIA.
- **Regulatory Rally:** Stock rises post DOJ and FTC investigation announcement.
- **New Stake:** Baader Bank increased position by 34.9%.

**Bearish Signals:**
- **Price Target Downgrade:** Cantor Fitzgerald cut target.
- **Stock Losses:** Shares declined 95.1% and 90% from Friday.
- **Insider Sell:** Director John Dabiri sold 1,280 shares.
- **Regulatory Investigation:** DOJ and FTC investigating NVIDIA.

**Net Tilt:** Mixed signals suggest caution; significant analyst upgrades vs. regulatory concerns and insider selling."
2024-06-11,39,"**Price Target Adjustments:** Barclays downgraded NVDA’s price target to $145 from $1,200 (Bearish). However, multiple firms including Needham, JPMorgan, HSBC, Piper Sandler, Evercore ISI, Cantor Fitzgerald, Bank of America, and others upgraded their targets significantly (Bullish).

**Analyst Ratings:** StockNews.com upgraded NVDA to Strong-Buy (Bullish). Morgan Stanley and Oppenheimer maintained neutral ratings (Neutral).

**Earnings and Revenue:** NVDA reported EPS of $0.09 (Bullish). Guidance for $28M in revenue is unclear (Neutral).

**Product Launches:** NVDA introduced Blackwell and launched AI microchips and GeForce RTX 3050 GPU in India (Bullish).

**Partnerships:** NVDA partnered with Snowflake, Zscaler, and Mavenir (Bullish).

**Insider Activity:** Director Tench Coxe sold 100,000 shares (Bearish).

**Share Performance:** NVDA’s share price soared 151% YTD but also saw a significant drop (Conflicting).

**Net Tilt:** Bullish due to numerous upgrades and product launches, despite some bearish signals."
2024-06-12,18,"**Revenue:** Bullish. Q1 revenue surged 262% YoY to $26B.

**Analyst Actions:** Mixed. **Bullish:** Da Davidson, Wedbush, Deutsche Bank, Susquehanna, TD Cowen, Wolfe Research upgraded targets to $62, $120, $100, $145, $140, $125 respectively. **Bearish:** DZ Bank downgraded from Buy to Hold.

**Product Release:** Bullish. GeForce RTX 50 laptops launching in 2025.

**Partnerships:** Bullish. Multiple partnerships announced with Schneider Electric, Databricks, Arrow Electronics, and Zscaler.

**Insider Sales:** Bearish. Donald F. Robertson, Jr. and Mark A. Stevens sold shares.

**Ownership Changes:** Bullish. Vanguard increased stake by 4.3%.

**Stock Movement:** Bearish. NVDA shares down 0.7%."
2024-06-13,18,"**Price Target Adjustments:** Barclays downgraded NVDA’s price target to $145 from $1,200 (Bearish). Craig Hallum, Jefferies, Td Cowen, and Stifel Nicolaus upgraded targets to $125, $135, $140, and $108.50 respectively (Bullish). Evercore ISI also raised the target to $145 (Bullish).

**Earnings Performance:** NVDA reported EPS of $0.09, beating estimates (Bullish). Q2 2026 EPS estimates were increased (Bullish).

**Stock Movement:** NVDA stock rose over 200% in a year and gapped up to $125.20 (Bullish).

**Partnerships/Collaborations:** NVDA partnered with Cisco and Rockwell Automation (Neutral-Bullish).

**Net Tilt:** Bullish, despite Barclays downgrade, due to multiple upgrades and positive earnings performance."
2024-06-14,18,"**Bullish Signals:**
- **Price Target Upgrades:** Sanford C. Bernstein ($100 → $130), Susquehanna ($120 → $145), Citigroup ($103 → $126), Piper Sandler ($105 → $120), Evercore ISI ($131 → $145).
- **Earnings Estimate Upgrade:** Da Davidson increased FY2025 EPS estimates.
- **Product Launch:** Nvidia launched new tools.
- **Ownership Increase:** Llc increased position by 0.3% in Q1.
- **Analyst Reaffirmation:** Morgan Stanley reaffirmed ""overweight"" rating.

**Bearish Signals:**
- **Insider Sell:** Director John Dabiri sold 1,280 shares on March 25.

**Neutral Signals:**
- **Dividend Declaration:** NVIDIA declared a quarterly dividend payable on June 28.
- **Zacks EPS Forecast:** Q3 2025 EPS forecasted at $0.62, Q4 2025 at $0.66.

**Net Tilt:** Bullish."
2024-06-15,14,"**Price Target Upgrades:** Multiple firms upgraded NVDA’s price targets: Da Davidson to $62.00, JPMorgan to $115.00, HSBC to $135.00, Tigress Financial to $98.50, Raymond James to $120.00, and KeyCorp to $130.00. **Bullish**.

**Earnings Estimate Upgrade:** Zacks raised Q3 2025 EPS estimates for NVDA. **Bullish**.

**Analyst Ratings:** Rosenblatt Securities reaffirmed a “buy” rating with a $140.00 target. **Neutral**. GameStop and Trump Media performance negatively impacted NVDA sentiment. **Bearish**.

**Partnerships:** Vertiv partnered with NVDA and Intel. **Bullish**.

**Ownership Increases:** Vanguard increased holdings by 4.3%, and Swedbank acquired a new position worth $3.9 billion. **Bullish**.

**Stock Performance:** NVDA stock gained 1.8%. **Bullish**.

**Consensus Price Target:** Analysts have a consensus price target of $116.90. **Bullish**.

**Net Tilt:** Strongly Bullish."
2024-06-16,8,"**Price Target Upgrades:** Goldman Sachs raised NVDA’s price target from $120 to $135 (Bullish). Robert W. Baird increased it from $105 to $120 (Bullish). Wedbush raised it from $100 to $120 (Bullish).

**Insider Sell:** Director Mark A. Stevens sold 150,000 shares (Bearish).

**Partnership Potential:** NVDA may partner with a Taiwanese CPU firm (Bullish).

**Stock Performance:** NVDA surged nearly 30% (Bullish).

**Ownership Increase:** Partners increased holdings by 231.3% (Bullish).

**Rating Downgrade:** DZ Bank downgraded NVDA from Buy to Hold (Bearish).

**Net Tilt:** Bullish, despite mixed signals."
2024-06-17,15,"**Antitrust Investigation:** Bearish. Facing anti-monopoly probes.

**Price Target Upgrade:** Bullish. Susquehanna lifts price target.

**Demand Decrease:** Bearish. Nvidia reports drop in demand.

**Partnerships:** Bullish. Seeking partnerships.

**Insider Sell:** Bearish. CEO sells $31.2M in stock.

**Stock Performance:** Mixed. Stock soaring 166%, but also faced a significant drop. Supreme Court reviews shareholder appeal and Nvidia’s appeal.

**Settlement:** Neutral. Agrees to $5.5M settlement."
2024-06-18,46,"**Price Target Adjustments:** Barclays downgraded NVDA’s target from $1,200 to $145 (bearish). However, multiple firms upgraded targets: Tigress Financial to $170, Needham to $120, Benchmark to $135, Citigroup to $126, Piper Sandler to $120, Evercore ISI to $145, Deutsche Bank to $100, Raymond James to $120, Mizuho to $127.50, and Rosenblatt raised it by $60 (bullish).

**Partnerships:** Toyota, Ford, HPE, and Deloitte announced collaborations with NVDA (bullish).

**Stock Performance:** NVDA’s stock surged by 164%, reaching $131 (bullish).

**Product Launch:** NVDA unveiled a simulation sensor for autonomous machines (bullish).

**Insider Sales:** CEO Jen-Hsun Huang and other insiders sold shares (bearish).

**Net Tilt:** Bullish due to numerous upgrades and partnerships outweighing the single downgrade and insider sales."
2024-06-19,35,"**Bullish Signals:**
- **Price Target Upgrades:** Multiple analysts upgraded NVDA’s price targets significantly (e.g., JPMorgan from $85.00 to $115.00, HSBC from $105.00 to $135.00).
- **Acquisitions:** NVDA acquiring Shoreline.io for $100M and reportedly considering HPE.
- **Earnings Bump:** NVDA reported a profit bump.
- **Stock Gains:** NVDA’s share price gained 3.5% to $135.58 and was up 1.8%.
- **Analyst Reaffirmation:** Morgan Stanley reaffirmed an overweight rating.

**Bearish Signals:**
- **Potential Stock Drop:** Speculation that NVDA stock might drop over 50%.
- **Insider Sell:** John Dabiri, a director, sold 1,280 shares.

**Net Tilt:** Bullish due to multiple price target upgrades and positive earnings, despite potential risks."
2024-06-20,27,"**Earnings:** Bullish. EPS surged 882% in Q4.

**Price Target Upgrades:** Bullish. Baird raised PT to $120, Wells Fargo to $155, Wolfe Research to $125.

**Revenue Guidance:** Bullish. Guidance indicates continued sales growth.

**Analyst Rating Downgrade:** Bearish. Stocknews.com downgraded from ""Strong Buy"" to ""Hold.""

**Stock Price Movements:** Mixed. Late drop but pre-market and intraday gains; set new 1-year high at $140.76.

**Partnerships:** Bullish. Collaborations with HPE, Classiq, and Xai.

**Product Enhancements:** Bullish. Announced new AI solutions.

**Ownership Increase:** Bullish. Swedbank acquired a new stake in NVDA.

**Net Tilt:** Bullish, despite mixed signals."
2024-06-21,31,"**Bullish Signals:**
- **Price Target Upgrades:** Melius Research raised price target to $160 from $125; Evercore ISI to $145 from $131; Deutsche Bank to $100 from $85.
- **Earnings Beat:** Q1 EPS of $6.12 beat estimates.
- **Partnership:** Nvidia and HPE partnership announced.
- **Stock Gains:** Stock nearly tripled, rose 26%, and surged to a record high.

**Bearish Signals:**
- **Stock Losses:** Nvidia’s stock plunged, shedding $200 billion, dragging on stocks.
- **Insider Sales:** Director Mark A. Stevens and principal accounting officer sold shares.
- **Ownership Decrease:** Veteran tech investor trimming stake due to business risks.

**Neutral Signals:**
- **Analyst Ratings:** Oppenheimer reissued outperform with $110 target; Melius Research maintains buy rating.
- **Revenue Guidance:** No specific guidance provided.

**Net Tilt:** Mixed signals suggest caution; earnings beat and upgrades contrast with significant insider selling and stock losses."
2024-06-22,20,"**Bullish Signals:**
- **Price Target Upgrades:** Multiple analysts upgraded NVDA’s price targets, with Craig Hallum raising from $85.00 to $125.00, Rosenblatt Securities from $140.00 to $200.00, Sanford C. Bernstein from $100.00 to $130.00, Benchmark from $100.00 to $135.00, Wedbush from $100.00 to $120.00, Raymond James from $110.00 to $120.00, KeyCorp from $120.00 to $130.00, Mizuho from $118.00 to $127.50, and Melius Research to $160.00.
- **Revenue Growth:** NVDA reported revenue growth over the last twelve months.
- **Ownership Increases:** Vanguard Group Inc., Charles Schwab Investment Management Inc., and Llc increased their positions in NVDA.

**Bearish Signals:**
- **Insider Sales:** CFO Colette Kress, Director Dawn E. Hudson, and CEO Jen-Hsun Huang sold shares.
- **Stock News Rating Lowered:** StockNews.com downgraded NVDA.
- **Price Declines:** NVDA’s share price fell 7"
2024-06-23,10,"**Analyst Upgrades:** Bank of America, Stifel Nicolaus, Jefferies, Citigroup, and Piper Sandler all upgraded NVDA, raising price targets to $150.00, $108.50, $135.00, $126.00, and $120.00 respectively (Bullish).

**Stock Performance:** NVDA gained 156% YTD but gapped down to $130.78 in today’s session (Mixed).

**Partnerships & Market Entry:** NVDA partnered with Ooredoo for Middle East debut and plans U.S.-aligned launch there (Bullish).

**Ownership Increase:** Swedbank AB significantly increased its stake in NVDA to $3.92 billion (Bullish).

**Net Tilt:** Bullish due to multiple upgrades and strategic moves, despite short-term volatility."
2024-06-24,41,"**Bullish Signals:**
- **Analyst Upgrades:** Jefferies upgraded NVDA to Buy; JPMorgan raised PT to $115; Melius Research raised PT to $160; Cantor Fitzgerald raised PT to $140.
- **Price Target Increases:** Multiple analysts increased price targets.
- **Stock Performance:** NVDA shares have risen over 1,000% since Oct 2022, 156% YTD, and 190% in the past year.
- **Partnerships:** Ooredoo partnerships in West Asia and MENA to deploy AI tech.

**Bearish Signals:**
- **Downgrade:** Stocknews.com downgraded NVDA to Hold.
- **Executive Resignations:** Head of IR and VP Simona Jankowski leaving.
- **CEO Insider Selling:** Jensen Huang sold $95M worth of stock.
- **Recent Declines:** NVDA stock fell 13% in three days, 6.5%, nearly 2%, and 5% multiple times recently.

**Net Tilt:** Mixed signals suggest caution; recent declines may indicate short-term pressure despite strong analyst support and long-term growth prospects."
2024-06-25,56,"**Earnings & Guidance:** Bullish. Nvidia’s Q1 2024 earnings beat expectations, with adjusted EPS surging 461.5%. However, Barclays downgraded NVDA from $1,200 to $145.

**Analyst Actions:** Mixed. Sanford C. Bernstein, Evercore ISI, Robert W. Baird, TD Cowen, Goldman Sachs, KeyCorp, and Mizuho upgraded targets, while DZ Bank downgraded from Buy to Hold. Net tilt bullish.

**Product & Catalysts:** Bullish. Nvidia plans to release next-gen AI chips (Blackwell).

**Stock Performance:** Bearish. Despite strong earnings, NVDA stock declined significantly post-earnings, with multiple reports of a slide and insider selling.

**Ownership Changes:** Neutral. Various institutions increased holdings, but CFO Colette Kress and other insiders sold shares heavily."
2024-06-26,31,"**Bullish Signals:**
- **Analyst Upgrades:** Multiple firms upgraded NVDA, including Tigress Financial ($98.50→$170), Rosenblatt Securities ($140→$200), Susquehanna ($120→$145), Piper Sandler ($105→$120), Citigroup ($126→$150), and Raymond James ($110→$120).
- **Earnings Beat:** Q1 revenue of $26 billion exceeded expectations.
- **Stock Performance:** NVDA stock is up 154% YTD and rose 6.8% recently.
- **Demand Surge:** Strong demand for NVDA’s chips.
- **Partnerships:** Trend Micro and Vng GreenNode partnered with NVDA.
- **New Infrastructure:** Launching large-scale AI cloud in Southeast Asia.
- **Ownership Increase:** Swedbank AB and Norwood Financial Corp. increased holdings.

**Bearish Signals:**
- **Insider Sales:** EVP Debora Shoquist, Director Mark A. Stevens, and CFO Colette Kress sold shares.
- **Stock Drop:** NVDA’s market cap dropped $500 billion.
- **Price Decline:** Stock fell 6.7% on Monday, trading below $121.33.

**Net Tilt:** Bullish, despite significant insider sales and recent price"
2024-06-27,17,"**Bullish Signals:**
- **Price Target Upgrades:** Wells Fargo raised PT from $125 to $155; Citigroup increased PT to $150; Truist raised PT by $12; Cantor Fitzgerald raised PT; UBS raised PT from $115 to $120; Wolfe Research raised PT from $120 to $125.
- **Analyst Ratings:** Truist reiterates Buy rating.
- **Partnership:** Nvidia partnered with Qatar telco.
- **Stock Performance:** NVDA traded 3.3% higher.

**Bearish Signals:**
- **Insider Sales:** Tench Coxe, Dawn E. Hudson, and Jen Hsun Huang sold shares.
- **Stock Slip:** Nvidia stock slipped Thursday.

**Net Tilt:** Bullish due to multiple price target upgrades and positive analyst ratings outweighing insider sales and minor stock slip."
2024-06-28,25,"**Bullish Signals:**
- **Price Target Upgrades:** Craig Hallum, Needham & Co., JPMorgan, Melius Research, Evercore ISI, Bank of America, Robert W. Baird, and KeyCorp all upgraded NVDA’s price targets, with new ranges from $115-$160.
- **Revenue Growth:** Nvidia’s revenue growth over the last 25 years is highlighted.
- **Market Share Gain:** Nvidia’s GPU market share increased from 80% to 88%.
- **Partnership:** Nvidia and Hewlett Packard Enterprise announced a groundbreaking partnership.
- **Vanguard Stake Increase:** Vanguard Group Inc. boosted its stake in NVDA by 4.3%.

**Bearish Signals:**
- **Insider Sales:** Huang, Nvidia’s CFO, and other insiders sold significant amounts of stock.
- **Stock Loss:** Nvidia’s stock plunged 13% and down 0.9% following certain events.

**Net Tilt:** Bullish, due to multiple price target upgrades and market share gains outweighing insider sales and short-term stock losses."
2024-06-29,7,"**Price Target Adjustments:** Barclays downgraded NVDA’s price target to $145 from $1,200 (Bearish). Benchmark upgraded the target from $100 to $135 (Bullish). Jefferies raised their target from $135 to $150 (Bullish).

**Revenue Guidance:** NVDA warned of a significant revenue decline (Bearish).

**Stock Performance:** NVDA stock surged 750% year-to-date and 149% this year (Bullish).

**Ownership Changes:** Baader Bank increased holdings by 34.9% in Q4 (Bullish).

**Net Tilt:** Mixed signals with strong price target downgrades offset by upgrades and significant stock gains. Revenue guidance is notably bearish."
2024-06-30,7,"**Price Target Upgrades:** Rosenblatt Securities upgraded NVDA’s price target from $140.00 to $200.00 (Bullish). TD Cowen raised their target from $120.00 to $140.00 (Bullish). Raymond James increased their target from $110.00 to $120.00 (Bullish).

**Ownership Increases:** Capital World Investors increased its stake by 15.2% (Bullish). Sa acquired a new stake (Bullish).

**Stock Price Movement:** NVDA is trading 1.8% higher (Bullish).

**Earnings Estimate:** Analysts predict EPS of 2.53 for the current year (Neutral).

**Net Tilt:** Strongly Bullish."
2024-07-01,21,"**Revenue & Earnings:** Bullish. Data center revenue surged 427% YoY; EPS forecast at $3.34.

**Analyst Actions:** Mixed. Morgan Stanley upgraded PT to $144; Baird to $120. StockNews downgraded to Hold.

**Stock Performance:** Bearish. Shares fell 1.7% to $121.48, slipping up to 3.8% on Monday despite strong YTD gains.

**Legal & Regulatory:** Bearish. Facing French antitrust charges; UK scrutiny ongoing.

**Demand & Exec Changes:** Bullish. Escalating chip demand; CFO appointment announced.

**Insider Activity:** Bearish. Director Mark Stevens sold 227,000 shares.

**Net Tilt:** Neutral with slight bearish bias due to legal/regulatory concerns and insider sales."
2024-07-02,27,"**Bullish Signals:**
- **Price Target Upgrades:** Multiple firms upgraded NVDA targets: Tigress Financial to $170.00, Craig Hallum to $125.00, Sanford C. Bernstein to $130.00, Citigroup to $150.00, Evercore ISI to $145.00, and Mizuho to $127.50.
- **Dividend Increase:** NVDA increased its dividend.
- **Stronger-than-Expected Demand:** H20 demand exceeded expectations.
- **Product Release:** Lenovo unveiled hybrid AI solutions with NVIDIA.
- **Stock Performance:** NVDA stock has risen consistently since mid-April.

**Bearish Signals:**
- **Legal Verdict:** Found guilty in a legal case.
- **Sanctions Guidance:** Faces a maximum penalty.
- **Insider Sales:** CEO Jen-Hsun Huang, CFO Colette Kress, and other insiders sold shares.
- **Regulatory Investigation:** French government raided NVIDIA offices.
- **Stock Dip:** NVDA stock dipped despite overall gains.

**Net Tilt:** Mixed signals suggest caution; consider holding due to conflicting bullish and bearish indicators."
2024-07-03,11,"**Price Target Adjustments:** Barclays downgraded NVDA’s target from $1,200 to $145 (bearish). However, Rosenblatt Securities, Melius Research, Jefferies, and Cantor Fitzgerald upgraded targets to $200, $160, $150, and $175 respectively (bullish). **Net Tilt:** Bullish.

**Stock Performance:** NVDA stock gained 156% year-to-date but saw a significant sell-off recently (mixed).

**Antitrust Investigation:** Facing potential antitrust scrutiny (bearish).

**Product Price Cut:** RTX 3050 price dropped to $899.99 (bearish).

**Revenue Guidance:** Expecting Q2 sales of $28.4 billion (neutral).

**Net Tilt:** Mixed, with slight bullish bias due to multiple upgrades outweighing the downgrade."
2024-07-04,22,"**Bullish Signals:**
- **Price Target Upgrades:** Needham ($85 → $120), HSBC ($105 → $135), BofA ($132 → $150), Wedbush ($100 → $120), Stifel ($91 → $108.50), Piper Sandler ($105 → $120), Raymond James ($110 → $120), KeyCorp ($120 → $130).
- **Stock Gains:** Shares gained 238%, exploded, and rose this week.
- **EPS Forecast:** EPS will rise.
- **Ownership Increases:** Multiple firms increased holdings.

**Bearish Signals:**
- **Insider Sell:** Director Tench Coxe sold 100,000 shares.
- **Sell Opinion:** Questioning if it’s time to sell.
- **Competition Concerns:** Amazon competition discussed.

**Net Tilt:** Bullish, driven by strong analyst upgrades and significant stock gains, despite some bearish concerns."
2024-07-05,15,"**Analyst Actions:** Bearish; New Street Research downgraded NVDA to Neutral, while UBS raised the price target from $115.00 to $120.00.

**Stock Performance:** Bearish; NVDA shares dipped in pre-market trading and closed down 0.2% at $128.03 despite a minor gain of 2.2% earlier.

**Partnerships:** Bullish; NVDA partnered with an institute to launch a program and tied up with Tiet for unspecified collaboration.

**Insider Activity:** Bearish; CEO Jensen Huang sold $169 million worth of stock.

**Facility Launch:** Bullish; NVDA is launching an AI-enabled university in India.

**Ownership Changes:** Bearish; Asian Citrus disposed of 6,600 NVDA shares.

**Net Tilt:** Bearish."
2024-07-06,3,"**Price Target Upgrade:** Evercore ISI raised NVDA’s price target from $131.00 to $145.00, **bullish**.

**Analyst Rating Downgrade:** Research downgraded NVDA from “buy” to “neutral,” **bearish**.

**Ownership Increase:** Inc. acquired a new stake in NVDA in Q1, **bullish**.

**Net Tilt:** Conflicting signals; overall **mixed**."
2024-07-07,9,"**Price Target Upgrades:** Melius Research upgraded NVDA’s price target from $125.00 to $160.00 (Bullish). Goldman Sachs raised their target from $120.00 to $135.00 (Bullish).

**Acquisitions:** Nvidia acquired Israeli AI firm Deci for $300M and Run:ai for $700M (Bullish).

**Insider Sales:** CEO Jen-Hsun Huang and Director Dawn Hudson sold significant shares (Bearish).

**Ownership Changes:** Pllc and Llc increased their stakes in NVDA (Bullish).

**Stock Performance:** NVDA traded as low as $125.68, closing at $126.43 (Bearish).

**Net Tilt:** Mixed signals with significant bullish analyst upgrades and acquisitions offset by insider sales and stock weakness."
2024-07-08,35,"**Bullish Signals:**
- **Analyst Upgrades:** Tigress Financial, JPMorgan, Stifel Nicolaus, Wolfe Research, Raymond James, and UBS all raised price targets, with new targets ranging from $108.50 to $170.00.
- **Demand Growth:** High demand for AI chips and the Blackwell platform is driving growth.
- **Partnerships:** Tiet and Deloitte collaborations indicate expanding market reach.
- **Ownership Increase:** Vanguard Group and another entity significantly increased holdings.
- **Stock Performance:** NVDA stock rose 3.7% in morning trading and gained 159% YTD.

**Bearish Signals:**
- **Regulatory Warning:** EU warns Nvidia over AI chip concerns.
- **Rating Downgrade:** StockNews.com downgraded NVDA from ""Strong-Buy"" to ""Hold.""

**Net Tilt:** Bullish, due to multiple price target upgrades and strong demand growth outweighing regulatory concerns and one downgrade."
2024-07-09,25,"**Price Target Adjustments:** Barclays downgraded NVDA’s price target to $145 from $1,200 (Bearish). However, multiple firms upgraded targets: Craig Hallum to $125 (Bullish), UBS to $180 (Bullish), Rosenblatt to $200 (Bullish), Morgan Stanley to $144 (Bullish), Wells Fargo to $155 (Bullish), and Piper Sandler to $120 (Bullish). **Net Tilt:** Bullish.

**Revenue and Demand:** Reports indicate strong revenue growth and better-than-expected demand (Bullish). Contradicting this, one source noted no demand slowdown but another insider sale by the CEO ($30.7M) (Bearish). **Net Tilt:** Mixed.

**Stock Performance:** NVDA shares gained, closing at $128.20 (+1.9%) and rising further to $131.56 (+3.8%). **Net Tilt:** Bullish.

**Analyst Ratings:** Cantor Fitzgerald and Keybanc maintained Overweight ratings (Neutral).

**Net Overall Tilt:** Bullish."
2024-07-10,19,"**Revenue Growth:** Bullish. Nvidia’s Q4 FY2024 revenue surged 268% YoY.

**Price Target Upgrades:** Bullish. Susquehanna raised PT to $145, Robert W. Baird to $120, Citigroup to $150, and Td Cowen to $140.

**Stock Performance:** Bullish. NVDA stock soared 150% YTD and jumped after recent news.

**Product Releases:** Bullish. March saw the introduction of Blackwell, followed by new AI chips in June.

**Partnerships:** Bullish. RGTI partnered with NVDA.

**Insider Sell:** Bearish. Nvidia’s CEO sold shares.

**Net Tilt:** Bullish. Positive signals outweigh the single insider sell."
2024-07-11,20,"**Bullish Signals:**
- **Price Target Upgrades:** Needham & Co. ($85 → $120), Melius Research ($125 → $160), Deutsche Bank ($85 → $100), Cantor Fitzgerald ($140 → $175).
- **Revenue Growth:** Plans to boost sales over five years.
- **Partnerships:** Collaborations with Ant PC, SK Hynix, TSMC, Indian PC builders, and QuSecure.
- **Hirings:** Taps India’s creators.
- **Ownership Increase:** ADV increased stake by 529.5%.

**Bearish Signals:**
- **Insider Sales:** Multiple insiders (Hudson, Robertson, Huang, Stevens) sold shares.
- **Stock Loss:** Trading down 5.6%.

**Net Tilt:** Mixed signals, but strong analyst upgrades and partnerships suggest overall bullish sentiment."
2024-07-12,31,"**Price Target Adjustments:** Barclays downgraded NVDA’s price target to $145 from $1,200 (Bearish). However, Tigress Financial, Rosenblatt Securities, Sanford C. Bernstein, The Benchmark Co., Jefferies, UBS, and Wolfe Research all upgraded targets to $170, $200, $130, $170, $150, $150, and $125 respectively (Bullish). **Net Tilt:** Bullish.

**Earnings and Revenue:** Q2 revenue beat expectations (Bullish). Revenue has tripled over multiple quarters (Bullish).

**Analyst Ratings:** Stocknews.com downgraded NVDA to “Hold” from “Strong Buy” (Bearish). **Net Tilt:** Mixed.

**Product and Partnership:** Soluna launched AI cloud services with NVDA (Neutral). HP and NVDA teamed up (Neutral).

**Ownership Changes:** Multiple large investors increased holdings (Bullish). CFO Colette Kress sold shares (Bearish). **Net Tilt:** Bullish.

**Stock Performance:** Shares gained 160% YTD but slid 5.6% on Thursday (Mixed). **Net Tilt:** Bullish overall due to recent gains and upgrades."
2024-07-13,13,"**Analyst Actions:** Bullish (KeyCorp upgraded target from $130 to $180, Evercore ISI from $131 to $145, Susquehanna from $120 to $145, Mizuho from $118 to $127.50); Bearish (recent downgrade from Buy to Neutral).

**Ownership Changes:** Bullish (Norwood Financial Corp, Ltd., and Inc. increased stakes).

**Earnings Estimate:** Bullish (analysts predict 43% annual earnings growth over five years).

**Stock Performance:** Mixed (shares up 1.3% post-upgrade; some suggest selling).

**Partnerships:** Bullish (Nvidia forming alliance with SK Hynix and TSMC).

**Net Tilt:** Bullish, despite mixed signals."
2024-07-14,2,"**Product Release:** Bullish. Nvidia launched a new AI chip, indicating continued innovation and potential growth in AI applications.

**Insider Sell:** Bearish. Nvidia CEO Jensen Huang sold $169 million in stock, potentially signaling lack of confidence in near-term prospects.

**Net Tilt:** Mixed signals with product release bullish and insider sell bearish."
2024-07-15,18,"**Analyst Upgrades:** Bullish. Needham upgraded NVDA’s target from $85 to $120; TD Cowen raised it from $140 to $165; Morgan Stanley from $116 to $144; Bank of America from $132 to $150.

**Antitrust Investigations:** Bearish. French regulators investigating Nvidia for anti-competitive practices; company could face charges.

**Market Share Gains:** Bullish. Nvidia surging in AI chip market.

**Insider Sales:** Bearish. CEO Jen-Hsun Huang sold 120,000 shares worth $31.3M.

**Stock Performance:** Bullish. Shares up 161%.

**Net Tilt:** Mixed, but slightly bullish due to strong analyst upgrades and market share gains outweighing antitrust concerns."
2024-07-16,13,"**Bullish Signals:**
- **Price Target Upgrades:** Melius Research ($160.00), Hsbc ($135.00), Robert W. Baird ($120.00), UBS ($150.00), Citigroup ($150.00).
- **Ownership Increase:** Vanguard Group Inc. increased holdings by 4.3%, As increased stake by 810.8%.

**Bearish Signals:**
- **Rating Downgrade:** Research cut NVIDIA from ""buy"" to ""neutral.""
- **Insider Sales:** Mark A. Stevens sold 156,023 shares, Ajay K. Puri sold 100,110 shares.
- **Product Outage:** Nvidia chips are experiencing downtime.
- **Stock Performance:** Shares down 0.4% at $127.92.

**Net Tilt:** Mixed signals suggest caution; consider holding pending further clarity."
2024-07-17,12,"**Revenue Surge:** Bullish; Nvidia’s Q2 revenue soared 208.27%.

**Price Target Upgrades:** Bullish; Wells Fargo upgraded NVDA’s price target from $125.00 to $155.00.

**Stock Performance:** Bearish; NVDA fell over 7%, hitting a two-month low, with multiple reports citing declines.

**Analyst Ratings:** Neutral; Oppenheimer maintained an “outperform” rating but did not change the price target.

**Net Tilt:** Bearish due to significant stock declines despite strong revenue growth."
2024-07-18,25,"**Price Target Upgrades:** Bullish. Rosenblatt raised PT from $140 to $200; Benchmark from $135 to $170; Deutsche Bank from $85 to $100; TD Cowen from $140 to $165.

**Product Launches:** Bullish. Nvidia launched Mistral NeMo 12B, a new AI model.

**Insider Sales:** Bearish. Donald F. Robertson, Jr. sold 4,500 shares; EVP sold $13M in stock.

**Partnerships:** Bullish. Ansys, Supermicro, and Nvidia partnered; Mistral AI and Nvidia partnership announced.

**Stock Performance:** Mixed. Year-to-date gain of 138%, but recent losses of 17% and 6%.

**Analyst Estimates:** Neutral. EPS estimate for FY is 2.53.

**Net Tilt:** Bullish, with significant upgrades and product launches offsetting insider sales and recent price drops."
2024-07-19,15,"**Price Target Upgrades:** Bullish. Sanford C. Bernstein raised price target from $100.00 to $130.00; Citigroup from $126.00 to $150.00; Jefferies from $135.00 to $150.00; Wolfe Research from $120.00 to $125.00.

**Product Releases:** Bullish. Mistral AI and new enterprise AI model launched; HP and Nvidia launching special gaming laptops for India; OpenAI, Nvidia, and Hugging Face unveiling small AI models.

**Stock Performance:** Mixed. Stock climbed 3% on Thursday but was down 0.8% at $120.14 in morning trade.

**Insider Sales:** Bearish. Nvidia CEO sold 700,000 shares worth $30.6B.

**Partnerships & Investments:** Bullish. Microsoft partners with Nvidia for GeForce NOW; Nvidia invests in networking software Arrcus.

**Net Tilt:** Neutral to Slightly Bullish."
2024-07-20,6,"**Bullish Signals:**
- **Price Target Upgrades:** HSBC upgraded NVDA’s target from $105.00 to $135.00; Robert W. Baird from $105.00 to $120.00; Mizuho from $118.00 to $127.50.
- **Stock Performance:** NVDA shares are soaring, with a gap up opening.

**Bearish Signals:**
- **Insider Sale:** EVP Debora Shoquist sold 150,000 shares.

**Net Tilt:** Bullish, due to multiple upgrades outweighing the insider sale.

**Action:** BUY"
2024-07-21,5,"**Product Release:** Bullish. NVIDIA unveiled its next-generation Blackwell chips, indicating technological advancement.

**Stock Performance:** Bearish. Stock traded as low as $118.65 and closed at $118.68, suggesting downward pressure.

**Insider Activity:** Bearish. Director Mark A. Stevens sold 385,000 shares, signaling potential insider concerns.

**Institutional Ownership:** Bullish. An unnamed institution increased its stake by 1,640.0%, showing confidence in the stock.

**Net Tilt:** Mixed signals with slight bearish bias due to recent stock performance and insider sell activity."
2024-07-22,44,"**Bullish Signals:**
- **Revenue Beat:** Nvidia exceeded revenue expectations.
- **Price Target Upgrades:** Multiple analysts upgraded price targets (Loop Capital to $175, Melius Research to $160, Piper Sandler to $140, Jefferies to $150, Wedbush to $120, Cantor Fitzgerald to $175, Morgan Stanley to $144, Bank of America to $150).
- **Product Launch:** Nvidia plans to launch a new AI chip in China.
- **Stock Gains:** Nvidia’s stock rose significantly (up to 4.2%) amid upgrades.

**Bearish Signals:**
- **Insider Sales:** Executives including EVP Ajay K. Puri, CFO Colette Kress, and CEO Jen-Hsun Huang sold shares.
- **Subscription Price Cut:** Nvidia reduced GeForce Now subscription prices.
- **Stock Price Drop:** Nvidia’s stock dropped 9.67% to $117.93.

**Net Tilt:** Bullish due to multiple price target upgrades and product launches outweighing insider sales and price cuts."
2024-07-23,3,"**Product Release:** Bullish. Nvidia launched a new AI Foundry service, enhancing its AI infrastructure offerings.

**Stock Price Movement:** Neutral. Nvidia shares have risen 150%, indicating strong market sentiment but no direct earnings or revenue update provided.

**Revenue Update:** Bearish. Nvidia’s sales of H20 did not show growth, suggesting potential revenue stagnation or decline.

**Net Tilt:** Mixed signals with product release bullish and revenue update bearish."
2024-07-24,5,"**Nvidia (NVDA) Daily Brief for 2024-07-25**

- **Regulatory Approval**: Bullish. Nvidia received approval for its AI processor in China.
- **Stock Performance**: Bearish. NVDA stock is sinking, down 5.5%.
- **Partnerships**: Bullish. Collaboration with Meta and Llama 3 integration announced.
- **Competition**: Bearish. New Dojo supercomputer aims to compete with Nvidia.

**Net Tilt**: Mixed, but slightly bearish due to stock decline and competitive pressure."
2024-07-25,11,"**Price Target Adjustments:** Barclays downgraded NVDA’s price target to $145 from $1,200 (Bearish). Craig Hallum upgraded from $85 to $125 (Bullish). UBS raised from $120 to $150 (Bullish).

**Insider Activity:** EVP Debora Shoquist sold 150,000 shares (Bearish). CEO sold $28.9M in stock (Bearish). LTD and INC increased holdings significantly (Bullish).

**Market Performance:** NVDA stock fell 3.5% (Bearish).

**Net Tilt:** Mixed signals with significant bearish insider selling and market performance offset by bullish analyst upgrades and ownership increases. **NET TILT: SLIGHTLY BEARISH.**"
2024-07-26,14,"**Bullish Signals:**
- **Price Target Upgrades:** HSBC raised PT from $105 to $135; Wells Fargo from $125 to $155.
- **Revenue Growth:** Q2 revenue of $13.5B, up 88% YoY.
- **Earnings Estimate Upgrade:** Zacks analysts boosted earnings estimates.
- **Product Launch:** New AI chip for China imminent.
- **Cost Reduction:** Plans to cut costs for AWS.
- **Facility Expansion:** SK Hynix building $6.8B chip plant in South Korea.
- **Stake Increase:** LLC increased NVDA stake by 0.3%.

**Bearish Signals:**
- **Investment in Serve Robotics:** Limited impact.

**Net Tilt:** Bullish."
2024-07-27,5,"**Price Target Upgrades:** KeyCorp upgraded NVDA’s price target from $130.00 to $180.00 (Bullish). Needham & Co. raised their target from $85.00 to $120.00 (Bullish).

**Insider Sell:** Donald F. Robertson, Jr. sold 4,500 shares (Bearish).

**Earnings Estimate:** NVDA forecasted FY2025 EPS of $2.45 (Neutral).

**Stock Price:** NVDA opened at $113.06 (Neutral).

**Net Tilt:** Bullish due to multiple upgrades outweighing the insider sell."
2024-07-28,9,"**Price Target Upgrades:** Deutsche Bank raised PT from $85 to $100; Citigroup from $126 to $150; Wolfe Research from $120 to $125 (Bullish).

**Stock Performance:** Nvidia surged 147% YTD but saw a recent crash (Mixed).

**Analyst Sentiment:** Article suggests potential 259% surge by 2030 (Bullish).

**Insider Activity:** CEO Jen-Hsun Huang sold 120,000 shares (Bearish); Norwood Financial Corp bought into NVDA (Bullish).

**Net Tilt:** Mixed signals with strong bullish upgrades and positive performance offset by CEO sale and recent crash."
2024-07-29,15,"**Bullish Signals:**
- **Price Target Upgrades:** Wells Fargo upgraded NVDA’s price target from $125.00 to $155.00; UBS from $120.00 to $150.00; Mizuho from $118.00 to $127.50.
- **Revenue Growth:** Revenue doubled last year.
- **Product Launches:** New computing platforms and tools launched.
- **Partnerships:** Collaborations with WPP and Siemens.
- **Stock Performance:** Stock rallied on positive news.
- **Product Enhancements:** Significant advancements in generative AI and Universal Scene Description.

**Bearish Signals:**
- **Supply Cut:** High-end RTX 40 series GPU production slashed.

**Net Tilt:** Bullish due to multiple upgrades, revenue growth, and product enhancements outweighing the supply cut."
2024-07-30,27,"**Dividends & Guidance:** Bullish. Nvidia raised its quarterly cash dividend by 150%, indicating strong financial health and confidence in future growth.

**Stock Performance:** Bearish. Despite reaching an all-time high earlier, NVDA stock plunged over 6% today, falling to a 2-month low, with multiple reports of significant losses.

**Analyst Actions:** Mixed. Price targets were raised, but the CEO’s insider sale and stock tumbles suggest caution. Analysts reiterated buy ratings, but the net sentiment is bearish due to the sharp decline.

**Product & Partnerships:** Bullish. Nvidia unveiled new tools and advancements, maintaining high demand for its products despite the stock drop.

**Earnings Outlook:** Neutral. Earnings are expected to be reported next month, with no specific guidance provided today."
2024-07-31,36,"**Revenue Surge:** Bullish. Nvidia’s Q2 revenue soared 262% YoY to $26B, driven by elevated AI sales.

**Price Target Upgrades:** Bullish. Multiple upgrades: KeyCorp to $180, JPMorgan to $115, Cantor Fitzgerald to $175, and Wedbush to $120.

**Legal Verdict & Insider Actions:** Bearish. Nvidia lost significant value post-legal verdict against PM Modi; Director Dawn E. Hudson sold 150K shares, while Nancy Pelosi bought 10K shares.

**Stock Performance:** Mixed. Stock saw gains (up to 13%) but also losses (down 19%). Current price around $107.

**Net Tilt:** Net bullish due to strong revenue growth and multiple price target upgrades, despite legal setbacks and mixed insider actions."
2024-08-01,18,"**Price Target Upgrade:** Deutsche Bank upgraded NVDA’s price target from $85.00 to $100.00 (Bullish).

**Regulatory Scrutiny:** US probes Run:ai acquisition; DOJ investigates NVDA (Bearish).

**Insider Sales:** CEO sold $26.4M in stock; Director Stevens sold 385,000 shares (Bearish).

**Partnerships:** Meta partners with NVDA (Bullish).

**Stock Movements:** NVDA stock gained 12.81% but also saw losses of up to 7% (Mixed).

**Market Share & Guidance:** Holds 80% AI chip market; guided revenue at $28B (Bullish).

**Net Tilt:** Mixed signals; regulatory concerns and insider sales are bearish, while upgrades and partnerships are bullish."
2024-08-02,40,"**Price Target Upgrades:** Craig Hallum raised NVDA’s price target from $85 to $125; Robert W. Baird increased from $105 to $120. **Bullish**.

**Acquisitions & Regulatory Scrutiny:** Nvidia acquired Run:ai and faces DOJ antitrust probe. **Bearish**.

**Legal Issues:** French authorities raided Nvidia’s office; potential charges from France. **Bearish**.

**Stock Performance:** Shares fell sharply in premarket and closed down 6.7% on Thursday. **Bearish**.

**Partnerships & Insider Sell:** AWS partnership emphasized; CEO Huang sold 120,000 shares. **Mixed**.

Net Tilt: **Bearish**."
2024-08-03,7,"**Price Target Upgrades:** Sanford C. Bernstein upgraded NVDA’s price target from $100.00 to $130.00; TD Cowen raised it from $140.00 to $165.00; Piper Sandler increased it from $120.00 to $140.00. **Bullish**.

**Revenue Performance:** NVDA reported record revenue. **Bullish**.

**Product Launches & Discontinuations:** Launched tools for developers building humanoid robots; reportedly discontinued GeForce RTX 3060. **Mixed**.

**Stock Performance:** NVDA stock fell by up to 23% over the last three weeks. **Bearish**."
2024-08-04,16,"**Price Target Upgrades:** Loop Capital upgraded NVDA’s price target from $120.00 to $175.00; Benchmark raised from $135.00 to $170.00; Wells Fargo from $125.00 to $155.00; UBS from $120.00 to $150.00; Jefferies from $135.00 to $150.00. **Bullish**.

**Product Launch/Delay:** Nvidia unveiled the Blackwell chip but also reported a design flaw and a delay. **Mixed**.

**Ownership Increase:** Norwood Financial Corp. purchased a new position in NVDA valued at about $45,000. **Bullish**.

**Stock Performance:** NVDA traded as low as $101.37, closed at $104.12, and shed over 5% for the week. **Bearish**.

**Consensus Target Price:** NVDA received a $131.59 consensus target price from brokerages. **Neutral**."
2024-08-05,37,"**Bullish Signals:**
- **Price Target Upgrades:** Evercore ISI ($145.00), Stifel Nicolaus ($108.50), Mizuho ($127.50).
- **Product Launches:** Advanced AI tools, RTX 3060, new robotics advances.
- **Stock Performance:** Higher YTD.

**Bearish Signals:**
- **Antitrust Investigation:** DOJ launches probe.
- **Insider Sales:** Multiple executives sell shares.
- **Product Delays:** Blackwell series delayed.
- **Stock Declines:** Multiple reports of sharp declines (over 20%, 15%, 11%, 10%, 9.5%, 9.07%, 7.8%, 7%, 6.6%, 6.36%).

**Net Tilt:** Bearish due to multiple insider sales, significant stock declines, and antitrust investigation, despite positive analyst upgrades and product launches."
2024-08-06,32,"**Analyst Actions:** Bullish; New Street Research upgraded NVDA to Buy, Needham raised PT to $120, Hsbc to $135, and Wedbush to $120. Bearish; Stocknews downgraded from Strong-Buy to Hold, DZ Bank cut to Hold.

**Revenue/Growth:** Bullish; Revenue growth over past 12 months noted.

**Product Releases:** Mixed; CEO Jensen Huang introduces new AI chip, but rollout delayed by three months.

**Stock Performance:** Bearish; NVDA sank due to reports, down 21% since mid-June. Bullish; Rebounded in premarket, gaining over 3%.

**Partnerships/Contracts:** Bullish; Nvidia and Foxconn collaborate, Core Scientific expands AI deal.

**Insider Activity:** Bearish; Director Tench Coxe sold 100,000 shares.

**Ownership Changes:** Bullish; Multiple firms increased stakes significantly.

**Net Tilt:** Bullish, despite mixed signals."
2024-08-07,22,"**Bullish Signals:**
- **Dividend Increase:** NVIDIA increased its dividend by 150%, indicating strong financial health.
- **Price Target Upgrades:** Susquehanna, Piper Sandler, Td Cowen, and Wolfe Research upgraded price targets to $145.00, $140.00, $165.00, and $125.00 respectively.
- **Earnings Beat:** NVIDIA exceeded analysts’ earnings forecasts.
- **Collaboration:** Partnership with Samsung.
- **Vanguard Stake Increase:** Vanguard Group Inc. increased its stake by 4.3%.
- **Stock Gains:** Shares rose over 12% and 2% early Wednesday.

**Bearish Signals:**
- **CEO Sale:** CEO Jen-Hsun Huang sold 120,000 shares.
- **Contract Termination:** Nvidia dropped Warner Bros. Discovery contract.
- **Stock Loss:** Fell over 6% on Monday.

**Neutral Signals:**
- **Rating Reaffirmed:** Deutsche Bank reaffirmed NVDA’s stock rating.
- **Conference Announcement:** Hosting AI Summit in Mumbai.
- **Revenue Guidance:** Projected total revenue of $28 billion, with significant Blackwell revenue expected.

**Net Tilt:** Bullish, despite some bearish signals."
2024-08-08,15,"**Bullish Signals:**
- **Price Target Upgrades:** Tigress Financial raised PT from $98.50 to $170.00; Benchmark from $135.00 to $170.00; Bank of America from $132.00 to $150.00; Deutsche Bank from $85.00 to $100.00.
- **Ownership Increases:** Baillie Gifford, American Century, and Sumitomo Mitsui Trust significantly increased positions in NVDA.
- **Stock Performance:** NVDA climbed over 6% on Thursday, trading up 6.3% by 2:17 PM ET.

**Bearish Signals:**
- **Rating Neutral:** Deutsche Bank maintained ""hold"" rating despite raising PT.

**Net Tilt:** Bullish due to multiple upgrades and significant ownership increases outweighing neutral rating."
2024-08-09,15,"**Bullish Signals:**
- Loop Capital upgraded NVDA’s price target from $120.00 to $175.00.
- Nvidia saw soaring semiconductor demand, driving sales growth.
- Nvidia acquired Run:ai for $700 million, enhancing AI capabilities.
- Goldman Sachs reaffirmed a “buy” rating with a $135.00 target.
- BNY Mellon raised its stake in NVDA by 854.1% in Q2.

**Bearish Signals:**
- DOJ initiated an antitrust probe into Nvidia.
- NVDA’s stock reportedly dropped 35%.

**Neutral Signals:**
- Nvidia (NVDA) shares up 1.5%.
- Llc increased stake in NVDA by 0.3% in Q1.

**Net Tilt:** Bullish, despite antitrust concerns, due to strong demand, acquisitions, and upgrades."
2024-08-10,8,"**Price Target Upgrade:** Jefferies raised NVDA’s price target from $135 to $150 (Bullish).

**Analyst Opinions:** Navellier & Associates recommends NVDA as the best stock to buy (Bullish). Multiple sources suggest buying NVDA over other AI stocks (Bullish).

**Insider Sales:** CEO Jen-Hsun Huang and Director Mark Stevens sold shares (Bearish).

**Market Expansion:** NVDA is entering new markets (Bullish).

**Ownership Increase:** Norwood Financial Corp. increased its stake in NVDA (Bullish).

**Stock Performance:** NVDA traded as low as $103.44, closing at $104.14 (Bearish).

**Net Tilt:** Mixed signals; slight Bullish bias due to analyst upgrades and market expansion."
2024-08-11,10,"**Revenue Growth:** Bullish. Nvidia reported Q1 FY25 revenue of $26B, up 262% YoY.

**Analyst Upgrades:** Bullish. KeyCorp raised PT to $180 from $130; Stifel Nicolaus to $108.50 from $91; Mizuho to $127.50 from $118.

**Product Release:** Mixed. Nvidia unveiled Blackwell GPUs but reportedly delayed next-gen AI chips.

**Investor Activity:** Bullish. Ltd. significantly increased holdings by 1,900%.

**Customer Investment:** Bullish. Customers are investing heavily in Nvidia’s hardware."
2024-08-12,19,"**Bullish Signals:**
- **Analyst Upgrades:** UBS upgraded NVDA to Buy; Raymond James raised PT to $120.
- **Institutional Buying:** Vanguard, Dimensional Fund Advisors, and Baillie Gifford significantly increased holdings.
- **Stock Performance:** NVDA rallied, gaining 4% on Monday and 10% in a week.
- **Partnership:** Nvidia signed a collaboration with California to promote AI literacy.

**Bearish Signals:**
- **EPS Downgrade:** Q2 2025 EPS estimates decreased.
- **Insider Sell:** EVP Ajay K. Puri sold 100,110 shares.
- **Product Delay:** Blackwell processors delayed.

**Net Tilt:** Mixed, but slightly bullish due to strong institutional support and recent stock performance."
2024-08-13,11,"**Earnings:** Bullish. Nvidia reported Q2 EPS of $0.64, beating expectations.

**Stock Price Movement:** Mixed. NVDA initially saw a significant sell-off (-21%) but later surged (+6.5% to $116.14).

**Net Tilt:** Neutral to Bullish. Despite initial weakness, strong earnings pushed NVDA higher by day’s end."
2024-08-14,11,"Nvidia exceeded Q2 revenue expectations, boosting short-term sentiment. However, CEO insider selling and Intel divesting stake indicate caution. A potential Arm acquisition suggests growth ambitions but also regulatory risk. Positive analyst opinions and partnership news support a bullish view, while demand concerns and recent stock dip tilt sentiment bearish. Net: Mixed signals, lean slightly bearish due to demand risks and insider activity."
2024-08-15,11,"**Bullish Signals:**
- **Price Target Upgrades:** Needham upgraded from $85 to $120; Wedbush from $100 to $120; Mizuho to $132.
- **Stock Performance:** NVDA surged 116% in 2024; shares gapped up to $109.02.
- **Demand Growth:** Nvidia reported significant demand growth.
- **Ownership Increase:** Llc and Coatue Management increased stakes.

**Bearish Signal:**
- **Regulatory Investigation:** DOJ is investigating Nvidia.

**Net Tilt:** Bullish, despite regulatory concerns."
2024-08-16,5,"**Legal Issues:** Bearish. Nvidia faced a class action lawsuit from YouTube users, potentially impacting investor sentiment.

**Stock Performance:** Bullish. Nvidia’s stock saw its biggest weekly gain in 15 months, with analysts citing positive momentum across semiconductor stocks.

**Earnings Guidance:** Neutral. No specific earnings guidance was provided, but Q2 results are scheduled for Aug. 28.

Signals conflict: Positive stock performance vs. negative legal developments. **Net Tilt:** Slightly Bullish due to strong recent stock gains."
2024-08-17,1,"Nvidia (NVDA) stock rose 0.47% today. No specific earnings, analyst actions, or major catalysts were reported. The lack of negative news suggests a generally stable environment, but the absence of positive catalysts like upgrades, revenue beats, or new product launches indicates a neutral to slightly bullish direction based on current market sentiment. Net tilt: **Bullish (slight)** due to the stock gain without adverse news."
2024-08-18,12,"**Price Target Adjustments:** Barclays downgraded NVDA’s price target to $145 from $1,200 (Bearish). Benchmark upgraded the target from $135 to $170 (Bullish). Evercore ISI raised the target from $131 to $145 (Bullish).

**Insider Sales:** CFO Colette Kress, Director Mark A. Stevens, and Director Dawn E. Hudson each sold significant shares (Bearish).

**Product Delay:** Blackwell AI chips delayed (Bearish).

**Institutional Ownership Increases:** Legal & General, BNY Mellon, Ameriprise Financial, Dimensional Fund Advisors, and Partners significantly increased holdings (Bullish).

**Net Tilt:** Mixed signals with significant insider selling and product delays vs. strong institutional buying. **NET TILT: SLIGHTLY BEARISH.**"
2024-08-19,14,"**Bullish Signals:**
- **Price Target Upgrade:** Melius Research raised target from $125.00 to $160.00.
- **Stock Performance:** NVDA up 153% YTD, 30% since August, and surged over 20% recently.
- **Analyst Recommendations:** Goldman Sachs reaffirmed “Buy” with Conviction Buy rating.
- **Acquisition Interest:** Nvidia eyes potential buyout in Palo Alto.
- **Product Launch:** Debuted StormCast generative AI model.

**Bearish Signals:**
- **Stock Dip:** NVDA down 11% today.

**Net Tilt:** Bullish, driven by strong analyst upgrades, positive stock performance, and product launches, despite recent dip."
2024-08-20,19,"**Earnings:** Bullish. Nvidia to report Q2 adjusted EPS of $0.64, with Q2 2023 results described as ""spectacular.""

**Legal Issues:** Bearish. Youtuber sues Nvidia.

**Product Launches:** Bullish. Nvidia introduces ""G-Sync Compatible"" branding and launches a new GPU.

**Partnerships:** Bullish. Nvidia partners with MediaTek and Siemens.

**Product Delays:** Bearish. Super Micro CEO seemingly confirms Blackwell delay.

**Stock Performance:** Bearish. Shares fell nearly 23% since mid-July.

**Analyst Sentiment:** Mixed. Earnings could be noisy; one analyst suggests selling Nvidia.

**Net Tilt:** Neutral to Slightly Bearish."
2024-08-21,27,"**Bullish Signals:**
- **Price Target Upgrades:** Rosenblatt Securities raised PT from $140 to $200; KeyCorp from $130 to $180; Citigroup from $126 to $150; Bank of America from $132 to $150; Research firm from $120 to $148; HSBC from $135 to $145.
- **Revenue Surpass:** Nvidia exceeded sales estimates.
- **Earnings Beat:** Consistently beating earnings expectations.
- **Revenue Growth:** Revenue grew from $10.9B in FY20.
- **Product Launches:** Blackwell GPU series and small language model released.
- **Insider Buying:** Legal & General increased stake by 884%.
- **Market Share:** Holds 80% of AI chip market.

**Bearish Signals:**
- **Stock Decline:** Shares closed down 2.1% at $127.25.
- **Insider Sales:** Huang sold 120,000 shares; Hudson sold 150,000 shares.
- **Product Issues:** Blackwell experiencing technical issues.

**Net Tilt:** Bullish, despite some bearish signals."
2024-08-22,27,"**Bullish Signals:**
- **Revenue Growth:** Nvidia’s revenue expected to grow 112%.
- **Price Target Upgrades:** Multiple upgrades including Loop Capital to $175, Morgan Stanley to $144, and others.
- **Buy Rating:** Rosenblatt Securities assigns a Buy rating.
- **Stock Performance:** NVDA surged 255% in 2024 and is up 153% YTD.
- **Ownership Increases:** Partners and Ameriprise Financial significantly increased stakes.

**Bearish Signals:**
- **Price Target Downgrade:** Barclays downgraded price target to $145.
- **Insider Sell:** Director Mark A. Stevens sold 385,000 shares.
- **Stock Decline:** NVDA fell 3% on Thursday, closing at $128.50.

**Net Tilt:** Bullish due to strong revenue growth and multiple price target upgrades outweighing the single downgrade and insider sell."
2024-08-23,19,"**Earnings Preview:** Bullish. NVDA forecasts EPS of $0.63 for Q2, with earnings due Aug 28.

**Price Target Upgrades:** Bullish. Wedbush raises PT to $138 from $120; Evercore ISI also boosts target.

**Stock Performance:** Mixed. NVDA up 2,000% overall but slumped 50% in 2022; recent gains include a 4.6% increase on Friday.

**Analyst Actions:** Neutral-Bullish. Wedbush and Citi reiterate 'Outperform'/'Buy' ratings.

**Partnerships & Enhancements:** Bullish. Ddn collaborates with NVDA on AI cloud; NVDA advances GPU-accelerated AI.

**Ownership Changes:** Bullish. Baader Bank increased stake by 34.9%.

**Catalysts:** Bullish. NVDA’s earnings call next week could provide further insights."
2024-08-24,15,"**Bullish Signals:**
- **Price Target Upgrades:** Multiple firms upgraded NVDA’s price targets significantly: Tigress Financial to $170.00, JPMorgan to $115.00, Rosenblatt to $200.00, Cantor Fitzgerald to $175.00, Bank of America to $150.00, and Evercore ISI to $150.00.
- **Product Launch:** Nvidia unveiled the Blackwell server.
- **Stock Performance:** NVDA stock has surged 30% and traded up 4.5%.
- **Ownership Increase:** Two major investors increased their positions in NVDA.

**Bearish Signals:**
- **Potential Decline:** One headline suggests NVDA shares could decline in the coming months.

**Net Tilt:** Bullish, with strong analyst upgrades and positive product news outweighing the single bearish outlook."
2024-08-25,4,"**Evercore ISI analysts recommend buying NVDA, maintaining bullish sentiment.** **Goldman Sachs reissued a “buy” rating with a $135.00 price target, previously unspecified.** Inc. increased its stake in NVDA, indicating continued institutional interest. **Demand for Nvidia’s systems remains strong**, supporting positive fundamentals. **Net Tilt:** Bullish."
2024-08-26,36,"**Bullish Signals:**
- **Price Target Upgrades:** Craig Hallum ($85 → $125), Robert W. Baird ($105 → $120), Morgan Stanley ($116 → $144).
- **Earnings Guidance:** Q2 sales likely to double; EPS of $0.27; profits projected to surge.
- **Demand Increase:** Soaring demand for AI chips; Blackwell systems strong demand.
- **Stock Performance:** Year-to-date gain over 163%; shares surged more than 150%.

**Bearish Signals:**
- **Product Delay:** Blackwell AI platform delayed.
- **Insider Sell:** Director Dawn E. Hudson sold 50,000 shares.
- **Regulatory Investigation:** US regulators probing Nvidia.
- **Stock Drops:** Shares fell sharply Monday; could drop 25%.

**Net Tilt:** Bullish, with significant upgrades and strong earnings guidance outweighing product delays and regulatory concerns."
2024-08-27,33,"**Bullish Signals:**
- **Price Target Upgrades:** Bank of America ($150), Wedbush ($138), UBS ($150), TD Cowen ($165), Truist ($145), Wolfe Research ($125).
- **Revenue Growth:** Q2 revenue more than tripled YoY.
- **Product Launches:** AI agent, NIM agent.
- **Partnerships:** Multiple enterprise collaborations.
- **Insider Buying:** Significant increases in institutional ownership by Legal & General, BNY Mellon, Ameriprise, Dimensional Fund Advisors, and Aristides Capital.

**Bearish Signals:**
- **Earnings Miss:** Q2 results disappointed.
- **Insider Sales:** Directors Mark A. Stevens and Ajay K. Puri sold shares.
- **Competition:** Increasing competition.

**Net Tilt:** Bullish due to multiple upgrades and strong revenue growth outweighing the earnings miss and insider sales."
2024-08-28,140,"**Earnings & Revenue:** Bullish. Nvidia Q2 EPS excluding exceptionals was $0.68 vs. $0.27, net income rose to $16.60B vs. $6.19B YoY, and revenue surged 122% to $30.04B. However, revenue guidance fell short of estimates.

**Analyst Actions:** Bullish. KeyCorp upgraded target from $130 to $180, Jefferies from $135 to $150, Raymond James from $110 to $120, and Mizuho from $118 to $127.50.

**Stock Performance:** Bullish. Stock surged 3,776%, individual gain at 167%.

**Other Signals:** Mixed. Capex increased to $369M, but net profit margin shrank. China sales grew.

**Net Tilt:** Bullish. Strong earnings and revenue growth outweighed revenue guidance miss."
2024-08-29,164,"**Bullish Signals:**
- **Revenue Growth:** Revenue soared 122% YOY, marking four consecutive quarters of triple-digit growth.
- **Earnings Beat:** Quarterly profit increased 152%, beating expectations.
- **Price Target Upgrades:** Multiple upgrades including Needham to $120, JPMorgan to $155, Craig-Hallum to $165, Melius Research to $160, BofA to $165, Bernstein to $155, Baird to $150, Citigroup to $150, Cantor Fitzgerald to $175, Piper Sandler to $140, Stifel Nicolaus to $108.50, and Hsbc to $145.
- **Stock Performance:** NVDA stock has climbed 154% YTD and 122% since last year.

**Bearish Signals:**
- **Earnings Guidance Miss:** Q2 earnings forecast missed expectations.
- **Revenue Disappointment:** Despite strong revenue, it fell short of market expectations.
- **Stock Slides:** NVDA stock fell despite revenue growth, indicating investor disappointment.
- **Dividend Cut:** Nvidia cut its dividend.

**Net Tilt:** Bullish due to overwhelming positive analyst upgrades and strong revenue/earnings performance, despite earnings guidance miss and stock slide."
2024-08-30,34,"**Bullish Signals:**
- **Analyst Upgrades:** Benchmark upgraded NVDA to “Buy.” UBS, Bank of America, Phillip Securities, and Wedbush all raised price targets to $150-$155.
- **Revenue Growth:** Sovereign AI, automotive, and overall revenues are up, with NVDA shattering records.
- **Earnings Improvement:** NVDA’s losses eased.
- **Buybacks:** NVDA announced a stock buyback.
- **Partnerships:** Multiple partnerships including with Crowdstrike, Apple, Microsoft, and VMware.
- **Institutional Ownership:** Legal & General, BNY Mellon, Ameriprise, Dimensional Fund Advisors, Norwood Financial, and Vanguard significantly increased holdings.

**Bearish Signals:**
- **Downgrade:** DZ Bank downgraded NVDA to “Hold.”
- **Insider Sales:** Director Mark Stevens and CFO Colette Kress sold shares.
- **Stock Performance:** NVDA tumbled post-earnings but rebounded in premarket.

**Net Tilt:** Bullish due to multiple upgrades and strong revenue/earnings growth outweighing the single downgrade and insider sales."
2024-08-31,14,"**Bullish Signals:**
- **Price Target Upgrades:** Tigress Financial raised PT to $170.00, Td Cowen to $165.00, Mizuho to $140.00, and Evercore ISI to $150.00.
- **Stock Performance:** NVDA shares up 137% YTD, trading 1.5% higher today.
- **Ownership Increase:** Ar boosted stake by 1,205.3% in Q2.

**Bearish Signals:**
- **Insider Sales:** EVP Ajay K. Puri sold 100,110 shares, CEO sold $580M in stock, and another insider plans to sell one million shares.
- **Stock Drop:** Shares gapped down to $125.61.

**Net Tilt:** Mixed signals with significant insider selling offsetting strong analyst upgrades and positive stock performance."
2024-09-01,8,"**Revenue Growth Concerns:** Bearish; headline suggests potential cooling off in revenue growth.

**Product Launch:** Bullish; targeting new AI chip launch.

**Stock Performance:** Bearish; stock fell to $40 post-earnings.

**Price Target Upgrade:** Bullish; Wolfe Research raised price target to $125 from $120.

**Insider Sell:** Bearish; CEO sold $580M in stock.

**Analyst Rating Neutral:** Neutral; Deutsche Bank maintained hold rating with $100 price target.

**Net Tilt:** Mixed signals; overall slightly bearish due to revenue concerns, stock drop, and insider sell."
2024-09-02,37,"**Revenue Growth:** Bullish. Data center sales rose 154%, total revenue increased 101%.

**Earnings Beat:** Bullish. EPS of $0.68 beat expectations of $0.65.

**Analyst Upgrades:** Bullish. Multiple firms upgraded price targets: Melius to $160, Robert W. Baird to $150, Jefferies to $150, Raymond James to $140, Needham to $145, Piper Sandler to $140, Mizuho to $140, Morgan Stanley to $150.

**Buybacks Approved:** Bullish. Board authorized a $50B buyback program.

**Stock Performance:** Bearish. Stock slid 4-8% in extended trading, down 5.6% from a week ago.

**Mixed Signals:** Bullish net tilt due to strong revenue and earnings beats, multiple upgrades, and buybacks outweighing short-term stock losses."
2024-09-03,39,"**Earnings & Guidance:** Q2 earnings surged 157.4%, beating expectations, but Q3 revenue guidance missed, hurting sentiment. **Bullish/Bearish Mixed**.

**Price Targets & Analyst Actions:** Citigroup upgraded NVDA to $150.00, Hsbc to $145.00. **Bullish**.

**Stock Performance:** NVDA stock gained over 650% YTD but fell sharply post-earnings due to guidance miss. **Bearish**.

**Product Launches & Supply:** New AI chip Blackwell and RTX 3050A GPU launched; production ramping up. **Bullish**.

**Legal & Regulatory:** Hit with DOJ subpoena. **Bearish**.

**Partnerships:** Multiple partnerships announced with HP, Infosys, Sify. **Bullish**.

**Market Capitalization:** Lost $214 billion in market cap. **Bearish**.

**Net Tilt:** Bearish due to mixed earnings guidance and legal/regulatory issues overshadowing positive product launches and upgrades."
2024-09-04,59,"**Revenue & Earnings:** Bullish; Nvidia reported record revenue growth of 122%, doubling earnings, and projecting annual net income of $70.35 billion through January 2025.

**Stock Performance:** Bearish; despite earlier gains, Nvidia’s stock plunged 9.5% overnight, dropping over $232 billion in market value, continuing a 14% decline.

**Regulatory & Legal Issues:** Bearish; DOJ advancing antitrust probe, regulators scrutinizing acquisitions, potential significant penalties.

**Product & Partnership:** Bullish; new enterprise software subscriptions launched, partnerships with Asus and Apple.

**Insider Actions:** Mixed; CEO sold $27.6M in stock, while the board can repurchase shares.

**Net Tilt:** Bearish due to significant stock losses and regulatory scrutiny."
2024-09-05,22,"**Executive Resignation:** Bearish; Nvidia CEO Jensen Huang drops out.

**Antitrust Investigation:** Bearish; Nvidia faces mounting antitrust investigation.

**Supply Guidance Increase:** Bullish; Blackwell platform ramps up production.

**Product Release:** Neutral; Nvidia’s product rollout announced, HPE unveils new private cloud AI solution with Nvidia.

**Legal Issues:** Bearish; multiple lawsuits against Nvidia.

**Business Contracts & Partnerships:** Bullish; Volvo Cars uses Nvidia-powered software, expands collaboration; multiple partnerships noted.

**Demand Increase:** Bullish; skyrocketing demand for Hopper GPU products; Huang says demand for Blackwell is incredible.

**Regulatory Scrutiny:** Bearish; increased regulatory scrutiny.

**Analyst Ratings:** Neutral; BofA Securities reiterates Buy rating.

**Revenue Guidance:** Bullish; revenue forecast to $30B in Q2 FY2025.

**Price Target:** Neutral; analyst sets $165 price target.

**Stock Performance:** Bearish; Nvidia stock extends record slump."
2024-09-06,18,"**Bullish Signals:**
- Craig Hallum upgraded NVDA’s price target from $125.00 to $165.00.
- HSBC upgraded NVDA’s price target from $135.00 to $145.00.
- Wolfe Research raised its target price from $120.00 to $125.00.
- Legal & General Group Plc increased holdings by 884.0% in Q2.
- Bank of America reaffirmed a Buy rating.

**Bearish Signals:**
- NVDA stock slipped, shedding $406 billion.
- NVDA stock is down 15%, 2.4%, 4%, and 5% over recent sessions.
- DOJ is investigating NVDA for antitrust concerns.

**Net Tilt:** Bearish due to significant price declines and ongoing antitrust scrutiny despite upgrades and increased investment."
2024-09-07,6,"**Price Target Upgrades:** Robert W. Baird upgraded NVDA’s target price from $120.00 to $150.00 (Bullish).

**Stock Performance:** NVDA stock declined (Bearish).

**Insider Sales:** CEO Jen-Hsun Huang and Director Mark A. Stevens sold shares (Bearish).

**Analyst Ratings:** Cantor Fitzgerald and Loop Capital maintained “overweight” and “buy” ratings with $175.00 price targets (Bullish).

**Net Tilt:** Mixed signals; slight net bullish due to multiple high price targets despite insider sales and stock decline."
2024-09-08,17,"**Revenue Growth:** Bullish. NVIDIA reported Q4 revenue up 122.4% YoY and overall revenue growth of 80%.

**Price Target Upgrades:** Bullish. Susquehanna raised PT to $145, Wells Fargo to $165, and Mizuho to $140.

**Analyst Ratings:** Mixed. Stocknews.com downgraded to Hold, while Benchmark reissued Buy with a $170 PT.

**Market Trends:** Bullish. High market share and potential inclusion in the Dow replacing Intel.

**Regulatory Risks:** Bearish. DOJ initiated a probe into NVIDIA.

**Ownership Changes:** Bullish. Significant increases in ownership by Ltd. (1900%) and Inc. (155.6%).

**Stock Performance:** Bearish. Shares fell 14% over the week ending Sept. 6, trading as low as $102.88.

**Earnings Guidance:** Neutral. Analysts predict EPS of 2.6 for FY.

**Net Tilt:** Bullish, with strong revenue growth and multiple upgrades offsetting regulatory risks and recent stock declines."
2024-09-09,63,"**Analyst Actions:** Barclays downgraded NVDA to $145 from $1,200 (bearish). Multiple firms upgraded targets: LBBW started with 'BUY', Tigress to $170, KeyCorp to $180, JPMorgan to $155, Melius to $160, Craig Hallum to $165, Needham to $145, Citigroup to $150, Sanford Bernstein to $155, TD Cowen to $165, Raymond James to $140, UBS to $150, Stifel Nicolaus to $108.50, Jefferies to $150, HSBC to $145, Wolfe Research to $125, Morgan Stanley to $150, Truist Financial to $145, and Evercore ISI to $150 (bullish).

**Revenue & Earnings:** NVDA’s revenue beat expectations (bullish).

**Catalysts:** Board authorized a $50B buyback program (bullish). Facing antitrust probe (bearish). EVP and CFO made insider sales (bearish). Partnership with Transcrypts (neutral to bullish). Trend Micro and NVDA accelerating AI (neutral to bullish).

**Net Tilt:** Bullish."
2024-09-10,31,"**Earnings & Guidance:** Bullish. Nvidia’s EPS surged 168% in Q2, beating estimates. Baird upgraded NVDA to $150 from $120.

**Stock Performance:** Mixed. Stock gained 108%, but also noted to have plunged 22% recently. Opinion suggests potential for doubling in the next year.

**Product & Partnerships:** Bullish. Next-gen Blackwell product expected soon. Deloitte, JFrog, Oracle, and others are collaborating with Nvidia.

**Insider Activity:** Bearish. CEO Jen-Hsun Huang sold 120,000 shares, generating $25M in proceeds.

**Institutional Ownership:** Mixed. Ninety One and Sapient Capital significantly increased holdings, while another entity dumped 232M shares.

**Net Tilt:** Net bullish due to strong earnings, upgrades, and partnerships, despite insider sales and mixed ownership signals."
2024-09-11,33,"**Bullish Signals:**
- **Price Target Upgrades:** Wells Fargo upgraded NVDA’s target from $155 to $165; Mizuho raised from $132 to $140.
- **Earnings Guidance:** NVDA expects adjusted EPS of nearly $4.
- **Regulatory Approval:** Potential US government approval for exporting advanced chips.
- **Product Launch:** Oracle and NVIDIA launched an AI supercomputer.
- **Surging Demand:** Blackwell chips see rising demand.
- **Partnerships:** Multiple partnerships including Oracle, JFrog, SDAIA, Pebble Beach, and Deloitte.
- **Ownership Increase:** Rockland Trust Co., Busey Bank, and another entity significantly increased holdings.
- **Stock Gains:** NVDA stock saw multiple gains, including a 6.5% rally.

**Bearish Signals:**
- **Stock Fall:** NVDA stock fell following news.
- **Product Delay:** Blackwell chip delayed.
- **Ownership Decrease:** T. Rowe Price trimmed stakes.

**Net Tilt:** Bullish, due to multiple upgrades, strong earnings guidance, regulatory approvals, and significant partnerships outweighing the product delay and ownership decrease."
2024-09-12,23,"**Price Target Upgrades:** Bullish. Needham, Citigroup, and Susquehanna upgraded NVDA’s price targets to $145, $150, and $145 respectively, from previous levels.

**Insider Sales:** Bearish. Executives including Mark A. Stevens sold significant shares, indicating potential concerns.

**Stock Performance:** Mixed. NVDA saw sharp gains on Wednesday (+8.1%) but has declined 27% overall.

**Supply Increase:** Bullish. Blackwell production is increasing, suggesting improved supply.

**Revenue Guidance:** Bearish. NVDA issued underwhelming sales guidance.

**Ownership Increases:** Bullish. Multiple institutions increased holdings or initiated new stakes in NVDA.

**Analyst Ratings:** Neutral. Goldman Sachs and Loop Capital maintained positive ratings with Loop setting a $175 price target.

**Net Tilt:** Net bullish due to multiple upgrades and institutional buying despite insider sales and weak guidance."
2024-09-13,52,"**Analyst Actions:** Barclays downgraded NVDA to $145 from $1,200 (bearish). JPMorgan, Jefferies, Raymond James, UBS, TD Cowen, Stifel Nicolaus, HSBC, and Morgan Stanley upgraded price targets to $155, $150, $140, $150, $165, $108.50, $145, and $150 respectively (bullish).

**Revenue Guidance:** NVDA raised FY26 revenue forecast to $161B (bullish).

**Buybacks:** NVDA approved a $50B buyback program (bullish).

**Regulatory Approval:** NVDA secured US government approval to sell AI chips (bullish).

**Insider Activity:** EVP Ajay K. Puri sold 100,110 shares (bearish).

**Net Tilt:** Bullish due to multiple upgrades and positive revenue guidance outweighing the Barclays downgrade and insider sale."
2024-09-14,16,"**Bullish Signals:**
- **Price Target Upgrades:** Tigress Financial ($98.50 → $170.00), KeyCorp ($130.00 → $180.00), Craig Hallum ($125.00 → $165.00), Wolfe Research ($120.00 → $125.00), Truist Financial ($140.00 → $145.00).
- **Revenue Growth:** CEO sales top $104 million.
- **Institutional Ownership Increase:** Aveo Capital Partners, Baader Bank, Oak Capital Management, West Oak Capital increased stakes.

**Bearish Signals:**
- **Insider Sales:** CEO Jen-Hsun Huang sold $104M worth of shares, CFO Colette Kress sold 100,000 shares.

**Net Tilt:** Bullish due to multiple upgrades and institutional buying outweighing insider sales."
2024-09-15,22,"**Bullish Signals:**
- **Price Target Upgrades:** Melius Research ($125 → $160), Robert W. Baird ($120 → $150), Wells Fargo ($155 → $165), Mizuho ($132 → $140).
- **Revenue/Earnings Growth:** Sales and adjusted earnings expected to rise.
- **Institutional Ownership Increase:** Multiple firms increased holdings significantly (Argent Capital, Insight Partners, etc.).

**Bearish Signals:**
- **Legal Issues:** DOJ action against Nvidia.
- **Insider Sell:** CFO Colette Kress sold 100,000 shares.
- **Stock Performance:** Shares down 23% YTD, traded as low as $118.02.

**Net Tilt:** Mixed signals suggest caution; institutional support and upgrades are positive, but legal issues and insider selling are negative."
2024-09-16,39,"**Bullish Signals:**
- **Price Target Upgrades:** JPMorgan ($155→$115), TD Cowen ($165→$140), Jefferies ($150→$135), Stifel Nicolaus ($108.5→$91), Morgan Stanley ($150→$144), Evercore ISI ($150→$145).
- **Buybacks Approved:** NVIDIA announced a $50B buyback program.
- **Insider Buying:** Baillie Gifford, Sumitomo Mitsui Trust, Swedbank, and others significantly increased stakes.
- **Earnings Estimate:** Analysts predict EPS of 2.64 for FY.

**Bearish Signals:**
- **Insider Selling:** Mark A. Stevens sold 156,023 shares; CEO sold $28.6M in stock.
- **Antitrust Suit:** Nvidia and Microsoft sued.
- **Stock Losses:** Shares opened at $119.10, fell 10% on Sep 3, and dropped 5% in a day.

**Net Tilt:** Bullish, with strong analyst upgrades and significant insider buying offsetting legal risks and some insider selling."
2024-09-17,33,"**Bullish Signals:**
- **Analyst Upgrades:** TD Cowen upgraded NVDA to ""Strong-Buy""; multiple firms raised price targets (KeyCorp to $180, Craig Hallum to $165, Sanford C. Bernstein to $155, UBS to $150, Needham to $145, Truist to $145).
- **Earnings:** High profit reported.
- **Partnerships:** Multiple collaborations announced with key players like Ses, Crowdstrike, AWS, Salesforce, Blackrock, and Microsoft.
- **Ownership Increases:** Significant increases in holdings by major investors like New York State Teachers Retirement System, Formulas, Pa, Group, BNY Mellon, Ameriprise Financial, and Dimensional Fund Advisors.

**Bearish Signals:**
- **Insider Sell:** CEO Jen-Hsun Huang sold 120,000 shares.
- **Patent Infringement Suit:** Xockets sued NVDA over patent infringement.
- **Stock Performance:** NVDA down 10% recently.

**Net Tilt:** Bullish due to strong analyst upgrades, high earnings, and numerous partnerships, despite some bearish signals."
2024-09-18,26,"**Bullish Signals:**
- **Analyst Upgrades:** William Blair starts coverage with ""Outperform,"" Td Cowen raises to ""Strong-Buy,"" Tigress Financial lifts target from $98.50 to $170.00, Melius Research from $125.00 to $160.00, Susquehanna from $120.00 to $145.00, Hsbc from $135.00 to $145.00, and Wolfe Research from $120.00 to $125.00.
- **Revenue Guidance:** William Blair forecasts FY 2025 revenue increase.
- **Buybacks Approved:** Board approved a share repurchase program.
- **Partnerships:** Collaborations with Salesforce, T-Mobile, and Google.
- **Ownership Increases:** Multiple firms increased holdings.

**Bearish Signals:**
- **Downgrade:** Stocknews.com downgraded from ""Strong-Buy"" to ""Hold.""

**Net Tilt:** Bullish due to multiple upgrades and positive analyst targets outweighing the single downgrade."
2024-09-19,37,"**Bullish Signals:**
- **Revenue Guidance:** FY 2025 revenue projected to hit $110 billion.
- **Price Target Upgrades:** JPMorgan raised PT to $155, Raymond James to $140, Mizuho to $140, Evercore ISI to $150.
- **Buybacks Approved:** Board authorized $50 billion buyback.
- **Partnerships:** Collaborations with T-Mobile, Nokia, SLB.
- **Ownership Increases:** Multiple firms increased holdings significantly.
- **Stock Gains:** NVDA stock surging, up 6.8%, 4.9%, and 0.6%.

**Bearish Signals:**
- **Price Target Downgrade:** Barclays lowered PT to $145.
- **Insider Sales:** CFO Colette Kress and EVP Ajay K. Puri sold shares.

**Net Tilt:** Bullish due to strong revenue guidance, multiple upgrades, and significant buybacks outweighing the Barclays downgrade and insider sales."
2024-09-20,40,"**Revenue:** Bullish; NVIDIA reported record Q2 2024 revenue of $30 billion.

**Analyst Upgrades:** Bullish; Craig Hallum, Citigroup, Jefferies, and Truist upgraded price targets to $165, $150, $150, and $145 respectively.

**Regulatory Scrutiny:** Bearish; DOJ is investigating NVIDIA’s acquisition of Run:ai.

**Partnerships:** Bullish; multiple partnerships announced including with Ateme, HubSpot, and G42.

**Stock Performance:** Mixed; shares initially down but saw gains later, ending down 1.3%.

**Ownership Increases:** Bullish; significant increases in holdings by various firms like Ark Investment Management and Checchi Capital Advisers.

**Net Tilt:** Bullish, despite regulatory concerns, due to strong revenue, upgrades, and partnerships."
2024-09-21,25,"**Bullish Signals:**
- Td Cowen upgraded NVDA to ""strong-buy.""
- KeyCorp raised PT from $130 to $180.
- Sanford C. Bernstein raised PT from $130 to $155.
- Wells Fargo upped PT from $155 to $165.
- Multiple partnerships announced (Foundation, Alibaba).
- Several large institutions increased holdings (Llc, Partners, Aveo Capital, BNY Mellon, Ameriprise, Dimensional Fund Advisors).

**Bearish Signals:**
- Insiders Donald F. Robertson, Jr., Mark A. Stevens, and CFO Colette Kress sold shares.

**Net Tilt:** Bullish due to multiple upgrades and increased institutional holdings outweighing insider sales."
2024-09-22,10,"**Bullish Signals:**
- **Price Target Upgrade:** Melius Research raised NVDA’s target price from $125.00 to $160.00.
- **Analyst Reiteration:** Rosenblatt Securities reiterated a “buy” rating with a $200.00 price target.
- **Institutional Buying:** Banco Santander, Llp, and Vanguard Group increased their positions in NVDA.
- **New Investment:** Kranot Hishtalmut Le Morim Ve Gananot Havera Menahelet purchased NVDA shares.

**Bearish Signals:**
- **Insider Sales:** EVP Ajay K. Puri and CEO Jen Hsun Huang sold shares (100,110 and 120,000 respectively).

**Net Tilt:** Bullish, due to multiple upgrades and institutional buying outweighing insider sales."
2024-09-23,32,"**Bullish Signals:**
- **Price Target Upgrades:** Needham ($145.00), Mizuho ($140.00), Truist ($145.00), Evercore ISI ($150.00).
- **Partnerships:** Multiple partnerships announced with firms like G42, SLB, Yotta Data Services, Alibaba.
- **Ownership Increases:** Significant increases in stake by multiple institutional investors.

**Bearish Signals:**
- **Stock Slump:** Nvidia stock is slumping.
- **Insider Sales:** CFO Colette Kress sold 66,670 shares; Director Tench Coxe sold 1,000,000 shares.
- **Product Price Cut:** RTX 40 series graphics card prices slashed.
- **Ownership Decrease:** A billionaire sold 9.3 million Nvidia shares.

**Net Tilt:** Mixed signals suggest caution; consider holding due to conflicting bullish and bearish indicators."
2024-09-24,33,"**Price Target Adjustments:** Barclays downgraded NVDA’s price target from $1,200 to $145 (bearish). Craig Hallum upgraded from $125 to $165 (bullish). HSBC raised from $135 to $145 (bullish).

**Acquisition Rumors:** Speculation about NVDA acquiring Arm (neutral).

**Partnerships:** NetApp and Alibaba partnered with NVDA (bullish).

**Insider Sales:** Donald Robertson sold 4,500 shares, and Jensen Huang sold $713M worth of stock (bearish).

**Ownership Changes:** Multiple firms increased holdings (bullish), while one insider decreased holdings (bearish).

**Stock Performance:** NVDA gained 4.3% despite a 20% drop earlier (mixed).

**Analyst Ratings:** Loop Capital and Cantor Fitzgerald maintained “buy” ratings with $175 price targets (bullish).

**Net Tilt:** Mixed signals with significant insider selling and analyst downgrades offset by bullish upgrades and partnerships."
2024-09-25,29,"**Analyst Actions:** Bullish. Td Cowen upgraded NVDA to ""strong-buy,"" while Raymond James raised their price target from $120.00 to $140.00 and Wells Fargo increased theirs from $155.00 to $165.00.

**Partnerships:** Bullish. Google and Zhuoyu partnered with NVDA, and Dell expanded collaboration with NVDA.

**Ownership Changes:** Mixed. Multiple firms increased their stakes in NVDA, but one significant holder reduced theirs. 

**Stock Performance:** Bullish. NVDA stock doubled, gained 5%, and rose 2.2% to $123.51, though it fell 0.6% to $120.10 later.

**Supply Guidance:** Neutral. NVDA expected to produce 450,000 Blackwell units.

Net Tilt: **Bullish**."
2024-09-26,30,"**Buybacks:** Bullish; NVIDIA approved a $50B buyback program (Aug 28).

**Revenue Guidance:** Bullish; forecasted 21% revenue growth.

**Product & Partnerships:** Bullish; Ateme deploys new video solutions with NVIDIA, Dell partners with NVIDIA, and Exl launches insurance LLM powered by NVIDIA.

**Insider Sales:** Bearish; CEO Jen-Hsun Huang, CFO Colette Kress, and Director Mark A. Stevens sold shares recently.

**Analyst Ratings:** Mixed; Wedbush, Rosenblatt, Piper Sandler, and Bank of America maintain positive ratings ($138-$200 targets), while Da Davidson remains neutral ($90 target).

**Institutional Ownership:** Bullish; multiple institutions increased holdings significantly in Q2.

**Stock Price Movement:** Bearish; recent dip noted, but Q4 saw gains.

**Net Tilt:** Bullish, with significant institutional support and positive analyst targets outweighing insider sales."
2024-09-27,23,"**Revenue and Earnings:** Bullish. Nvidia reported $30B in revenue, a 122% increase, and beat Q2 estimates.

**Analyst Actions:** Mixed. Barclays downgraded NVDA to $145 from $1,200; JPMorgan upgraded to $155 from $115.

**Product Launch:** Bullish. Nvidia released Blackwell, its next-gen AI chip.

**Partnerships and Acquisitions:** Bullish. Nvidia signed a collaboration deal with Ireland and acquired a Seattle AI startup.

**Ownership Increases:** Bullish. Multiple firms significantly increased holdings in NVDA.

**Stock Performance:** Mixed. NVDA rose 6% in a week but traded down 2.5% recently.

**Net Tilt:** Bullish, despite mixed signals."
2024-09-28,8,"**Bullish Signals:**
- **Price Target Upgrades:** UBS raised PT from $120 to $150; Sanford C. Bernstein from $130 to $155; Morgan Stanley from $144 to $150.
- **Ownership Increases:** Citizens & Northern Corp increased holdings by 897.8%; Aveo Capital Partners LLC increased stake by 30.5%.
- **New Stake Acquisition:** United Capital Management of KS Inc acquired shares.

**Bearish Signals:**
- **Stock Drop:** Nvidia stock declined.
- **Insider Sell:** Director Tench Coxe sold 1,000,000 shares.

**Net Tilt:** Mixed signals with slight bullish bias due to multiple upgrades and new acquisitions outweighing the insider sell and stock drop."
2024-09-29,16,"**Bullish Signals:**
- **Price Target Upgrades:** Raymond James raised PT from $120.00 to $140.00; Mizuho lifted PT from $132.00 to $140.00.
- **Management & Institutional Ownership Increases:** Multiple entities (Management, Partners, Advisors, Davidson Investment Advisors, BNY Mellon, Vanguard, Swedbank) significantly increased holdings.
- **Revenue Guidance:** Guiding for record Q revenue of $32.5 billion.
- **Earnings Estimate:** Analysts expect EPS of $2.65 for the current year.

**Net Tilt:** Strongly Bullish."
2024-09-30,32,"**Bullish Signals:**
- **Stock Performance:** Shares surged 145% YTD, reached new highs, and were reaffirmed as a top pick.
- **Buybacks:** Approved a buyback program, repurchasing 62.8M shares for $7B in Q2 FY25.
- **Partnerships:** Partnered with BlackRock.
- **Ownership Increases:** Multiple firms increased positions significantly.

**Bearish Signals:**
- **Insider Sales:** CEO Huang and Director Stevens sold shares.
- **Price Decline:** Shares fell 2.2% on the day, opening at $121.40 and trading as low as $118.15.

**Neutral Signals:**
- **Analyst Ratings:** Multiple analysts maintained “buy” ratings but with varied price targets ($135-$200).

**Net Tilt:** Bullish, despite recent price decline and insider sales, due to strong YTD performance, buybacks, and significant ownership increases."
2024-10-01,30,"**Bullish Signals:**
- **Price Target Upgrades:** Tigress Financial upgraded NVDA’s price target from $98.50 to $170.00; Hsbc from $135.00 to $145.00; Wells Fargo from $155.00 to $165.00.
- **Stock Performance:** NVDA has climbed 145% in 2024.
- **Partnerships:** NetApp partnership and MoU with Dublin-based Equal1.
- **Ownership Increases:** Multiple firms significantly increased holdings in NVDA.

**Bearish Signals:**
- **Product Abandonment:** Halting development of GB200.
- **Stock Declines:** NVDA shares have slipped, down 3.7% and 11% from June peak.
- **Insider Selling:** Director sold 40,000 shares.

**Net Tilt:** Mixed signals suggest caution; consider holding due to conflicting bullish and bearish indicators."
2024-10-02,30,"**Bullish Signals:**
- **Price Target Upgrades:** Needham upgraded NVDA’s price target from $120 to $145; Citigroup from $126 to $150.
- **Product Release:** Coherent Corp. unveiled a 1.6T SiPho product with NVIDIA.
- **Demand Increase:** Increase in orders for NVIDIA’s products.
- **Partnerships:** Expanded partnerships with Accenture.
- **Stock Picks:** Nvidia recommended as a buy.
- **Ownership Increases:** Multiple firms increased stakes in NVDA.

**Bearish Signals:**
- **Revenue Guidance:** Third-quarter fiscal 2025 revenues forecasted at $32.5 billion (no change).

**Net Tilt:** Bullish due to multiple upgrades and positive developments outweighing neutral guidance."
2024-10-03,42,"**Bullish Signals:**
- **Price Target Upgrades:** KeyCorp raised target from $130 to $180; Jefferies from $135 to $150; Sanford C. Bernstein from $130 to $155.
- **Revenue Growth:** FY23 revenue growth noted.
- **Earnings Guidance:** Adjusted earnings expected to grow.
- **Buyback Program:** Board authorized $50B repurchase.
- **Supply Increase:** Blackwell production ramps Q4.
- **Partnerships:** Accenture, AI partners with NVIDIA.
- **Ownership Increases:** Multiple firms increased stakes.

**Bearish Signals:**
- **Insider Sales:** CEO Jen Hsun Huang sold 120,000 shares; Director Mark A. Stevens sold 40,000 shares.
- **Demand Concerns:** Intense demand predicted but CEO notes 'insane' demand for Blackwell.
- **Stock Loss:** Price down 2.6%.

**Net Tilt:** Bullish due to strong analyst upgrades and revenue/earnings growth expectations outweighing minor insider sales and slight stock dip."
2024-10-04,18,"**Product Release:** Bullish. Blackwell was introduced in March.

**Legal Issues:** Bearish. Authorities are taking action against Nvidia, and it faces an investor lawsuit.

**Demand:** Bullish. Growing demand for Nvidia’s hardware.

**Stock Performance:** Mixed. Stock tumbled on Tuesday but grew 12% in September.

**Analyst Actions:** Bullish. Evercore ISI upgraded price target from $145 to $150; Rosenblatt Securities reaffirmed “buy” with $200 price objective.

**Ownership Increases:** Bullish. Multiple investors significantly increased positions in NVDA across quarters.

**Net Tilt:** Bullish, despite legal issues, due to product release, growing demand, positive analyst actions, and significant ownership increases."
2024-10-05,16,"**Price Target Upgrades:** Susquehanna upgraded NVDA’s target from $120 to $145; Mizuho raised from $132 to $140 (Bullish).

**Analyst Opinions:** Susquehanna sees potential for NVDA to soar another 561%; Ray Dalio suggests NVDA as a top pick (Bullish).

**Insider Activity:** Tench Coxe, director, sold 1M shares (Bearish).

**Partnerships:** NVDA formed partnerships with major cloud providers to enhance AI capabilities (Bullish).

**Ownership Increases:** Multiple firms increased stakes significantly in Q2 (Aveo, Gabelli, BNY Mellon) (Bullish).

**Stock Performance:** NVDA stock surged Wednesday (Bullish).

**Revenue:** Reported $16.6B in revenue (Neutral).

**Net Tilt:** Bullish, despite insider sell, due to multiple upgrades and significant stake increases."
2024-10-06,11,"**Buybacks Approved:** Bullish; NVIDIA announced a $50B share repurchase program, signaling confidence in its future prospects.

**Institutional Ownership Increases:** Bullish; Td Asset Management Inc., Prudential PLC, and another unnamed entity significantly increased their stakes in NVDA, indicating institutional support.

**Analyst Ratings Reaffirmed:** Neutral; Piper Sandler, Wedbush, and The Goldman Sachs Group maintained positive ratings with price targets of $140, $138, and $135 respectively.

**Stake Acquisitions:** Bullish; Ks, Td Asset Management Inc., and Nottingham Advisors Inc. acquired significant shares, further supporting NVDA.

**Net Tilt:** Bullish."
2024-10-07,17,"**Revenue Growth:** Bullish. Nvidia reported Q3 revenue of $30B, up 122% YoY.

**Analyst Upgrade:** Bullish. Robert W. Baird upgraded NVDA’s price target from $120 to $150.

**Stock Performance:** Mixed. NVDA stock gained 155% YTD but fell 0.9% intraday to $123.81.

**Partnerships:** Bullish. Nvidia announced partnerships with Hitachi, Accenture, and an unnamed industrial firm to boost AI capabilities.

**Institutional Ownership:** Bullish. Vanguard, Southstate, and Sumitomo Mitsui Trust significantly increased holdings in NVDA.

**Earnings Guidance:** Neutral. Analysts forecast FY EPS of $2.65.

**Long-Term Revenue Forecast:** Bullish. Nvidia targets $600B in sales by FY2031."
2024-10-08,34,"**Bullish Signals:**
- **Price Target Upgrades:** Melius Research upgraded NVDA’s price target from $125.00 to $160.00; Citigroup upgraded from $126.00 to $150.00.
- **Revenue Guidance:** Forecasted 80% revenue growth.
- **Buybacks Approved:** Board authorized a $50 billion buyback plan.
- **Product Launches & Enhancements:** Multiple new product releases and partnerships (Cloudera, Foxconn, Teradata).
- **Demand Increase:** Skyrocketing demand for Blackwell GPU platform.
- **Stock Gains:** NVDA shares rose 1.4%, 3.5%, and over 4% in recent sessions; up nearly 12% in October.

**Bearish Signals:**
- **Insider Sell:** Director Mark A. Stevens sold 125,000 shares.

**Net Tilt:** Bullish due to strong analyst upgrades, robust revenue guidance, significant buybacks, and multiple product launches outweighing the single insider sale."
2024-10-09,30,"**Revenue and Earnings:** Bullish. Nvidia beat revenue guidance and reported a 40% rise in September sales, with Keybanc raising FY25 sales outlook.

**Analyst Actions:** Mixed. Tigress Financial upgraded price target to $170 from $98.50; Da Davidson downgraded to neutral with a $90 target. Net tilt bullish.

**Partnerships:** Bullish. Multiple partnerships announced with Deloitte, Foxconn, Accenture, Stripe, US tech companies, and universities.

**Supply and Contracts:** Bullish. Blackwell GPU production to triple by Q1 2025; delivered first Blackwell DGX B200 system to OpenAI.

**Ownership Changes:** Mixed. Norwood Financial, Ltd., Ethic Inc., and Llc increased stakes; Appaloosa Management dumped 84% of stake. Net tilt slightly bullish.

**Stock Performance:** Mixed. Stock declined despite nearing record high and gaining 2%."
2024-10-10,25,"**Bullish Signals:**
- **Revenue Growth:** Q3 data center revenue up 15% QoQ.
- **Product Launch:** New Blackwell AI chip debuts.
- **Production Ramp:** Blackwell production ramping up.
- **Analyst Upgrade:** Rosenblatt Securities reissues ""buy"" with $200 target.
- **Morgan Stanley:** Reiterates ""overweight.""
- **Institutional Buying:** Multiple firms increase positions significantly.
- **Stock Performance:** Soared 52% in 6 months, surged 25% in a month.

**Bearish Signals:**
- **Analyst Downgrade:** LBBW cuts to ""hold.""
- **Stock Dip:** Slight dip in stock price.
- **Demand Concerns:** CEO calls Blackwell demand ""insane,"" potentially signaling overhype.

**Net Tilt:** Bullish, despite mixed signals."
2024-10-11,22,"**Bullish Signals:**
- **Price Target Upgrade:** Goldman Sachs raised NVDA’s price target to $150 from $135.
- **Demand Guidance Increase:** NVDA expects growth in demand for its Hopper chip.
- **Insider Activity:** Multiple large investors increased their stakes in NVDA, including Triasima, Vanguard, BNY Mellon, Chilton, and Sumitomo Mitsui Trust.
- **Partnerships:** Stripe and Pepsi partnered with NVDA.
- **Stock Performance:** NVDA’s stock has surged, closing at $132.65 and rallying 25%.

**Bearish Signals:**
- **Insider Sell:** CEO Huang sold 120,000 shares.
- **Stock Loss:** NVDA fell 4.5% recently.

**Net Tilt:** Bullish due to strong price target upgrades, increased demand expectations, and significant investor support outweighing the minor insider sell and recent stock dip."
2024-10-12,11,"**Goldman Sachs upgraded NVDA’s price target to $150 from $135, bullish.** Cantor Fitzgerald maintained an overweight rating with a $175 target, also bullish. Deutsche Bank held at $100, neutral. Insider selling by CFO and directors (Stevens, Coxe) is bearish. However, a significant buyback program ($50B) is bullish. Superannuation and Lgt Group increased stakes, mildly bullish. Overall, **net tilt is slightly bullish due to major upgrades and buyback program outweighing insider sales.**"
2024-10-13,14,"**Bullish Signals:**
- **Price Target Upgrades:** Mizuho raised target from $132.00 to $140.00; Evercore ISI increased from $145.00 to $150.00.
- **Analyst Reiterations:** UBS reissued “buy” with $150.00 target; Rosenblatt Securities reiterated “buy” with $200.00 target.
- **Stake Increases:** Multiple firms significantly increased stakes: LLC up 36.3%, Ltd. up 2,995.9%, Partners up 231.3%, LLC up 897.0%.
- **New Stake Acquisitions:** Levin Capital Strategies, First Interstate Bank, Inc., and Redwood Financial Network purchased NVDA shares.

**Bearish Signal:**
- **Neutral Rating:** Da Davidson reiterated “neutral” with $90.00 target.

**Net Tilt:** Bullish, with multiple upgrades and significant stake increases outweighing the single neutral rating."
2024-10-14,45,"**Bullish Signals:**
- **Analyst Upgrades:** TD Cowen upgraded to Strong-Buy; Goldman Sachs raised PT to $150.
- **Price Targets Raised:** Raymond James to $140; Goldman Sachs to $150.
- **Stock Performance:** NVDA up nearly 180% YTD; shares soaring.
- **Product Launches:** Cloudera launches AI inference service; NVDA set to launch new AI accelerators.
- **Institutional Buying:** Multiple firms significantly increased positions (Marco Investment Management, Baillie Gifford, others).

**Bearish Signals:**
- **Insider Sale:** CEO Huang sold 120,000 shares.

**Net Tilt:** Bullish due to multiple upgrades, higher price targets, strong institutional buying, and positive product news outweighing the single insider sale.

**Action:** BUY"
2024-10-15,44,"**Revenue Growth:** Bullish. Goldman Sachs upgraded NVDA’s price target to $150 from $135, citing anticipated revenue growth of 82% to $33B. Cantor Fitzgerald also reaffirmed an “overweight” rating with a $175 target.

**Stock Performance:** Mixed. NVDA shares rose 180% YTD but fell 5% recently, ending at $137.10. Bloomberg recommends buying NVDA, while insider Mark A. Stevens sold 155,000 shares.

**Product & Partnerships:** Bearish. Blackwell chip delay until Q4. However, Dell unveiled new servers with NVDA, and partnerships with Foxconn and TSMC remain positive.

**Demand Trends:** Bearish. CEO Jensen Huang reported strong demand easing, contradicting earlier bullish statements about “insane” demand.

**Buybacks & Ownership:** Bullish. NVDA approved a $50B share repurchase program. Multiple firms increased stakes, including Vanguard, American Century, and Barings LLC.

**Net Tilt:** Bullish, despite recent stock dips and product delays, due to strong revenue guidance and significant stake increases."
2024-10-16,20,"**Product Launches & Partnerships (Bullish):** Nvidia and Lenovo unveiled Lenovo Hybrid; Supermicro introduced JBOF storage platform powered by Nvidia; multiple partnerships announced with Supermicro, Force, and Southern California Edison.

**Stock Performance (Mixed):** Nvidia stocks plunged due to broader market factors but recovered post-Tuesday losses, rising 166% YTD. Recent trading saw a 4.7% drop.

**Analyst Actions (Bullish):** Benchmark, UBS, and Piper Sandler maintained “buy” ratings with price targets of $170, $150, and $140 respectively.

**Ownership Increases (Bullish):** Multiple firms increased stakes in Nvidia, including Inc., Dekabank, and Fulton Breakefield, indicating institutional confidence.

**Net Tilt:** Bullish, despite short-term volatility."
2024-10-17,23,"**Price Target Upgrade:** Bullish. Bank of America raised NVDA’s price target to $190 from $165.

**Product Launches & Partnerships:** Bullish. Datastax, Adobe, and Infor launched new products with NVIDIA. RTX 50 series expected Q1 2025.

**Stock Performance:** Mixed. NVDA reached all-time high but also saw some decline. Insider sell by CEO, but major funds increased holdings.

**Analyst Sentiment:** Bullish. Street views NVDA as a buy despite CEO selling shares.

**Net Tilt:** Bullish. Positive product launches and analyst upgrades outweigh insider sells."
2024-10-18,25,"**Bullish Signals:**
- **Price Surge:** NVDA shares surged 180% YTD and hit a record high.
- **Analyst Upgrades:** Bank of America upgraded NVDA with a new price target (exact not specified).
- **Institutional Buys:** Envestnet, First Hawaiian Bank, BNY Mellon, Sumitomo Mitsui, and others significantly increased their stakes.
- **Positive Ratings:** Morgan Stanley and Loop Capital maintained ""overweight"" and ""buy"" ratings with $150 and $175 price targets respectively.

**Bearish Signals:**
- **CFO Insider Sell:** CFO Colette Kress sold 66,670 shares.
- **Stock Dip:** NVDA fell 5% recently.

**Net Tilt:** Bullish due to overwhelming institutional buying and positive analyst upgrades despite CFO’s insider sale and recent dip."
2024-10-19,21,"**Bullish Signals:**
- **Price Target Upgrades:** Goldman Sachs upgraded from $135 to $150, Bank of America from $165 to $190, and Wells Fargo from $155 to $165.
- **Buyback Program:** Approved a $50 billion stock buyback.
- **Institutional Ownership Increases:** Dimensional Fund Advisors, Massachusetts Financial Services, Thompson Siegel & Walmsley, and others significantly increased holdings.
- **Analyst Reaffirmations:** Cantor Fitzgerald, Rosenblatt Securities, and Benchmark maintained positive ratings with target prices of $175, $200, and $170 respectively.

**Bearish Signals:**
- **Insider Sale:** Director Mark A. Stevens sold 155,000 shares.

**Net Tilt:** Bullish due to multiple upgrades and significant institutional buying outweighing the insider sale."
2024-10-20,16,"**Bullish Signals:**
- **Revenue Growth:** Revenues doubled over.
- **Price Target Upgrade:** Bank of America raised NVDA’s price target to $190.00.
- **Institutional Ownership Increase:** Multiple institutions (Dimensional Fund Advisors, Vanguard, Baillie Gifford, Norwood Financial) significantly increased holdings.
- **Stock Performance:** NVDA stock is up 233% YTD and closed up 0.8% on Friday.

**Neutral Signal:**
- **Analyst Rating:** Piper Sandler maintained an “overweight” rating with a $140.00 target price.

**Consensus Price Target:** $234.49.
**EPS Forecast:** Analysts predict 2.65 EPS for the current year.

**Net Tilt:** Strongly Bullish."
2024-10-21,32,"**Revenue & Earnings:** Bullish. Nvidia forecasts Q3 EPS of $0.74, a significant beat vs. consensus. Revenue expected to surge 111%, driven by strong chip demand.

**Stock Performance:** Bullish. Shares closed at $142.08, up 2.95%, hitting a new intraday high. Gained nearly 3% over the past week.

**Analyst Actions:** Mixed. Bank of America and CFRA upgraded price targets to $190, while Wedbush and others maintained ratings. One analyst advised against buying.

**Partnerships & Demand:** Bullish. Nvidia partnered with Aidoc, Deloitte, and Microsoft, indicating robust demand. Datastax launched an AI platform with Nvidia.

**Supply & Ownership:** Neutral. Blackwell ramps chip production. American Century increased holdings by 882.4%.

**Insider Activity:** Bearish. CEO Huang sold 120,000 shares.

**Net Tilt:** Bullish. Positive analyst upgrades and strong revenue/EPS forecasts outweigh bearish insider selling."
2024-10-22,27,"**Bullish Signals:**
- **Price Target Upgrades:** Bank of America upgraded NVDA’s price target from $165 to $190; Goldman Sachs raised it from $135 to $150.
- **Buyback Program:** NVDA announced a $50B buyback program.
- **Production Increase:** NVDA ramped up Blackwell production.
- **Investment Plans:** NVDA planning significant investments in Thailand.
- **Institutional Buying:** Multiple firms increased holdings (E Fund, Argent Trust, Meiji Yasuda, Dimensional Fund Advisors, Mutual of America, BNY Mellon).

**Bearish Signals:**
- **Stock Decline:** NVDA stock declined alongside Tesla.
- **Selling Activity:** One firm reported selling 25,000 NVDA shares.

**Net Tilt:** Bullish due to multiple upgrades and strong institutional buying outweighing minor selling activity."
2024-10-23,17,"**Earnings & Guidance:** Bullish. Nvidia’s EPS is set to rise, and demand for Blackwell GB200 chips is expected to surge.

**Product Launches:** Bullish. Denmark launches sovereign AI supercomputer, and Nvidia showcases AI tools at HLTH conference.

**Stock Performance:** Bearish. Shares trade lower despite rallies and increased ownership by major investors like Partners and Massachusetts Financial Services Co. MA.

**Analyst Actions:** Mixed. Cantor Fitzgerald upgrades to “overweight” with $175 PT, while Deutsche Bank maintains “hold” with $100 PT.

**Ownership Changes:** Bullish. Multiple firms increase stakes in NVDA significantly.

**Net Tilt:** Net bullish due to strong earnings/guidance and product launches, but cautious due to mixed analyst ratings and stock performance."
2024-10-24,48,"**Partnerships and Collaborations (Bullish):** Nvidia is expanding its footprint in India through multiple partnerships with Tata Communications, Reliance Industries, Infosys, TCS, and others, indicating strong demand and strategic alignment.

**Product Launches (Bullish):** Nvidia introduced several new AI models and platforms in India, including a Hindi-language AI model and six new AI services, signaling product innovation and market expansion.

**Cost Reduction (Bullish):** Nvidia is cutting costs, which could improve margins and profitability.

**Price Cut (Bearish):** Nvidia reduced AI product prices, potentially impacting near-term revenues but boosting adoption.

**Insider Sell (Bearish):** CEO Jen-Hsun Huang sold 120,000 shares, raising concerns about insider confidence.

**Net Tilt:** Bullish, due to extensive partnerships and product launches outweighing the negative impact of the price cut and insider sell."
2024-10-25,28,"**Bullish Signals:**
- **Price Target Upgrade:** Bank of America upgraded NVDA’s price target from $165 to $190.
- **Revenue Growth:** NVDA forecasts AI revenue growth.
- **Buybacks Approved:** Board authorized a $50B share repurchase program.
- **Product Release:** NVDA to roll out small language models.
- **Partnerships:** NVDA partnered with Reliance and Tata Group.
- **Insider Buy:** CEO reportedly wants to buy NVDA for $20B.
- **Ownership Increases:** Multiple firms increased holdings in NVDA.

**Bearish Signals:**
- **Stock Loss:** NVDA shares slid 3%, traded as low as $138.26, and closed at $140.84 post-market.

**Net Tilt:** Bullish, despite some short-term losses."
2024-10-26,12,"**Product Release:** Bullish. Nvidia unveiled a sovereign AI supercomputer in Denmark, signaling strong international partnerships and potential growth.

**Ownership Increases:** Bullish. Multiple large investors significantly increased their stakes in NVDA, including Inc., Bank of New York Mellon Corp, Dimensional Fund Advisors LP, Baillie Gifford & Co., and Itau Unibanco Holding S.A.

**Analyst Ratings:** Neutral. Morgan Stanley reaffirmed an ""overweight"" rating with a $150 price target.

**Stock Performance:** Bullish. NVDA stock rose 2.6% for the week, closing at $141.54.

**Net Tilt:** Strongly Bullish."
2024-10-27,17,"**Nvidia (NVDA) Daily Brief for 2024-10-28**

**Bullish Signals:**
- **Dividend Increase:** NVDA raised its quarterly cash dividend by 150%, indicating strong financial health.
- **Analyst Upgrades & Price Targets:** Mizuho upgraded NVDA’s target price from $132.00 to $140.00. Cantor Fitzgerald reiterated an “overweight” with a $175.00 target, and UBS maintained a “buy” with a $150.00 target.
- **Institutional Ownership Growth:** Multiple firms significantly increased their stakes, including Proshare Advisors LLC (+898.4%), RWWM Inc. (+941.8%), Me (+24.3%), Norwood Financial Corp., Gladstone Capital Management LLP (+677.0%), and Xponance Inc.

**Net Tilt:** Strongly Bullish

**Neutral Signals:**
- **Stock Performance:** NVDA stock traded up 2.1%.

**No Bearish Signals Detected**

**Action Recommendation:** BUY"
2024-10-28,27,"**Earnings & Guidance:** Bullish. Nvidia’s Q3 EPS guidance rose 81.6%, and Q2 earnings beat expectations. BofA upgraded 2025 EPS to $2.87.

**Stock Performance:** Bullish. NVDA stock is up nearly 200% YTD and near record highs.

**Partnerships & Investments:** Bullish. Nvidia partners with Indian firms, TCS, and Zoho. Uber also invested in Nvidia.

**Legal Issues:** Bearish. Partec AG filed a patent infringement lawsuit against Nvidia.

**Insider Activity:** Bearish. CFO Colette Kress and Director Mark Stevens sold shares.

**Analyst Actions:** Neutral. Loop Capital maintained a “buy” rating with a $175 target, while Piper Sandler reaffirmed “overweight” with a $140 target. Da Davidson kept a “neutral” rating with a $90 target.

**Net Tilt:** Bullish. Positive earnings and guidance outweigh legal and insider concerns."
2024-10-29,17,"**Product Enhancements and Releases:** Bullish. Nvidia launches Blackwell with enhanced computing capabilities and unveils new generative AI tools, while also releasing the DGX SuperPOD.

**Legal Issues:** Bearish. A firm sues Nvidia, potentially impacting legal expenses and reputation.

**Insider Activity:** Bearish. CEO Jen-Hsun Huang sold 120,000 shares, signaling potential concerns.

**Ownership Changes:** Mixed. Multiple firms increased their stakes, but insider selling tilts net sentiment slightly negative.

**Analyst Ratings:** Neutral. Morgan Stanley maintains ""overweight"" with a $150 price target.

**Stock Price:** Bearish. NVDA opened at $140.52, down from previous close.

**Earnings Guidance:** Neutral. No specific guidance provided yet."
2024-10-30,27,"**Bullish Signals:**
- **Analyst Upgrade:** Nvidia upgraded to Buy.
- **Buyback Program:** Approved $50B share repurchase.
- **Partnerships:** Partnering with MediaTek; launching Arm chip.
- **Institutional Buying:** Multiple firms significantly increased holdings (Legal & General, Ameriprise, Dimensional Fund Advisors, Proshare Advisors, Dak, Maverick Capital, Sculptor Capital).

**Bearish Signals:**
- **Downward Price Movement:** Shares down 0.6% to $140.40.
- **Institutional Selling:** One firm reduced position.

**Net Tilt:** Bullish due to strong institutional buying and analyst upgrades outweighing minor price decline."
2024-10-31,22,"**Net Tilt: Bearish**

**Price Target Upgrade:** Bullish (Bank of America upgraded price target from $165.00 to $190.00).

**Regulatory Scrutiny & Antitrust Issues:** Bearish (EU antitrust regulators reviewing Nvidia’s acquisition of Run:ai; Nvidia faces antitrust lawsuit).

**Stock Performance:** Bearish (Nvidia stock down 1.4%, nearly 5%, and 4% on Thursday).

**Ownership Increases:** Mixed (multiple firms increased holdings, but overall sentiment is overshadowed by regulatory concerns).

**Earnings:** Neutral (Nvidia set to report Q3 earnings on Nov. 20).

**Catalysts:** Bearish (regulatory hurdles could delay or block acquisitions, impacting growth prospects)."
2024-11-01,19,"**Price Target Upgrade:** Goldman Sachs upgraded NVDA’s price target from $135.00 to $150.00 (Bullish).

**Revenue Growth:** NVDA’s revenue has more than doubled (Bullish).

**Index Listing:** NVDA will join the Dow Jones Industrial Average, replacing Intel (Bullish).

**Legal Issues:** Regulators reportedly preparing to charge NVDA (Bearish).

**Ownership Increases:** Ma and Ep Wealth Advisors significantly increased stakes in NVDA (Bullish).

**Stock Performance:** NVDA stock rose over 180%, with a 3.1% gain to $139.55, but opened at $132.76 (Mixed).

**Analyst Rating:** Da Davidson maintained a neutral rating with a $90.00 target (Neutral).

**Net Tilt:** Bullish, despite legal concerns."
2024-11-02,13,"**Nvidia (NVDA) Daily Brief for 2024-11-02**

- **Bullish**: Nvidia replaces Intel on Dow; Morgan Stanley reiterates ""overweight"" with $150 PT; multiple firms increase holdings (Llc +1.9%, Clearbridge +854.1%, Privium $2.635M); Spx Gestao buys 111,726 shares; talks to invest in xAI.
- **Neutral**: No significant analyst changes or earnings surprises reported.

**Net Tilt**: Bullish."
2024-11-03,24,"**Net Tilt: Bullish**

**Acquisitions & Partnerships:**
- **Bullish:** Amazon purchasing Nvidia, Reliance partnership to build AI infrastructure in India.

**Insider Activity:**
- **Bearish:** CEO Jen-Hsun Huang sold 120,000 shares.

**Institutional Ownership:**
- **Bullish:** Multiple institutions increased holdings significantly (Ameriprise, Dimensional Fund Advisors, Legal & General, etc.).

**Analyst Ratings:**
- **Neutral:** Loop Capital, Piper Sandler, UBS maintained positive ratings with price targets ($175, $140, $150).

**Other Signals:**
- **Mixed:** Various small investors and firms acquiring shares, but no significant negative analyst downgrades or earnings surprises reported."
2024-11-04,32,"**Bullish Signals:**
- **Price Target Upgrade:** Bank of America upgraded NVDA’s target price from $165.00 to $190.00.
- **Stock Performance:** Shares up 188.1% YTD; rose 2% on Monday.
- **Buybacks Approved:** Board authorized a $50B repurchase program.
- **Index Listing:** NVDA joins the Dow, replacing Intel.
- **Partnerships:** Cisco and Rackspace Technology partnered with NVDA.
- **Ownership Increases:** Multiple firms significantly increased holdings (e.g., 1,106%, 897.5%).

**Bearish Signals:**
- **Market Share Loss:** Expected decline in market share.
- **Ownership Decreases:** Some firms decreased stakes (e.g., Lp, Park National).

**Net Tilt:** Bullish, driven by strong performance, upgrades, and partnerships despite concerns over market share."
2024-11-05,16,"**Stock Performance & Index Listing:** Bullish. Nvidia’s stock has surged 182.5% YTD and was added to the Dow, indicating strong market confidence.

**Partnerships:** Bullish. Multiple partnerships announced with Vertiv, mobile companies, and deep cooperation agreements suggest expanding market reach and demand.

**Ownership Changes:** Mixed. Major institutions like Bank of New York Mellon significantly increased holdings (+854.1%), while others reduced positions (CJM Wealth Advisers Ltd -22.7%). Net tilt slightly bullish due to large increases.

**Analyst Ratings:** Neutral. Both Wedbush and Morgan Stanley maintained positive ratings but did not change their price targets ($138.00 and $150.00 respectively).

**Opening Price:** Bullish. Stock opened at $136.05, reflecting continued positive momentum."
2024-11-06,23,"**Nvidia (NVDA) Daily Brief - 2024-11-06**

**Bullish Signals:**
- **Index Inclusion:** Nvidia to join Dow Jones Industrial Average.
- **Stock Performance:** Shares surged 850% since Q4 2022, hitting a record high.
- **Institutional Buying:** Multiple firms increased holdings, including Massachusetts Financial Services Co., Vanguard Group, Legal & General Group, Ameriprise Financial, Dimensional Fund Advisors, and Privium Fund Management UK.
- **Analyst Rating:** Goldman Sachs maintains Buy rating.

**Bearish Signals:**
- **Institutional Selling:** Pllc and Quent Capital LLC sold shares.
- **Cost Reduction:** Nvidia plans to cut cloud costs.

**Net Tilt:** Bullish due to strong institutional buying and index inclusion outweighing minor selling and cost reduction plans."
2024-11-07,19,"**Product Launch:** Bullish. Nvidia launched GeForce Now, expanding its gaming services.

**Partnerships:** Bullish. Nvidia partnered with Face and Hugging Face, enhancing AI capabilities.

**Insider Sell:** Bearish. CEO Huang sold 120,000 shares.

**Ownership Changes:** Mixed. Ma increased holdings by 808.6%, while several firms like Azzad Asset Management and Handelsbanken Fonder reduced positions.

**Analyst Ratings:** Neutral. Cantor Fitzgerald maintained an ""overweight"" rating with a $175 price target, while Da Davidson kept a ""neutral"" rating with a $90 price target.

**Stock Performance:** Bearish. NVDA shares fell 0.4% to $145.02.

**Earnings Estimate:** Neutral. Analysts predict EPS of 2.66 for the current year.

**Net Tilt:** Net slightly bearish due to insider sell and stock decline, offset by positive product launches and partnerships."
2024-11-08,29,"**Revenue Guidance:** Bullish; NVIDIA expects revenue to triple.

**Stock Performance:** Mixed; stock up 206% YTD but dipped 6% today.

**Index Listing:** Bullish; NVIDIA joins the Dow.

**Partnerships & Exec Appointments:** Bullish; partnership with Hugging Face, ex-NASA director appointed.

**Ownership Changes:** Net Neutral; multiple institutions increased holdings, others decreased.

**Analyst Ratings:** Neutral; UBS reiterated ""buy"" with $150 target.

**Supply Issues:** Bearish; struggles to meet demand persist.

**Earnings Guidance:** Bullish; strong Q3 guidance expected.

**Net Tilt:** Bullish."
2024-11-09,8,**Goldman Sachs upgraded NVDA’s target price to $150.00 from $135.00 (Bullish)**. **NVIDIA stock surged to a historic $3.6 trillion valuation (Bullish)**. **Bank of New York Mellon increased holdings by 854.1% in Q2 (Bullish)**. **Several firms increased stakes in NVDA (Bullish)**. **White Wing Wealth Management and another firm sold shares (Bearish)**. **Morgan Stanley reaffirmed “overweight” with a $150.00 price target (Bullish)**. **Net Tilt: Bullish**.
2024-11-10,21,"**Revenue Growth:** Bullish; Nvidia’s revenue nearly doubled in 2023.

**Buybacks:** Bullish; Nvidia authorized a $50B stock repurchase plan.

**Insider Sales:** Bearish; CEO Jen-Hsun Huang and CFO Colette Kress sold shares.

**Institutional Ownership:** Mixed; major institutions like Ma, Vanguard, and Ameriprise significantly increased holdings, while others like Artemis Investment Management and multiple LLCs reduced stakes.

**Analyst Ratings:** Neutral; Loop Capital reaffirmed a “buy” rating with a $175 price target.

**Earnings Guidance:** Neutral; analysts forecast EPS of 2.66 for the current fiscal year.

**Net Tilt:** Net bullish due to strong revenue growth and significant buyback authorization outweighing insider sales and mixed institutional activity."
2024-11-11,25,"**Bullish Signals:**
- **Price Target Upgrades:** UBS raised PT to $185 (from $150), Melius to $185 (from $165), Piper Sandler to $175 (from $140), Mizuho to $165 (from $140), Morgan Stanley to $160 (from $150).
- **Product Launch:** Blackwell architecture unveiled in March 2024.
- **Institutional Buys:** Harel Insurance, China Universal Asset Management, and Llp increased holdings.
- **Stock Performance:** Nvidia stock is soaring amid positive sentiment, expected to rally over 18%.

**Bearish Signals:**
- **Stock Dip:** Nvidia stock dipped due to Monolithic Power concerns.

**Neutral Signals:**
- **Earnings Preview:** NVDA to report Q3 results on Nov. 20.
- **Mixed Institutional Activity:** Trustee reduced position by 19.6%, while other firms maintained or increased holdings.

**Net Tilt:** Bullish, with strong analyst upgrades and institutional buying outweighing the minor dip."
2024-11-12,30,"**Bullish Signals:**
- **Analyst Upgrades:** Atlantic, Redburn initiate with Buy ratings; Piper Sandler raises PT to $175, UBS to $185, Citigroup to $170.
- **Supply Guidance:** Blackwell chip production ramping up.
- **Ownership Increase:** Tobam purchases shares, GEM Asset Management buys in.
- **Demand Guidance:** Analysts anticipate strong demand for Blackwell chips.
- **Stock Performance:** Shares rose 2.7% in early trading, closing up 0.8%.

**Bearish Signals:**
- **Ownership Decrease:** Perpetual Ltd, management, and Northwest Bank & Trust sell shares.

**Net Tilt:** Bullish, driven by multiple analyst upgrades and positive supply/demand guidance outweighing ownership decreases."
2024-11-13,24,"**Softbank Attempted to Sell Arm to Nvidia:** Bullish; indicates potential strategic alignment.

**Product Launches & Partnerships:** Bullish; multiple collaborations with TetraScience, Servicenow, Kyndryl, Dell, and SoftBank on AI projects.

**Legal Issues:** Bearish; likely allowing securities fraud suit against Nvidia.

**Insider Selling:** Bearish; Director Mark A. Stevens sold 125,000 shares.

**Supply Increase:** Bullish; Nvidia reportedly ramping up production.

**Ownership Changes:** Mixed; various firms increasing holdings (Bullish) while others decreasing (Bearish).

**Stock Performance:** Bullish; NVDA stock rose to $314 and gained 2.4%.

**Earnings Estimates:** Neutral; analysts expect Q4 EPS of $0.69 and FY EPS of $2.66.

**Net Tilt:** Bullish, despite legal and insider selling concerns."
2024-11-14,28,"**Bullish Signals:**
- **Price Target Upgrades:** HSBC to $200, Oppenheimer to $175, Susquehanna to $180, Raymond James to $170, Wedbush to $160, Morgan Stanley to $160.
- **Revenue Growth:** Nvidia expected to top S&P 500 in sales growth.
- **Earnings Guidance:** Q3 pre-earnings outlook high.
- **Partnerships:** Leadership team launches national AI initiative with Nvidia.
- **Insider Buying:** Multiple institutions significantly increased holdings (Ameriprise, Dimensional Fund Advisors, Legal & General, Bank, Livforsakringsbolaget Skandia, Ma, China Universal Asset Management).

**Bearish Signals:**
- **CEO Insider Sell:** Jen-Hsun Huang sold 120,000 shares.
- **Institutional Decrease:** Madden Securities Corp reduced position.

**Net Tilt:** Bullish due to multiple upgrades and strong institutional buying outweighing CEO insider sale."
2024-11-15,42,"**Revenue Surge:** Bullish. Data center revenue expected to rise 97% YoY.

**Price Target Upgrades:** Bullish. Multiple upgrades: Piper Sandler to $175, Melius Research to $185, Raymond James to $170, UBS to $185, Mizuho to $165, Oppenheimer to $175, Citi to undisclosed, Jefferies to $185.

**Stock Performance:** Bullish. Year-to-date gains: 205%, 189%, and 198%.

**EPS Positive:** Bullish. Reported EPS of $0.40.

**Ownership Increases:** Bullish. Various institutions increased stakes.

**Mixed Ownership Signals:** Neutral. Some institutions trimmed positions.

**Catalysts:** Bullish. Xai raises $6M to buy 100,000 Nvidia chips.

**Net Tilt:** Strongly Bullish."
2024-11-16,7,"**Price Target Upgrade:** Susquehanna upgraded NVDA’s price target from $160.00 to $180.00 (Bullish).

**Buybacks Approved:** NVDA board approved a $50B share buyback plan (Bullish).

**Ownership Increases:** Ma and Exchange Traded Concepts LLC significantly increased holdings (Ma by 808.6%, ETC by 45.3%) (Bullish).

**Ownership Decrease:** Exchange Bank reduced stake by 1.5% (Bearish).

**Stake Acquisition:** Shira Ridge Wealth Management acquired NVDA shares (Bullish).

**Net Tilt:** Bullish due to multiple increases in ownership and buyback approval outweighing the minor reduction by one bank."
2024-11-17,11,"**Bullish Signals:**
- Citigroup upgraded NVDA’s price target from $150.00 to $170.00.
- Ameriprise Financial Inc. increased its position by 870.3% in Q2.
- Inc. raised its position by 914.1% in Q2.
- China Universal Asset Management Co. Ltd. increased its stake by 52.2% in Q1.
- Cantor Fitzgerald reaffirmed an “overweight” rating with a $175.00 price target.

**Bearish Signals:**
- Sapient Capital LLC cut its stake by 0.3% in Q3.
- Inc. reduced its position by 5.8% in Q3.
- Meag MUNICH ERGO sold 34,787 shares.
- NVDA traded as low as $141.81, closing at $142.60.

**Net Tilt:** Mixed, but slightly bullish due to major upgrades and significant increases in ownership outweighing smaller reductions."
2024-11-18,61,"**Bullish Signals:**
- **Analyst Upgrades:** Rosenblatt Securities upgraded NVDA to “Buy.” Hsbc, Raymond James, and Mizuho raised price targets to $200, $170, and $165 respectively. Morgan Stanley raised its target to $160.
- **Earnings Beat:** NVDA consistently beats market expectations.
- **Stock Performance:** NVDA’s stock is up 187% YTD and has gained significantly over the past two years.
- **Partnerships:** NVDA announced collaborations with Google and Nvent Electric.
- **Ownership Increases:** Multiple firms increased stakes in NVDA.

**Bearish Signals:**
- **Antitrust Investigation:** DOJ is investigating NVDA for potential antitrust violations.
- **Product Delays:** Blackwell AI chips were delayed.
- **Stock Drops:** NVDA stock dropped due to poor earnings and Blackwell AI chip concerns.
- **Ownership Decreases:** Some firms reduced their stakes in NVDA.

**Net Tilt:** Mixed signals suggest caution."
2024-11-19,69,"**Revenue Growth:** Bullish. Nvidia forecasts 82.7% YoY revenue growth to $33.1B, but sales growth has slowed. Net tilt: Bullish.

**Analyst Upgrades:** Bullish. Multiple firms upgraded price targets: Oppenheimer to $175, Melius to $185, Piper Sandler to $175, UBS to $185, Truist to $167, and Stifel to $180. Net tilt: Bullish.

**Stock Performance:** Mixed. Nvidia’s stock surged 189%, but also lost 50%. Net tilt: Neutral.

**Product Launches:** Bullish. Nvidia unveiled GB200, a new AI chip, and announced new games and AI PC channel. Net tilt: Bullish.

**Partnerships:** Bullish. Nvidia partnered with Algorithmiq, Google, and others. Net tilt: Bullish.

**Insider Activity:** Bearish. CEO Jen-Hsun Huang sold 120,000 shares. Net tilt: Bearish.

**Demand Shifts:** Bullish. Increased demand in China. Net tilt: Bullish.

**Expense Guidance:** Bearish. Operating expenses expected to rise. Net tilt: Bearish.

**Net Tilt:** Bullish."
2024-11-20,108,"**Earnings & Guidance:** Bullish on Q3 EPS ($0.81 vs $0.402) and revenue ($35.08B vs $18.12B), but bearish on Q4 revenue guidance below expectations.  
**Analyst Actions:** Bullish with upgrades from Susquehanna, Citigroup, and Raymond James raising targets to $180, $170, and $170 respectively. Baptista cut target to $156 from $165.  
**Market Reaction:** Mixed; shares initially up due to strong Q3 results but dipped post-Q4 guidance.  
**Capex & Demand:** Capex up to $750M, indicating robust investment. Demand for chips is soaring.  
**Net Tilt:** Net bullish due to strong Q3 performance and positive analyst upgrades, despite Q4 guidance concerns."
2024-11-21,113,"**Bullish Signals:**
- **Revenue Growth:** Q3 revenue up 93.6% YoY; current quarter guidance at 70% growth.
- **Earnings Beat:** Q3 earnings beat estimates; net income surged.
- **Analyst Upgrades:** Multiple upgrades (Goldman Sachs to $165, Baird to $195, others to $140-$185).
- **Price Targets Raised:** Numerous firms raised targets (Bernstein to $175, Needham to $160, etc.).
- **Dividend Increase:** Q3 dividend per share increased to $0.01 from $0.40.

**Bearish Signals:**
- **Revenue Guidance Miss:** Disappointing revenue forecast for future quarters.

**Net Tilt:** Bullish due to strong revenue growth, earnings beats, and widespread analyst upgrades outweighing the revenue guidance miss."
2024-11-22,28,"**Bullish Signals:**
- **Price Target Upgrades:** Hsbc ($200→$145), Deutsche Bank ($140→$115), Needham ($160→$145), Mizuho ($175→$165).
- **Earnings Strength:** Trailing 12-month EPS of $2.62.
- **Institutional Buying:** Multiple firms increased holdings (Llc, Management, Geode Capital, Ameriprise, Dimensional Fund Advisors, Massachusetts Financial Services).
- **Analyst Reaffirmations:** Oppenheimer ($175), Bank of America ($190), Rosenblatt Securities ($200), Cantor Fitzgerald ($175).

**Bearish Signals:**
- **Stock Decline:** NVDA stock eased, down 0.7% at $145.61.
- **Downgrade:** Phillip Securities downgraded from Buy to Accumulate.

**Net Tilt:** Bullish, with strong analyst upgrades and institutional buying outweighing the stock decline and one downgrade."
2024-11-23,11,"**Price Target Upgrades:** Truist Financial raised PT from $148.00 to $167.00; Piper Sandler from $140.00 to $175.00; Susquehanna from $160.00 to $180.00; Stifel Nicolaus from $165.00 to $180.00; Goldman Sachs set new PT at $165.00. **Bullish**.

**Earnings Outlook:** Profit growth to slow post-mid FY26. **Bearish**.

**Analyst Ratings:** Jefferies maintains BUY rating. **Neutral**.

**Institutional Buying:** Trust Co. of Vermont and Sumitomo Mitsui DS Asset Management bought NVDA shares. **Bullish**.

**Stock Performance:** NVDA opened at $141.95. **Bearish**.

**Net Tilt:** Bullish."
2024-11-24,23,"**Bullish Signals:**
- **Analyst Upgrades:** Phillip Securities upgraded NVDA to Accumulate; Raymond James, JPMorgan Chase, and Citigroup raised price targets to $170, $170, and $175 respectively.
- **Earnings Beat:** NVDA exceeded expectations with strong Q3 earnings and revenue growth.
- **Stock Performance:** NVDA’s stock has surged nearly 200% YTD.
- **Product Launch:** NVDA plans to launch 4 new RTX 50 series GPUs.
- **Increased Ownership:** Multiple firms significantly increased their stakes in NVDA.

**Bearish Signals:**
- **Ownership Decrease:** One firm reduced its stake by 5.3%.

**Net Tilt:** Bullish."
2024-11-25,50,"**Bullish Signals:**
- **Earnings:** Q3 EPS beat expectations with a 106.3% increase.
- **Revenue:** Q3 revenue rose 94% to $35.1 billion.
- **Guidance:** Upgraded guidance.
- **Analyst Upgrades:** Multiple firms upgraded price targets (e.g., Da Davidson to $135, Wells Fargo to $185).
- **Stock Performance:** Shares up 191.3% YTD and 186% YoY.
- **Product Launches:** New AI models and tools released.
- **Supply Increase:** Production ramping up.

**Bearish Signals:**
- **Insider Sell:** CEO Jen-Hsun Huang sold 120,000 shares.
- **Ownership Decreases:** Several institutions reduced holdings.

**Net Tilt:** Bullish due to strong financial performance and multiple analyst upgrades outweighing minor bearish signals."
2024-11-26,23,"**Bullish Signals:**
- **Price Target Upgrades:** Needham upgraded NVDA’s price target from $145 to $160; Piper Sandler raised it from $140 to $175.
- **Product Launches:** Nvidia launched the advanced Fugatto AI model and revealed a new AI model.
- **Demand Increase:** Nvidia reported a boost in AI server demand.
- **Partnerships:** Nvidia partnered with Quantum-Si, GFT Technologies, and Vertiv.
- **Supply Increase:** Blackwell production is ramping up.
- **Ownership Increases:** Multiple firms increased positions in NVDA, including Koshinski Asset Management (42% increase), Quest Partners ($27k purchase), Advisors (2.4% increase), Group (7.6% increase), and Dimensional Fund Advisors (1,123.2% increase).

**Bearish Signals:**
- **Ownership Decrease:** Ferguson Wellman Capital Management sold NVDA shares.
- **Stock Price Drop:** NVDA stock fell 4.2%.

**Net Tilt:** Bullish, driven by multiple upgrades, product launches, and increased ownership, despite a recent stock drop."
2024-11-27,26,"**Bullish Signals:**
- Susquehanna upgraded price target from $160.00 to $180.00.
- JPMorgan upgraded price target from $155.00 to $170.00.
- Stifel Nicolaus upgraded price target from $165.00 to $180.00.
- Morgan Stanley upgraded target price from $150.00 to $160.00.
- Board approved a stock buyback program.
- Shares have risen 786% over two years and tripled recently.
- Multiple institutions increased holdings significantly.

**Bearish Signals:**
- Shares declined by almost 3.5% in after-hours trading.
- Loop Capital maintained a neutral ""buy"" rating with a $175.00 target.
- Allspring Global Investments reduced stake by 3.1%.

**Net Tilt:** Bullish, despite some bearish signals, due to multiple upgrades and strong historical performance."
2024-11-28,17,"**Bullish Signals:**
- **Price Target Upgrades:** Wells Fargo upgraded from $165 to $185, Truist from $148 to $167, Wedbush from $160 to $175, and Evercore ISI from $189 to $190.
- **Buybacks Approved:** NVIDIA announced a $50 billion stock repurchase plan.
- **Ownership Increases:** Multiple institutions increased holdings significantly (Co., Bank of New York Mellon, Vanguard).
- **Analyst Reiteration:** Rosenblatt Securities reiterated a “buy” rating with a $200 price target.

**Bearish Signals:**
- **Insider Sell:** Director John Dabiri sold 716 shares.
- **Product Price Cut:** GeForce Now prices slashed for Black Friday.
- **Ownership Decrease:** Pno reduced its position by 5.2%.

**Net Tilt:** Bullish, despite some bearish actions, due to significant upgrades and increased institutional ownership."
2024-11-29,24,"**Revenue Surge:** Bullish. Nvidia reported Q3 FY25 revenue of $35.1B, a 94% increase YoY.

**Price Target Upgrades:** Bullish. Needham upgraded to $160.00, UBS to $185.00, Mizuho and TD Cowen to $175.00 each.

**Stock Performance:** Bullish. NVDA has gained nearly 200% YTD and is expected to continue rising in 2025.

**Supply Guidance:** Bullish. Nvidia is ramping up production.

**Ownership Increases:** Bullish. Multiple firms increased stakes in NVDA, including Quest Partners, Dimensional Fund Advisors, and M&G Plc.

**Analyst Ratings:** Neutral. Oppenheimer, Bank of America, and Cantor Fitzgerald maintained positive ratings with respective targets of $175.00, $190.00, and $175.00.

**Demand Update:** Mixed. Huang noted ""insane"" demand for Blackwell but stock traded down 1.2% on the day.

**Earnings Estimate:** Neutral. Analysts forecast EPS of $2.76 for the current fiscal year."
2024-11-30,17,"**Bullish Signals:**
- **Price Target Upgrades:** Multiple firms upgraded NVDA’s price targets: Da Davidson ($90 → $135), Robert W. Baird ($150 → $190), Susquehanna ($160 → $180), Barclays ($145 → $160), Stifel Nicolaus ($165 → $180), and Citigroup ($170 → $175).
- **Institutional Ownership Increases:** Federal Bank of Tennessee, Ltd., and Ameriprise Financial Inc. significantly increased their stakes in NVDA.

**Bearish Signals:**
- **Ownership Decreases:** Inc., Llc, and Argus Investors Counsel Inc. reduced their positions in NVDA.

**Net Tilt:** Bullish due to multiple price target upgrades and significant institutional buying outweighing ownership reductions."
2024-12-01,14,"**Price Target Upgrades:** Deutsche Bank raised NVDA’s price target from $115 to $140; Truist Financial raised it from $148 to $167 (Bullish).

**Stock Performance:** NVDA’s share price up 175% YTD but down recently (Mixed).

**Insider Activity:** Director John Dabiri sold 716 shares (Bearish).

**Institutional Ownership Changes:** Geode Capital, Inc., and Ma increased stakes; Ag, Dupont Capital Management reduced stakes (Net Neutral).

**Analyst Ratings:** Rosenblatt Securities and Loop Capital reiterated “buy” ratings with price targets of $200 and $175 respectively (Bullish).

**New Investors:** Llc and Chris Bulman Inc. acquired shares (Bullish).

**Net Tilt:** Bullish due to multiple upgrades and new investments, despite some insider and institutional selling."
2024-12-02,23,"**Bullish Signals:**
- **Analyst Upgrades:** Wells Fargo, Melius Research, Raymond James, and JPMorgan upgraded NVDA’s price targets to $185, $185, $170, and $170 respectively.
- **Earnings Beat:** NVDA’s earnings growth exceeds expectations.
- **Stock Performance:** NVDA stock surged 170% YTD.
- **Buybacks:** NVDA authorized a $50B share repurchase plan.
- **Supply Increase:** NVDA plans to ramp up production of liquid-cooled Blackwell.
- **Demand Growth:** Demand for H20 processor is increasing.
- **Management Buy-In:** Management increased its position by 5.1%.

**Bearish Signals:**
- **Sell Activity:** Hartford Investment Management and Bridgewater reduced their NVDA holdings.
- **Price Dip:** NVDA shares fell 1.2% to $136.64.

**Net Tilt:** Bullish due to strong analyst upgrades, earnings beat, and significant buybacks, despite some sell activity."
2024-12-03,21,"**Price Target Upgrades:** HSBC upgraded NVDA’s price target from $145 to $200 (bullish). TD Cowen raised their target from $165 to $175 (bullish).

**Acquisitions and Partnerships:** NVDA acquired AI assets and is eyeing further acquisitions (bullish). ZJK Industrial expanded collaboration with NVDA (bullish). Samsung invested $700M in NVDA (bullish).

**Insider Activity:** CEO Jen-Hsun Huang sold 120,000 shares (bearish).

**Institutional Ownership:** Multiple firms increased positions (Ma, Legal & General, Quest Partners, China Universal Asset Management) (bullish). Asset Planning Services reduced holdings (bearish).

**Analyst Ratings:** Cantor Fitzgerald maintained “overweight” with $175 target (neutral). Bank of America reaffirmed “buy” with $190 target (neutral).

**Other Catalysts:** Nebius Group secured $700M loan from NVDA (bullish). NVDA stock could double based on market opinion (bullish).

**Net Tilt:** Bullish, despite some bearish signals."
2024-12-04,28,"**Bullish Signals:**
- **Price Target Upgrades:** Multiple firms upgraded NVDA’s price targets, including Da Davidson ($90 → $135), Robert W. Baird ($150 → $190), Barclays ($145 → $160), Needham ($145 → $160), Susquehanna ($160 → $180), and Wedbush ($160 → $175).
- **Ownership Increases:** Several institutions increased their stakes in NVDA, including Assenagon Asset Management, Zweig DiMenna Associates, Westwood Holdings Group, Bank of New York Mellon, and others.

**Bearish Signals:**
- **Regulatory Scrutiny:** EU is investigating Nvidia over alleged bundling practices and antitrust concerns related to the Run:ai acquisition.

**Net Tilt:** Bullish due to multiple upgrades and increased ownership, despite regulatory scrutiny."
2024-12-05,37,"**Bullish Signals:**
- **Price Target Upgrades:** Deutsche Bank upgraded NVDA’s price target from $115 to $140; Citigroup raised from $170 to $175.
- **Government Contracts:** Signed AI cooperation agreement with Vietnamese government.
- **Acquisitions:** Planned $700M purchase of Run:ai; acquiring Vingroup JSC’s AI unit.
- **Market Share Growth:** AI market growth.
- **Product Launch:** New game launch imminent.
- **Partnerships:** Multiple partnerships including Microsoft, TSMC.
- **Facility Expansion:** Opening AI center in Vietnam.
- **Investments:** Over $250M investment in Vietnam.
- **Ownership Increases:** Several firms increased stakes.

**Bearish Signals:**
- **Regulatory Investigation:** EU investigating business practices.
- **Ownership Decreases:** Some firms reduced positions.

**Net Tilt:** Bullish due to multiple upgrades, acquisitions, and partnerships outweighing regulatory concerns."
2024-12-06,31,"**Bullish Signals:**
- **Price Target Upgrades:** Wells Fargo upgraded NVDA’s price target from $165 to $185; Goldman Sachs from $150 to $165; JPMorgan from $155 to $170.
- **High Demand:** NVIDIA reports strong demand.
- **Acquisitions:** Attempting to acquire Run:ai and buying Vingroup’s AI subsidiary.
- **Partnerships:** Collaborations with Schneider, Google, and Igenius.
- **Facility Expansion:** Opening AI research/data centers in Vietnam.
- **Ownership Increases:** Quest Partners LLC, management, and other entities increased stakes.

**Bearish Signals:**
- **Antitrust Investigations:** EU and French regulators probing NVIDIA for antitrust practices.
- **Ownership Decreases:** NJ and Sigma Investment Counselors decreased positions.

**Net Tilt:** Bullish, driven by multiple upgrades and strategic moves, despite regulatory concerns."
2024-12-07,16,"**Bullish Signals:**
- **Analyst Upgrades:** Da Davidson, Raymond James, Melius Research, and Stifel Nicolaus upgraded NVDA with new targets of $135, $170, $185, and $180 respectively.
- **Deal Signing:** Nvidia signed a multi-million dollar business contract.
- **Management and Institutional Buys:** Management increased its position by 5.1%, Legal & General Group Plc boosted its stake by 884%, China Universal Asset Management Co. Ltd. raised holdings by 52.2%, and System lifted its stake by 0.8%.

**Bearish Signals:**
- **Regulatory Investigation:** Anti-trust regulators are intensifying their investigation into Nvidia.
- **Dekabank Reduction:** Dekabank Deutsche Girozentrale reduced its stake by 87.6%.
- **Stock Performance:** Shares fell nearly 2% in morning trade.

**Net Tilt:** Bullish, despite regulatory concerns, due to strong analyst upgrades and significant institutional buying."
2024-12-08,17,"**Bullish Signals:**
- **Price Target Upgrades:** Deutsche Bank ($140.00), Barclays ($160.00), Truist Financial ($167.00), Mizuho ($175.00), Citigroup ($175.00).
- **Analyst Reaffirmations:** Loop Capital ($175.00), Oppenheimer ($175.00), Rosenblatt Securities ($200.00).
- **Ownership Increases:** Massachusetts Financial Services Co., Ma, West Bancorporation Inc., Llp, Dimensional Fund Advisors LP.

**Bearish Signals:**
- **Insider Sell:** CEO Jen-Hsun Huang sold 120,000 shares.
- **Ownership Decreases:** Cavalier Investments LLC, one unnamed entity (15.8%).

**Net Tilt:** Bullish due to multiple price target upgrades and ownership increases outweighing insider sell and minor ownership decreases."
2024-12-09,79,"**Bullish Signals:**
- **Price Target Upgrade:** Robert W. Baird raised NVDA’s price target from $150.00 to $190.00.
- **Revenue Growth:** NVDA’s China revenue hit $13.5 billion, and overall revenues increased year-over-year.
- **Acquisition Impact:** NVDA’s $6.9 billion acquisition of Mellanox in 2020 continues to drive growth.

**Bearish Signals:**
- **Stock Decline:** NVDA shares fell sharply on Monday due to regulatory scrutiny.
- **Antitrust Investigation:** China’s SAMR launched an antitrust probe into NVDA over alleged monopoly violations.
- **Insider Sell:** NVDA director John Dabiri sold 716 shares recently.

**Net Tilt:** Bearish due to significant regulatory risks overshadowing positive financial performance and analyst upgrades."
2024-12-10,35,"**Bullish Signals:**
- **Price Target Upgrades:** Da Davidson raised PT from $90 to $135; UBS from $150 to $185; Wells Fargo from $165 to $185; Stifel Nicolaus from $165 to $180.
- **Management Boost:** Nvidia management increased holdings by 5.1% in Q3 and 897.5% in Q2.
- **Stock Gains:** Nvidia shares rose by approximately 5%.

**Bearish Signals:**
- **Revenue Down:** Year-end revenue down, 26% decline reported.
- **Regulatory Issues:** Chinese regulator investigating Nvidia for violating commitments; potential $1B fine.
- **Stock Losses:** Share prices declined significantly, dropping by 12% in one month and closing 2.5% lower on Monday.

**Net Tilt:** Mixed signals suggest caution; regulatory risks and revenue declines weigh against positive analyst upgrades and stock gains."
2024-12-11,19,"**Revenue Below Expectations:** Bearish; Nvidia’s revenue missed projections.

**Price Target Upgrades:** Bullish; Deutsche Bank raised PT from $115 to $140; JPMorgan raised PT from $155 to $170.

**Legal Issues:** Mixed; Supreme Court dismissed securities fraud case but China launched antitrust investigation.

**Ownership Changes:** Mixed; Sabic and Ma significantly increased stakes, while Inc. and LLC drastically reduced positions.

**Settlement:** Neutral; Nvidia agreed to a $5.5M settlement.

**Hirings:** Neutral; Nvidia hiring engineers.

**Net Tilt:** Net bullish due to multiple upgrades and significant stake increases despite legal and ownership headwinds."
2024-12-12,27,"**Revenue and Earnings:** Bullish. Nvidia’s revenue surged 190% in 2023, and EPS skyrocketed.

**Analyst Upgrades:** Bullish. Raymond James upgraded price target from $140 to $170; Goldman Sachs from $150 to $165; Mizuho from $165 to $175.

**Legal Issues:** Bearish. Supreme Court allowed class-action lawsuit against Nvidia; denied Nvidia’s appeal in crypto fraud case.

**Strategic Moves:** Bullish. Nvidia entered AI car business and increased workforce in China.

**Buybacks:** Bullish. Board authorized a $50B buyback program.

**Ownership Changes:** Mixed. Ameriprise Financial, Legal & General, and others significantly increased holdings; one entity trimmed position.

**Net Tilt:** Bullish. Positive financials and strategic moves outweigh legal concerns."
2024-12-13,26,"**Bullish Signals:**
- **Price Target Upgrades:** Da Davidson raised PT from $90 to $135; Needham from $145 to $160; Citigroup from $170 to $175; Evercore ISI from $189 to $190.
- **Market Share Growth:** Nvidia’s AIB market share increased.
- **Partnerships:** Multiple partnerships announced with educational institutions.
- **Ownership Increases:** Several firms and individuals increased stakes, including Quest Partners, Llc, Charles, and management.

**Bearish Signals:**
- **Ownership Decreases:** Measured Wealth Private Client Group, Folger Nolan Fleming Douglas, Iron Financial, Bank Hapoalim, and Fairfield Financial Advisors reduced holdings.

**Net Tilt:** Bullish due to multiple upgrades and market share gains outweighing ownership reductions."
2024-12-14,20,"**Bullish Signals:**
- HSBC upgraded NVDA’s price target from $145.00 to $200.00.
- Barclays raised their target price from $145.00 to $160.00.
- Dimensional Fund Advisors LP increased holdings by 1,123.2%.
- Multiple firms (Co., LLC, Oh, Management) increased stakes in NVDA.

**Bearish Signals:**
- Nvidia lost a legal battle.
- Principal Accounting Officer and CFO sold significant amounts of stock.
- Creative Financial Designs Inc. ADV, Mi, and LLC reduced their stakes.

**Net Tilt:** Mixed, with some strong upgrades offset by insider sales and legal setbacks."
2024-12-15,18,"**Bullish Signals:**
- **Price Target Upgrades:** Truist Financial raised PT from $148 to $167; Stifel Nicolaus from $165 to $180; Mizuho from $165 to $175.
- **Ownership Increases:** Multiple firms significantly increased holdings in NVDA (Lowe Brockenbrough, Westwood Holdings, etc.).

**Bearish Signals:**
- **Antitrust Investigation:** China launched antitrust probe into NVDA.
- **Insider Sell:** Donald F. Robertson, Jr. sold 4,500 shares.
- **Management Decreases:** Both management and James Investment Research trimmed stakes.

**Net Tilt:** Mixed signals with slight net bullish bias due to multiple price target upgrades and significant ownership increases outweighing the negative impact of the antitrust investigation and insider sales."
2024-12-16,14,"**Price Target Upgrade:** Truist Financial Corp. upgraded NVDA’s price target to $204 from $169 (Bullish).

**Revenue Growth:** Forecasted 55% revenue growth in 2025 to $191.45 billion (Bullish).

**Stock Performance:** NVDA stock fell on Monday (-0.6%) (Bearish).

**Investments & Hiring:** NVDA is investing in AI-driven cars in China and increasing staff there (Bullish).

**Ownership Changes:** Multiple firms increased holdings (Llp, Inc., Quest Partners LLC) while some reduced (Greenwich Wealth Management LLC, Lmcg Investments LLC) (Mixed, Net Tilt Bullish).

Net Tilt: **Bullish**."
2024-12-17,51,"**Bullish Signals:**
- Wells Fargo upgraded NVDA’s target price from $165.00 to $185.00.
- JPMorgan upgraded NVDA’s target price from $155.00 to $170.00.
- NVDA reported a net income of $4.37 billion.
- NVDA stock rallied to an all-time high of $148.87.
- NVDA launches affordable generative AI supercomputers.
- Verizon partners with NVDA on 5G AI platform.
- Multiple firms increased stakes in NVDA.

**Bearish Signals:**
- US Supreme Court dismissed NVDA appeal.
- Asus drops NVDA.
- CFO Colette Kress sold shares.
- NVDA stock slumped below previous levels.
- Janney Montgomery Scott LLC sold NVDA shares.
- NVDA stock fell 1.7% in pre-market trading.

**Net Tilt:** Mixed, but slightly bullish due to strong financial performance and product launches outweighing legal setbacks and insider sales."
2024-12-18,45,"**Bullish Signals:**
- **Price Target Upgrades:** Da Davidson raised PT from $90 to $135; Robert W. Baird raised PT from $150 to $190.
- **Product Launches:** Multiple new affordable AI kits and PCs launched, including a $250 AI PC and a $249 palm-sized AI supercomputer.
- **Business Contracts:** Microsoft doubled AI chip orders to 485,000 units.
- **Partnerships:** Collaborations with Verizon and Apple.
- **Awards:** Secured 2024 Product of the Year award.
- **Ownership Increases:** Significant stake increases by multiple firms.

**Bearish Signals:**
- **Insider Sales:** Donald F. Robertson, Jr. sold 4,500 shares; a director sold $131.3M in stock.
- **Product Delays:** Chip delays reported.
- **Stock Losses:** Post-earnings decline of 12.4%.

**Net Tilt:** Bullish due to strong product launches, contract wins, and upgrades outweighing minor delays and insider sales."
2024-12-19,21,"**Bullish Signals:**
- **Price Target Upgrade:** Goldman Sachs upgraded NVDA’s price target from $150 to $165.
- **Partnerships:** Nvidia partnered with Apple and Verizon.
- **Stock Performance:** NVDA shares recovered, gaining 2.01% in after-hours trading.
- **Increased Ownership:** Multiple firms increased their positions in NVDA, including significant boosts by Massachusetts Financial Services Co. and Westwood Holdings Group Inc.

**Bearish Signals:**
- **Insider Sell:** Director Tench Coxe sold 1 million shares.
- **Regulatory Investigation:** U.S. probes Nvidia over potential export violations.
- **Decreased Ownership:** Several firms reduced their stakes in NVDA, including Amalgamated Bank and Asian Citrus Holdings.

**Net Tilt:** Mixed signals suggest caution; regulatory risks and insider selling offset positive analyst upgrades and partnerships."
2024-12-20,43,"**Revenue Growth:** Bullish. Nvidia’s Q3 revenue expanded by about 122%, surpassing estimates.

**Earnings Beat:** Bullish. Nvidia reported EPS of 81 cents, beating expectations.

**Price Target Upgrade:** Bullish. Deutsche Bank raised its price target from $115 to $140.

**Regulatory Approval:** Bullish. EU approved Nvidia’s $700M acquisition of Run:ai.

**Stock Performance:** Bullish. Nvidia’s stock surged over 171% YTD and 160% recently.

**Potential Sell-off Concerns:** Bearish. Some analysts predict a potential fall to $65 or 50%.

**Insider Selling:** Bearish. Director Mark A. Stevens sold 40,000 shares.

**Net Tilt:** Bullish, with strong revenue and earnings growth, regulatory approvals, and positive price targets outweighing potential sell-off concerns."
2024-12-21,11,"**Net Tilt: Neutral**

**Bullish Signals:**
- **Regulatory Approval:** EU gives unconditional nod to NVDA’s acquisition of Run:ai.
- **Partnerships & Product Releases:** Verizon and NVDA unveil AI-powered solutions; Quantum partners with NVDA.
- **Institutional Ownership Growth:** Charles, LLC, Ameriprise Financial, and CA increase holdings significantly.
- **Stock Gain:** NVDA’s stock price grew by 1.37% on Thursday.

**Bearish Signals:**
- **Stock Slump:** NVDA stock slumped.

**Conflicting Signals:** Bullish signals from regulatory approval, partnerships, and institutional buying contrast with the bearish stock slump, leading to a neutral net tilt."
2024-12-22,16,"**Bullish Signals:**
- **Price Target Upgrade:** Robert W. Baird raised NVDA’s price target from $150.00 to $190.00.
- **Product Launch:** NVDA launched a $250 Jetson Computer in the US.
- **Institutional Ownership Increase:** Olympiad Research LP, Inc., Livforsakringsbolaget Skandia Omsesidigt, and Bank of New York Mellon Corp increased their stakes in NVDA.

**Bearish Signals:**
- **Insider Sales:** Multiple insiders (Donald F. Robertson, Jr., Tench Coxe, Colette Kress) sold significant shares.
- **Ownership Decrease:** Washington Trust Bank and US Financial Advisors LLC trimmed their NVDA holdings.

**Net Tilt:** Mixed, with institutional buying offsetting insider selling."
2024-12-23,22,"**Bullish Signals:**
- **Price Target Upgrades:** UBS upgraded NVDA’s price target from $150.00 to $185.00; Barclays raised it from $145.00 to $160.00.
- **Regulatory Approval:** EU approved Nvidia’s latest acquisition.
- **Product Release:** Blackwell GPU scheduled for 2025.
- **Institutional Buys:** Quest Partners LLC, Westwood Holdings Group Inc., and others increased stakes.
- **Stock Performance:** NVDA gained 3.5%, closing at $135.66.

**Bearish Signals:**
- **Regulatory Investigation:** U.S. Department of Commerce investigating Nvidia.
- **Institutional Sells:** Heritage Wealth Management Inc., Newtown, and Verity Asset Management Inc. reduced holdings.

**Net Tilt:** Bullish, with strong analyst upgrades and institutional buying outweighing regulatory concerns."
2024-12-24,19,"**Revenue Guidance:** Bullish. NVIDIA expects to ramp up sales of its Blackwell product.

**Buybacks:** Bullish. Board authorized a $50B share repurchase program.

**Partnerships:** Bullish. Verizon partners with NVIDIA for private 5G in Japan; Motors partners for AI-powered EV platform.

**Ownership Changes:** Mixed. Blue Capital and LLC increased holdings; Physicians Financial Services and Seascape Capital reduced stakes. Net slightly bullish.

**Stock Performance:** Bullish. Nvidia shares surged 3.5%.

**Investor Interest:** Bullish. Shoker Investment Counsel, Rovin Capital, and Hive Digital Technologies increased investments.

**Net Tilt:** Bullish."
2024-12-25,14,"**Insider Activity:** Bullish - Dimensional Fund Advisors LP and other firms significantly increased their holdings in NVDA, while insider Tench Coxe sold 1M shares.

**Analyst Ratings:** Neutral - Oppenheimer maintained an ""outperform"" rating with a $175 price target.

**Ownership Changes:** Mixed - Major institutional investors like Verdence Capital Advisors LLC increased holdings, but others like Adv and Townsend & Associates Inc reduced stakes.

**Earnings Estimate:** Neutral - Analysts predict EPS of 2.78 for the current year.

**Net Tilt:** Net bullish due to significant increases in institutional holdings outweighing insider and some institutional sales."
2024-12-26,11,"**Bullish Signals:**
- **Price Target Upgrade:** Robert W. Baird raised NVDA’s target price from $150.00 to $190.00.
- **Acquisition Speculation:** Rumors suggest NVDA may make significant acquisitions in 2025.
- **Collaboration Expansion:** NVDA is expanding partnerships.
- **Increased Ownership:** Multiple entities increased stakes in NVDA, including management (34.2%), Legal & General Group (884%), Ma (808.6%), and another unnamed firm (900%).

**Net Tilt:** Bullish."
2024-12-27,22,"**JPMorgan upgraded NVDA’s price target to $170 from $155 (Bullish)**. NVDA stock up 182% YTD (Bullish). New AI model release (Bullish). Regulatory scrutiny over Mellanox acquisition (Bearish). Insiders CFO Colette Kress and Director Mark Stevens sold shares (Bearish). Institutional investors Williams Inc., Quest Partners, and Ameriprise Financial increased holdings (Bullish). Management and Tn reduced positions (Bearish). NVDA opened at $139.93, dropped 3.4%, and closed at $135.90 (Bearish). Loop Capital maintained a “buy” rating with a $175 target (Bullish). Net tilt: Mixed, but slightly Bullish due to upgrades and product releases outweighing regulatory concerns and insider sales."
2024-12-28,19,"**Bullish Signals:**
- **Price Target Upgrades:** Morgan Stanley upgraded NVDA’s price target from $150 to $160; TD Cowen raised it from $165 to $175.
- **Demand Increase:** High demand for Nvidia chips.
- **Earnings Estimate:** Analysts expect a 50% earnings increase in the next fiscal year.
- **Ownership Increases:** Multiple firms increased stakes, including Westwood Holdings (+683.9%), Blue Capital (+0.4%), Advisory (+16.8%), and Charles (+2.0%).

**Bearish Signals:**
- **Stock Slip:** NVDA stock slipped after news.
- **Ownership Decreases:** Entropy Technologies sold 50,032 shares; WealthPLAN Partners lessened its position.

**Net Tilt:** Bullish, with strong upgrades and high demand offsetting minor ownership decreases."
2024-12-29,10,"**Ownership Changes:** Bullish signals from major increases by Counselors (+914.2%), Dimensional Fund Advisors (+1,123.2%), and Advisors (+38.8%) contrast with bearish signals from Sumitomo Mitsui Trust Group (-1.0%), First Heartland Consultants, Victory Capital Management (sold 472,457 shares), Iyo Bank (sold 88,400 shares), and other Advisors cutting stakes. **Net Tilt:** Mixed.

**Analyst Actions:** Neutral signal from Oppenheimer maintaining ""outperform"" with a $175.00 price target. **Net Tilt:** Neutral.

**Summary:** Ownership shows mixed signals with significant institutional buying offsetting some selling, while analyst sentiment remains stable. **Net Tilt:** Slightly Bullish."
2024-12-30,30,"**Product Launch:** Bullish. Nvidia is set to launch compact computers, expanding its product lineup.

**Acquisition:** Bullish. Nvidia completed the $700 million acquisition of Run:ai, enhancing its software capabilities.

**Insider Sell:** Bearish. Donald F. Robertson, Jr. sold 4,500 shares on Dec 13th.

**Ownership Changes:** Mixed. Multiple firms increased their stakes (Pinnacle Financial, Capital, Quest Partners, Legal & General), while others decreased (Aurora, Simmons Bank, Oppenheimer).

**Regulatory Investigation:** Bearish. The U.S. DOJ launched investigations into Nvidia’s practices.

**Stock Performance:** Bullish. Nvidia stock surged over 190% YTD and was up 0.5% today.

**Net Tilt:** Bullish, but with significant bearish elements."
2024-12-31,30,"**Bullish Signals:**
- **Acquisition:** Nvidia finalized $800M purchase of Run:ai, approved by EU.
- **Demand:** High demand for Blackwell chips; strong product demand noted.
- **Partnerships:** Strategic partnership with Jio Platforms; close relationships highlighted.
- **Ownership Increases:** Multiple firms increased stakes significantly (Ma, Mizuho, Valley National, LLC).
- **Stock Performance:** NVDA stock rose 2% in early trade, up nearly 2% on Monday.

**Bearish Signals:**
- **Ownership Decrease:** One firm reduced stake.
- **Stock Loss:** NVDA traded down 0.6%, slipped 2% despite positive factors.

**Net Tilt:** Bullish, driven by acquisitions, partnerships, and ownership increases outweighing minor stock losses."
2025-01-01,14,"**Product Release:** Bullish. Nvidia unveiled the GeForce RTX 5080, set to launch on January 21st.

**Insider Sales:** Bearish. CFO Colette Kress and Director Tench Coxe sold significant shares on Dec 13th and 16th respectively.

**Ownership Changes:** Mixed. Dupont Capital, Charles, and others increased stakes, while some firms like Corp and Coastline Trust Co reduced their positions.

**Analyst Ratings:** Neutral. Oppenheimer maintained an ""outperform"" rating with a $175 price target."
2025-01-02,25,"**Earnings Beat:** Nvidia beat earnings estimates, bullish.

**Buybacks Complete:** Completed $50B buyback program, bullish.

**Regulatory Scrutiny:** FTC opposing Arm acquisition, bearish.

**Stock Performance:** Gained significantly, bullish. Shares rose 1.7% premarket, over 3% by noon, but fell 4% between Christmas Eve, mixed.

**Investments & Ownership:** Increased investments in Israeli tech and AI, bullish. Multiple firms increased holdings, while others decreased, mixed.

**Analyst Ratings:** Cantor Fitzgerald and Loop Capital maintained positive ratings, neutral. BofA kept Top Pick, neutral.

**Demand Signals:** CEO noted ""insane"" demand for Blackwell, bullish. Concerns about Broadcom competition, bearish.

**Net Tilt:** Bullish, with significant earnings beat, completed buybacks, and strong stock performance offsetting regulatory and competitive concerns."
2025-01-03,32,"**Revenue Surge & Price Target Upgrade:** Bullish. Nvidia’s revenues are surging, and Mizuho upgraded its price target from $165 to $175, maintaining a positive outlook.

**Partnerships:** Bullish. Nvidia is expanding collaborations with Cerence to enhance AI capabilities, signaling growing ecosystem support.

**Ownership Changes:** Mixed. While several firms increased their stakes (Advisors +2.7%, Ltd. +70%, Llc +146.6%), others sold shares (Thrivent Financial, Alpha Family Trust).

**Stock Performance:** Bullish. Nvidia stock climbed 4.32% to $144.30, rising 203% YTD and 190% in 2024.

**Patent Filing & Stake Acquisitions:** Neutral. Nvidia filed a patent for AR glasses and received investments from Bytedance ($7B) and Hive Digital ($30M).

**Net Tilt:** Bullish. Positive revenue growth, price target upgrades, and strategic partnerships outweigh minor ownership reductions."
2025-01-04,17,"**Bullish Signals:**
- **Partnerships:** Foxconn and Hon Hai Precision Industry are partnering with Nvidia to adopt its software technologies and develop humanoid robots (multiple sources).
- **Increased Ownership:** Dimensional Fund Advisors, Westwood Holdings Group, and Ma significantly increased their holdings in NVDA (1,123.2%, 683.9%, and 808.6% respectively).
- **Analyst Rating:** Bank of America reiterated a ""buy"" rating and set a $190.00 price target.

**Bearish Signals:**
- **Decreased Ownership:** Zevin Asset Management sold 20,673 shares, and Ga reduced its position by 6.5%.

**Net Tilt:** Bullish due to multiple large increases in ownership and strategic partnerships outweighing the smaller decreases."
2025-01-05,8,"**Bullish Signals:**
- **Price Target Upgrade:** Needham raised NVDA’s price target from $145.00 to $160.00.
- **Partnership:** Hon Hai announced a partnership with Nvidia.
- **Ownership Increases:** Inc and management increased their positions in NVDA by 1.1% and 20.6%, respectively.
- **Analyst Reiteration:** Oppenheimer reiterated an “outperform” rating with a $175.00 target price.

**Bearish Signals:**
- **Ownership Decrease:** Aviance cut its stock holdings in NVDA.

**Net Tilt:** Bullish, due to multiple upgrades and positive developments outweighing the single ownership decrease."
2025-01-06,41,"**Bullish Signals:**
- **Analyst Upgrade:** Arya upgrades NVDA to ""Buy.""
- **Revenue Growth:** Q4 revenue up 15.17%.
- **Product Launches:** New PC gaming cards and Blackwell launched; Blackwell production ramping up.
- **Stock Performance:** NVDA up 208% YTD, hits new all-time highs multiple times.
- **Institutional Buying:** Multiple firms increase stakes, including Charles, Millennium Group, Ninety One, and Legal & General.

**Bearish Signals:**
- **Neutral Analyst Ratings:** BofA reiterates ""buy"" but no change in target or outlook.

**Net Tilt:** Bullish."
2025-01-07,136,"**Bullish Signals:**
- **Revenue Growth:** Q4 revenue up 80%; data center sales doubled.
- **Stock Performance:** NVDA stock hit all-time high, up 172% YOY, 2,000% in 5 years.
- **Analyst Upgrade:** JP Morgan upgraded to Buy.
- **Product Launches:** Multiple new AI and gaming chip launches, including Blackwell and RTX 50 series.

**Bearish Signals:**
- None identified.

**Net Tilt:** Strongly Bullish."
2025-01-08,46,"**Bullish Signals:**
- **Analyst Ratings:** Benchmark reaffirms NVDA’s Buy rating.
- **Product Launches:** Multiple new products including Blackwell-based automotive AI platform, DRIVE AGX Thor, desktop chips, Cosmos platform, and GeForce Now expansions.
- **Partnerships:** Collaborations with Arm, MediaTek, Apple, Meta, Toyota, Great Wall Motor, and Foxconn.
- **Ownership Increases:** Significant increases in holdings by multiple firms like Westwood Holdings, Dimensional Fund Advisors, and Charles Schwab.

**Bearish Signals:**
- **Stock Performance:** NVDA stock plummets after CEO announcement, extending losses by 6.2%.

**Net Tilt:** Mixed signals suggest caution; product launches and partnerships are bullish, but recent stock performance is bearish."
2025-01-09,14,"**Product Launches:** Bullish. Nvidia unveiled new AI chips and launched an AI computer with MediaTek, indicating strong product momentum.

**Government Contracts:** Bullish. Netherlands struck a deal with Nvidia to build an AI supercomputer, enhancing its market position.

**Partnerships:** Bullish. Nvidia partnered with Hyundai Motor Group and the Dutch government, expanding its reach and influence.

**Earnings Commentary:** Bearish. Nvidia CEO’s comments led to significant losses, suggesting potential earnings concerns.

**Insider Sales:** Bearish. EVP Ajay K. Puri and another executive sold substantial amounts of stock, signaling possible insider confidence issues.

**Analyst Actions:** Neutral. Rosenblatt Securities maintained a “buy” rating but did not change the price target, showing mixed sentiment.

**Net Tilt:** Mixed, with some bullish signals from product launches and partnerships offset by bearish earnings commentary and insider sales."
2025-01-10,36,"**Earnings & Price Target:** Hsbc downgraded NVDA’s price target to $185 from $195, indicating bearish sentiment. **Product Launch:** NVDA unveiled new technology but faced criticism over AI chip limits, slightly offset by partnerships with Hyundai, MediaTek, Sk Group, and Accenture. **Ownership Changes:** Multiple firms increased stakes in NVDA, while one firm reduced its position. **Stock Performance:** NVDA shares declined sharply in pre-market trading, opening at $140.11 and trading as low as $137.56. **Analyst Ratings:** BofA and Bernstein maintained positive ratings. **Net Tilt:** Bearish due to earnings pressure and price target downgrade, despite product launches and increased ownership."
2025-01-11,18,"**Government Contract:** Bullish. Vietnamese government signed an agreement with Nvidia.

**Stock Performance:** Bearish. Nvidia (NVDA) trading down.

**Partnerships:** Bullish. Uber partners with Nvidia to accelerate AI-driven autonomous driving technology.

**Institutional Ownership Changes:**
- Bullish: Multiple institutions increased their positions significantly (Westwood Holdings, System, Daiwa Securities, Quest Partners, Ma, Dynamic Technology Lab, Charles Schwab, Legal & General).
- Bearish: Some institutions decreased their stakes (P sells 169,998 shares, Marco Investment Management, Brown Brothers Harriman).

**Analyst Ratings:** Neutral. Oppenheimer reissued ""outperform"" with a $175.00 target price."
2025-01-12,13,"**Regulatory Approval:** Bullish. DOJ approved NVIDIA’s acquisition of Run:ai, clearing a key hurdle.

**Index Listing:** Bullish. NVIDIA joined the Dow, boosting visibility and potential inflows.

**Insider Sell:** Bearish. EVP Ajay K. Puri sold 36,462 shares.

**Partnerships:** Bullish. Hyundai collaborated with NVIDIA on AI, enhancing market reach.

**Institutional Ownership Changes:** Mixed. Manufacturers Life Insurance and Massachusetts Financial Services increased holdings, while Fmr LLC sold a significant amount. Net tilt slightly bearish due to large insider sale.

**Analyst Ratings:** Neutral-Bullish. Rosenblatt Securities and Bank of America maintained “buy” ratings with price targets of $220 and $190 respectively.

**Stake Acquisitions:** Bullish. Multiple firms acquired NVIDIA shares, indicating continued institutional interest."
2025-01-13,41,"**Earnings:** Bullish; Nvidia beat Wall Street expectations.

**Stock Performance:** Bearish; NVDA fell 3-5% post-earnings due to new regulations.

**Analyst Actions:** Mixed; Hsbc downgraded price target to $185 but maintained Buy rating; Loop Capital and Citi also maintained Buy ratings.

**Partnerships:** Bullish; Nvidia partnered with multiple firms including Solomon, Krafton, Hyundai, Illumina, and IQVIA.

**Supply Chain:** Bullish; GB200 supply chain ramp-up.

**Ownership Changes:** Mixed; management and several funds increased stakes, while RBO & Co. LLC decreased holdings.

**Revenue Guidance:** Neutral; FY26 data center revenue forecast at $94.6B."
2025-01-14,32,"**Revenue & Earnings:** Bullish. NVIDIA reported record revenue of $35.08 billion, beating expectations.

**Analyst Actions:** Mixed. HSBC downgraded NVDA, lowering the price target from $195.00 to $185.00. Cantor Fitzgerald maintained an ""overweight"" rating with a $175.00 target.

**Product & Market Expansion:** Bullish. NVIDIA unveiled AI-powered solutions and expanded into Taiwan and London.

**Ownership Changes:** Net Bullish. Multiple firms increased their stakes in NVDA, while some reduced positions.

**Stock Performance:** Bearish. NVDA shares slid nearly 5%, trading as low as $129.51, but recovered slightly in pre-market.

**Net Tilt:** Neutral to Slightly Bullish."
2025-01-15,23,"**Product Release:** Bullish. Nvidia unveiled a new AI personal computer at CES 2025, signaling innovation and potential growth.

**Stock Performance:** Bearish. Shares fell after the AI chip announcement, indicating market skepticism.

**Insider Activity:** Bearish. EVP Ajay K. Puri sold 36,462 shares, suggesting insider pessimism.

**Partnerships & Investments:** Bullish. Accenture and Nvidia partnered, and Nvidia invested over $500m in a project, boosting collaboration and investment.

**Facility Launch:** Bullish. Nvidia will launch an AI data center in Israel, expanding its global footprint.

**Ownership Changes:** Mixed. Multiple institutional investors increased their stakes (Maverick Capital, Ma, Caisse DE Depot, Ltd.), while others decreased (Advisors, Ltd.). Net tilt slightly bullish.

**Analyst Ratings:** Neutral. Rosenblatt Securities and Bank of America maintained ""buy"" ratings but with mixed target prices ($220 vs $190).

**Price Movement:** Bullish. Shares climbed 2.14% to $134.58 during the day.

**Net Tilt:** Mixed, leaning slightly bullish due to product launches, partnerships, and increased institutional holdings."
2025-01-16,25,"**Revenue Guidance:** Bullish. Nvidia projects AI Enterprise revenue to double in fiscal 2025.

**Stock Performance & Analyst Views:** Bullish. Stock up 480% over three years, 141% recently, and could rise another 30.9%. Analysts rate it a ""Strong Buy.""

**Product Releases:** Bullish. Nvidia launches Cosmos platform for robotics and more AI tools.

**Partnerships & Investments:** Bullish. Multiple partnerships (Aetina, Coreweave, IBM) and investments ($500M in Israeli AI center).

**Ownership Increases:** Bullish. Significant stake increases by major investors like Dimensional Fund Advisors (+1,123.2%) and UBS (+3.8%).

**Conflicting Signals:** None identified. All signals are bullish."
2025-01-17,28,"**Bullish Signals:**
- Barclays upgraded NVDA’s price target to $175 from $160.
- NVDA stock surged over 138% in the last 12 months.
- Nvidia’s $800M acquisition of Run:ai.
- Blackwell GPU production ramp.
- Nvidia is investing $500M in AI safety tools and supercomputers.
- Multiple institutional investors increased holdings significantly (Liontrust, Cinctive, Harris Associates, etc.).

**Bearish Signals:**
- HSBC downgraded NVDA’s price target to $185 from $195.
- Some institutions reduced stakes (Menard Financial, Janus Henderson).

**Net Tilt:** Bullish due to multiple upgrades and significant investment/acquisitions outweighing the single downgrade."
2025-01-18,9,"**Nvidia (NVDA) Daily Brief for 2025-01-18**

- **Bullish**: Westwood Holdings Group Inc. increased stake by 683.9%, Legal & General Group Plc boosted holdings by 884.0%, Stevens Capital Management LP bought new shares.
- **Bearish**: Nvidia stock declined, Two Sigma decreased position, Redwood Investment Management LLC sold shares, State Street Corp reduced holdings.
- **Neutral**: Partnership with TSMC, NVDA’s share price rose 3.1% on Friday.

**Net Tilt**: Mixed signals; slight bearish bias due to multiple large institutional decreases."
2025-01-19,10,"**Insider Activity:** Bearish; EVP Ajay K. Puri sold 36,462 shares. Zacks Investment Management sold 211,029 shares. USAA also trimmed its holdings.

**Institutional Ownership:** Mixed; Quest Partners and Charles increased their stakes. XTX Topco Ltd and Weaver Consulting Group acquired shares, while Llc bought 667,387 shares.

**Analyst Ratings:** Bullish; Rosenblatt Securities reissued a ""buy"" rating with a $220.00 price target.

**Net Tilt:** Neutral to Slightly Bullish due to mixed insider and institutional activity but positive analyst action."
2025-01-20,16,"**Bullish Signals:**
- **Price Target Upgrade:** Malley upgraded NVDA’s price target to $175 from $160.
- **Revenue Growth:** Record revenue in Q3 2025.
- **Increased Ownership:** Multiple firms increased their stakes in NVDA, including UBS, Oh, and others, indicating continued institutional support.

**Bearish Signals:**
- **Decreased Ownership:** Some firms reduced their positions, such as Headinvest LLC and others.

**Net Tilt:** Bullish, due to the significant price target upgrade and strong revenue growth overshadowing minor ownership reductions."
2025-01-21,24,"**Revenue Outlook:** Bullish. Hsbc downgraded NVDA’s price target but expects revenue to soar in 2025.

**Analyst Actions & Ownership Changes:** Mixed. Hsbc downgraded price target from $195 to $185. Loop Capital maintained a ""buy"" with a $175 target. Multiple institutions increased stakes, while some reduced positions.

**Earnings & Stock Performance:** Bullish. NVDA shares rose 3.1% post-analyst upgrade, up 1.1% to $139.17, and gained in pre-market trading. Expected to deliver solid Q4 results, with revenue estimates around $9B.

**Net Tilt:** Bullish. Despite mixed signals, positive momentum and increased institutional ownership suggest a favorable outlook."
2025-01-22,23,"**Barclays upgraded NVIDIA’s target price from $160.00 to $175.00 (Bullish)**

**Multiple institutional investors increased stakes in NVIDIA:** Westwood Holdings, Tobam, Unigestion, Llc, and Ameriprise Financial increased holdings significantly (Bullish)

**Some institutions decreased stakes:** Citizens Business Bank, Neo Ivy Capital Management, Tcw Group Inc., and Kentucky sold shares (Bearish)

**Stock performance:** NVIDIA gained over 3.5% on Wednesday (Bullish)

**Mixed ownership signals:** Significant increases offset by notable decreases (Net Neutral)

**Rosenblatt Securities maintained a “buy” rating with a $220.00 price target (Bullish)**

**Conflicting signals on institutional activity; overall stock performance positive.**"
2025-01-23,9,"**Institutional Ownership:** Bullish. Charles, Wilmington Savings Fund Society FSB, Oh, and Charles Schwab Investment Management Inc. increased their stakes in NVDA, while Franklin Resources Inc. cut its stake. Decatur Capital Management Inc. and Peapack Gladstone Financial Corp also acquired NVDA shares.

**Price Movement:** Bullish. NVDA’s shares rose by 1.82%.

**Analyst Sentiment:** Bullish. Jim Cramer remains bullish on NVDA.

**Net Tilt:** Bullish. Multiple institutions increasing stakes and acquisitions outweigh the single reduction."
2025-01-24,21,"**Government and Business Contracts:** Bullish. Vietnamese government signed an agreement with NVIDIA, and Reliance Industries bought NVIDIA AI chips.

**Partnerships:** Bullish. Schneider Electric and cloud providers are partnering with NVIDIA. Reliance and NVIDIA teaming up for unspecified projects.

**Insider Sell:** Bearish. EVP Ajay K. Puri sold 36,462 shares.

**Ownership Changes:** Mixed. Principal Financial Group, American Century Companies, Geode Capital Management, and Legal & General Group increased holdings. Al and IMS Capital Management decreased stakes.

**Stock Performance:** Mixed. NVDA stock rose modestly but closed down 1.78%.

**Analyst Ratings:** Neutral. Bank of America maintained a ""buy"" rating with a $190 target price."
2025-01-25,8,"**Price Target Downgrade:** Hsbc downgraded NVDA’s target price from $195.00 to $185.00 (Bearish).

**Ownership Changes:** 
- LP increased position by 0.3%, Inc by 46.5%, LLC by 967.6% (Bullish).
- Sabic sold 10,000 shares (Bearish).
- Nordea Investment Management AB purchased shares (Bullish).

**Stock Performance:** NVDA shares fell 3.1% (Bearish).

**Net Tilt:** Mixed signals with significant bearish pressure from downgrade and stock drop, countered by substantial institutional buying."
2025-01-26,19,"**Bullish Signals:**
- **Price Target Upgrades:** Needham upgraded NVDA’s price target from $145 to $160; Barclays raised it from $160 to $175.
- **Institutional Ownership Increases:** Quest Partners, Ameriprise Financial, and Charles Schwab all increased their positions in NVDA.
- **Analyst Reiteration:** Cantor Fitzgerald reiterated an “overweight” rating with a $175 target price.

**Bearish Signals:**
- **Ownership Decreases:** Multiple institutions trimmed their stakes, including Birch Capital, Bank, Hampshire, Fulton Bank, and Ct.

**Net Tilt:** Bullish, due to significant price target upgrades and multiple increases in institutional ownership outweighing the trimming of stakes by some investors."
2025-01-27,68,"**Revenue Growth:** Bullish; Nvidia reported a 152.44% revenue growth.

**Stock Performance:** Bearish; Nvidia’s stock plummeted over 17%, losing approximately $600 billion in market cap within two hours due to unspecified reasons, possibly linked to China.

**Analyst Actions:** Neutral; multiple firms maintained their Buy ratings but no change in price targets was mentioned.

**Ownership Changes:** Mixed; several institutional investors increased their stakes significantly while others reduced holdings.

**Product Update:** Bullish; Nvidia updated a new app, though details are limited.

**Net Tilt:** Strongly Bearish due to massive stock losses overshadowing positive revenue growth and product updates."
2025-01-28,52,"**Analyst Actions:** Bullish (Tigress Financial, Feinseth upgraded to Strong Buy; Citi maintained Buy). Bearish (Morgan Stanley downgraded price target to $152 from $166; Hsbc lowered target to $185 from $195).

**Earnings & Performance:** Bearish (Nvidia lost INR51,000 crore in a day; stock plunged 17-20%). Bullish (Stock rebounded in after-hours trading, up slightly; shares traded higher premarket Tuesday).

**Catalysts:** Bearish (A100 chips banned from export to China; China investigating Nvidia for antitrust violations). Bullish (Upcoming graphics card launch; stock has doubled YOY).

**Net Tilt:** Mixed signals but overall **Bearish** due to significant losses and regulatory issues."
2025-01-29,40,"**Bullish Signals:**
- **Earnings Beat:** Stronger financial performance prospects.
- **Revenue Growth:** More chip sales.
- **Demand Guidance:** Expecting chip demand growth.
- **Analyst Upgrade:** Jim Cramer recommends buying NVDA.
- **Product Demand:** Increased orders for AI chips.

**Bearish Signals:**
- **Price Target Downgrade:** Morgan Stanley lowered price target to $152 from $166.
- **Stock Decline:** NVDA fell 6% to $121.71.
- **Layoffs:** Layoffs reported.
- **Insider Sell:** EVP Ajay K. Puri sold shares.
- **Ownership Decrease:** Talbot Financial LLC sold shares.

**Net Tilt:** Mixed signals suggest caution."
2025-01-30,28,"**Bullish Signals:**
- Increased demand for mid-tier and entry-level chips.
- Comcast partners with NVIDIA.
- Multiple institutional investors increase holdings: American Century Companies Inc., Ameriprise Financial Inc., Wright Investors Service Inc., Charles Schwab Investment Management Inc., Geode Capital Management LLC, and LLC.

**Bearish Signals:**
- Stock drops 2.5% on Wednesday, down 13% for the week.
- LBBW cuts price target to $127.
- Rosenblatt Securities and Cantor Fitzgerald maintain neutral ratings.
- Some institutions decrease holdings: LLC, First Financial Corp IN, and management.

**Net Tilt:** Bearish due to significant stock declines and price target cut outweighing positive demand and partnership news."
2025-01-31,13,"**Barclays upgraded NVDA’s target price from $160.00 to $175.00 (Bullish)**. AI revenue surged (Bullish). U.S. investigates DeepSeek’s acquisition of Nvidia (Bearish). NVDA launched new AI foundation models (Bullish). Stock down 1.3% at $123.01 (Bearish). Quest Partners increased stake by $27,000 (Bullish). Co. raised position by 897.5% (Bullish). Oppenheimer reaffirmed “outperform” with $175.00 PT (Bullish). Horizon Bancorp and West Oak Capital reduced stakes (Bearish). Analysts predict FY EPS of 2.78 (Neutral). **Net tilt: Mixed, but slightly Bullish due to upgrades and new product launches.**"
2025-02-01,12,"**Price Target Downgrades:** Morgan Stanley downgraded NVDA’s target price from $166.00 to $152.00; HSBC lowered their target from $195.00 to $185.00. **Bullish:** Tlwm, LLC, and Investment Management increased stakes; Westwood Holdings Group Inc. significantly raised its stake by 683.9%. **Bearish:** Rockland Trust Co. reduced holdings by 7.7%. **Stock Performance:** NVDA traded down 4.5%. **Analyst Expectations:** EPS forecast for the current year is $2.77. **Net Tilt:** Mixed signals with slight bearish bias due to multiple downgrades and stock decline."
2025-02-02,15,"**Price Target Downgrade:** Morgan Stanley downgraded NVDA, lowering the price target (bullish signal weakened).

**Stock Performance:** NVDA stock crashed (bearish).

**Institutional Ownership:** Multiple firms increased stakes (Clarus Wealth Advisors +40.3%, Adv +3.6%, UBS +3.8%, Inc +26.8%, Charles +2.0%) while one firm sold (Nabity Jensen -3.4%) (mixed signals).

**Analyst Ratings:** Loop Capital maintained a ""buy"" rating with a $175 target (bullish).

**Earnings Preview:** NVDA set to release Q4 results on Feb. 26 (neutral).

**Net Tilt:** Mixed signals; overall slightly bearish due to downgrade and stock crash."
2025-02-03,28,"**Regulatory Approval:** Bullish. Singapore cleared Nvidia’s DeepSeek chip, boosting tech demands.

**Stock Performance:** Bearish. Nvidia’s stock fell 21% on Jan 27, tanked 12.5% post-weekend, and dropped 3.13% to $116.32 on Feb 3.

**Analyst Actions:** Mixed. Cantor Fitzgerald maintained $200 target, Rosenblatt Securities reaffirmed $220 target, Bank of America reissued $190 target. Net neutral.

**Insider & Institutional Activity:** Mixed. CEO Jensen Huang sold $14M shares; Stonebridge Capital, Brave Asset Management, and Builders reduced stakes. Llc and Geode Capital increased holdings. Net slightly bearish.

**Net Tilt:** Bearish."
2025-02-04,16,"**Morgan Stanley Downgraded Price Target:** Bearish; Morgan Stanley cut NVDA’s price target from $166.00 to $152.00.

**Stock Performance:** Mixed; NVDA stock gained after a recommendation to ""Buy"" but plunged 21% over the past month and dropped 17% on Jan. 27.

**Analyst Actions & Ownership Changes:** Neutral-Bullish; BofA reiterates NVDA as a top pick, while mixed ownership changes show both increases (Quest Partners, Lp) and decreases (Llc, Damodaran).

**Revenue Guidance:** Bullish; NVDA forecasts Q4 revenues at $37.5 billion.

**Product Launch:** Bullish; Presidio launched a Private AI Accelerator powered by Nvidia."
2025-02-05,28,"**Price Target Downgrade:** Citi downgraded NVDA, lowering the price target to $163 from $175 (Bearish).

**Antitrust Investigation:** China reopened antitrust investigations into NVDA (Bearish).

**Supply Increase:** Supermicro ramps full production of NVIDIA Blackwell (Bullish).

**Ownership Changes:** Multiple firms increased holdings (Bullish), while CNB Bank sold shares (Bearish).

**Stock Performance:** NVDA stock tumbled 14% YTD but gained 3.5-5.1% recently (Mixed).

**Partnerships:** NVDA partners with HPE and AMD (Bullish).

**Analyst Ratings:** JPMorgan reiterates ""Overweight"" (Neutral).

**Net Tilt:** Mixed signals suggest caution; supply increase and partnerships are positive, but price target downgrade and antitrust concerns are negative."
2025-02-06,23,"**Price Target Adjustments:** Barclays upgraded NVDA’s price target to $175 from $160 (Bullish). HSBC downgraded NVDA’s price target to $185 from $195 (Bearish).

**Product Release & Pricing:** NVDA unveiled the RTX 50 series (Bullish). Asus increased RTX 50 prices (Bullish).

**Ownership Changes:** Multiple firms increased stakes in NVDA (Ameriprise, Charles Schwab, etc.) (Bullish). Some firms decreased stakes (Alpha Capital, Professional Advisory Services) (Bearish).

**Analyst Ratings:** Morgan Stanley and Bernstein reiterated positive ratings (Neutral-Bullish).

**Stock Performance:** NVDA shares gained 2-2.5% on Thursday (Bullish). Year-to-date, NVDA is down 7.4% (Bearish).

**Net Tilt:** Mixed signals; slight net bullish bias due to product release, price hikes, and multiple upgrades."
2025-02-07,9,"**Earnings:** Bullish. EPS more than doubled to $0.64, significantly beating expectations.

**Stock Performance:** Bullish. NVDA stock traded at $128.19, up from open at $128.68.

**Institutional Ownership:** Mixed. Verity LLC and Geode Capital increased holdings by 7.5% and 2.2%, respectively, while Stonekeep Investments reduced holdings.

**Net Tilt:** Bullish. Positive earnings and stock performance outweigh minor institutional selling."
2025-02-08,10,"**Morgan Stanley Downgraded NVDA**: Price target cut from $166 to $152 (Bearish).

**Earnings Expectations Met**: First-quarter results aligned with expectations (Neutral).

**Stock Price Concerns**: One headline suggests potential plunge by 31% (Bearish).

**Institutional Ownership Shifts**: Inc. increased holdings by 10.9%, while others like Jackson Square Capital and Llc reduced positions (Mixed).

**Analyst Ratings**: Cantor Fitzgerald maintained ""Overweight"" with $200 PT, Loop Capital reiterated ""Buy"" with $175 PT (Bullish).

**Earnings Release**: NVDA reports Q1 earnings on Feb. 26 (Neutral).

**Net Tilt**: Mixed signals, but overall slightly Bearish due to downgrade and stock price concerns."
2025-02-10,20,"**Earnings & Analysts:** Bullish. Evercore ISI upgraded NVDA to Tactical Outperform. Q3 earnings beat expectations. (Evidence: Upgrade, earnings beat).

**Stock Performance:** Mixed. Shares initially fell but later gained 2.79% to $133.47. (Evidence: Early loss, late gain).

**Partnerships:** Bullish. Deloitte and Dynamics partnered with NVDA. (Evidence: New partnerships).

**Ownership Changes:** Net Neutral. Multiple firms increased holdings (Schwab, Geode, others), while one firm cut holdings. (Evidence: Increased positions, decreased position).

**Revenue Guidance:** Bullish. NVDA forecasts Q4 revenue between $36.8B. (Evidence: Positive guidance).

**Net Tilt:** Bullish. Despite initial dip, strong analyst support, earnings beat, new partnerships, and positive guidance outweigh ownership cuts."
2025-02-11,19,"**Ownership Trends:** Bullish. Major institutions like Sarasin & Partners, Ameriprise Financial, Legal & General Group, American Century Companies, and Westwood Holdings significantly increased their stakes in NVDA, indicating strong institutional support. However, some firms like Guinness Atkinson Asset Management and Trust FSB reduced their positions.

**Analyst Actions:** Neutral. Rosenblatt Securities reissued a ""buy"" rating with a $220 price target, while Cantor Fitzgerald reaffirmed an ""overweight"" rating with a $200 price target.

**Price Movements:** Bullish. NVDA stock gained 2.9%, and was up 0.5% at close.

**Earnings Estimate:** Neutral. Analysts expect EPS of $2.77 for the current year.

**Net Tilt:** Bullish. Institutional buying outweighs selling."
2025-02-12,15,"**Morgan Stanley Downgraded NVDA**: Target price lowered from $166.00 to $152.00 (Bearish).

**Stock Performance Mixed**: NVDA stock up 102% target noted but currently down 11% (Mixed).

**AI Demand Boost**: Strong AI server demand and Blackwell’s expected revenue boost by mid-2025 (Bullish).

**Partnerships and Enhancements**: CBRE partnership and AI platform enhancements (Bullish).

**Management Sell-off**: NVDA management reduced holdings by 25.3% in Q4 (Bearish).

**Institutional Activity**: Multiple institutions buying NVDA shares (Bullish).

**Revenue Guidance**: Q4 revenue forecast at $38.1 billion (Neutral).

**Net Tilt**: Bullish due to AI demand and institutional buys, offset by downgrade and management sell-off."
2025-02-13,11,"**Product Release:** Bearish; RTX 5070 delay reported (−0.48), conflicting with potential March release (+0.52).

**Stock Performance:** Bullish; shares climbed (+0.47), but closed down slightly (−0.11).

**Ownership Changes:** Bullish; Inc. increased stake by 4.8%, and multiple firms acquired NVDA shares.

**Analyst Ratings:** Neutral; brokerage maintained 'Outperform' rating.

**Revenue Estimate:** Neutral; analysts expect $192.44B in 2025 revenue.

**Net Tilt:** Mixed, but slightly bullish due to ownership increases and stock gains."
2025-02-14,33,"**Net Tilt: Neutral**

**Bullish Signals:**
- **Investments & Acquisitions:** Nvidia invested in AI startups and disclosed stakes in Nebius Group and WeRide (China’s self-driving startup).
- **Portfolio Reorganization:** Nvidia restructured its investment portfolio and made new investments.
- **Institutional Ownership:** Multiple institutions increased their stakes in NVDA (Llc, Westwood, Wesbanco, Charles, Appaloosa).
- **Stock Performance:** NVDA stock up 4%, opening at $135.29.

**Bearish Signals:**
- **Market Exit & Stake Reductions:** Nvidia exiting Israeli market and reducing stakes in Arm Holdings and SoundHound.
- **Product Discontinuation:** Nvidia discontinuing SoundHound.
- **Institutional Decreases:** Some institutions sold NVDA shares (Adv, Riverbridge).

**Neutral Signals:**
- **Analyst Ratings:** Jefferies maintains “Buy” rating.
- **Revenue Guidance:** Expected $36.7B in data center revenue for Q4.

**Net Tilt:** Conflicting signals suggest a neutral stance."
2025-02-15,12,"**Morgan Stanley downgraded NVDA to $152 from $166 (Bearish)**. **Geforce RTX 5090 supply to increase (Bullish)**. **Geode Capital, Llc, and Inc. increased positions (Bullish)**. **Oppenheimer, Cantor Fitzgerald, Rosenblatt Securities maintained positive ratings with targets at $175, $200, and $220 respectively (Bullish)**. **Nvidia cut Arm stake (Bearish)**. **Endeavor Private Wealth bought 13,000 shares (Bullish)**. Net tilt: **Mixed, but slightly Bullish**."
2025-02-16,9,"**Institutional Ownership:** Bullish (4 increases vs. 3 decreases). **Evidence:** Capital Advisors Inc. increased holdings by 2.7%, Meag Munich Ergo by 0.1%, and RFG Advisory LLC purchased shares. Century Financial Group LLC and Wells Trecaso Financial Group LLC reduced their stakes, with Century reducing by 10.1%. Conway Capital Management also reduced holdings. **Net Tilt:** Slightly Bullish due to more firms increasing positions."
2025-02-17,14,"**Ownership Trends:** Bullish. Multiple firms increased stakes in NVDA, including Llc (+19.0%), Charles Schwab (+1.4%), Ameriprise Financial (+870.3%), and Adv (+964.1%). However, Harel Insurance (-2.5%) and Fifth Third Bancorp (-1.8%) reduced their positions.

**Stock Performance:** Bullish. NVDA stock gained, opening at $138.85 on Monday.

**New Investors:** Bullish. Several new investors purchased NVDA shares, such as Lp, Chemung Canal Trust Co., another LLC, and Eclectic Associates Inc.

**Revenue Guidance:** Neutral. NVDA projects FY2025 revenue of $128.6B, but FY2026 projections remain uncertain.

**Net Tilt:** Bullish."
2025-02-18,11,"**Market Share Gain:** Bullish; Nvidia gains market share.

**Institutional Ownership:** Mixed; Westwood Holdings, Charles, and Clearbridge Investments significantly increased holdings (683.9%, 2.0%, 810.6% respectively), while Inc., First Bancorp Inc ME, and Patton Albertson Miller Group reduced stakes.

**Investment Activity:** Bullish; Nvidia disclosed investment into WeRide, a robotaxi firm.

**Earnings Guidance:** Neutral; Nvidia expects to deliver 'modest' earnings."
2025-02-19,23,"**Price Target Downgrade:** HSBC downgraded NVDA’s price target to $175 from $185, bearish.

**Earnings Guidance:** NVDA forecasts EPS of $0.84, positive.

**Product Launches:** Multiple GPU launches scheduled, including RTX 5070 Ti and RTX 5090, bullish.

**Regulatory Investigation:** US investigating NVDA chips, bearish.

**Ownership Changes:** Mixed ownership trends with significant increases by Geode Capital, UBS, and others vs. decreases by Tran Capital Management and others, net neutral.

**Analyst Ratings:** Oppenheimer and Cantor Fitzgerald maintained ratings but with mixed price targets, net neutral.

**Quarterly Earnings Announcement:** NVDA set to announce Q4 results on Feb 26, neutral."
2025-02-20,30,"**Bullish Signals:**
- **Analyst Upgrades:** Keybanc upgrades NVDA to Overweight with a new $190 price target.
- **Product Launches:** Multiple AI and GPU product launches, including GeForce RTX 5070 Ti and Signs AI tool.
- **Stock Performance:** NVDA stock up over 100% YTD.
- **Market Share & Demand:** Nvidia’s partner platform gains market share; GPU demand surges.
- **Earnings Guidance:** Strong Q4 results expected; positive guidance for future quarters.

**Bearish Signals:**
- **Product Delays:** Blackwell debut faces stock pause despite launch.
- **Mixed Analyst Views:** Oppenheimer maintains neutral “Outperform” rating.

**Net Tilt:** Bullish, driven by multiple product launches, strong stock performance, and positive analyst upgrades."
2025-02-21,16,"**Product Release:** Bullish. Nvidia launched a new free AI tool, potentially boosting adoption and future revenues.

**Ownership Changes:** Mixed. Major investors like LLC and Charles Schwab increased holdings significantly (70%, 12,898.6%, 1.4%), while Cherry Creek reduced by 5.4%. Net bullish.

**Stock Performance:** Bullish. NVDA stock surged 103.4%.

**Revenue Guidance & Earnings:** Neutral. Nvidia guided for $37.5bn annual revenue and is scheduled to report Q4 earnings on Feb. 26.

**Holding Details:** Neutral. Berkshire Bank holds $14.28m in NVDA."
2025-02-22,17,"**Nvidia (NVDA) Daily Brief for 2025-02-22**

**Analyst Ratings & Price Targets:**
- **Bullish:** Wedbush upgraded to Outperform with a $175 price target; Rosenblatt Securities reaffirmed Buy with a $220 price target.
  
**Product Launch:**
- **Neutral:** RTX 5070 Ti launched.

**Ownership Changes:**
- **Bullish:** Westwood Holdings, Clearbridge Investments, Charles, and Bankers Trust increased stakes significantly.
- **Bearish:** Tamar Securities, Llc, Iron Financial, and another unnamed firm reduced stakes.

**Earnings Expectations:**
- **Neutral:** Analysts predict EPS of $2.77 for the current year.

**Net Tilt:** Bullish due to multiple upgrades and significant stake increases outweighing reductions."
2025-02-23,9,"Today’s NVDA headlines show mixed signals:

**Bullish Signals:**
- Sustainable Insight Capital Management names NVDA top stock to buy.
- Geode Capital Management increased holdings by 2.2% in Q3.
- Management increased position by 900% in Q2.
- Cantor Fitzgerald reissued “overweight” with $200 PT.
- BSW Wealth Partners and Fulton Breakefield Broenniman LLC bought NVDA shares.

**Bearish Signals:**
- NJ sold 859 NVDA shares.

**Neutral Signals:**
- NVDA announced a $0.01 quarterly cash dividend.

**Net Tilt:** Bullish, due to multiple buy signals from firms and management outweighing the single sell action."
2025-02-24,39,"**Revenue Growth & Guidance:** Bullish. Nvidia reported strong revenue growth, with Q4 revenue expected to soar 72% and beat forecasts. (Evidence: ""Nvidia has reported double- and triple-digit revenue growth,"" ""Nvidia Q4 Revenue Could Soar 72%,"" ""Nvidia to Beat Q4 Forecasts"")

**Analyst Actions:** Bearish. Morgan Stanley downgraded NVDA’s price target from $166 to $152, while Hsbc also cut their target. (Evidence: ""Morgan Stanley lowered their price target on NVIDIA from $166.00 to $152.00,"" ""Hsbc analyst cut Nvidia stock price target"")

**Product Launch & Legal Issues:** Mixed. Nvidia launched the Blackwell AI model but faces legal challenges from EU antitrust regulators. (Evidence: ""Nvidia launches its latest innovation: the Blackwell,"" ""Nvidia takes EU antitrust regulators to court for"")

**Stock Performance:** Bearish. Despite some gains anticipated post-earnings, NVDA saw slight falls throughout the day, ending down 0.46%. (Evidence: ""Nvidia stock was slightly falling,"" ""Nvidia's stock fell about 16% in one trading,"" ""Nvidia shares slipped 0.46% to $133.81 at 11:26 AM ET"")

**Ownership Changes:** Net Neutral. While several firms increased"
2025-02-25,47,"**Bullish Signals:**
- **Analyst Upgrade:** Evercore ISI upgraded NVDA to Outperform.
- **Revenue Guidance:** NVDA forecasts 50% QoQ revenue growth, with FY25E revenue at $129.02B vs. $60.92B in FY24.
- **Earnings Beat:** NVDA is expected to beat EPS estimates by ~64%.
- **Market Share:** NVDA’s GPU market share hit 90%.
- **Demand Surge:** Orders for H20 AI chips and GeForce RTX series are surging.

**Bearish Signals:**
- **Stock Slump:** NVDA stock fell 3-4% due to broader tech sector weakness.
- **Mixed Analyst Ratings:** Neutral ratings maintained by Wedbush, Morgan Stanley, Piper Sandler, and Truist.
- **Ownership Shifts:** Mixed ownership changes with increases by Busey Bank and EMC Capital, but a decrease by Trust.

**Net Tilt:** Bullish, driven by strong guidance and demand, despite short-term stock weakness."
2025-02-26,89,"**Revenue & Earnings Growth:** Bullish. Nvidia reported Q4 revenue of $39.33B (78% YoY) and FY25 revenue of $130.50B (115% YoY). Q4 diluted EPS was $0.89 (82% YoY), beating estimates by $0.04. FY25 diluted EPS was $2.94 (147% YoY).

**Guidance & Demand:** Bullish. Nvidia forecasts Q1 revenue at $43B (65% YoY), indicating strong demand for AI and data center products.

**Analyst Actions:** Bullish. Barclays upgraded NVDA to $175 from $160.

**Stock Performance:** Mixed. NVDA stock rose significantly (440% YTD), but briefly fell before rebounding strongly post-earnings.

**Product Launches:** Bullish. Blackwell Ultra set for H2 launch, boosting future growth prospects.

**Net Tilt:** Strongly Bullish."
2025-02-27,132,"**DIRECTION: BULLISH**

- **Analyst Upgrade:** DZ Bank upgraded NVDA to 'Buy' from 'Hold'.
- **Revenue Growth:** FY2025 revenue more than doubled YoY; Q4 revenue surged 78%.
- **Earnings Beat:** Q4 EPS of 89 cents beat expectations; net income up 80% YoY.
- **Guidance Positive:** FY2026 Q1 revenue guidance increased, beating forecasts.
- **EBIT & CapEx:** FY2025 EBIT up 144%, capex up 142%.
- **Dividend:** Q4 dividend at 1 cent vs. 0.40 cents previously.

**DIRECTION: BEARISH**

- **Dividend Miss:** FY2025 dividend of 3 cents missed consensus of 7.82 cents.
- **China Sales Drop:** Sales in China fell.

**NET TILT: BULLISH**"
2025-02-28,34,"**Earnings & Guidance:** Bullish; EPS beat expectations, but Q1 gross margin forecast missed.  
**Analyst Actions:** Mixed; Bank of America upgraded price target to $200, while Insights downgraded from Buy to Hold.  
**Ownership Changes:** Bullish; multiple institutions increased stakes, including Healthcare of Ontario Pension Plan Trust Fund (+2,556%).  
**Stock Performance:** Bearish; NVDA fell sharply, down 8.5% on Thursday, despite some gains earlier in the day.  
**Dividends & Partnerships:** Bullish; Nvidia raised dividends and has a partnership with Mercedes-Benz.  
**Net Tilt:** Neutral to Slightly Bearish due to conflicting signals."
2025-03-01,12,"**Bullish Signals:**
- Proficio Capital Partners LLC increased NVDA stake by 14,641.2% in Q4.
- Five Oceans Advisors lifted NVDA stake.
- Truist Financial upgraded price target from $204.00 to $205.00.
- Greenleaf Trust acquired NVDA shares.
- Needham & Company LLC reaffirmed Buy rating.

**Bearish Signals:**
- WFA Asset Management Corp sold NVDA shares.
- DA Davidson set Neutral rating.
- DA Davidson expects Q1 2026 EPS of $0.93 and FY EPS of 2.77.

**Net Tilt:** Bullish, with significant institutional buying and positive analyst upgrades outweighing neutral ratings and modest earnings expectations."
2025-03-02,15,"**Revenue Guidance and Earnings Beat:** Bullish. Nvidia expects Q1 revenue to rise 61% YoY, beating analysts’ forecasts with $39.33B vs expected $38.16B.

**Institutional Ownership Increases:** Bullish. Multiple firms increased holdings: Llc up 12,898.6%, Ltd. up 46.7%, Llc up 0.5%, Clearbridge Investments LLC up 810.6%.

**Analyst Ratings Stable:** Neutral. Cantor Fitzgerald reaffirmed “overweight” with $200 target; Rosenblatt Securities reiterated “buy” with $220 target; Tigress Financial reaffirmed “buy”.

**Mixed Ownership Signals:** Bearish/Bullish. Llc reduced position by 3.7%; Catalina Capital Group LLC acquired shares.

**Stock Price Performance:** Bullish. NVDA trading 2.1% higher."
2025-03-03,57,"**Revenue Guidance:** Bullish; Nvidia sees sales growth.  
**Earnings:** Bullish; beat Q4 EPS estimates.  
**Analyst Actions:** Mixed; William Blair upgraded EPS estimates, BofA raised PT to $200, but Insights downgraded to Hold.  
**Product Release:** Bullish; Blackwell chips nearing release.  
**Stock Performance:** Bearish; NVDA fell sharply post-Q4 results, down 9-18% over recent days due to Trump China curbs and demand fears.  
**Partnerships:** Bullish; collaborations with Nokia, Arbe Robotics, and others.  
**Regulatory:** Bearish; Singapore investigating AI chips, US scrutiny ongoing.  
**Ownership Changes:** Mixed; multiple institutions increased stakes, while some insiders trimmed positions."
2025-03-04,32,"**Revenue Guidance Up**: Bullish; Nvidia’s revenue rose 78% YoY, beating estimates.

**Price Target Downgrade**: Bearish; Phillip Securities downgraded price target to $130 from $160.

**Earnings Beat**: Bullish; Nvidia reported better-than-expected earnings.

**Product Launch**: Bullish; JFrog and Nvidia launched a secure AI model.

**Stock Volatility**: Mixed; stock sank 18% over 7 days but rebounded 1.5% midday Tuesday.

**Partnerships**: Bullish; Cisco, ServiceNow, and JFrog expanded collaborations with Nvidia.

**Regulatory Investigation**: Bearish; Singapore and Malaysia investigating Nvidia chips.

**Ownership Changes**: Mixed; FMR LLC increased holdings while others decreased stakes.

**Net Tilt**: Neutral; conflicting signals suggest mixed sentiment."
2025-03-05,32,"**Bullish Signals:**
- **Analyst Upgrade:** DZ Bank upgraded NVDA from ""Hold"" to ""Strong-Buy.""
- **Revenue Growth:** Q4 revenue hit $39.3 billion, EPS of $2.99.
- **Product Launches:** GeForce RTX 5070 launched, new Ultra GPU set for release.
- **Partnerships:** Collaborations with Samsung, Keysight, and Encora.
- **Institutional Buys:** Multiple firms increased stakes (Stratos Wealth Partners, Ninety One SA PTY Ltd, etc.).

**Bearish Signals:**
- **Institutional Sells:** Alabama and Yousif Capital Management LLC reduced stakes.

**Net Tilt:** Bullish due to strong analyst support, robust financials, and product launches outweighing institutional selling."
2025-03-06,34,"**Bullish Signals:**
- **Price Target Upgrades:** Bank of America raised target from $190 to $200; Truist Financial raised from $204 to $205.
- **Partnerships:** 5 & NVIDIA, cloud-native functions tie-ups.
- **Analyst Ratings:** BofA, Cantor Fitzgerald, Rosenblatt Securities, Wedbush reaffirmed positive ratings.
- **Ownership Increases:** Multiple firms increased stakes.
- **Earnings:** Strong Q4 earnings reported.

**Bearish Signals:**
- **Downgrade:** Insights downgraded from ""buy"" to ""hold.""
- **Stock Performance:** Stock crash, falls 6%, and weak gains (14%) over six months.
- **Regulatory Investigation:** US Labor Department investigating Nvidia and Amazon.
- **Ownership Decreases:** Mirae Asset Global Investments sold shares; one firm trimmed position.

**Net Tilt:** Mixed signals suggest caution; traders should monitor further developments before making decisions."
2025-03-07,22,"**Revenue & Earnings:** Bullish. Nvidia reported 78% Q4 revenue growth and earnings above expectations.

**Stock Performance:** Mixed. Stock initially soared 90%, then fell 27% post-earnings, but rebounded slightly with a 2.4% gain in morning trading.

**Regulatory & Legal:** Bearish. US government is investigating Nvidia.

**Product & Executive Actions:** Bullish. Nvidia launched new AI products and set executive pay.

**Ownership Changes:** Mixed. Management and several firms increased stakes, while others decreased positions.

**Net Tilt:** Neutral to Slightly Bullish. Positive financials and product launches offset regulatory concerns and mixed ownership signals."
2025-03-08,7,"**Analyst Ratings:** DZ Bank upgraded NVDA to ""Strong-Buy"" from ""Hold,"" raising the price target (bullish).

**Ownership Changes:**
- Sumitomo Mitsui Trust Group Inc. increased stake by 0.3% (bullish).
- Sumitomo Mitsui DS Asset Management acquired 341,939 shares (bullish).
- Inc. increased holdings by 11.8% (bullish).
- Management decreased stake (bearish).
- Livforsakringsbolaget Skandia Omsesidigt reduced position by 0.5% (bearish).

**Net Tilt:** Bullish due to multiple increases outweighing decreases.

**Evidence:** Analyst upgrade and significant stake acquisitions indicate positive sentiment."
2025-03-09,8,"**Ownership Changes:**  
- **Bullish:** Charles increased stake by 2.0% in Q3; Inc. increased by 15.8% in Q4; SMART Wealth LLC and Barrett & Company Inc. purchased shares.  
- **Bearish:** Sas sold 6,800 shares; Beese Fulmer Investment Management Inc. sold shares; Ma and Tobam maintained positions.  
**Net Tilt:** Bullish due to significant increases outweighing sales.

No conflicting signals; clear net bullish trend."
2025-03-10,29,"**Revenue:** Bullish; Nvidia reported Q4 revenue of $26B, a 262% YOY increase.

**Price Target Upgrades:** Bullish; Bank of America upgraded to $200, Truist Financial to $205.

**Price Target Downgrade:** Bearish; LBBW cut to $119.

**Stock Performance:** Bearish; NVDA stock plunged, down 30% YTD, with multiple daily losses.

**Analyst Ratings:** Neutral; Cantor Fitzgerald, Wedbush, Needham, and Melius maintained positive ratings but Da Davidson reaffirmed neutral.

**Ownership Changes:** Mixed; Ab and LLC increased holdings, while Cantor Fitzgerald and Woodward Diversified Capital decreased theirs.

**Net Tilt:** Bearish due to significant stock losses and mixed ownership signals despite strong revenue and upgrades."
2025-03-11,26,"**Bullish Signals:**
- **Analyst Ratings:** Rosenblatt Securities reissued a ""buy"" rating with a $220.00 price target.
- **Institutional Ownership:** Multiple firms increased their stakes in NVDA, including Geode Capital Management (+2.2%), Charles Schwab (+1.4%), and Perkins Coie Trust Co. (+3,362.4%).

**Bearish Signals:**
- **Analyst Ratings:** Insights downgraded NVDA from ""buy"" to ""hold.""
- **Price Target Downgrade:** Melius Research lowered its two-year price target.
- **Stock Performance:** NVDA stock fell 26%, opened at $106.98, and dropped 5.1% on Monday.

**Net Tilt:** Mixed signals suggest caution; traders should monitor further developments before making a decision."
2025-03-12,24,"**Analyst Ratings & Recommendations:** DZ Bank upgraded NVDA to ""Strong Buy"" from ""Hold,"" while BofA Securities maintained a ""Buy"" rating with a $200 price target. Net bullish.

**Ownership Changes:** Multiple firms increased stakes (Ca, Llp, Sumitomo Mitsui Trust, Compass Financial, Ltd.), while some reduced positions. Mixed signals, net slightly bullish.

**Stock Performance:** NVDA stock surged 6-7% today, climbing 30% YTD but fell 9.8% last week. Bullish near-term, bearish recent past.

**Partnerships & Updates:** TSMC seeks partnership/JV with NVDA; Blackwell update expected. Bullish.

**Summary:** **NET TILT: BULLISH** for next session based on analyst upgrades, ownership increases, and positive stock movement today."
2025-03-13,17,"**Regulatory & Product Approvals:** Bullish. U.S. approval granted for additional Nvidia chips and AI chip.

**Product Releases & Enhancements:** Bullish. Nvidia unveils new RTX technologies and plans next-gen GPU series release in 2026; Samsung and Nvidia enhance AI capabilities; Nvidia announces 50 Series upgrades.

**Partnerships:** Bullish. Nvidia partners with Samsung, Microsoft, and UAE on various projects.

**Stock Movements & Insider Actions:** Mixed. Nvidia stock reached all-time highs but dropped below a key level; director sells shares; Sycomore Asset Management reduces stake; Powell Investment Advisors acquires shares.

**Net Tilt:** Bullish, with significant product and partnership developments outweighing minor insider selling and ownership reductions."
2025-03-14,33,"**Analyst Actions:** Insights downgraded NVDA from ""buy"" to ""hold,"" while Mizuho lowered its price target to $168 from $175. Needham, Cantor Fitzgerald, Wedbush, Rosenblatt Securities, and BofA Securities maintained positive ratings but with mixed price targets.

**Ownership Changes:** Multiple institutional investors increased their stakes in NVDA, including Geode Capital, Charles Schwab, Ab, Sapient Capital, Llc, Centaurus Financial, and Service.

**Stock Performance:** NVDA stock closed down 13.9% through Thursday but gained over 4% on Friday, opening at $115.58.

**Product Updates:** NVDA unveiled the GB300 AI chip, following the introduction of Blackwell chips last year.

**Net Tilt:** Mixed signals; analysts' downgrades and lower price targets are bearish, while product launches and increased ownership suggest bullish sentiment. **NET TILT: NEUTRAL**."
2025-03-15,9,"**Mizuho Downgraded NVDA:** Mizuho lowered the price target from $175 to $168, bearish. **Institutional Ownership Mixed:** Inc., Charles, and Bank increased stakes, while Louisiana State Employees Retirement System decreased stake, net neutral. **Stock Performance Positive:** NVDA stock gained 5.3%, bullish. **New Investor Interest:** Unicom Systems Inc. bought 642,898 shares and initiated a new position, bullish. **Net Tilt:** Bullish due to stock gain and new investor interest, despite downgrade and mixed ownership signals."
2025-03-16,15,"**Partnerships & Analyst Actions:** Bullish. Samsung partners with NVIDIA; Truist Financial upgrades price target to $205 from $204.

**Ownership Changes:** Mixed. Sumitomo Mitsui Trust, Oh, and Llc increase holdings; Great Lakes Retirement, Van ECK Associates, and another Llc reduce holdings.

**Insider Activity:** Bearish. Director John Dabiri sold 2,663 shares.

**Earnings & Price Movement:** Neutral. Nvidia reports Q4 and FY earnings; stock down 20%, but analysts see potential for 80% surge.

**Net Tilt:** Mixed signals, but slight bullish bias due to partnership and price target upgrade."
2025-03-17,44,"**Bullish Signals:**
- **Price Target Upgrade:** Bank of America raised NVDA’s target from $190 to $200.
- **Product Launch:** Blackwell officially launched, with production ramping up.
- **Partnerships:** Multiple collaborations announced, including with Tencent, enhancing demand.
- **Stock Gains:** Predicted to soar; significant climb last week.

**Bearish Signals:**
- **Stock Declines:** Minor declines noted; stock slipped ahead of announcements.
- **Insider Sell:** Director sold $6.16M in common stock.
- **Supply Delay:** Blackwell systems delayed due to unspecified issues.
- **Ownership Decrease:** Several firms decreased holdings.

**Net Tilt:** Mixed signals suggest caution; production ramp and partnerships are positive, but insider sell and delays are negative."
2025-03-18,101,"**Product Releases (Bullish):** Nvidia unveiled multiple new AI chips, including the Blackwell Ultra AI chip and the Feynman GPU, alongside AI models for robotics and safety systems for autonomous vehicles. Partnerships with companies like Lenovo, IBM, and General Motors indicate strong demand.

**Price Target Downgrade (Bearish):** Mizuho downgraded NVDA’s price target from $175 to $168.

**Stock Performance (Bearish):** NVDA stock fell to $60, reflecting broader market concerns.

**Insider Sell (Bearish):** Director Robert K. Burgess sold 53,324 shares.

**Net Tilt:** Mixed signals; product releases bullish but stock performance and insider sell bearish."
2025-03-19,114,"**Bullish Signals:**
- **Revenue Growth:** Nvidia’s sales have seen significant growth post-Late 2022.
- **Product Launches:** Multiple AI chip launches including Blackwell, Rubin Ultra, Feynman, and others.
- **Acquisition:** Nvidia acquired Gretel for $320M to bolster synthetic data capabilities.
- **Partnerships:** Nvidia partners with GM, Disney, TSMC, and Hon Hai.

**Bearish Signals:**
- **Stock Performance:** NVDA shares fell Tuesday following the announcement of new AI chips.

**Net Tilt:** Bullish due to strong product pipeline and partnerships outweighing short-term stock dip."
2025-03-20,40,"**Price Target Downgrade:** Da Davidson lowers NVDA’s price target to $125 from $135, indicating a bearish sentiment.

**Product Launches & Enhancements:** Multiple product launches and enhancements with partners like HPE, Asus, SimScale, Lanner, and Capgemini suggest strong bullish activity.

**Partnerships:** Extensive partnerships across various sectors (healthcare, tech, retail) indicate robust demand and a bullish outlook.

**Ownership Increases:** Significant increases in ownership by multiple firms (Fmr LLC, Northern Trust Corp, Proficio Capital Partners LLC, Seascape Capital Management) signal investor confidence, a bullish signal.

**Ownership Decrease:** One firm (Llc) decreased its position by 54.7%, a bearish signal.

**Earnings Forecast:** Analysts predict EPS of 2.77 for the current year, neutral but positive.

**Stock Performance:** NVDA’s YTD performance is down 15.03%, a bearish signal.

**Net Tilt:** Mixed signals, but overall **Bullish** due to numerous product launches, partnerships, and significant ownership increases."
2025-03-21,27,"**Product Review & Enhancements:** Bullish. Positive review of RTX 3060 Ti; Nvidia’s accelerated computing platforms to enhance performance.

**Partnerships:** Bullish. Multiple partnerships announced with Itron, NetApp, Pasqal, Equinix, Harvard, and MIT.

**Insider Activity:** Bearish. Director Robert K. Burgess sold 53,324 shares.

**Ownership Increases:** Bullish. Various entities increased their stakes in NVDA, including management.

**Analyst Ratings:** Neutral. William Blair, Rosenblatt Securities, and Bank of America reaffirmed “buy” ratings.

**Earnings Estimate:** Neutral. Analysts expect EPS of $2.77 for the current fiscal year.

**Net Tilt:** Bullish. Positive product reviews and multiple strategic partnerships outweigh the negative insider sell."
2025-03-22,23,"**Price Target Downgrades:** Da Davidson downgraded NVDA’s price target from $135 to $125; Mizuho lowered it from $175 to $168. **Bullish:** Cantor Fitzgerald maintained an “overweight” rating with a $200 price target.

**Product Launches:** Nvidia unveiled a new AI system for East Asia and launched DGX Spark, a compact AI supercomputer. **Bullish**

**Stock Performance & Insider Activity:** Year-to-date, NVDA shares have declined. CFO Colette Kress and Director Aarti S. Shah sold significant amounts of stock. **Bearish**

**Institutional Ownership Changes:** Multiple institutions increased their stakes in NVDA, while some reduced theirs. **Net Neutral**

**Trading Activity:** NVDA traded as low as $115.42, closing at $116.72. **Bearish**

**NET TILT:** Bearish due to multiple downgrades, insider sales, and YTD losses, offset slightly by product launches and mixed institutional activity."
2025-03-23,24,"**Revenue Growth:** Bullish; Nvidia’s revenues expected to rise 57% for FY2026.

**Analyst Actions:** Mixed; DA Davidson downgraded NVDA to $125 from $135, while Susquehanna, Needham, and Bank of America maintained positive ratings with targets of $180, $160, and $200 respectively.

**Ownership Changes:** Net Neutral; multiple institutions increased holdings (Citizens & Northern, Planning, Geode Capital, Charles Schwab, Llp, Inc.), while others decreased (D.A. Davidson, Llc, Burke & Herbert).

**Stock Performance:** Bearish; NVDA fell 4% in one week, closed 0.05% lower at $117.64, and is down 14.9% YTD.

**Catalysts:** Neutral; NVDA hosted GTC on March 18."
2025-03-24,32,"**Price Target Downgrade:** Da Davidson downgraded NVDA, cutting the price target from $135.00 to $125.00 (Bearish).

**Revenue Guidance & Growth:** NVDA reported 57% revenue growth, shares look undervalued despite decline (Bullish).

**Product Launches & Reviews:** NVDA introduced next-gen AI chips and partnered with Lenovo for AI solutions; RTX 5070 Ti received positive reviews (Bullish).

**Demand Shifts:** Increased demand for NVDA’s GPUs due to higher computing power requirements (Bullish).

**Partnerships:** Multiple partnerships announced with Yum! Brands, Oracle, Microsoft, GM, SoundHound, Worley, and Cassava Technologies (Bullish).

**Stock Price Movements:** NVDA shares declined following news but climbed 1.5%, ending at $119.45 (Mixed).

**Ownership Changes:** Swedbank and Llc increased stakes, while McDonald trimmed NVDA holdings (Mixed).

**Analyst Ratings:** Neutral ratings maintained by William Blair and Rosenblatt Securities with a $220.00 price target (Neutral).

**Price Cuts:** RTX 5090 prices dropped (Bearish).

**Facility Announcements:** New chip announcements for building infrastructure (Bullish).

**Overall Tilt:** Bullish, with significant product launches, strong demand, and multiple strategic partnerships"
2025-03-25,17,"**Product & Partnership (Bullish):** Lenovo and Cognizant launched AI solutions powered by Nvidia. Cognizant, Seagate, and Zotac have partnered with Nvidia, with Zotac raising RTX 5090 prices.

**Ownership Changes (Mixed):** Vista Capital Partners increased stake by 116.7%, while Alberta Investment Management Corp cut holdings by 6.3%. Insiders like Director Aarti S. Shah sold shares.

**Stock Performance (Bullish):** Nvidia’s stock gained 29% YTD, but dipped 0.6% in pre-market trade. Analysts at Wedbush and Cantor Fitzgerald maintained positive ratings with targets of $175 and $200, respectively."
2025-03-26,40,"**Revenue Growth:** Bullish; NVIDIA’s overall sales and growth are up, including in China.

**Earnings Estimate:** Bearish; William Blair downgraded FY2027 EPS estimates.

**Acquisitions:** Bullish; NVIDIA nears deals to buy a GPU reseller and Lepton AI.

**Product Launches:** Bullish; Lenovo and NVIDIA launched AI solutions, and NVIDIA released an AI assistant for RTX gaming PCs.

**Partnerships:** Bullish; NVIDIA partners with Alphabet, Microsoft, NetApp, and others.

**Insider Sales:** Bearish; CFO Colette Kress and insider Donald F. Robertson, Jr. sold shares.

**Regulatory Investigation:** Bearish; Malaysia probes NVIDIA AI chips.

**Stock Performance:** Bearish; NVDA dropped over 5%, closing at $112.88.

**Credit Rating:** Bullish; Moody's upgraded NVIDIA’s rating to Aa2.

**Ownership Changes:** Mixed; multiple firms increased stakes while some decreased holdings."
2025-03-27,24,"**Acquisitions:** Bullish; Nvidia acquired Run:ai for $700m and is in talks to acquire Lepton AI, signaling strategic expansion.

**Product Launches:** Bullish; Nvidia unveiled GeForce RTX 5090 and G-Assist, enhancing its AI and GPU offerings.

**Stock Performance:** Bearish; NVDA stock dropped, closing at $115.53 after hitting a low of $114.46.

**Analyst Actions:** Neutral; Susquehanna, Needham, and Bank of America maintained positive ratings but with mixed price targets ($160-$200).

**Insider Activity:** Bearish; Director Robert K. Burgess sold 53,324 shares.

**Partnerships:** Bullish; Nvidia collaborates with Harvard and MIT, boosting credibility and innovation.

**Net Tilt:** Mixed signals suggest caution; consider holding due to conflicting bullish and bearish indicators."
2025-03-28,17,"**Ownership Increases:** Multiple firms increased their stakes in NVDA, including Llp (+59.3%), Llc (+289.5%), Geode Capital (+2.2%), and Corp (+62.7%) (Bullish).

**Price Target Reiteration:** Rosenblatt Securities reiterated a ""buy"" with a $220.00 price target, while William Blair maintained an ""outperform"" rating (Bullish).

**Stock Performance:** NVDA is down over 20% YTD and fell further today (Bearish).

**Product Price Raise:** Zotac increased prices for its RTX 5090 (Mixed, could indicate supply constraints or higher costs).

**IPO News:** A Nvidia-backed data center company priced its IPO (Neutral).

**Net Tilt:** Mixed signals, but significant ownership increases and reiteration of positive ratings suggest a **NET BULLISH** tilt despite recent stock losses."
2025-03-29,11,"**Product Release:** Bullish. Nvidia unveiled groundbreaking AI technologies, likely boosting future demand.

**Price Target Downgrade:** Bearish. Da Davidson downgraded NVDA’s target price from $135.00 to $125.00.

**Insider Sell:** Bearish. Director Aarti S. Shah sold 20,000 shares.

**Partnership:** Bullish. Engine developed in collaboration with Google.

**Ownership Increases:** Bullish. Service and UBS increased stakes by 14.9% and 3.8%, respectively.

**Analyst Ratings:** Neutral. Cantor Fitzgerald maintained an “overweight” rating with a $200.00 price target.

**Stake Acquisitions:** Bullish. Sigma Planning Corp and Townsend & Associates Inc acquired shares.

**Net Tilt:** Mixed signals, but overall slightly bullish due to product release and stake increases outweighing downgrade and insider sell."
2025-03-30,22,"**Revenue Growth:** Bullish; Nvidia reports extreme revenue growth.

**Price Target Downgrade:** Bearish; Mizuho downgraded NVDA’s price target from $175 to $168.

**Analyst Ratings:** Mixed; Needham, Susquehanna, Bank of America, and Wedbush maintain positive ratings with targets ranging from $160 to $200.

**Institutional Ownership:** Bullish; multiple institutions (Swedbank, Inc., Sumitomo Mitsui, Partners, Charles, Stevens Capital) increased stakes, while Forvis Mazars sold shares.

**Investment in Robotics:** Bullish; Nvidia invests in robotics.

**Revenue Guidance:** Neutral; NVDA projects Q4 revenue at $43B.

**Net Tilt:** Bullish, despite mixed signals, due to strong institutional buying and positive analyst ratings outweighing the price target downgrade."
2025-03-31,21,"**Apple Buy of Nvidia (Bearish)**: Rumors suggest Apple may acquire Nvidia, pressuring NVDA’s stock.

**Stock Performance (Bearish)**: NVDA stock declined notably, down 23.6% YTD and 3.4% on Monday to $106.

**Insider Activity (Bearish)**: Nvidia CFO Colette Kress sold 66,660 shares.

**Analyst Ratings (Bullish)**: Rosenblatt Securities and Bank of America maintained “Buy” ratings, with Rosenblatt setting a $220 price target.

**Partnerships (Bullish)**: Cisco, Cognizant, and Machines partnered with Nvidia.

**Ownership Changes (Mixed)**: Multiple firms increased holdings, while others reduced stakes.

**Net Tilt**: Bearish due to significant stock declines and insider selling, offset slightly by positive analyst ratings and partnerships."
2025-04-01,19,"**Product Launch:** Bullish. Nvidia set to launch Blackwell, potentially boosting demand.

**Partnerships:** Bullish. Nvidia partners with Schaeffler and Microsoft, and Mu for AI solutions.

**Insider Activity:** Bearish. Director Aarti S. Shah sold 20,000 shares.

**Ownership Changes:** Mixed. Charles Schwab, Ab, and Llc increased stakes; Keeler Thomas Management LLC decreased stake.

**Stock Performance:** Bearish. Year-to-date, stock down 19.6%; recent dip of 20%.

**Analyst Ratings:** Neutral. Cantor Fitzgerald maintained ""overweight"" with $200 target.

**IPO Performance:** Bearish. Nvidia-backed AI firm’s stock fell 7% below IPO price.

**Net Tilt:** Bearish."
2025-04-02,21,"**Net Tilt: Bearish**

**Acquisitions & Partnerships:**
- **Bearish:** Nvidia acquires Alibaba (BABA).
- **Bullish:** GM partners with Nvidia.

**Ownership Changes:**
- **Bullish:** Healthcare of Ontario Pension Plan Trust Fund, Geode Capital Management LLC, and Inc. increased holdings.
- **Bearish:** Service, Birinyi Associates Inc., and Denali Advisors LLC reduced stakes.

**Stock Performance:**
- **Bearish:** Shares down 0.52% at $109.57, fell 3.5% on March 18, down 11% over past month, and 5% over last week.
- **Bullish:** Shares rose 1.6% on Tuesday.

**Analyst Ratings:**
- **Neutral:** Needham reissued ""buy"" rating with $160 target.

**Earnings Estimate:**
- **Neutral:** Consensus estimates for 2026 earnings provided but no specific figures."
2025-04-03,19,"**Revenue Growth:** Bullish; NVIDIA’s revenue has been rising since 2023.

**Analyst Ratings:** Bearish; HSBC downgraded NVDA to Hold from Buy. Neutral signals from Bank of America, Susquehanna, and Rosenblatt Securities with mixed price targets ($180-$220).

**Stock Performance:** Bearish; NVDA’s share price fell 26%, closing down 6.2%.

**Insider Activity:** Bearish; Director Robert K. Burgess sold 53,324 shares.

**Institutional Ownership:** Mixed; Inc. increased stake by 145.9% but also trimmed by 8.3%. Advisors and ORBA Wealth Advisors increased holdings. Carlson Capital initiated a new position.

**Net Tilt:** Bearish due to significant stock loss and insider sell, despite some positive institutional buying."
2025-04-04,17,"**Ownership Changes:** Bullish - Llp increased position by 59.3%, Llc by 26.7%, Sumitomo Mitsui Trust by 0.3%, and Ria initiated a new stake. Bearish - Greencape Capital sold 19,033 shares, Mutual LIFE sold 15,481 shares, and Inwestycyjnych sold 3,770 shares.

**Analyst Actions:** Mixed - Wedbush maintained ""outperform"" with a $175 price target, while Hsbc downgraded from ""buy"" to ""hold.""

**Price Movements:** Bearish - Stock fell 7.8% and dropped nearly 5% in pre-market trading.

**New Stake Acquisitions:** Bullish - Proficio Capital Partners bought 34,441,082 shares, and other firms like Flynn Zito and Mn Services also acquired shares.

**Net Tilt:** Mixed signals but slightly bearish due to significant price drops and some large sell-offs."
2025-04-05,16,"**Revenue & Earnings:** Bullish (Hon Hai’s sales jump suggests strong GPU demand); Bearish (Nvidia lost $1T in 3 days, stock down 24% YTD, 15.4% drop today).

**Product & Partnerships:** Bullish (GeForce RTX 5060 Ti rumored April 16 launch); Neutral (potential collaboration mentioned).

**Ownership Changes:** Bullish (multiple firms increased stakes, e.g., Proficio Capital up 14,641.2%, Tufton Capital purchased shares); Bearish (Motco, Trust, and Jones reduced positions).

**Analyst Views:** Neutral (no specific upgrades/downgrades noted).

**Net Tilt:** Mixed signals but overall slightly bearish due to significant stock losses and major stake reductions."
2025-04-06,24,"**Earnings:** Bullish; Nvidia reported EPS of $0.64, beating expectations of $0.61.

**Analyst Actions:** Bearish; HSBC downgraded NVDA to ""Hold"" from ""Strong-Buy."" Needham, Bank of America, Susquehanna, Cantor Fitzgerald, and Rosenblatt maintained ""Buy"" ratings with price targets ranging from $160 to $220.

**Insider Activity:** Bearish; CFO Colette Kress sold 66,660 shares.

**Institutional Ownership:** Mixed; Inc., Geode Capital, and AB increased positions, while Llc, Bank OZK, and Xcel Wealth Management decreased stakes.

**Stock Performance:** Bearish; NVDA fell 19% in Q1 and 14% this week.

**Net Tilt:** Bearish due to earnings beat overshadowed by downgrade and insider sell."
2025-04-07,28,"**Revenue Growth:** Bullish; Nvidia’s AI data center sales continue to increase, though growth rate may be moderating.

**Acquisition:** Bullish; Nvidia completed the acquisition of Lepton AI, enhancing its AI capabilities.

**Partnerships:** Bullish; Nvidia announced an automotive AI partnership with Toyota, boosting long-term prospects.

**Stock Performance:** Mixed; Nvidia stock gained 168% YTD in 2024 but fell 6.8% recently, down 30% YTD through early April.

**Institutional Ownership:** Mixed; Charles Schwab and others increased holdings, while Clal Insurance sold shares.

**Revenue Guidance:** Bullish; Nvidia forecasts $5B in fiscal 2026 automotive revenue.

**Net Tilt:** Net bullish due to strong revenue growth, strategic acquisitions, and positive guidance, despite recent stock weakness."
2025-04-08,22,"**Bullish Signals:**
- **Acquisition:** Nvidia successfully acquires Lepton AI, enhancing server capabilities.
- **Partnerships:** Google DeepMind partnership and driverless truck launch by 2027.
- **Analyst Actions:** Wedbush maintains ""Outperform"" with $175 PT; UBS reiterates Buy.
- **Ownership Increases:** Proficio Capital, Sumitomo Mitsui Trust, and Llp increase stakes.
- **Stock Performance:** NVDA up 150% YTD, surges 7% today, and rises 2.3% to $99.86.

**Bearish Signals:**
- **Price Target Downgrade:** Deutsche Bank cuts PT to $135 from $145.
- **Rating Downgrade:** Hsbc downgrades from ""Strong-Buy"" to ""Hold.""
- **Stock Loss:** NVDA slides on Tuesday.

**Net Tilt:** Mixed signals but overall slightly bullish due to multiple positive analyst actions and strategic acquisitions/partnerships."
2025-04-09,18,"**Price Target Downgrade:** Td Cowen downgraded NVDA to a lower price target of $140 from $175, bearish.

**Acquisition:** NVDA acquired Chinese GPU cloud startup Lepton AI, bullish.

**Demand Guidance:** NVDA sees demand soaring, bullish.

**Partnerships:** NVDA partnered with Masiyiwa and Honda, neutral to bullish.

**Stock Performance:** NVDA’s stock declined 37% from its peak in 12 weeks but surged 15.7% in the afternoon, mixed.

**Investment:** NVDA announced investment in new American data centers, bullish.

**Ownership Changes:** AMJ Financial Wealth Management and Commerzbank reduced stakes, bearish; Tacita Capital and Tiff Advisory Services increased stakes, bullish.

**Net Tilt:** Mixed signals, but overall slightly bullish due to demand growth, acquisitions, and partnerships."
2025-04-10,30,"**Price Target Downgrades:** TD Cowen downgraded NVDA from $175 to $140; Da Davidson cut from $135 to $125 (Bearish).

**Embargo Lifting:** U.S. lifted NVIDIA chip export ban (Bullish).

**Stock Performance:** NVDA peaked at $7.23, then dropped 6%, but also saw gains up to 18.7% (Mixed).

**Analyst Actions:** Susquehanna reissued positive rating with $180 PT; Morgan Stanley remains overweight (Bullish). TD Cowen and Da Davidson downgrades (Bearish).

**Ownership Changes:** Multiple firms increased positions (Bullish); some decreased (Bearish).

**Market Share:** NVIDIA maintains 98% market share (Bullish).

**Net Tilt:** Mixed signals, but overall slightly Bearish due to multiple downgrades and price target cuts."
2025-04-11,30,"**Revenue Growth:** Bullish; Nvidia’s revenue expected to increase by 56%.  
**Analyst Actions:** Bearish; Td Cowen downgraded price target from $175 to $140, Citigroup cut target from $163 to $150, Res downgraded from ""strong-buy"" to ""hold"". Cantor Fitzgerald, Needham & Co., and Bank of America maintained ratings but with mixed targets.  
**Demand Trends:** Bearish; potential drop in demand noted.  
**Partnerships:** Bullish; Krafton and NVIDIA partner on AI game, Robotics teams up with NVIDIA.  
**Insider Activity:** Bearish; Director Robert K. Burgess sold shares.  
**Ownership Changes:** Neutral; multiple firms increased holdings, while others initiated positions.  
**Price Movement:** Bearish; NVDA traded down 5.9%, opening at $107.57 and closing at $109.79.  
**Net Tilt:** Bearish due to analyst downgrades and insider selling, offset slightly by positive revenue growth and partnerships."
2025-04-12,15,"**Price Target Downgrade:** Citigroup downgraded NVDA, reducing the price target from $163.00 to $150.00 (Bearish).

**Analyst Actions:** Rosenblatt Securities maintained a ""buy"" rating with a $220.00 target (Bullish); Wedbush reaffirmed an ""outperform"" rating with a $175.00 target (Bullish).

**Investment Activity:** Edgestream Partners sold 69,907 shares (Bearish); multiple firms increased holdings (Ab, unnamed firm) and EFG Asset Management bought shares (Bullish).

**Strategic Investments:** Nvidia invested in AI startups Safe Superintelligence and OpenAI cofounder’s venture (Bullish).

**Net Tilt:** Mixed signals, but strategic investments suggest long-term bullishness despite short-term bearish analyst downgrade."
2025-04-13,20,"**Bullish Signals:**
- **Stock Gain:** Nvidia’s stock price is expected to soar post-April 9 surge of 18.7%.
- **Ownership Increase:** Amundi, Machina Capital, and Inc. increased their stakes in NVDA.

**Bearish Signals:**
- **Stock Loss:** NVDA stock fell nearly 66% since Nov 2021 and is down 25% from its 52-week high.
- **Insider Sell:** Director Aarti S. Shah sold 20,000 shares.
- **Ownership Decrease:** Lifeworks Advisors, Camden National Bank, Bank Julius Baer, and Barings LLC cut their NVDA positions.

**Net Tilt:** Mixed signals with significant bearish pressure outweighing bullish indicators."
2025-04-14,29,"**Price Target Downgrade:** Bearish; DA Davidson lowered NVDA’s price target to $120 from $125.

**Product Launch:** Bullish; NVDA launched AI chip production in the US.

**Regulatory Investigation:** Bearish; China’s SAMR launched an investigation into NVDA.

**Investment and Partnerships:** Bullish; NVDA to invest $500B in US AI infrastructure, build two new chip factories, and collaborate with TSMC.

**Ownership Changes:** Mixed; major investors like Zurcher Kantonalbank and Charles Schwab increased holdings, while Schaper Benz & Wise decreased position.

**Stock Performance:** Mixed; NVDA stock initially slid but rebounded in pre-market, opening at $110.93.

**Net Tilt:** Bullish due to significant investment and partnership announcements outweighing the downgrade and regulatory concerns."
2025-04-15,36,"**Bearish Signals:**
- **Price Target Downgrades:** TD Cowen cut price target from $175 to $140; Citigroup from $163 to $150; DA Davidson from $125 to $120.
- **Stock Losses:** Nvidia’s stock tumbled post-earnings, falling 3%, 5%, and 6.33% in after-hours trading.
- **Expenses:** Nvidia to take a $5.5 billion charge in H20.

**Bullish Signals:**
- **Supply Increase:** Nvidia boosting chip production and starting new generation chip production at TSMC’s Arizona facility.
- **Investments:** Plans to invest nearly $500B in America and Texas.
- **Analyst Neutral Rating:** Cantor Fitzgerald maintained an “overweight” rating with a $200 price target.
- **Ownership Increases:** Proficio Capital Partners, Geode Capital Management, and another investor increased holdings.

**Net Tilt:** Mixed signals suggest caution; focus on supply increases and investments vs. downgrades and expenses."
2025-04-16,73,"**Net Tilt: Bearish**

**Price Target Downgrades & Analyst Actions:**
- **Bearish:** BofA, Piper Sandler, Raymond James, Rosenblatt, and DA Davidson all downgraded NVDA, lowering PTs to $160, $150, $150, $200, and $120 respectively.

**Legal & Regulatory:**
- **Bearish:** Nvidia ordered to pay $5.5 billion in charges.
- **Bearish:** US bans export of NVIDIA H20 accelerators to China.

**Stock Performance:**
- **Bearish:** NVDA stock fell to $104.32, tumbling in pre-market trading due to new US curbs and AI chip warnings.

**Demand & Orders:**
- **Bullish:** Ramping up orders for H20 chips.
- **Bearish:** Overall sentiment negative, with multiple mentions of stock retreats and plunges.

**Partnerships & Contracts:**
- **Bullish:** Expanded partnerships with NVIDIA in Europe and GM.
- **Bullish:** Distribution agreement with SYNNEX.

**Other:**
- **Bullish:** Earnings expected to increase 51% in fiscal 2026.
- **Bearish:** NVDA down 24.7% YTD."
2025-04-17,37,"**Bearish Signals:**
- **Price Target Downgrades:** Bank of America, Wolfe Research, Piper Sandler, and Argus all lowered price targets, indicating reduced expectations.
- **Revenue Concerns:** Data center revenues expected to decline.
- **Earnings Negative:** Wrote off $5.5 billion.
- **Analyst Downgrades:** Res cut rating from ""strong-buy"" to ""hold.""
- **Regulatory Headwinds:** U.S. bans H20 exports and opens probe into chip sales.
- **Stock Performance:** Shares plummeted post-earnings, down 6.87%.

**Bullish Signals:**
- **Buy Recommendation:** Nvidia remains a good buy according to some analysts.
- **Product Launches:** New Shield and personal AI products announced.
- **Partnerships:** Tech Data partnership in India.
- **Ownership Increases:** Multiple firms increased stakes.

**Net Tilt:** Bearish due to multiple downgrades and revenue/earnings concerns outweighing positive product launches and partnerships."
2025-04-18,17,"**Price Target Downgrades:** TD Cowen downgraded NVDA’s price target from $175 to $140, while UBS Group reduced it from $185 to $180. **Bullish:** Cantor Fitzgerald maintained an “overweight” rating with a $200 price target. Citigroup also maintained a “buy” rating. **Ownership Changes:** FMR LLC, Geode Capital, and others increased holdings, while Erste Asset Management sold shares. **Net Tilt:** Mixed but slightly bearish due to multiple downgrades. **Stock Performance:** NVDA fell nearly 7%, opening at $101.33. **Net Tilt:** Bearish."
2025-04-19,9,"**Price Target Downgrade:** Rosenblatt Securities downgraded NVDA’s price target from $220.00 to $200.00 (Bearish).

**Ownership Trends:** 
- Bullish: Proficio Capital Partners LLC, Bank, Impax Asset Management Group plc, and Wellington Shields Capital Management LLC increased positions.
- Bearish: Parnassus Investments LLC reduced its stake by 20.6%.

**Stock Performance:** NVDA shares fell 8.5% over the past week (Bearish).

**Net Tilt:** Mixed signals with significant bearish pressure from the downgrade and recent stock performance, countered by bullish institutional buying. **NET TILT: Bearish.**"
2025-04-20,7,"**Price Target Downgrades**: Piper Sandler downgraded NVDA’s price target from $175 to $150; Da Davidson reduced it from $125 to $120 (Bearish).  
**Ownership Changes**: Llc. increased holdings by 0.3%, Amundi by 12.9%; United Capital Management trimmed position (Mixed).  
**Analyst Estimates**: Analysts predict EPS of 2.77 for FY (Neutral).  
**Net Tilt**: Mixed signals with significant bearish pressure from downgrades outweighing modestly positive ownership increases."
2025-04-21,25,"**Price Target Downgrade:** Piper Sandler cut NVDA’s price target from $175.00 to $150.00 (Bearish).

**Earnings & Market Performance:** NVDA lost $1.15T in 3 months, shares down 24% YTD, slid on Monday (Bearish). Robust Q4 results reported (Bullish).

**Government Actions:** US government effectively banned H20 sales (Bearish).

**Partnerships & Ownership Changes:** Rumored collaboration with DeepSeek (Bullish); multiple institutions increased holdings (Bullish); some decreased positions (Bearish).

**Analyst Ratings:** Wedbush reaffirmed “outperform” at $175.00, Susquehanna reiterated “positive” at $180.00, Stifel maintained “Buy” at $180.00 (Mixed).

**Net Tilt:** Bearish due to significant price target downgrade, market losses, and government ban, despite positive analyst ratings and partnership rumors."
2025-04-22,30,"**Price Target Downgrades:** Multiple firms downgraded NVDA’s price targets: Bank of America ($160 from $200), Barclays ($155 from $175), Rosenblatt Securities ($200 from $220), and UBS ($180 from $185). **Bullish:** Full-year sales growth reported. **Bearish:** Hsbc Global Research downgraded NVDA from ""Strong-Buy"" to ""Hold."" **Neutral:** Citigroup, Raymond James, Cantor Fitzgerald, and Needham maintained ratings but with mixed price targets. **Bullish:** Partnerships announced with iGenius and Vertiv in Italy. **Bearish:** Stock fell 4.5% following recent news. **Net Tilt:** Bearish due to multiple downgrades and stock decline."
2025-04-23,14,"**Product Launches:** Bullish. Nvidia deploys Colosseum AI supercomputer and launches NeMo software tools.

**Partnerships:** Bullish. Mediatek teams up with Nvidia.

**Stock Performance:** Bullish. Nvidia stock surges due to White House support and broader market sentiment.

**Expenses:** Bearish. Nvidia incurs a $5.5 billion charge.

**Ownership Changes:** Mixed. Proficio Capital Partners and Platinum Investment Management increase stakes significantly, while Thrivent Financial decreases stake slightly. Net tilt bullish.

**Demand:** Neutral. Demand for Nvidia’s chips remains robust."
2025-04-24,20,"**TD Cowen downgraded NVDA from $175 to $140 and cut the rating to ""Hold"" (bearish).** Insiders and institutions like Counsel Inc., Amundi, and others increased holdings (bullish), while some reduced stakes (bearish). Acer launched new gaming PCs with NVDA (bullish). Multiple partnerships were announced (bullish). Stock opened up 3.2% (bullish). Net tilt: **Bullish**."
2025-04-25,23,"**Price Target Downgrades:** Bearish. Piper Sandler, Barclays, and DA Davidson downgraded NVDA’s price targets to $150, $155, and $120 respectively, indicating lower expectations.

**Revenue Decline:** Bearish. NVDA reported a 30% drop in sales, underscoring weakening demand.

**Market Share Shifts:** Mixed. NVDA is losing significant market share but operating in growing end markets, suggesting conflicting signals.

**Product Launches:** Bullish. NVDA rolled out a secure AI platform and NeMo Microservices, potentially boosting future revenues.

**Stock Price Movements:** Mixed. NVDA’s stock fell over 30%, but gained 2% and then jumped another 5% today, showing volatility.

**Analyst Actions:** Mixed. Wedbush maintained an “outperform” rating with a $175 target, while Morgan Stanley slightly lowered its target to $160.

**Ownership Changes:** Mixed. Increased positions by some funds contrast with decreases by others, indicating varied investor sentiment.

**Net Tilt:** Bearish. Revenue decline and multiple downgrades outweigh positive product launches and minor stock gains."
2025-04-26,18,"**Bullish Signals:**
- Institutional investors increased holdings: Inc., Charles Schwab Investment Management Inc., Proficio Capital Partners LLC, Mizuho Securities.
- Analysts maintained positive ratings: Cantor Fitzgerald, Piper Sandler, Citigroup, Raymond James, UBS.
- Stock price up 4.3%.

**Bearish Signals:**
- Barclays downgraded target price from $175 to $155.
- Rosenblatt Securities downgraded target price from $220 to $200.
- Morgan Stanley downgraded target price from $162 to $160.
- Some institutions sold shares: Lp, American Century Companies Inc.

**Net Tilt:** Mixed, with bearish signals slightly outweighing bullish ones due to multiple downgrades and sell-offs."
2025-04-27,8,"**Price Target Downgrade:** Bearish. Bank of America downgraded NVDA’s price target from $200.00 to $160.00.

**Ownership Changes:** Mixed. Llc., Candriam S.C.A., Geode Capital, and Amundi increased stakes, while Stevens Capital Management LP and Corebridge Financial Inc. decreased stakes significantly (90.9% and 0.2%, respectively).

Net Tilt: **Bullish** due to multiple increases outweighing decreases."
2025-04-28,34,"**Bullish Signals:**
- Wedbush reissued an ""outperform"" rating with a $175.00 target price.
- ICW Investment Advisors LLC and Sheets Smith Investment Management increased their positions.
- Nvidia is working on new GeForce RTX 50.

**Bearish Signals:**
- Td Cowen downgraded price target from $175.00 to $140.00.
- Da Davidson downgraded price target from $125.00 to $120.00.
- Sales in China have declined.
- US government banned exports of H20 chips to China.
- Nvidia shares fell significantly in after-hours trading, down over 3% at 2:30 pm EST, and year-to-date, down 20%.

**Net Tilt:** Bearish due to multiple downgrades, export bans, and significant share price declines."
2025-04-29,10,"**Nvidia (NVDA) Daily Brief for 2025-04-29**

- **Bullish**: Institutional investors increased stakes significantly—Llp up 59.3%, Gqg Partners LLC up 132.3%, and another unnamed firm up 51%. AI data center demand remains strong.
- **Bearish**: NVDA stock price down 3.4%; multiple firms report holding positions without change or increase, indicating mixed sentiment.

**Net Tilt**: Mixed, with significant institutional buying offsetting stock price decline."
2025-04-30,27,"**Bearish Signals:**
- **Analyst Downgrades:** Seaport initiated NVDA with a Sell rating. Bank of America, Barclays, and Rosenblatt Securities downgraded NVDA, cutting targets to $160.00, $155.00, and $200.00 respectively.
- **Price Decline:** NVDA shares traded lower, slumped 20% YTD, and fell 2% in the latest session.
- **Mixed Ownership Trends:** While several funds increased stakes, Amica Mutual Insurance Co. and Korea Investment Corp. reduced positions.

**Neutral/Bullish Signals:**
- **Earnings Call:** NVDA scheduled a Q2 FY26 earnings call.
- **Positive Analyst Ratings:** Raymond James and Cantor Fitzgerald maintained strong ratings, with Cantor setting a $200.00 target.
- **New Stake Acquisitions:** Sava Infond, Mitsubishi UFJ Asset Management, and Banco BTG Pactual acquired NVDA shares.

**Net Tilt:** Bearish due to multiple downgrades and price cuts outweighing positive analyst ratings and new acquisitions."
2025-05-01,24,"**Price Target Downgrade:** Da Davidson downgraded NVDA, lowering the price target from $125.00 to $120.00 (Bearish).

**Demand Decrease:** RTX 50-series demand dropped in Germany (Bearish).

**Easing Exports:** Easing of exports to UAE (Mixed impact).

**Stock Gains:** NVDA stock gained 3.5% to $112.73, with multiple articles citing positive momentum (Bullish).

**Investment:** NVDA announced a $500B investment in U.S. AI infrastructure (Bullish).

**Ownership Changes:** Proficio Capital Partners LLC significantly increased its stake (+14,641.2%), while Amica Retiree Medical Trust sold shares (-13.0%) (Mixed).

**Facility Expansion:** NVDA plans to establish supercomputer manufacturing plants in Houston (Bullish).

**Net Tilt:** Mixed signals, but overall slightly Bullish due to significant investments and stock gains outweighing the downgrade and demand drop."
2025-05-02,24,"**Bullish Signals:**
- **Stock Surge:** Nvidia stock surged over 1,500%.
- **Analyst Upgrade:** Seaport upgraded NVDA to ""Strong Buy.""
- **CEO Pay Increase:** CEO’s pay jumped 75% to $49.9m.
- **Institutional Buying:** Multiple institutions increased stakes, including Allstate (+3,234%), Brown Brothers Harriman (+26%), and Schroder Investment Management (+9.1%).

**Bearish Signals:**
- **Year-to-Date Loss:** Shares down 15% YTD.
- **Stake Reduction:** Hobbs Group Advisors LLC cut stake.

**Net Tilt:** Bullish, with strong institutional support and analyst upgrades outweighing YTD losses."
2025-05-03,18,"**Bullish Signals:**
- **Product Enhancement:** Nvidia redesigning chips to sidestep U.S. restrictions and reportedly designing new AI products (multiple sources).
- **Institutional Buy-In:** GQG Partners LLC, Arrowstreet Capital, Hartree Partners LP, and others increased holdings by significant percentages (132.3%, 26.0%, 26.0%, and new stake respectively).

**Bearish Signals:**
- **Institutional Sell-Off:** California Public Employees Retirement System and Martin Currie Ltd. trimmed stakes (410,252 shares sold).

**Net Tilt:** Bullish due to multiple large institutional buys outweighing the sell-offs.

**Neutral Signals:**
- **Mixed Ownership Changes:** Some institutions increased holdings while others decreased, but overall tilt is bullish.
- **Price Target Speculation:** H20 could cost $5.5 billion, but no clear impact on stock price.
- **Current Price:** NVDA opened at $114.50."
2025-05-04,17,"**Bullish Signals:**
- **Analyst Actions:** Cantor Fitzgerald reissued an “overweight” rating with a $200.00 price target.
- **Ownership Increases:** Multiple firms (Principal Financial Group Inc., Headlands Technologies LLC, Candriam S.C.A., Charles Schwab Investment Management Inc., Geode Capital Management LLC) increased positions.
- **New Stake Acquisitions:** Riggs Capital Management LLC purchased 9,823 shares; Family Legacy Inc. bought shares.

**Bearish Signals:**
- **Price Target Downgrades:** TD Cowen downgraded from $175.00 to $140.00; Barclays from $175.00 to $155.00.
- **Ownership Decreases:** AllianceBernstein L.P. and Franklin Resources Inc. reduced holdings.

**Net Tilt:** Mixed, leaning slightly bearish due to significant price target downgrades outweighing positive analyst ratings and ownership increases."
2025-05-05,20,"**Net Tilt: Bearish**

- **Bearish**: Bank of America downgraded NVDA, lowering PT from $200 to $160. Morgan Stanley also cut PT to $160.
- **Bullish**: Commit To Purchase recommends buying NVDA at $80. Management and several funds (Proficio Capital, Group, Amundi, Llp) increased stakes significantly.
- **Neutral**: Piper Sandler reaffirmed ""overweight"" rating. Cinctive Capital Management reduced holdings slightly.

**Evidence Conflict**: Downgrades vs. increased stake purchases suggest mixed sentiment but net tilt is bearish due to major analyst downgrades."
2025-05-06,26,"**Analyst Actions:** Bearish. Da Davidson downgraded NVDA to a lower price target of $120.00 from $125.00. Seaport Res Ptn downgraded to ""strong sell."" Wedbush maintained ""outperform"" with a $175.00 target. Morgan Stanley set a price target of $164.96.

**Ownership Changes:** Mixed. Fmr LLC, Worley Group, and others increased stakes; JPMorgan sold 11,970 shares, W reduced position by 4.4%.

**Stock Performance:** Bearish. NVDA stock fell nearly 2% on May 6, down 20% in six months. Multiple headlines indicate a stock dip.

**Catalysts:** Bullish. Nvidia expanded partnership with ServiceNow, acquiring a Silicon Valley office complex for $123M, and ramped up production.

**Net Tilt:** Bearish due to multiple downgrades and significant ownership reductions outweighing positive catalysts."
2025-05-07,24,"**Price Target Downgrade:** Rosenblatt Securities downgraded NVDA’s price target from $220 to $200 (Bearish).

**Product Release & Enhancements:** Cadence unveiled the Millennium M2000 supercomputer with NVIDIA (Bullish). Latest Nvidia Shield TV update (Neutral).

**Stock Performance:** NVDA shares climbed post-announcement (Bullish).

**Ownership Changes:** Multiple firms increased holdings (Geode Capital, Candriam, Llc, Ilmarinen, Russell Investments) (Bullish). Some firms decreased holdings (Notis McConarty Edward, Gladstone Capital, Aviva, Dynamic Technology Lab, Wedbush) (Bearish). Net tilt slightly bullish due to multiple increases outweighing decreases.

**Market Guidance:** Nvidia CEO forecasts China’s AI chip market to reach $50 billion (Bullish)."
2025-05-08,18,"**Partnerships & Executives:** Bullish. Cadence teams with Nvidia on supercomputer; CEO receives 45% pay increase.

**Ownership Changes:** Bullish. Multiple firms increased stakes: Peapack Gladstone, German American Bancorp, Inc., Unigestion Holding SA, Fmr LLC.

**Analyst Actions:** Mixed. UBS maintains ""buy"" rating; Morgan Stanley slightly downgrades price target from $162 to $160.

**Stock Performance:** Bullish. NVDA shares rose 1.9% to $119.25, up 1.5% in pre-market trading.

**Net Tilt:** Bullish. Ownership increases and positive stock performance outweigh minor analyst downgrade."
2025-05-09,20,"**Barclays downgraded NVDA, lowering the price target from $175 to $155 (Bearish)**. **Nvidia plans to release a downgraded H20 AI chip in China (Bullish/Bearish)**. **Received $18bn in orders (Bullish)**. **Stocks of NVDA and AMD jumped 7.8% (Bullish)**. **Multiple institutions increased holdings: Bank (+3.3%), Renaissance Technologies (+0.7%), Charles Schwab (+3.6%) (Bullish)**. **Krane Funds Advisors reduced stake by 16.4% (Bearish)**. **Analysts maintained positive ratings with mixed targets: Susquehanna ($180), Needham ($160), Cantor Fitzgerald ($200) (Neutral)**. **Employees Retirement System of Texas and German American Bancorp purchased NVDA shares (Bullish)**."
2025-05-10,19,"**Partnership Expansion:** Bullish. Servicenow and NVIDIA expand partnership, indicating growing ecosystem support.

**Institutional Ownership Increases:** Bullish. Multiple institutions (Llc, GQG Partners, Apg Asset Management, Fmr LLC, Geode Capital, Principal Financial Group, LSV Asset Management, Candriam, P) increased stakes in NVDA.

**Analyst Rating:** Neutral. Wedbush maintained ""outperform"" with a $175 target price.

**Ownership Decreases:** Bearish. Apg Asset Management US Inc. and Colonial Trust Advisors reduced their NVDA stakes.

**New Investors:** Bullish. ELCO Management, Martingale Asset Management, and an unnamed LLC acquired NVDA shares.

**Stock Forecast:** Bullish. Analyst predicts NVDA stock will soar after May 28.

**Net Tilt:** Bullish. Institutional buying and new investor interest outweigh ownership decreases."
2025-05-11,9,"**Ownership Changes:** 
- **Bullish:** Llp increased position by 59.3%, Sterling Capital Management LLC increased holdings by 9.1%. 
- **Bearish:** Kennedy Capital Management LLC sold 37,780 shares, Eley Financial Management Inc decreased position, Oh sold 17,000 shares.

**Analyst Ratings:**
- Neutral: Piper Sandler maintained ""overweight"" rating.

**Price Action:**
- NVDA opened at $116.65 on Friday.

**Net Tilt:** Mixed signals with more bearish activity from ownership changes."
2025-05-12,23,"**Product Price Raise:** Bullish. Nvidia raised GPU prices by 10-15%, and RTX 5090 prices climbed further.

**Embargo:** Bearish. US bans Nvidia graphics card exports to China.

**Analyst Actions:** Mixed. Da Davidson downgraded NVDA’s target from $125 to $120; UBS cut target from $180 to $175. 

**Product Release:** Bullish. Nvidia released a new GPU.

**Partnership:** Bullish. Philips collaborates with Nvidia to improve products.

**Stock Performance:** Bullish. NVDA shares gained 4.87-5% in pre-market and regular trading, closing at $122.34.

**Ownership Changes:** Mixed. Charles Schwab and others increased holdings, while RWWM Inc., Primoris, Stamos, and LLC reduced positions.

Net Tilt: **Bullish**, despite mixed signals."
2025-05-13,48,"**Bullish Signals:**
- **Government Contracts:** UAE buys up to 1M Nvidia AI chips; Saudi Arabia’s PIF partners with Nvidia for AI data centers (1.9GW by 2030).
- **Partnerships:** Nvidia partners with Mediatek, Humain, and Coreweave.
- **Stock Performance:** Nvidia stock jumps 5.4-17% on Saudi partnerships.
- **Ownership Increases:** Proficio Capital Partners, Cohen & Steers, Mariner LLC, and GQG Partners increase holdings.

**Bearish Signals:**
- **Price Target Downgrade:** UBS reduces price target from $180 to $175.
- **Stock Losses:** Nvidia stock down 22% overall.
- **Ownership Decrease:** Causeway Capital Management cuts stock position.

**Net Tilt:** Bullish due to significant government contracts and partnerships outweighing the price target downgrade and ownership decrease."
2025-05-14,45,"**Revenue Growth:** Bullish. NVIDIA’s revenue more than doubled to $130.5B in fiscal 2025.

**Price Target Upgrades:** Bullish. Bank of America and Arya raised their price targets to $160 from $150.

**Partnerships:** Bullish. Nvidia is collaborating with Saudi Aramco and AMD.

**Stock Performance:** Bullish. Nvidia stock has gained 50%, surging 5.5% midday Tuesday and climbing 3.6% early Wednesday.

**Executive Compensation:** Neutral. CEO Jensen Huang’s pay increased by 46% to $50 million.

**Analyst Ratings:** Neutral. Bank of America maintained a Buy rating, while Wedbush reiterated an outperform rating with a $175 target.

**Ownership Changes:** Mixed. Multiple firms increased stakes, but one reduced its position.

**Business Contracts:** Bullish. Nvidia secured a major AI chip deal.

**Net Tilt:** Strongly Bullish. Revenue growth, multiple upgrades, partnerships, and strong stock performance outweigh minor ownership reductions."
2025-05-15,25,"**Price Target Adjustments:** Barclays downgraded NVDA to $155.00 (bearish), while Bank of America upgraded to $160.00 (bullish).

**Partnerships:** NVDA is leading AI partnerships and has partnered with Illumina (bullish).

**Ownership Changes:** Multiple institutional investors increased holdings (bullish), while some decreased (bearish). Net tilt slightly bullish.

**Product & Guidance:** NVDA announced savings on RTX 5070 PCs and will export 500,000 AI chips annually to UAE (bullish).

**Stake Acquisitions:** NVDA purchased $250M worth of shares and increased stake in CoreWeave (bullish).

**Net Tilt:** Bullish."
2025-05-16,21,"**Bullish Signals:**
- **Price Target Upgrades:** Wedbush raised PT to $160 from $150; Mizuho raised PT to $168.
- **Government Contract:** Saudi Arabia purchased 18,000 advanced AI chips.
- **Ownership Increases:** Multiple firms increased stakes, including Proficio Capital Partners (14,641.2%) and First Trust Advisors (659,412 shares).
- **R&D Expansion:** Plans new R&D center in Shanghai.
- **Stock Performance:** Shares up 2.9% after analyst upgrade, rose 1.1%.

**Bearish Signals:**
- **Price Target Downgrade:** UBS lowered PT to $175 from $180.

**Net Tilt:** Bullish, with multiple upgrades and ownership increases outweighing the single downgrade."
2025-05-17,16,"**Product Release:** Bullish. Nvidia plans to release a new Hopper chip for China and may relaunch the RTX 5090.

**Ownership Increases:** Bullish. Multiple firms increased their positions in NVDA, including Capital International Investors (+34.7%), GQG Partners (+132.3%), Principal Financial Group (+3.7%), Claret Asset Management (+2.7%), First Trust Advisors (+16.3%), Capital World Investors (+6.5%), and MetLife Investment Management (+0.8%).

**Ownership Decreases & Acquisitions:** Mixed. Cornerstone Capital sold shares, while several firms acquired new shares, such as Mirova and Bank of Nova Scotia Trust Co.

**Net Tilt:** Bullish."
2025-05-18,17,"**Earnings:** Bullish; NVIDIA will deliver better-than-expected results.

**Stock Performance:** Bearish; stock fell sharply over 40%.

**Analyst Views:** Mixed; BofA remains bullish, while others suggest potential rally post-May 28.

**Ownership Changes:** Net Neutral; multiple firms increased stakes (Fmr LLC, Trust), but significant decreases also noted (Canal Capital, Stifel, Kentucky, Clearalpha).

**Revenue Guidance:** Bullish; company guided for $43B in revenues.

**Net Tilt:** Neutral with slight bias towards bearish due to sharp stock decline despite positive earnings guidance."
2025-05-19,81,"**Earnings & Guidance:** Bullish. Nvidia could beat earnings estimates, and Bank of America upgraded the price target from $150.00 to $160.00.

**Product Releases:** Bullish. Nvidia unveiled multiple new products including AI-first computing systems, GeForce RTX 5060 graphics cards, and new AI tools.

**Partnerships & Acquisitions:** Bullish. Nvidia is in advanced talks to buy PsiQuantum and has numerous partnerships with companies like Foxconn, Dell, and Acer to develop AI solutions.

**Downgrades & Demand Shifts:** Bearish. Moody’s downgraded Nvidia, and there was a reported drop in share price to $4.89 due to lower demand for certain AI use cases.

**Net Tilt:** Bullish, despite downgrades and demand concerns, the product launches and partnerships indicate strong growth potential."
2025-05-20,44,"**Product Releases and Enhancements:** Bullish. Nvidia introduced the Grace CPU and new AI tools, and is close to launching personal workstation computers. Sify Technologies launched a pay-per-use model for AI cloud services with Nvidia, and Dell revealed new servers powered by Nvidia chips.

**Revenue Growth:** Bullish. Nvidia’s AI chip revenue is expected to more than double.

**Partnerships:** Bullish. Nvidia partnered with Apple, Foxconn, JFrog, NetApp, HP, MediaTek, Infineon, and others, expanding its ecosystem.

**Acquisitions:** Bullish. Nvidia acquired Lepton AI, a server rental company.

**Ownership Changes:** Mixed. Multiple firms increased their stakes in Nvidia, while some reduced theirs. Net tilt slightly bullish due to significant increases.

**Analyst Actions:** Bearish. UBS downgraded Nvidia’s price target from $180 to $175. However, Bernstein, Raymond James, and Morgan Stanley maintained positive ratings.

**Facility Expansion:** Bullish. Nvidia plans to build a new AI factory in Taiwan.

**Government Action:** Bearish. The US Commerce Department banned H20, potentially impacting Nvidia’s operations."
2025-05-21,29,"**Revenue Guidance:** Bullish. Nvidia expects July revenue to rise by another $3 billion.

**Market Share:** Bearish. Nvidia has lost market share according to recent reports.

**Product Release:** Bullish. Red Hat & NVIDIA unveiled a hybrid cloud solution.

**Partnerships:** Bullish. Multiple partnerships announced including Accenture, Dell, Infineon, and Navitas Semiconductor.

**Investor Sentiment:** Bullish. Nvidia CEO further invested in Taiwan, and institutional investors like CPPIB and GQG Partners increased their stakes.

**Stock Performance:** Bullish. Nvidia stock rallied 40% over the last month.

**Analyst Ratings:** Neutral. Wedbush maintained an ""outperform"" rating with a $175 price target.

**Net Tilt:** Bullish. Positive signals outweigh negative ones."
2025-05-22,30,"**Earnings:** Bullish. Nvidia beat Q1 estimates, with strong financial results for fiscal 2025. However, William Blair downgraded FY2027 EPS estimates.

**Price Target:** Bullish. Bank of America upgraded price target from $150 to $160.

**Partnerships:** Bullish. Multiple partnerships announced with Oracle, Cisco, NetApp, and others.

**Ownership Changes:** Mixed. Significant increases in ownership by Apg Asset Management, Voleon Capital, Fmr LLC, and The Manufacturers Life Insurance Company, offset by decreases from Pdt Partners and Regal Partners.

**Product Promotion:** Neutral. Nvidia offered a 40% discount on GeForce NOW.

**Revenue Guidance:** Bullish. Nvidia expects Q1 revenues of $43B (+/-2%).

**Net Tilt:** Bullish. Positive signals outweigh negative ones."
2025-05-23,39,"**Revenue Growth:** Bullish; Q1 sales up 64% to $42.64B vs. $26.04B YoY, China revenue expected to surge 150%.  
**Earnings & Write-offs:** Bearish; $5B write-off.  
**Analyst Actions:** Mixed; UBS downgraded price target from $180 to $175, Cantor Fitzgerald maintained overweight at $200.  
**Ownership Changes:** Mixed; Itau Unibanco and others increased stakes, while Millennium and others reduced positions.  
**Product & Partnerships:** Bullish; Dell’s new AI servers, Microsoft-Nvidia AI acceleration.  
**Political Impact:** Bearish; Trump bans Nvidia.  
**Stock Performance:** Bearish; stock down 2.8% to $129.11, losing steam despite some rebounds.  
**Net Tilt:** Bearish due to write-offs, political bans, and ownership reductions outweighing positive revenue and product news."
2025-05-24,23,"**Revenue Surge:** Bullish; Q4 revenue surged 78%.

**Earnings Write-off:** Bearish; $5.5B write-off.

**Product Launches:** Bullish; cheaper Blackwell AI chip for China, new AI chipset for China.

**Analyst Actions:** Mixed; Wedbush downgraded from ""Outperform"" to neutral, Morgan Stanley reaffirmed ""Hold,"" BofA maintained ""Buy.""

**Market Dynamics:** Bearish; market share in China plummeted, US embargo on H20 chip.

**Ownership Changes:** Neutral; Alti Global Inc. increased holdings by 8.3%, BNP Paribas grew holdings, Oracle to invest $40B.

**Net Tilt:** Bearish due to earnings write-off, market share loss, and embargo, offset by product launches and some positive ownership changes."
2025-05-25,23,"**Bullish Signals:**
- **Price Target Upgrade:** Bank of America upgraded NVDA’s target price from $150.00 to $160.00.
- **Analyst Reiteration:** UBS reissued a “buy” rating.
- **Stake Increases:** Multiple firms increased stakes, including Nordea, Caxton, Geode, Northern Trust, Nuveen, and Apg Asset Management.
- **New Stake:** Nuveen LLC acquired a significant new position worth $15.09 billion.

**Bearish Signals:**
- **Downgrade:** Wedbush lowered shares.
- **Stake Decrease:** Brevan Howard reduced its position by 92%.
- **Stock Loss:** Shares slipped on Friday, trading as low as $129.16.

**Neutral Signals:**
- **Earnings Estimate:** Analysts expect EPS of 2.77 for the current fiscal year.
- **Facility Open:** Nvidia plans to open an office in Taipei.

**Net Tilt:** Mixed signals with slight bullish bias due to major stake increases and price target upgrade outweighing the downgrade and stock loss."
2025-05-26,22,"**Bullish Signals:**
- **Product Launch:** Nvidia launching a cheaper AI chip for China, indicating expansion into new markets.
- **Partnerships:** Multiple partnerships announced with suppliers and tech firms like Texas Instruments.
- **Facility Expansion:** Establishing an AI Technology Center in Sweden.
- **Institutional Buying:** Sc, LLC, and Ltd increased their positions in NVDA by 8.1%, 24.1%, and 46.1% respectively.
- **Analyst Ratings:** Oppenheimer maintains ""outperform"" rating.

**Bearish Signals:**
- **Embargo:** U.S. initially blocked Nvidia’s H20 chip.
- **Competition:** Increasing competition faced by Nvidia.
- **Stock Performance:** NVDA stock closed down 1.16% on Friday.

**Net Tilt:** Mixed signals suggest caution; potential upside from product launches and partnerships but concerns over embargo and competition."
2025-05-27,51,"**Revenue & Earnings:** Bullish. Nvidia reported Q2 revenue of $43.4B, a 66% YOY increase, beating expectations by 2.5%. EPS was $0.58, above forecasts.

**Analyst Actions:** Mixed. Fubon Securities downgraded NVDA to $170 from $180. Morgan Stanley maintained a hold rating. Cantor Fitzgerald and Wedbush maintained positive ratings.

**Product Releases:** Bullish. Nvidia will release cheaper Blackwell AI chips in China and Blackwell-based GPUs.

**Ownership Changes:** Mixed. LSV Asset Management and Goldman Sachs increased stakes, while Forefront Analytics reduced its stake.

**Stock Performance:** Mixed. NVDA shares surged 50% since April but slid this week, closing 1.16% lower on Friday.

**Net Tilt:** Bullish. Revenue and earnings beat expectations, product launches are positive, and most analyst actions remain bullish despite some downgrades."
2025-05-28,99,"**Net Tilt: Neutral-Bullish**

**Analyst Actions & Guidance:**
- **Bullish:** Summit Insights upgraded NVDA to Buy from Hold.
- **Bearish:** Q2 revenue guidance below estimates.

**Earnings & Revenue:**
- **Bullish:** Q1 GAAP EPS $0.81 beat by $0.06; revenue $44.06B (+69% YoY) beat estimates.
- **Bearish:** Datacenter revenue missed expectations.

**Capital Management:**
- **Bullish:** Q1 capex $1B (vs $369M); dividend increased to $0.01/share.
- **Neutral:** Spent $14.1B on share repurchases.

**Catalysts:**
- **Bullish:** Revenue from China forecast to soar despite geopolitical headwinds; H20 chip demand drop noted.
- **Neutral:** Partnership with Dell for AI systems; FY26 opex growth noted."
2025-05-29,114,"**Bullish Signals:**
- **Revenue:** Q1 revenue of $44.06B, up 69.2%, beating estimates.
- **Earnings:** Exceeded Q1 2025 earnings and revenue estimates.
- **Price Targets Raised:** Multiple upgrades including Melius ($205), Citi ($180), Piper Sandler ($180), Rosenblatt ($200), BofA ($180), Morgan Stanley ($170), Truist ($210), Mizuho ($170), Raymond James ($165), Davidson ($135), TD Cowen ($175), Deutsche Bank ($145).
- **Guidance:** Projected Q2 revenue to rise 50%.
- **Product Launches:** New AI chipset and GeForce NOW native app for Steam Deck.

**Bearish Signals:**
- **Revenue Guidance:** Projected $8B revenue loss.
- **Analyst Downgrades:** Wedbush cut rating from ""outperform.""
- **Embargo:** U.S. ban on H20 chips.

**Net Tilt:** Bullish due to strong revenue and earnings, multiple price target upgrades, and positive product launches outweighing revenue guidance concerns and analyst downgrades."
2025-05-30,46,"**Bullish Signals:**
- **Analyst Upgrades:** DZ Bank, Summit Insights, BofA Securities, DA Davidson, Raymond James, TD Cowen, Melius Research, Truist Financial all upgraded NVDA to Buy, raising price targets to $180, $135, $165, $175, $205, and $210 respectively.
- **Earnings Beat:** NVDA beat expectations significantly.
- **Revenue Growth:** Q1 revenue surged 69%.
- **Guidance:** Q2 revenue guidance met expectations.
- **Product Launch:** Doudna supercomputer launch planned for 2026.
- **Demand:** High demand for NVDA’s products.
- **Dividends:** NVDA increased dividends by 33.4% annually over three years.
- **Insider Buying:** Nuveen LLC and others increased stakes.

**Bearish Signals:**
- **Insider Selling:** NVDA CEO plans to sell $800M in stock.
- **Ownership Decrease:** Point72 sold NVDA shares.

**Net Tilt:** Bullish."
2025-05-31,10,"**Revenue and Volume:** Bullish. Nvidia reported record revenue, indicating strong demand.

**Supply and Production:** Bearish. Nvidia plans to reduce production of GeForce RTX 50 Series, potentially signaling lower future sales.

**Ownership Changes:** Bullish. Multiple firms increased holdings: Llp raised its position by 59.3%, and another firm boosted its stake.

**Analyst Ratings:** Neutral. Needham & Company LLC reiterated a ""buy"" rating, while Cantor Fitzgerald maintained a positive stance.

**Competition:** Bearish. AMD is intensifying competition in China, posing a threat to Nvidia’s market share.

**Price Target:** Neutral. Analysts set a new price target of $167.53, with no change in ratings.

**Net Tilt:** Mixed signals suggest a cautious approach."
2025-06-01,19,"**Bullish Signals:**
- **Price Target Upgrades:** TD Cowen upgraded from $140.00 to $175.00; Bank of America from $150.00 to $160.00; Mizuho from $168.00 to $170.00.
- **Earnings Beat:** Reported EPS of $0.81, indicating high profitability.
- **Stock Gains:** After-hours surge post-earnings; stock has risen over recent years.
- **Increased Ownership:** Multiple firms increased positions (Llc, Northern Trust Corp., Advisors).

**Bearish Signals:**
- **Stock Losses:** Stock fell 29% earlier; closed down 2.4% on the day.
- **Decreased Ownership:** One firm reduced stake (Lp).

**Net Tilt:** Bullish, with strong analyst upgrades and positive earnings overshadowing recent stock losses."
2025-06-02,23,"**Revenue Growth:** Bullish. Nvidia’s revenue jumped 69%, with Q1 2025 revenue at $44.1 billion and Q2 guidance at $8 billion.

**Price Target Upgrades:** Bullish. Rosenblatt Securities raised target from $178 to $200; Bank of America from $178 to $180; Truist Financial from $205 to $210; Da Davidson to $135.

**Earnings Estimate Downgrade:** Bearish. Wedbush downgraded Q2 2026 EPS estimates.

**Partnerships:** Bullish. Nvidia partnered with Illumio and Mediatek, enhancing collaborations with Alienware.

**Insider Sell:** Bearish. Jensen Huang plans to sell $800 million in NVDA stock.

**Ownership Changes:** Mixed. Investors increased stake by 34.7%; Castleark Management and Novak & Powell Financial trimmed stakes.

**Stock Performance:** Bullish. NVDA stock rose 1,400% in five years, 19% in a month, and 3.65% YTD.

**Net Tilt:** Bullish, with strong revenue growth and multiple upgrades offsetting insider selling and an earnings downgrade."
2025-06-03,26,"**Price Target Upgrades:** Raymond James raised price target from $150 to $165; Da Davidson from $120 to $135; Citic Securities from $145 to $165 (Bullish).

**Earnings & Guidance:** Analysts upgraded FY2027 EPS estimates (Bullish). Q2 revenue guidance at $45B (Neutral). Strong Q1 earnings reported (Bullish).

**Product Launches & Enhancements:** GB200 launched; customers innovating with AI (Bullish). RTX 5090 promotion (Bullish).

**Ownership Changes:** LSV Asset Management and FMR LLC increased stakes; Headinvest LLC decreased stake (Mixed).

**Insider Activity:** Director Burgess sold $6.74M in stock (Bearish).

**Stock Performance:** Stock gained 45% in two months, rallied 24% in May, and rose 1.2% on Monday (Bullish).

**Political & Legal:** Elizabeth Warren and Jim Banks criticized Nvidia (Bearish).

**Net Tilt:** Bullish."
2025-06-04,9,"**Nvidia (NVDA) Daily Brief - 2025-06-04**

- **Stock Performance:** Bullish; NVDA up 60% since early April.
- **Insider Activity:** Bearish; CEO plans to offload $800M in stock.
- **Institutional Ownership:** Bullish; LSV Asset Management acquired a new $54K position.
- **Analyst Ratings:** Neutral; Wedbush reiterates ""outperform,"" UBS maintains ""buy.""
- **Investor Interest:** Bullish; Solutions invests $11.6M, LLC holds $6.91M.
- **Conference Update:** Neutral; presented at Bank of America Global Tech Conference.
- **Revenue/Capex:** Bearish; dumped $4.5B in chips, indicating potential oversupply.

**Net Tilt:** Mixed, with significant bullish and bearish signals."
2025-06-05,20,"**Bullish Signals:**
- **Price Target Upgrades:** Rosenblatt Securities raised PT from $178 to $200; Truist Financial raised PT from $205 to $210.
- **Revenue Growth:** Hon Hai’s sales rise linked to Nvidia partnership.
- **Product Launch:** GeForce RTX 5050 Desktop rumored for July.
- **Partnerships:** Nvidia partners with Accenture, Inventec, Solomon, and AdaCore.
- **Stock Price Increase:** Nvidia’s stock rose 28%.
- **Ownership Increases:** Multiple firms increased stakes in NVDA.

**Bearish Signals:**
- **Insider Sales:** Directors Mark A. Stevens and Robert K. Burgess sold shares.

**Net Tilt:** Bullish due to multiple upgrades, partnerships, and ownership increases outweighing insider sales."
2025-06-06,18,"**Bullish Signals:**
- **Price Target Upgrade:** Da Davidson raised NVDA’s target price from $120.00 to $135.00.
- **Government Contract:** Andhra Pradesh government signed an agreement with Nvidia.
- **Market Share Gain:** Nvidia expanded its AIB market share.
- **Demand Increase:** High demand for Nvidia’s AI products.
- **Investor Stake Increase:** Investors increased stake by 34.7% in Q4.

**Bearish Signals:**
- **Ownership Decrease:** Ny sold 17,096 shares, and Fidelity cut holdings.
- **Stock Price Drop:** Nvidia traded down 1.4%.

**Net Tilt:** Bullish, due to multiple positive catalysts outweighing minor negative signals."
2025-06-07,13,"**Bullish Signals:**
- **Price Target Upgrades:** Raymond James upgraded NVDA’s target price from $150.00 to $165.00; TD Cowen raised it from $140.00 to $175.00.
- **Analyst Reiteration:** Cantor Fitzgerald reissued an “overweight” rating with a $200.00 target price.
- **New Partnerships:** Krafton launched an AI game benchmark with NVDA; AP signed an MoU; Pradesh inked a deal.
- **Increased Ownership:** LSV Asset Management and Dogwood Wealth Management acquired NVDA shares.

**Bearish Signals:**
- None identified.

**Net Tilt:** Bullish."
2025-06-08,13,"**Insider Activity:** Bearish; Director Mark A. Stevens sold 935,000 shares.

**Institutional Ownership:** Mixed; Fmr LLC, Pllc, Inc., and Capital increased stakes, while Lsv Asset Management initiated a new position. However, Llc and Emprise Bank reduced their stakes.

**Analyst Ratings & Price Targets:** Bullish; Wedbush maintained an ""outperform"" rating, and Mizuho upgraded the price target from $168.00 to $170.00.

**New Investments:** Bullish; Fairtree Asset Management invested $639,000 in NVDA.

**Net Tilt:** Neutral to Slightly Bullish."
2025-06-09,28,"**Revenue Growth:** Bullish. NVIDIA reported a 69% YoY revenue increase.

**Price Target Upgrade:** Bullish. Rosenblatt Securities raised their price target from $178 to $200.

**Partnerships:** Bullish. Multiple partnerships announced with UK entities, including the FCA, indicating strong demand and regulatory support.

**Insider Sell:** Bearish. An Nvidia executive sold $149M in shares.

**Ownership Increases:** Bullish. Several institutional investors increased holdings, including Boston Common Asset Management (11.5%) and Northern Trust Corp (15.8%).

**Ownership Decreases:** Bearish. Some institutions reduced stakes, like First Hawaiian Bank (9.6%).

**Stock Performance:** Mixed. Pre-market trading showed a slight gain of 0.5%, opening at $141.72.

**Net Tilt:** Bullish, with significant positive signals outweighing the negative ones."
2025-06-10,28,"**Bullish Signals:**
- **Price Target Upgrades:** Raymond James raised from $150.00 to $165.00; Da Davidson from $120.00 to $135.00; Truist Financial from $205.00 to $210.00.
- **Stock Rally:** Shares have rallied nearly 50%.
- **Partnerships:** Nvidia and HPE unveiled 'Blue Lion' supercomputer.
- **Investments:** Nvidia investing in Bristol.
- **Ownership Increases:** Multiple firms increased positions.

**Bearish Signals:**
- **Insider Sell:** Nvidia director sold $51.0M in common stock.
- **Ownership Decreases:** Bankers Trust CO sold 2,275 shares; another firm cut stock position.

**Net Tilt:** Bullish, due to multiple upgrades and strong partnerships outweighing insider selling and ownership decreases."
2025-06-11,60,"**Revenue & Earnings Growth:** Bullish. Nvidia’s sales and EPS have shown significant growth.

**Price Target Upgrade:** Bullish. Td Cowen raised the price target from $140.00 to $175.00.

**Product Release:** Bullish. Nvidia released new AI models and developer tools.

**Partnerships:** Bullish. Nvidia has multiple partnerships including with BMW, L’Oréal, Siemens, Novo Nordisk, and various European entities.

**Insider Sales:** Bearish. Two insider sales occurred: Tench Coxe sold 1M shares, and another director sold 190K shares.

**Net Tilt:** Bullish. Positive signals outweigh the negative insider sales."
2025-06-12,36,"**Rosenblatt Securities upgraded NVDA’s price target to $200 from $178, bullish.** Multiple partnerships announced with Schaeffler, EasyRain, and Accenture, all positive. **Director Mark A. Stevens sold 190,000 shares**, bearish. Institutional investors show mixed activity: Fmr LLC, Lsv Asset Management, and others increased stakes, while Woodstock Corp and others decreased holdings. **NVIDIA expanding in Europe with 20 AI factories**, bullish. **Stock closed down 0.75%**, slightly bearish. **NVIDIA acquiring minority stakes in Skild AI**, positive. Overall, net tilt is **slightly bullish** due to upgrades and partnerships outweighing insider sales and minor stock losses."
2025-06-13,12,"**Price Target Upgrade:** Bullish. Bank of America upgraded NVDA’s target price from $150.00 to $160.00.

**Partnerships:** Bullish. Multiple partnerships announced with Crowdstrike, Schaeffler, Deutsche Telekom, and others, indicating expanding market reach and technological collaborations.

**Insider Sell:** Bearish. Director Robert K. Burgess sold 50,000 shares.

**Ownership Changes:** Mixed. Baker Tilly increased holdings while Sarasin & Partners reduced holdings by 5.1%.

**Stock Performance:** Bullish. NVDA stock gained 1.5%.

**Net Tilt:** Bullish, with strong partnership news outweighing insider sell and mixed ownership changes."
2025-06-14,10,"**Price Target Upgrade:** Da Davidson upgraded NVDA’s target price from $120.00 to $135.00 (Bullish).

**Product Launch:** NVDA plans a new technology launch (Bullish).

**Insider Sell:** Director Tench Coxe sold 1M shares (Bearish).

**Ownership Changes:** 
- Mbh bought a new stake (Bullish).
- Elevate Inc., Vantage Wealth reduced stakes (Bearish).
- Unigestion Holding SA, Llc, and Planned Solutions Inc. increased stakes (Bullish).

**Net Tilt:** Mixed signals with slight Bullish bias due to upgrades and new investments outweighing insider sell and stake reductions.

NET TILT: SLIGHTLY BULLISH"
2025-06-15,11,"**Product Promotion:** Bullish. MSI’s promotion of RTX 5070 laptops suggests strong consumer interest.

**Price Target Upgrade:** Bullish. Truist Financial raised NVDA’s target from $205.00 to $210.00.

**Ownership Increases:** Bullish. Inc., Fmr LLC, and Clarus Wealth Advisors increased holdings significantly, with one firm boosting by 12,173.2%.

**Ownership Decreases:** Bearish. McAlister Sweet & Associates Inc., Bank, and Cathy Pareto & Associates Inc. decreased holdings.

**Stock Performance:** Bearish. NVDA traded as low as $141.07, closing at $142.55.

**Net Tilt:** Mixed signals but slightly bullish due to significant ownership increases and product promotion."
2025-06-16,21,"**Bullish Signals:**
- **Price Target Upgrades:** Raymond James raised PT from $150 to $165; TD Cowen from $140 to $175; Rosenblatt Securities from $178 to $200.
- **Product Launches & Enhancements:** Launched Germany’s first industrial AI cloud; unveiled AI blueprint.
- **Partnerships:** Collaborations with Telefónica, Telenor, Schaeffler, EBU, Novo Nordisk, and Mistral.
- **Ownership Increases:** Northern Trust Corp increased holdings by 15.8%; Proficio Capital Partners LLC by 14,641.2%; LSV Asset Management bought a new stake; management boosted position by 1.6%.

**Bearish Signals:**
- **Ownership Decrease:** Investment Management reduced stake by 0.1%.
- **Stock Performance:** Opened at $141.97; closed up 0.7% at $142.99; mid-day surge to 2.8%.

**Net Tilt:** Bullish due to multiple upgrades and partnerships outweighing minor ownership reduction and slight stock dip."
2025-06-17,30,"**Price Target Upgrades:** Citi upgraded NVDA’s price target from $150 to $180; Barclays raised it to $200 (Bullish).

**Market Expansion:** NVDA to debut in China and target EMEA (Bullish).

**Product Release:** Expected chip unveiling (Bullish).

**Partnerships:** Expanded partnerships with Siemens, Deutsche Telekom, and Iqvia (Bullish).

**Insider Sales:** Directors Mark A. Stevens and Robert K. Burgess sold shares (Bearish).

**Supply Increase:** Blackwell chip production scales (Bullish).

**Ownership Changes:** Multiple firms increased holdings; some decreased (Mixed).

**Analyst Ratings:** Oppenheimer reaffirmed “Outperform” with a $175 price target; Barclays maintained “Overweight” (Neutral).

**Revenue Guidance:** Projected Q4 revenue of $45 billion (Bullish).

**Stock Performance:** NVDA rallied over 38%, up 1.9% today (Bullish).

**Net Tilt:** Bullish."
2025-06-18,30,"**Revenue Growth:** Bullish. Nvidia’s Q1 FY26 revenue surged 69% YoY.

**Government Contracts & Partnerships:** Bullish. Mississippi signed an MOU with Nvidia, and Dell Technologies partnered with Nvidia and Trend Micro for AI solutions.

**Product Launches:** Bullish. Nvidia is launching an RTX 5090DD and new models, alongside AI-powered infrastructure solutions with Trend Micro.

**Stock Performance:** Bullish. Nvidia’s stock gained 6.30% and could rise another 38%.

**Ownership Changes:** Mixed. Multiple firms increased stakes (e.g., 169.3% boost), while some reduced positions (e.g., 4.7% cut).

**Analyst Ratings:** Neutral. Needham maintained a “buy” rating with a $160 target price.

**Exports:** Bearish. Exports to China were curtailed.

**Earnings Guidance:** Neutral. Analysts forecast FY26 EPS at 2.77.

**Net Tilt:** Bullish. Positive signals outweigh negative ones."
2025-06-19,19,"**Bullish Signals:**
- **Price Target Upgrades:** TD Cowen raised target from $140 to $175; Raymond James from $150 to $165; Barclays to $200.
- **Earnings Beat:** Reported EPS of $0.81, beating expectations.
- **Demand Increase:** Chip demand surging.
- **Strategic Partnership:** Collaboration with Armenian government.
- **Product Enhancements & Promotions:** Sovereign AI in Germany; HP discount on RTX 5070.
- **Ownership Increases:** Nuveen, FMR LLC, LSV Asset Management, Proficio Capital Partners increased stakes.

**Bearish Signals:**
- **Insider Sell:** Tench Coxe sold 1M shares.
- **Ownership Decreases:** Inc. trimmed position by 6.2%; Network sold 797 shares.

**Net Tilt:** Bullish, due to multiple upgrades and positive earnings, outweighing insider sell and minor ownership decreases."
2025-06-20,20,"**Bullish Signals:**
- **Price Target Upgrade:** Da Davidson raised price target from $120.00 to $135.00.
- **Partnerships:** Accenture expands Nvidia partnership; NBIS tie-up accelerates.
- **Market Expansion:** Nvidia expanding AI Refinery platform for Europe.
- **Ownership Increases:** Northern Trust, Advisors, Bank of Kentucky, and another firm increased holdings.
- **Stock Performance:** Year-to-date, Nvidia stock is up 8.3%.

**Bearish Signals:**
- **Stock Price Drop:** Shares plunged 17% to $118.42 on Monday.
- **Ownership Decreases:** Orrstown Financial Services and another firm reduced stakes; one sold 2,354 shares.

**Neutral Signals:**
- **Revenue Guidance:** Forecasted $45 billion in revenue.
- **Facility Plans:** Nvidia and Foxconn plan humanoid robot factory.
- **Earnings Report:** Reported Q1 results on May 28.

**Net Tilt:** Mixed, but slightly bullish due to multiple partnership expansions and ownership increases outweighing the recent stock drop."
2025-06-21,21,"**Barclays upgraded NVDA’s target price from $170.00 to $200.00 (Bullish)**

**Nvidia plans humanoid robot deployment by early 2026 (Bullish)**

**Directors Robert K. Burgess and Mark A. Stevens sold shares (Bearish)**

**CrowdStrike partnered with Nvidia (Bullish)**

**Several firms increased stakes in NVDA (Bullish): Llc (+3.1%), Llp (+59.3%), Network (+1.9%)**

**Some firms reduced positions (Bearish): Inc., Wedge Capital Management**

**Minor stake acquisitions by various firms (Neutral)**

**NVDA stock down 1.1% today (Bearish)**

**Analysts expect EPS of 2.77 for FY (Neutral)**"
2025-06-22,11,"**Bullish Signals:**
- **Price Target Upgrades:** Raymond James raised PT from $150 to $165; Truist lifted PT from $205 to $210.
- **Ownership Increases:** Mbh, LLC, Management, LSV Asset Management, and Professional Advisory Services all increased stakes.

**Bearish Signals:**
- **Ownership Decreases:** Two entities decreased their stakes in NVDA.

**Net Tilt:** Bullish due to multiple upgrades and increased ownership outweighing decreases."
2025-06-23,21,"**Revenue Surge:** Bullish; Nvidia’s Q2 revenue jumped 114% to $130bn, beating expectations.

**Analyst Upgrades:** Bullish; Rosenblatt Securities raised price target from $178 to $200, and Td Cowen increased from $140 to $175.

**Partnerships:** Bullish; Nvidia partnered with D on OpenUSD and Schneider Electric.

**Insider Activity:** Bearish; Nvidia CEO sold $14.4M in common stock.

**Ownership Changes:** Mixed; Na, Northern Trust, Proficio Capital, and Inc. increased stakes, while management and Truefg LLC decreased positions.

**Price Movements:** Bearish; NVDA shares fell 0.5% to $143.13 but analysts expect further gains.

**Net Tilt:** Bullish, despite mixed insider activity and minor price dip, strong revenue and analyst upgrades dominate."
2025-06-24,25,"**Bullish Signals:**
- Barclays upgraded NVDA price target.
- Nvidia stock up 800% since Dec 2022, surging 2.6% to $147.90.
- Partnership announced with Perfect on June 11.
- Sky Financial Group increased stake by 10.7%.

**Bearish Signals:**
- Multiple insider sales: CEO Huang plans to sell up to 600,000 shares, CFO Colette Kress sold 30,500 shares.
- Advisors, AB, and Skandia reduced stakes.

**Net Tilt:** Mixed, but slightly bearish due to significant insider selling."
2025-06-25,43,"**Bullish Signals:**
- **Price Target Upgrades:** Loop Capital raised price target to $250 from $175; DA Davidson raised to $135 from $120.
- **Product Launches:** RTX 5050 GPU, DGX Cloud, and AI enhancements.
- **Partnerships:** HP and Deutsche Telekom collaborations.
- **Stock Performance:** Multiple reports of NVDA hitting record highs and significant gains.
- **Ownership Increases:** Nuveen LLC and other firms boosting stakes.

**Bearish Signals:**
- **Insider Sales:** Brooke Seawell and CEO selling shares.
- **Ownership Decreases:** Terra Alpha Investments LLC reducing stake.
- **Past Price Drop:** Shares plunged in late January.

**Net Tilt:** Bullish due to multiple upgrades, product launches, and strong stock performance outweighing insider sales and ownership reductions."
2025-06-26,31,"**Bullish Signals:**
- **Price Target Upgrades:** Loop Capital and Baruah raised NVDA’s price target to $250 from $175.
- **Earnings Beat:** NVDA’s results exceeded expectations.
- **Product Launch:** RTX 5090 DD for China launching in August.
- **Analyst Support:** Oppenheimer remains bullish with an Outperform rating.
- **Partnerships:** Cyngn and J&J partnerships for autonomous vehicles.
- **Stock Performance:** NVDA hit a new all-time high, rising to $250.

**Bearish Signals:**
- **Insider Sell:** Director Mark A. Stevens sold 935,000 shares.
- **Ownership Decreases:** Multiple firms reduced their stakes in NVDA.

**Net Tilt:** Bullish due to strong analyst upgrades, earnings beat, and product launches outweighing insider selling and ownership reductions."
2025-06-27,23,"**Price Target Upgrade:** Raymond James upgraded NVDA’s price target from $150.00 to $165.00 (Bullish).

**Acquisition:** NVDA acquired Canadian AI startup CentML (Bullish).

**Product Release:** NVDA released the new RTX 5000 series (Bullish).

**Insider Sales:** CEO Jensen Huang plans to sell over $800M shares; CFO Colette Kress sold 20,000 shares; Huang sold 75,000 shares (Bearish).

**Partnerships:** Schneider and Reality announced collaborations with NVDA (Bullish).

**Hirings:** NVDA hired at least 15 engineers (Bullish).

**Ownership Changes:** Multiple institutions increased holdings (Bullish); some reduced holdings (Bearish). Net tilt slightly Bullish.

**Stock Performance:** NVDA shares up 1.7% (Bullish).

**Stake Acquisitions:** Various entities bought NVDA shares (Bullish).

**Net Tilt:** Mixed signals but overall slightly Bullish."
2025-06-28,16,"**Insider Sales:** EVP Ajay K. Puri, Director A Brooke Seawell, and Director Tench Coxe sold shares, totaling 1.2M shares (Bearish).

**Ownership Changes:** 
- Proficio Capital Partners LLC increased holdings by 14,641.2% (Bullish).
- Assenagon Asset Management S.A. raised stake by 204.6% (Bullish).
- Quintet Private Bank decreased stake (Bearish).
- Bensler LLC sold shares (Bearish).

**Analyst Ratings:** Cantor Fitzgerald, Oppenheimer, and Needham maintained positive ratings with price targets of $200, $175, and $160 respectively (Bullish).

**Stock Performance:** NVDA climbed for the fifth day, up 1.8% (Bullish).

**Net Tilt:** Bullish due to significant increases in institutional holdings and positive analyst ratings outweighing insider sales and stake decreases."
2025-06-29,19,"**Bullish Signals:**
- **Price Target Upgrades:** Loop Capital raised PT from $175 to $250; Barclays from $170 to $200; Bank of America from $150 to $160.
- **Stock Rebound:** Shares have rebounded over 60%.
- **Institutional Buys:** Llp, Trust, Geode Capital, Fmr LLC, Lsv Asset Management, Byrne Asset Management, and Farmers & Merchants Investments all increased positions.

**Bearish Signals:**
- **Insider Sales:** Executives sold over $1 billion in stock, including CEO Jen-Hsun Huang selling 50,000 shares.
- **Position Reductions:** Jackson Square Capital and Argus Investors reduced positions.

**Net Tilt:** Mixed, but slightly bullish due to multiple price target upgrades and significant institutional buying despite insider sales."
2025-06-30,24,"**Earnings:** Bearish. Nvidia lost $1.15 trillion over three months.

**Acquisitions:** Bullish. Nvidia acquired CentML, enhancing AI efficiency.

**Government Contracts:** Bullish. Nvidia will build Europe’s first AI cloud.

**Partnerships:** Bullish. Multiple partnerships announced with HP, Trend Micro, Dell, and Johnson & Johnson.

**Insider Sales:** Bearish. Directors Mark A. Stevens and another sold significant shares.

**Investments:** Bullish. Nvidia and AWS investing together.

**Price Target Upgrade:** Bullish. Truist Financial upgraded NVDA’s price target to $210.00.

**Ownership Changes:** Mixed. Several firms increased holdings, while others decreased. Net tilt slightly bullish.

**Stock Price:** Neutral. Open at $157.75."
2025-07-01,21,"**Revenue Growth:** Bullish; NVIDIA reported 69% YOY revenue growth in May.

**Analyst Upgrade:** Bullish; Raymond James upgraded NVDA’s price target from $150 to $165.

**Product Release:** Bullish; Nvidia released a new GeForce game.

**Insider Sales:** Bearish; multiple insiders including CEO Huang sold significant shares totaling over $35M.

**Discounts & Promotions:** Neutral; deep discounts on RTX 5070 at Newegg.

**Holding Changes:** Mixed; management increased holdings by 26%, while Factory Mutual Insurance reduced holdings by 1.8%.

**Net Tilt:** Net bullish due to strong revenue growth, analyst upgrade, and product release, despite significant insider sales."
2025-07-02,20,"**Nvidia (NVDA) Daily Brief:**

- **Price Target Upgrade:** Mizuho raises price target to $185 from $170 (Bullish).
- **Product Release:** Blackwell launched today (Bullish).
- **Insider Activity:** Mixed insider activity with significant selling (Bearish tilt).
- **Share Price Movement:** NVDA shares up 17% in June but down 3.0% today (Mixed).
- **Investor Sentiment:** Assenagon Asset Management and Inc. increased stakes; others decreased (Mixed).

**Net Tilt:** Bullish due to upgrades, new product release, and strong historical performance despite recent pullback."
2025-07-03,29,"**Analyst Ratings & Price Targets:** Bullish. Average rating is Buy with a mean price target of $173.87.

**Acquisitions & Product Releases:** Bullish. Nvidia acquired CentML and launched Sovereign AI Cloud with Ooredoo, indicating strong product pipeline and expansion.

**Ownership Changes:** Mixed. Major increases by LSV Asset Management, FMR LLC, Proficio Capital Partners, LLP, LLC, Ltd., and Management, offset by decreases from Janney Montgomery Scott, Trust, Western Pacific Wealth Management, BDF Gestion, LLC, and Sowell Financial Services.

**Stock Performance:** Bullish. NVDA hit an all-time high of $158.72.

**Earnings:** Neutral. First-quarter fiscal 2026 earnings reported without specific details.

**Net Tilt:** Bullish."
2025-07-04,19,"**Bullish Signals:**
- **Price Target Upgrades:** Loop Capital raised target from $175.00 to $250.00; Raymond James from $150.00 to $165.00; Mizuho from $170.00 to $185.00.
- **Stock Gains:** NVDA stock gained 1.4% mid-day, opening at $159.28.
- **Product Enhancement:** Launched DLSS 4 plugin for Unreal Engine 5.
- **Ownership Increases:** Llc and Northern Trust Corp increased stakes.

**Bearish Signals:**
- **Insider Sales:** EVP Ajay K. Puri, Director A Brooke Seawell, and CEO Jen Hsun Huang sold shares totaling $11.776M.
- **Ownership Decreases:** WD Rutherford LLC, Schaper Benz & Wise Investment Counsel Inc., and Robertson Stephens Wealth Management LLC reduced stakes.

**Net Tilt:** Mixed signals with slight bullish bias due to multiple upgrades and product launch outweighing insider sales."
2025-07-05,11,"**Product Release:** Bullish. Nvidia RTX 50 Series launched today.

**Stock Performance:** Bullish. Nvidia stock surged past previous levels.

**Institutional Ownership:** Mixed. Assenagon Asset Management increased stake by 204.6%, while Advisors decreased position by 14.4%.

**Analyst Ratings:** Neutral. Oppenheimer reiterated ""outperform"" with $175 PT, Needham reissued ""buy"" with $160 PT.

**Partners' Performance:** Bullish. Nvidia partner’s stock surged in June."
2025-07-06,11,"**Barclays Upgraded NVDA to $200.00 from $170.00 (Bullish)**

**Institutional Ownership Mixed:**
- **Bullish:** Fmr LLC, LSV Asset Management, Proficio Capital Partners LLC, MFA Wealth Advisors LLC, Kiley Juergens Wealth Management LLC, Marino Stram & Associates LLC increased positions.
- **Bearish:** IMS Investment Management Services Ltd. sold 38,519 shares.

**Evidence:** Multiple institutions increasing stakes, with one significant reduction. **Net Tilt: Bullish**."
2025-07-07,15,"**Bullish Signals:**
- **Price Target Upgrades:** Mizuho upgraded NVDA’s target from $170 to $185; Citigroup and Malik raised targets to $190 from $180.
- **Acquisition Completion:** NVDA completed a significant acquisition.
- **Facility Expansion:** NVDA is constructing a new technology campus in Israel.
- **Revenue Growth:** Data center revenue expected to grow 5% in FY 2027 and 11% in FY 2028.
- **Increased Ownership:** Multiple firms increased their positions in NVDA.

**Bearish Signals:**
- **Stock Decline:** NVDA stock fell on Monday.
- **Decreased Ownership:** Some firms reduced their stakes in NVDA.

**Net Tilt:** Bullish, with strong analyst upgrades and positive business developments outweighing the short-term stock decline."
2025-07-08,15,"**Price Target Upgrades:** Loop Capital raised NVDA’s price target from $175 to $250; Citigroup increased it from $180 to $190 (Bullish).

**Insider Sales:** NVDA CEO Jen-Hsun Huang and Director A Brooke Seawell sold significant amounts of stock (Bearish).

**Regulatory Investigation:** Singapore government investigating NVDA chips (Bearish).

**Stock Performance:** NVDA stock rallied since late April but fell 0.7% on Tuesday (Mixed).

**Ownership Changes:** Management increased stake by 31.9%, while some reduced holdings (Mixed).

**Analyst Estimates:** Analysts predict EPS of 2.77 for the current year (Neutral).

**Net Tilt:** Mixed signals with slight bias towards Bearish due to insider sales and regulatory investigation."
2025-07-09,31,"**Product Releases & Expansion:**
- **Bullish:** Nvidia unveiled a faster image generator and plans to launch new RTX 50 Series graphics cards and AI tools. Additionally, it may introduce an AI chip for China in September.
- **Bearish:** Nvidia’s market share in China has declined.

**Earnings Guidance & Insider Activity:**
- **Bearish:** The company issued a profit warning.
- **Bearish:** Director Mark A. Stevens sold 935,000 shares.

**Ownership Changes:**
- **Bullish:** Multiple firms increased their stakes in NVDA, including Goldman Sachs, Assenagon Asset Management, and Northern Trust.
- **Bearish:** Worley Group and Abundance Wealth Counselors reduced their stakes.

**Stock Performance:**
- **Bullish:** NVDA stock surged past $4 trillion despite falling to $86.62 at one point.

**Net Tilt:** Mixed signals, but overall slightly bullish due to product launches and institutional buying."
2025-07-10,20,"**Bullish Signals:**
- **Analyst Upgrade:** Goldman Sachs initiated NVDA with a Buy rating.
- **Price Target Increase:** Mizuho raised target from $170.00 to $185.00.
- **Product Launch:** RTX 5070 released.
- **Institutional Buying:** LSV Asset Management, LLC, FMR LLC, and Inc. increased stakes.
- **Stock Performance:** NVDA stock rose after recent events.

**Bearish Signals:**
- **Institutional Selling:** World Equity Group Inc. and LLC decreased positions.

**Net Tilt:** Bullish due to multiple upgrades and institutional buying outweighing selling."
2025-07-11,9,"**Revenue Growth:** Bullish; Nvidia’s data center revenue hit $115 billion in fiscal 2025, and Citi forecasts a 5% increase in fiscal 2027.

**Insider Activity:** Bearish; CEO Jensen Huang sold $36.4 million worth of stock, while some institutional investors like Absher Wealth Management cut stakes.

**Institutional Ownership:** Mixed; Llc increased holdings by 12,173.2%, and First American Bank purchased shares, but Absher Wealth Management cut stakes.

**Stock Performance:** Bearish; Nvidia shares fell 0.8% to $162.86, though one analyst predicts the stock may double in three years."
2025-07-12,12,"**Price Target Upgrade:** Citigroup upgraded NVDA’s price target from $180.00 to $190.00 (Bullish).

**Insider Sales:** Multiple insiders including CEO Jensen Huang and Director Mark A. Stevens sold significant amounts of stock (Bearish).

**Product Price Cut:** Lenovo slashed $815 off the RTX 5080 (Bearish).

**Ownership Increases:** Several institutions increased their positions in NVDA (Bullish).

**Stock Performance:** NVDA shares rose by about 1% on Friday (Bullish).

**Net Tilt:** Mixed signals with some bullish and bearish indicators, but overall slightly **Bullish** due to the price target upgrade and stock performance."
2025-07-13,23,"**Bullish Signals:**
- **Analyst Ratings:** Needham & Co. reiterated a ""buy"" rating with a $160 price target; Oppenheimer reaffirmed ""outperform"" with a $175 target.
- **Institutional Ownership:** Assenagon Asset Management increased holdings by 204.6%, Proficio Capital Partners boosted stake by 14,641.2%, and multiple firms like Lsv Asset Management and Jericho Financial LLP acquired new positions.
- **Partnership:** Nvidia announced collaboration with Novo Nordisk.

**Bearish Signals:**
- **Institutional Ownership:** Some firms reduced positions, including Brueske Advisory Services (7.5%) and another unnamed firm cutting their stake.

**Net Tilt:** Bullish due to strong analyst support and significant institutional buying outweighing minor reductions."
2025-07-14,7,"**Analyst Actions & Price Targets:** Bullish. Phillip Securities upgraded NVDA to Buy from Accumulate. Mizuho raised its price target from $170.00 to $185.00.

**Ownership Changes:** Mixed. Capital Advisors Inc. and Assuredpartners Investment Advisors LLC increased stakes by 2.8% and 1.8%, respectively. Sarma sold his entire stake. Park Capital Management LLC also bought shares.

**Stock Performance:** Neutral. NVDA opened at $164.92 on Monday."
2025-07-15,67,"**Bullish Signals:**
- **Revenue Guidance:** Nvidia expects significant revenue growth in coming quarters.
- **Analyst Upgrades:** Multiple upgrades: Oppenheimer to $200, Melius to $235, DZ Bank to $195, Stifel to $202, Jefferies to $200, Citigroup to $190, BofA to $220, Mizuho to $192.
- **Revenue Surge:** Annual revenue forecast to rise to $130B from $27B.
- **Product Approvals & Resumes:** US approval to sell H20 AI chips to China, resumption of sales in China.
- **Partnerships:** Eaton collaboration.

**Bearish Signal:**
- **Insider Sale:** Director A Brooke Seawell sold 49,131 shares.

**Net Tilt:** Strongly Bullish."
2025-07-16,28,"**Price Target Upgrades:** Bullish. Oppenheimer raised PT from $175 to $200; Needham from $160 to $200; Deutsche Bank from $145 to $155.

**Government Approvals & Sales:** Bullish. U.S. license approvals for H20 and MI308 AI chips; Nvidia selling AI chips to China.

**Insider Sales:** Bearish. Nvidia CEO Jensen Huang sold $37.6M and $37M in stock over two transactions.

**Partnerships & Enhancements:** Bullish. Partnership with Schneider Electric; co-developed new data center reference designs.

**Ownership Changes:** Mixed. Various funds increased stakes, while Horizon Bancorp cut stake by 10.4%.

**Stock Performance:** Bullish. Nvidia rallied 4%, with targets suggesting further gains.

**Net Tilt:** Bullish, with strong analyst upgrades and positive regulatory news outweighing insider sales."
2025-07-17,28,"**Analyst Upgrades & Price Target Increases:** Bullish. Phillip Securities upgrades NVDA to Strong-Buy; Bank of America raises PT from $180 to $220; Needham raises PT from $160 to $200; Jefferies raises PT from $185 to $200.

**Revenue & Product Launches:** Mixed. Nvidia's revenue growth noted; launches UK’s fastest AI supercomputer with University of Bristol; H20 back online in China.

**Ownership Changes:** Net Neutral. Significant increases by Fmr LLC, Northern Trust, Assenagon Asset Management, and Proficio Capital Partners; decreases by others.

**Negative Signals:** Bearish. Layoffs announced; Digi Power X acquires Nvidia (potentially dilutive).

**Stock Performance:** Bullish. NVDA shares up 4.5% on Tuesday, closing at $173.17."
2025-07-18,24,"**Bullish Signals:**
- **Price Target Upgrade:** Citigroup raised price target from $180.00 to $190.00.
- **Regulatory Approvals:** US, China approve Nvidia AI chips.
- **Market Guidance:** Nvidia eyes growth in Chinese AI market.
- **Partnership:** Intigriti and Nvidia partner.
- **Ownership Increases:** Goldman Sachs, LSV Asset Management, and others increased holdings.

**Bearish Signals:**
- **Insider Sales:** CFO Colette Kress and Director Brooke Seawell sold shares.
- **Ownership Decrease:** One firm trimmed stock position.

**Neutral Signals:**
- **Analyst Rating:** Cantor Fitzgerald maintained ""overweight"" with $200.00 PT.
- **Earnings Estimates:** Analysts expect FY EPS of 2.77, Q3 2026 EPS of $1.16.

**Net Tilt:** Bullish, driven by regulatory approvals, partnership, and increased ownership, despite insider sales."
2025-07-19,20,"**Bullish Signals:**
- **Price Target Upgrade:** Oppenheimer raised NVDA’s price target from $175 to $200.
- **Embargo Lifted:** US lifted ban on NVIDIA’s H20 AI chips, allowing resumed sales to China.
- **Fund Buys:** Nuveen LLC bought a new stake worth $15.09 billion in NVDA.
- **Stock Performance:** NVDA hit an all-time high this week.

**Bearish Signals:**
- **CEO Insider Sell:** Jen-Hsun Huang sold 75,000 shares, totaling $12.79 million.
- **Earnings Negative:** Expected large single-day market loss.
- **Stake Trims:** First Merchants Corp and Investment Advisory Services Inc. TX ADV trimmed stakes.

**Net Tilt:** Mixed signals with slight bullish bias due to recent performance and fund inflows outweighing insider sells and stake trims."
2025-07-20,9,"**Revenue:** Bullish. Q1 revenue surged 69% YoY to $44B, beating expectations.

**Analyst Actions:** Bullish. Loop Capital upgraded NVDA’s PT to $250 from $175; Phillip Securities also upgraded shares.

**Institutional Ownership:** Mixed. Llc increased holdings by 198.2%, while Ltd reduced position by 11.4%. Illinois Municipal Retirement Fund purchased shares.

**Insider Activity:** Bearish. Nvidia CEO Jensen Huang sold 300,000 shares worth $50M.

**Price Target:** Bullish. Loop Capital’s new PT of $250 suggests strong upside potential.

**Catalysts:** Bullish. Expectations for NVDA stock to soar in H2 2025. Guidance for Q2 revenue yet to be detailed."
2025-07-21,27,"**Bullish Signals:**
- **Price Target Upgrades:** Bank of America raised PT from $180 to $220; Needham from $160 to $200; Jefferies from $185 to $200.
- **Product Resumption:** Nvidia restarting GPU shipments and AI chip sales in China.
- **Partnerships:** Collaborations with Lenovo and Peterson.
- **Ownership Increases:** Multiple firms increased stakes, including LSV Asset Management, Proficio Capital Partners, FMR LLC, Assenagon Asset Management.

**Bearish Signals:**
- **Regulatory Warning:** US warns Nvidia over China AI chips.
- **Insider Sales:** CEO Jensen Huang sold $12.9M; CFO Colette Kress sold 27,650 shares.
- **Ownership Decreases:** Some firms reduced positions.

**Net Tilt:** Bullish, due to multiple upgrades and product resumption outweighing regulatory concerns and insider sales."
2025-07-22,18,"**Revenue Surge:** Bullish; Nvidia’s revenues have surged.

**Regulatory Approval:** Bullish; US approval granted for H20 chip.

**Stock Performance:** Bearish; stock slides 2.5%, down 1.5% intraday, with one headline predicting a crash.

**Insider Sales:** Bearish; CFO Colette Kress and EVP Ajay K. Puri sold shares.

**Product Delay:** Bearish; AI PC delayed.

**Institutional Ownership:** Mixed; Northern Trust and Sumitomo Mitsui increased stakes, while others decreased holdings.

**Price Target:** Neutral; brokerages set price target at $181.22.

**Net Tilt:** Net bearish due to stock declines and insider sales outweighing positive regulatory and institutional support signals."
2025-07-23,14,"**Product Releases:** Bullish. Lenovo and NVIDIA unveiled a groundbreaking autonomous driving platform, and NVIDIA launched the RTX 5070 GPU and OLED displays in India, along with the exclusive RTX 5090.

**Partnerships:** Bullish. Weride partnered with Lenovo and NVIDIA, and stocks partnered with Nvidia.

**Insider Sales:** Bearish. Director A Brooke Seawell sold 48,792 shares, and CEO Huang Jen-Hsun sold $38m in NVDA stock.

**Ownership Changes:** Mixed. Amalgamated Bank increased its stake by 2.1%, while another entity purchased 6,121 shares.

**Stock Performance:** Bullish. NVDA gained over 60% and rallied 1.1%.

**Net Tilt:** Bullish, despite insider sales, due to product launches and positive ownership changes."
2025-07-24,19,"**Price Target Upgrades:** Bullish; Oppenheimer and Jefferies both upgraded NVDA’s price target to $200.00.

**Insider Activity:** Bearish; CEO Jen-Hsun Huang sold 75,000 shares worth $38.2M.

**Institutional Ownership:** Mixed; BlackRock increased holdings by 18.6%, while Florida and Townsend & Associates reduced stakes by 14.1% and 12.5%, respectively.

**Stock Performance:** Bullish; NVDA gained 2.25% with shares closing at $173.22.

**New Positions:** Bullish; Jacobsen Capital Management, Argent Advisors Inc., and Iron Financial LLC acquired NVDA shares.

**Net Tilt:** Neutral to Slightly Bullish."
2025-07-25,20,"**Price Target Upgrades:** Bullish. Needham upgraded NVDA’s price target from $160 to $200; Bank of America raised it from $180 to $220.

**Insider Activity:** Bearish. CFO Colette Kress sold 27,650 shares on July 15th.

**Stock Performance:** Bullish. NVDA surged in Q2, reaching an all-time high of $174.28 with a 1.7% rise on Thursday.

**Ownership Changes:** Mixed. Multiple firms increased holdings significantly (Proficio Capital, Lsv Asset Management, etc.), while one firm reduced its position.

**Geopolitical Risk:** Bearish. U.S. banned certain Nvidia AI chips.

**Net Tilt:** Bullish, but geopolitical risks pose a downside risk."
2025-07-26,9,"**Ownership Trends:** Bullish. Assenagon Asset Management, Sumitomo Mitsui DS Asset Management, and Davenport & Co LLC increased their stakes in NVDA by 204.6%, 4.0%, and 9.1% respectively. Svenska Handelsbanken AB also acquired 157,121 shares. However, Keybank National Association and another entity sold shares, creating mixed signals.

**Price Movement:** Bearish. NVDA traded down 0.1%.

**Net Tilt:** Mixed, but slightly bullish due to significant stake increases outweighing smaller sales."
2025-07-27,9,"**Ownership Trends:** Bullish. Jefferies upgraded NVDA’s target price to $200.00 from $185.00. Multiple entities increased holdings: Inc boosted stake by 2.8%, management acquired shares, and Krane Funds Advisors LLC & Horizon Financial Services bought NVDA shares. However, management also trimmed its stake. Overall, net ownership trend is slightly bullish with significant institutional support.

**Net Tilt:** Bullish."
2025-07-28,16,"**Bullish Signals:**
- **Price Target Upgrade:** Citigroup raised price target from $180.00 to $190.00.
- **Product Launches:** RTX 3050 and RTX 50-series SUPER GPUs expected by Christmas.
- **Institutional Buying:** Fmr LLC increased stake by 0.7%, Meritage Portfolio Management by 34.4%.
- **Partnership:** Apollo joined forces with NVIDIA.

**Bearish Signals:**
- **Insider Sales:** CEO Jen Hsun Huang sold 75,000 shares worth $39 million.
- **Institutional Selling:** Llc reduced stake by 34.7%.

**Neutral Signals:**
- **Revenue Estimate:** $149 billion in revenue.
- **Earnings Preview:** Part of Zacks Earnings Preview, reports earnings in late August.

**Net Tilt:** Mixed, but slightly bullish due to product launches and institutional buying outweighing insider sales."
2025-07-29,30,"**Price Target Upgrades:** Bullish. Oppenheimer upgraded NVDA’s price target from $175 to $200; Bank of America raised it from $180 to $220.

**Partnerships:** Bullish. Onsemi partnered with NVIDIA on 800V power systems and collaborated on accelerating projects.

**Regulatory Approval:** Bullish. US approved NVIDIA’s H20 AI chip.

**Product Release/Censorship:** Bearish. RTX 5090 gaming GPU banned in China; RTX 5090D launched.

**Supply Orders:** Neutral. NVIDIA ordered 300,000 H20 chips from TSMC.

**Insider Sales:** Bearish. CEO Jensen Huang sold 202,797 shares; insider sold shares worth $39M.

**Ownership Changes:** Mixed. Multiple firms increased holdings, while others decreased positions.

**Stock Movement:** Mixed. Stock near record highs but dipped off.

**Earnings:** Neutral. Q2 results due Aug 27."
2025-07-30,16,"**Analyst Ratings & Price Targets:** Bullish. Run upgrades NVDA’s price target to $200 from $170; Morgan Stanley and Mizuho raise targets to $192 and $183.69 respectively. Average rating is buy.

**Revenue Growth:** Bullish. NVDA’s revenue grew 86% YOY.

**Regulatory & Product:** Bullish. US clears NVDA’s AI chip; H20 AI chips resume shipments to China.

**Partnerships:** Bullish. NVDA partners with onsemi and expands collaboration with PTC.

**Stock Performance:** Mixed. NVDA stock hit new highs but closed down 0.7% on Tuesday, up 0.6% on Wednesday.

**Earnings & Guidance:** Neutral. NVDA to announce Q2 FY26 results on Aug 27."
2025-07-31,25,"**Bullish Signals:**
- **Price Target Upgrades:** Morgan Stanley raised PT from $170 to $200; Needham raised PT from $160 to $200.
- **Regulatory Approvals:** US and White House approved Nvidia’s H20 AI chip.
- **Market Share Gains:** Nvidia’s Chinese market share is rising.
- **Product Launches:** RTX 5080 and RTX 5070 Ti cards launched; dozen new games coming to NVIDIA.
- **Demand Increase:** H20 chip demand spiking.
- **Stock Performance:** Shares up 60% YTD, 30% in 2025, 2.1% today.

**Bearish Signals:**
- **Antitrust Investigation:** Facing antitrust probe in China.
- **Regulatory Scrutiny:** China’s cyberspace regulator questioning Nvidia’s H20 chip.
- **Insider Selling:** CEO selling shares.
- **Stock Dip:** Shares down 0.8% at close.

**Net Tilt:** Bullish, despite regulatory headwinds."
2025-08-01,22,"**Revenue Surge and Upgraded Targets:** Bullish. Exane raised NVDA’s price target to $220 from $170, while Jefferies increased theirs to $200 from $185. Q1 FY26 revenue soared 69% YoY to $44B, beating expectations.

**Earnings Beat:** Bullish. EPS of 81 cents beat consensus estimates.

**Product Resumption and Partnerships:** Bullish. NVDA will resume chip sales in China and partnered with Deutsche Telekom and Innoscience.

**Insider Sales:** Bearish. CEO Jen-Hsun Huang sold 75,000 shares worth $40M, and another insider sale occurred.

**Stock Movements:** Mixed. NVDA plunged due to Trump-related news but gained after positive announcements, rising 17% in June and 2% on Wednesday.

**Guidance:** Bullish. NVDA guided for Q2 revenue of $45B.

**Net Tilt:** Bullish. Positive financials and upgrades outweighed insider sales and short-term dips."
2025-08-02,10,"**Price Target Upgrade:** Bullish; Oppenheimer raised NVDA’s target price from $175.00 to $200.00.

**Strategic Partnerships & Investments:** Bullish; NVDA signed a $2.36B AI data center deal with YTL Power and announced a $4.3B investment plan.

**Institutional Ownership Growth:** Bullish; Goldman Sachs and Assenagon Asset Management significantly increased stakes in NVDA.

**Stock Price Movement:** Bearish; NVDA traded as low as $170.89 and closed at $174.95.

**Net Tilt:** Bullish; positive analyst actions and strategic deals outweigh minor price declines."
2025-08-03,8,"**Price Target Upgrades:** Bank of America upgraded NVDA’s price target from $180.00 to $220.00; Morgan Stanley raised it from $170.00 to $200.00 (Bullish).

**Ownership Changes:** Dekabank and another firm increased stakes by 4.4% and 2.8%, respectively; Optimum Investment Advisors sold 11,035 shares (Mixed, slightly Bullish).

**Stake Acquisition:** Silverlake Wealth Management acquired NVDA shares (Bullish).

**Stock Price Movement:** NVDA opened at $173.72 on Friday (Neutral).

**Net Tilt:** Bullish due to multiple upgrades and increased ownership despite some selling."
2025-08-04,10,"**Earnings:** Nvidia partners exceeded earnings expectations, bullish.

**Stock Performance:** NVDA stock up 72% YTD, gained 1.4% to $175.46, and climbed 2% on Monday morning; however, it also saw a 2.3% drop, netting a mixed signal.

**Partnerships & Products:** Partnership with Apple remains strong; Nvidia resumed China chip sales, bullish. RTX 4050 Laptop price cut by $1,570, bearish.

**Facilities:** Partner of Nvidia and Apple plans AI server assembly plant, bullish.

**Net Tilt:** Mixed, but slightly bullish due to earnings beat, partnerships, and facility news outweighing the price cut and minor stock losses."
2025-08-05,20,"**Price Target Upgrade:** Jefferies upgraded NVDA’s price target from $185 to $200 (Bullish).

**Revenue Indicators:** Partners Hon Hai and Foxconn show July sales growth (Bullish).

**Stock Performance:** NVDA stock up 59% in three months but down slightly on Tuesday (Mixed).

**Insider Activity:** CEO Jen-Hsun Huang sold 75,000 shares (Bearish). Multiple institutions increased holdings (Bullish), while some reduced positions (Bearish).

**Net Tilt:** Mixed signals with slight net bullish bias due to upgrades and revenue indicators."
2025-08-06,9,"**Insider Activity & Ownership Changes:**  
- **Bearish:** CFO Colette Kress sold 27,650 shares (INSIDER-SELL). State of Michigan Retirement System and Group Capital Management reduced their stakes. Oh also decreased its stake.  
- **Bullish:** SoftBank invested billions in NVDA. Llc and Weil Company Inc. increased their positions. Adv raised its holdings by 1.9%.  
**Net Tilt:** Mixed signals with slight bullish bias due to significant institutional investment from SoftBank."
2025-08-07,31,"**Bullish Signals:**
- **Analyst Upgrades:** Morgan Stanley upgraded price target from $170 to $200; Bank of America raised from $180 to $220; Oppenheimer from $175 to $200; Goldman Sachs from $185 to $200.
- **Price Target Average:** Analysts have an average buy rating with a mean price target of $185.04.
- **Stock Performance:** Nvidia stock is expected to soar after Aug. 27; shares gained 1-2.5% in recent sessions.
- **Partnerships:** Nvidia collaborates with Deutsche Telekom to construct an AI factory in Europe.

**Bearish Signals:**
- **Insider Sell:** Nvidia insider sold shares worth $8.48M.
- **Regulatory Investigation:** Taiwan probes Goertek and Nvidia.
- **Ownership Decreases:** Harmony Asset, Park Square Financial Group, and Fonville Wealth Management reduced stakes in NVDA.

**Net Tilt:** Bullish, despite some bearish signals, due to strong analyst upgrades and positive stock performance expectations."
2025-08-08,20,"**Revenue Surge:** Bullish. Nebius, backed by Nvidia, saw Q2 revenue jump 625%.

**Analyst Upgrades:** Bullish. Morgan Stanley and Needham upgraded NVDA’s price target to $200.

**Regulatory Warnings:** Bearish. China warns Nvidia over AI chips, summoning them for testimony and investigating their products.

**Insider Activity:** Mixed. CEO Huang sold 75,000 shares, while management and institutional investors increased holdings.

**Stock Performance:** Bullish. NVDA stock has rallied this year, with analysts optimistic post-earnings.

**Net Tilt:** Bullish, but regulatory risks loom."
2025-08-09,16,"**Price Target Upgrade:** Jefferies raised NVDA’s target price from $185 to $200 (Bullish).

**Analyst Rating Change:** BNP Paribas upgraded NVDA to Hold (Neutral).

**Regulatory Approvals:** US approved H20 chip sales (Bullish).

**Patent Infringement Lawsuit:** Partec AG filed a lawsuit against NVDA (Bearish).

**Insider Activity:** CFO Colette Kress sold 27,640 shares (Bearish).

**Ownership Changes:** Aigen Investment Management LP bought a new stake ($1.11M), Llc increased holdings by 12.4%, Fulton Breakefield Broenniman LLC acquired 9,548 shares, Inc. bought 973 shares (Bullish). Llc reduced holdings by 6.5% (Bearish).

**Exports Guidance:** NVDA plans to export chips to China (Neutral).

**Net Tilt:** Mixed signals with slight bullish bias due to regulatory approvals and new investments outweighing legal and insider concerns."
2025-08-10,3,"**Regulatory Approval:** Bullish - Nvidia received US approval to sell AI chips, enhancing its market access and potential sales.

**Regulatory Scrutiny:** Bearish - Nvidia’s H20 chips are under investigation in China, potentially impacting sales and operations in the region.

**Stake Movement:** Bullish - Williams Inc. acquired 5,037 NVDA shares, indicating institutional interest and confidence in the stock."
2025-08-11,36,"**Bullish Signals:**
- **Analyst Upgrades:** Bank of America raised target from $180 to $220; Morgan Stanley from $170 to $200; KGI Securities from $186 to $207; Wells Fargo from $185 to $220.
- **Government Deal:** Nvidia reached a $3 billion revenue-sharing deal with the US government.
- **Product Launches:** H20 chip cleared by US, Blackwell release announced, new AI tools and Cosmos world models unveiled.
- **Partnerships:** Nvidia partners with Unitree and Dell Technologies.

**Bearish Signals:**
- **Legal Issues:** A firm filed additional claims against Nvidia.
- **Ownership Changes:** Strata Wealth Advisors and Massachusetts Financial Services reduced stakes; Northern Trust and Pictet increased holdings.
- **Stock Performance:** Nvidia stock down 1.3%, 0.86%, and 1%.

**Net Tilt:** Bullish, driven by strong analyst upgrades and product launches, offset by minor legal and ownership concerns."
2025-08-12,23,"**Regulatory & Government:**
- **Bullish:** U.S. President Donald Trump struck a deal with Nvidia, likely easing export restrictions (ESS 0.58).
- **Bearish:** China warns against Nvidia chips and denies approval for less advanced H20 model (ESS -0.58, -0.64).
- **Neutral:** Nvidia resumes AI chip exports to China but with downgraded models (ESS 0.0).

**Product & Partnership:**
- **Bullish:** Nvidia releases GeForce RTX 5090 and deepens collaboration with HPE (ESS 0.52, 0.49).

**Ownership Changes:**
- **Net Bullish:** Multiple firms increased stakes in NVDA (Assenagon Asset Management, MBH, First Business Financial Services, LLC, Management, Inc.), while some reduced positions (Adv, ESG Planning, Future You Wealth LLC).

**Stock Performance:**
- **Bullish:** NVDA shares up 48% YTD, despite a minor 0.4% drop today to $181.41.

**Net Tilt:** Mixed regulatory signals, strong product release, and overall positive ownership trends suggest a **HOLD** recommendation."
2025-08-13,28,"**Bullish Signals:**
- **Price Target Upgrades:** Needham raised PT to $200, Mizuho to $205, Piper Sandler to $225.
- **Product Launches:** Blackwell hardware and new AI models unveiled.
- **Partnerships:** Dell, Elastic, Cadence, and Ansys collaborations announced.
- **Regulatory Approval:** US government approved H20 and MI308 GPUs.
- **Ownership Increases:** Multiple firms increased positions.

**Bearish Signals:**
- **Market Share Loss:** Nvidia lost market share in China.
- **Insider Sales:** CEO Jen-Hsun Huang sold 75,000 shares.
- **Ownership Decreases:** Several firms reduced positions.

**Net Tilt:** Bullish, due to multiple upgrades and product launches outweighing insider sales and market share loss concerns."
2025-08-14,24,"**Price Target Upgrades:** Wells Fargo and Bank of America upgraded NVDA’s price target to $220.00, while another analyst raised it to $205.00 from $192.00 (Bullish).

**Insider Sales:** CFO Colette Kress sold 27,640 shares, and insiders collectively sold shares worth $40.96M (Bearish).

**Partnerships:** Multiple partnerships announced with PTC, Virtana, Kyndryl, Cadence, and others (Bullish).

**Ownership Changes:** LSV Asset Management and Bailard Inc. increased stakes, while Fortis Group Advisors and Viking Global Investors decreased stakes (Mixed).

**Product Enhancements:** Nvidia accelerated robotics with new AI advancements (Bullish).

**Net Tilt:** Bullish due to multiple upgrades and partnerships outweighing insider sales and mixed ownership changes."
2025-08-15,24,"**Analyst Ratings & Price Targets:** Bullish. DBS Bank upgraded NVDA’s price target to $220 from $180. Jefferies raised it to $200 from $185. Mizuho increased it to $205 from $192. Average rating is Buy with a mean price target of $187.16.

**Regulatory & Product:** Bearish. China rejected NVDA’s H20 semiconductors. Positive: NVDA released new AI tools and an open dataset.

**Stock Performance:** Mixed. NVDA shares rose 34% QTD but fell today along with AMD. Post-market, NVDA edged down 0.1%.

**Ownership Changes:** Net Neutral. SoftBank increased stake while multiple firms reduced holdings, including Vienna Insurance Group cutting by 50%.

**Net Tilt:** Bullish, despite regulatory headwinds and mixed ownership signals."
2025-08-16,12,"Net ownership tilt: **Bullish**. Needham upgraded NVDA’s price target to $200 from $160. Management and several funds increased stakes (Pictet, Llc, and Csenge Advisory Group), while others reduced positions (Morningstar, Wy, Pavion, and another Llc). Evidence points to mixed but slightly positive sentiment. Analysts set a new average PT of $183.75."
2025-08-17,12,"**Price Target Upgrades:** Wells Fargo upgraded NVDA’s target price to $220 from $185; Piper Sandler raised it to $225 (Bullish).

**Insider Activity:** CEO Jen Hsun Huang sold 75,000 shares (Bearish).

**Institutional Ownership Changes:** 
- Positive: Capital Advisors, Paragon Capital Management, and an unnamed LLC increased stakes.
- Negative: Morse Asset Management reduced holdings (Mixed).

**Other:** 
- New partnership with NSF (Bullish).
- Multiple firms acquired new NVDA shares (Bullish).

**Net Tilt:** Bullish, despite CEO sale and one reduction in stake."
2025-08-18,36,"**Analyst Upgrades & Positive Ratings:** Bullish. Bank of America, Cantor Fitzgerald, Oppenheimer, Jefferies, Mizuho upgraded price targets to $220, $240, $200, $200, and $205 respectively. Average rating is buy with a mean price target of $187.27.

**Product Reviews & Releases:** Bullish. Positive review of Geforce RTX 5080; US approval for AI chip; H20 sales resume in China.

**Insider Sales:** Bearish. Nvidia CEO sold $27.12M in common stock; another insider sold shares worth $27.118M.

**Ownership Increases:** Neutral. Multiple institutions increased holdings, but insider sales weigh negatively.

**Stock Performance:** Mixed. Shares opened at $180.45, closed up 1%, and traded at $182.24 in morning.

**Net Tilt:** Bullish. Analyst upgrades and product approvals outweigh insider sales."
2025-08-19,33,"**Price Target Upgrades:** Td Cowen upgraded NVDA’s price target to $235 from $175; Needham raised it to $200 from $160 (Bullish).

**Product Launches/Cuts:** RTX 5090 launched at €2,329; multiple reports of price cuts across Europe (Mixed, slightly Bearish due to cuts).

**Earnings & Market Cap:** NVDA lost $155B in market cap today (Bearish).

**Insider Actions:** Counsel LLC bought 1,668 shares; CFO Colette Kress sold 27,640 shares (Mixed).

**Partnerships:** Multiple partnerships announced with mod.io, Foxconn, and others (Bullish).

**Stock Performance:** NVDA stock up 31-36% YTD, but fell 3.5% in afternoon trading today (Mixed).

**Net Tilt:** Mixed signals, but overall slightly **Bearish** due to significant market cap loss and price cuts."
2025-08-20,29,"**Bullish Signals:**
- **Price Target Upgrades:** HSBC to $200, Buchalter to $235, Keybanc to $215, Susquehanna to $210.
- **Earnings Guidance:** Expected EPS of $1.01, with ""strong"" Q2 results anticipated.
- **Product Launch:** Preparing to launch another new chip.
- **Analyst Optimism:** Keybanc and Susquehanna raised price targets.
- **Ownership Increase:** Proficio Capital Partners and Inc. increased stakes.

**Bearish Signals:**
- **Stock Declines:** NVDA stock declined in after-hours trading and fell 3.5% on Tuesday.
- **Mixed Ownership Actions:** Llc decreased its position by 5.3%.

**Net Tilt:** Bullish, driven by multiple price target upgrades and positive earnings expectations, despite some ownership decreases."
2025-08-21,21,"**Analyst Upgrades:** Multiple firms upgraded NVDA’s price targets, with Bank of America, Wells Fargo, and Wolfe Research raising targets to $220, indicating strong **bullish** sentiment. 

**Buybacks:** NVDA repurchased approximately $14.1 billion worth of stock, signaling confidence and potential for share price support.

**Product Release:** NVDA is introducing RTX 5080 servers, a positive **bullish** catalyst for future growth.

**Ownership Changes:** While management and some funds increased stakes, others reduced holdings, showing mixed investor sentiment.

**Net Tilt:** Strongly **Bullish** due to multiple price target upgrades and significant buybacks, despite some ownership reductions."
2025-08-22,34,"**Bullish Signals:**
- **Price Target Upgrades:** TD Cowen raised target from $140 to $235; Wedbush from $175 to $210; Evercore ISI from $190 to $214; UBS from $175 to $205.
- **Product Launches:** GeForce Now launches in India in November.
- **Regulatory Approval:** US approval for H20 AI chip.
- **Ownership Increases:** Two firms increased holdings.

**Bearish Signals:**
- **Supply Cuts:** Nvidia halting H20 AI chip production in China.
- **Ownership Decreases:** Multiple firms reduced stakes.
- **Stock Declines:** NVDA down 1.1% in early trading, 1.15% in pre-market.

**Net Tilt:** Mixed, but slightly bullish due to multiple price target upgrades and product launches outweighing supply cuts and ownership reductions."
2025-08-23,16,"**Bullish Signals:**
- **Price Target Upgrade:** Cantor Fitzgerald raised NVDA’s price target from $200 to $240.
- **Analyst Upgrades & Positive Reviews:** Wedbush upgraded Q1 2027 EPS estimates; Wedbush sees robust demand for NVDA’s chips; Nvidia GeForce RTX 5070 Ti review positive.
- **Institutional Ownership Increases:** Multiple firms increased holdings (Llc, Sunbeam Capital, Northern Trust).
- **Stock Picks:** NVDA named one of the best IT stocks to buy.

**Bearish Signals:**
- **Ownership Decreases:** Ghe LLC and Atria Investments trimmed stakes.

**Net Tilt:** Bullish, with multiple upgrades and positive reviews outweighing ownership decreases."
2025-08-24,9,"**Insider Activity:** Bearish; CEO Jen-Hsun Huang sold 75,000 shares (Aug 15).

**Institutional Ownership:** Mixed; State Street Corp increased holdings (+1.0%), Assetmark Inc. increased holdings (+0.2%), but Baillie Gifford reduced stake (-11.3%). Net tilt slightly bearish.

**New Positions:** Bullish; Assetmark Inc. acquired 12,287 shares, Ks initiated a new position.

**Earnings Estimate:** Neutral; Wedbush provided Q1 earnings commentary without specific changes.

**Stable Holdings:** Neutral; Firetrail Investments and Neo Ivy Capital maintained their stakes at $21.61M and $4.10M respectively."
2025-08-25,37,"**Bullish Signals:**
- **Analyst Upgrades:** Average rating is buy; multiple firms upgraded price targets (Wedbush to $210, Bank of America to $220, Wells Fargo to $220, Baird to $225, Mizuho to $205).
- **Revenue Growth:** Q2 FY26 revenues expected to rise 53.1% YoY.
- **Product Launches:** New general robotics product launched.
- **Regulatory Approval:** Permission granted to export H20 chips to China.
- **Ownership Increases:** Assenagon Asset Management increased holdings by 204.6%.

**Bearish Signals:**
- **Supply Issues:** Production halted for certain chips.
- **Ownership Decreases:** Brandywine Oak and Td Asset Management reduced positions.

**Neutral Signals:**
- **Earnings Guidance:** EPS expected to rise 44.6%; Q2 earnings reported on Wednesday.

**Net Tilt:** Bullish due to strong analyst upgrades and revenue growth expectations outweighing supply issues."
2025-08-26,38,"**Bullish Signals:**
- **Revenue Growth:** Revenue expected to grow 54.6% YoY to $46.45 billion.
- **Earnings Beat:** Q2 EPS of $0.15, beating estimates.
- **Revenue Surpass:** Consistently surpassing revenue projections, latest beat by 1.8%.
- **Price Target Upgrades:** Multiple upgrades (KeyCorp to $215, Evercore ISI to $214, Robert W. Baird to $225, UBS to $205, Stifel Nicolaus to $212).
- **Product Launch:** New developer kit for autonomous vehicles.
- **Partnerships:** Infineon, Broadcom partnerships.
- **Insider Buy:** CEO Jensen Huang’s endorsement.
- **Ownership Increases:** Goldman Sachs, Sheets Smith, LSV Asset Management increased stakes.

**Bearish Signals:**
- **Ownership Decreases:** Druckenmiller sold stakes, Ark Investment Management reduced position.

**Net Tilt:** Bullish."
2025-08-27,110,"**Revenue & Earnings:**
- **Bullish:** NVDA forecasts Q3 revenue above estimates ($52.920B-$55.080B vs $52.963B), Q2 revenue up 56% to $46.7B, and Q2 EPS of $1.05 beats by $0.04.
- **Bearish:** Data center sales miss, Q2 earnings drop after.

**Capital & Expenses:**
- **Bullish:** Capex up to $1.23B, EBIT up to $28.71B.
- **Bearish:** Operating expenses expected to grow.

**Analyst Actions:**
- **Bullish:** Wedbush upgrades Q2 EPS estimates, UBS raises price target to $205.

**Other Catalysts:**
- **Bullish:** $60B share buyback approved, demand surges for advanced chips.
- **Bearish:** Stock slips post-Q2 results.

**Net Tilt:** Bullish."
2025-08-28,126,"**Analyst Upgrades & Price Targets:** Multiple firms upgraded NVDA, raising targets significantly (e.g., TD Cowen to $235, Craig-Hallum to $245, Exane to $240). **Bullish**.

**Revenue Guidance:** NVDA’s sales forecast missed estimates. **Bearish**.

**Earnings Beat:** NVDA reported Q2 earnings of $1.08 per share, beating expectations. **Bullish**.

**Revenue Growth:** NVDA saw strong growth in automotive revenue (+69%) and overall revenue (+56%). **Bullish**.

**Buybacks Approved:** NVDA approved a $60 billion share repurchase program. **Bullish**.

**Net Tilt:** Bullish, despite revenue guidance miss."
2025-08-29,39,"**Bullish Signals:**
- **Price Target Upgrades:** Multiple upgrades from DA Davidson ($135→$195), Craig Hallum ($195→$245), JPMorgan ($170→$215), Evercore ISI ($190→$214), Bank of America ($220→$235), Wolfe Research ($220→$230), Jefferies ($200→$205).
- **Earnings Beat:** Q2 earnings above expectations.
- **Revenue Growth:** Record Q2 earnings reported.
- **Positive Analyst Ratings:** Reiterated “Buy” ratings with high price targets.
- **Ownership Increases:** Significant stake acquisitions by various institutions.

**Bearish Signals:**
- **Revenue Slowdown:** Year-over-year revenue growth has slowed.
- **Stock Performance:** NVDA stock traded lower post-earnings, down 1.1% at $178.17.
- **Legal Issues:** Facing trial.
- **Ownership Decreases:** Some institutions sold shares.

**Net Tilt:** Bullish, due to multiple price target upgrades and positive earnings reports outweighing revenue slowdown concerns."
2025-08-30,15,"**Price Target Upgrades:** Robert W. Baird upgraded NVDA’s price target to $225 from $195; UBS raised it to $205 from $175 (Bullish).

**Insider Activity:** EVP Ajay K. Puri sold 168,195 shares (Bearish).

**Institutional Ownership Changes:** LSV Asset Management, Riverfront Investment Group, and Fonden increased holdings; Inc. and two others reduced positions (Mixed, slightly Bullish).

**Analyst Ratings:** Goldman Sachs reaffirmed “buy” with a $200 target (Bullish).

**Stock Performance:** NVDA traded down 3.3% (Bearish).

**Earnings Estimate:** Cantor Fitzgerald estimated FY2026 EPS at $4.29 (Neutral).

**Net Tilt:** Mixed, leaning slightly Bullish due to multiple upgrades and institutional buying outweighing insider sales and stock decline."
2025-08-31,20,"**Revenue Growth:** Bullish; NVIDIA’s revenue surged 55.6% YoY.

**Analyst Upgrades:** Bullish; Td Cowen ($235.00), Da Davidson ($195.00), JPMorgan ($215.00), Truist Financial ($228.00), and Stifel Nicolaus ($212.00) all upgraded price targets.

**Product Launch:** Bullish; Nvidia rolled out RTX Pro servers.

**Ownership Increases:** Bullish; multiple institutions increased holdings, including LLC (267,959.7%), Northern Trust Corp (15.8%), Fmr LLC (0.7%), and State Street Corp (1.0%).

**Ownership Decreases:** Bearish; some institutions reduced positions, including LP and Tarbox Family Office Inc.

**Mixed Analyst Ratings:** Neutral; Needham reiterated a Buy rating while Seaport Global maintained a Sell rating.

**Stock Price Movement:** Bearish; NVDA stock price fell 3.1%.

**Net Tilt:** Bullish, with strong revenue growth, multiple analyst upgrades, and significant ownership increases outweighing minor decreases and the recent price drop."
2025-09-01,17,"**Price Target Upgrades:** Wells Fargo upgraded NVDA’s price target from $185 to $220; Rosenblatt Securities raised it from $200 to $215; Morgan Stanley increased it from $206 to $210. **Bullish**.

**Earnings Estimate Upgrade:** Da Davidson increased FY2026 EPS estimates. **Bullish**.

**Legal Issues:** Nvidia ordered to face trial over unspecified issues. **Bearish**.

**Business Contracts & Partnerships:** Foxconn adopts Nvidia RTX Pro Servers; collaboration with Valeo announced. **Bullish**.

**Ownership Changes:** Alberta Investment Management Corp increased holdings by 17.1%; Blueshift Asset Management holds significant stake. **Bullish**. Conversely, EagleClaw Capital Management and another LLC trimmed stakes. **Bearish**.

**Net Tilt:** Bullish."
2025-09-02,36,"**Bullish Signals:**
- **Revenue Surge:** Q2 revenues soared 56% to $46.7 billion.
- **Market Share Gain:** Discrete GPU market share increased.
- **Analyst Upgrades:** Craig Hallum ($245), Evercore ISI ($214), Bank of America ($235), Wolfe Research ($230), Jefferies ($205).
- **Insider Buy:** CEO Jensen Huang bought Taiwan semiconductor stock.
- **Ownership Increases:** Multiple firms increased stakes (PNC, First Asset, etc.).

**Bearish Signals:**
- **Stock Declines:** NVDA extended declines, shares fell below certain levels.
- **Insider Sell:** Director Mark Stevens sold 608,248 shares.
- **Stake Reduction:** Mitsubishi UFJ Trust & Banking Corp reduced stake.

**Net Tilt:** Bullish due to strong revenue growth, multiple upgrades, and significant ownership increases outweighing minor insider selling and stock declines."
2025-09-03,25,"**Bullish Signals:**
- **Revenue Growth:** Q2 revenue up 56% YoY; Q3 guidance at $54B, sequential growth.
- **Earnings:** Q2 net income $26.4B, up 59%.
- **Market Share:** Increased to 94%.
- **Price Target Upgrades:** JP Morgan ($215→$225), UBS ($175→$205), Robert W. Baird ($195→$225).
- **Partnerships:** Infineon, Street collaborate with Nvidia.
- **Ownership Increase:** Assenagon Asset Management increased stake by 204.6%.

**Bearish Signals:**
- **Earnings Miss:** Q2 earnings below expectations.
- **Stock Price Drop:** Nvidia stock down 2.0%.
- **Ownership Decrease:** Scotia Capital, Raiffeisen Bank International, AMD sold Nvidia shares.

**Net Tilt:** Bullish, despite earnings miss and stock drop, due to strong revenue and earnings growth, positive guidance, and multiple price target upgrades."
2025-09-04,35,"**Bullish Signals:**
- **Price Target Upgrades:** Da Davidson ($195.00), Rosenblatt Securities ($215.00), Mizuho ($205.00), Stifel Nicolaus ($212.00).
- **Revenue Growth:** Revenue rose sharply.
- **Partnerships:** Broadcom, MediaTek, Black Tech Street.
- **Analyst Ratings:** Needham & Company LLC reiterated ""buy"" at $200.00, Wedbush ""outperform"" at $210.00.
- **Ownership Increases:** Ing Groep NV, Inc., UBS Asset Management Americas LLC.

**Bearish Signals:**
- **Market Share Decline:** China market share drops to 55% from 66%.
- **Earnings Warning:** Q2 loss of $8 billion.
- **Stock Slides:** Shares declined.
- **Insider Sales:** CEO Huang Jen-Hsun sold $38.6M, CFO Colette Kress sold $386K.
- **Product Discontinuation:** GeForce RTX 5080 and 5070 Ti GPUs scrapped.
- **Regulatory Investigation:** Chinese regulators questioning Nvidia.
- **Ownership Decreases:** Thoroughbred Financial Services LLC, Westfield Capital Management Co. LP.

**Net Tilt:** Mixed, but slightly **bearish** due to significant insider sales,"
2025-09-05,41,"**Bullish Signals:**
- **Price Target Upgrades:** Craig Hallum ($195 → $245), Chong ($145 → $185), Truist Financial ($210 → $228), Wolfe Research ($220 → $230), Morgan Stanley ($206 → $210).
- **Revenue Growth:** Hon Hai sales rise linked to Nvidia.
- **Product Launch:** Cisco and Nvidia launch AI platform.
- **Ownership Increases:** Multiple firms increased holdings.

**Bearish Signals:**
- **Stock Declines:** Nvidia stock expected to fall 50%, traded lower, down 0.9% at $170.16, fell 2.9% in afternoon trading, tumbled nearly 2% Friday morning.
- **Insider Selling:** CEO and directors sold shares.
- **Ownership Decreases:** Several firms reduced positions.

**Net Tilt:** Mixed signals with slight bearish bias due to significant insider selling and multiple stock decline mentions."
2025-09-06,12,"**Bullish Signals:**
- **Analyst Upgrade:** Zen upgrades NVDA to ""Buy.""
- **Price Target Increases:** Wells Fargo raises PT from $185 to $220; Robert W. Baird lifts PT from $195 to $225; Bank of America boosts PT from $220 to $235.
- **Market Share Gain:** NVDA’s GPU market share rises to 94% in Q2 FY25.
- **Ownership Increase:** Multiple firms increase positions: Group (+2.5%), Goldman Sachs (+123.5%).

**Bearish Signals:**
- **Ownership Decrease:** Ca reduces position by 3.5%.

**Net Tilt:** Bullish."
2025-09-07,15,"**Bullish Signals:**
- **Price Target Upgrades:** TD Cowen raised PT from $140 to $235; DA Davidson from $135 to $195; Jefferies from $200 to $205.
- **Insider Buy:** Counsel LLC acquired 2,704 shares.
- **Partnership:** Ads partners with NVIDIA.
- **Ownership Increase:** Inc. and State Street Corp increased holdings.

**Bearish Signals:**
- **Insider Sells:** CEO Jen-Hsun Huang sold 75,000 shares; a director sold $3.096M worth of stock.
- **Ownership Decrease:** AI Squared Management Ltd and Swiss National Bank reduced holdings.

**Net Tilt:** Mixed signals, but overall slightly bullish due to multiple price target upgrades and insider buys outweighing insider sells."
2025-09-08,24,"**Bullish Signals:**
- **Analyst Upgrades:** Evercore ISI upgraded NVDA’s target price from $190 to $214; Rosenblatt Securities raised it from $200 to $215.
- **Product Launch:** Nvidia unveiled Europe’s first exascale supercomputer.
- **Tech Adoption:** Beamr will use Nvidia’s technology.
- **Insider Buying:** Ag, Inc., and Northern Trust Corp increased holdings.
- **Stake Acquisitions:** Multiple firms bought NVDA shares.
- **Stock Performance:** NVDA shares up 24.4% YTD and 1.92% today.

**Bearish Signals:**
- **Analyst Downgrade:** Citigroup lowered NVDA’s target price from $210 to $200.
- **Insider Selling:** Board member Dawn Hudson sold 90,000 shares.
- **Ownership Decrease:** NWK Group Inc reduced holdings.
- **Recent Underperformance:** NVDA shares down 8.6% over the past month.

**Net Tilt:** Mixed signals suggest caution but overall slightly bullish due to multiple upgrades and product launches."
2025-09-09,42,"**Bullish Signals:**
- **Price Target Upgrades:** Craig Hallum ($245 from $195), Bank of America ($235 from $220), Wolfe Research ($230 from $220).
- **Product Launches:** Rubin CPX GPU and AI chips for video, software.
- **Ownership Increases:** Multiple firms increased positions (Llc, Capital World Investors, Inc., Assenagon Asset Management S.A.).
- **Stock Performance:** Year-to-date gain of 25%.

**Bearish Signals:**
- **Revenue Miss:** Q2 data center revenue below expectations.
- **Price Target Downgrades:** Citi/Citigroup ($200 from $210).
- **Insider Sales:** CEO Huang and Director Mark A. Stevens sold significant amounts of stock.
- **Potential Revenue Drop:** 2026 GPU sales could fall 4%.

**Net Tilt:** Mixed, but slightly **bearish** due to revenue miss and insider sales outweighing positive product launches and upgrades."
2025-09-10,31,"**Price Target Upgrades:** Td Cowen upgraded NVDA’s price target to $235 from $140; Truist Financial to $228 from $210; Stifel Nicolaus to $212 from $202; Morgan Stanley to $210 from $206 (Bullish).

**Revenue Miss:** Data Center revenue missed expectations (Bearish).

**Product Launches:** Nvidia launched a new GPU and unveiled the Rubin AI chip (Bullish).

**Partnerships:** Nvidia partnered with Psiquantum, ThunderSoft, and Geely (Bullish).

**Insider Sell:** CEO Jen Hsun Huang sold 75,000 shares (Bearish).

**Ownership Changes:** Goldman Sachs, Rossmore Private Capital, and LGT Group Foundation increased holdings; Iyo Bank, Taylor Hoffman, and Clal Insurance reduced holdings (Mixed).

**Stock Performance:** NVDA shares gained 4.9% but also dropped over 7% (Mixed).

**Net Tilt:** Bullish due to multiple upgrades and product launches outweighing the revenue miss and insider sell."
2025-09-11,21,"**Analyst Actions:** Bullish. DA Davidson upgraded NVDA to Buy from Neutral and raised its price target (exact figure not provided).

**Product Launches:** Bullish. NVDA rolled out RTX 5080-class GeForce NOW and a new chip system.

**Ownership Changes:** Mixed. Management and several funds increased stakes (Fuller & Thaler by 32.3%, one fund by 5,900%), while others decreased (Financial Advisors Network by 30.2%, HC Advisors LLC, A S).

**Stock Performance:** Bullish. NVDA stock gained 3.8% and opened at $177.33.

**Other:** Neutral. Wedbush maintained an ""outperform"" rating with a $210.00 price target. Korea Investment CORP acquired additional shares."
2025-09-12,23,"**Analyst Actions:** Bullish (Da Davidson upgraded to Buy, Rosenblatt raised PT to $215, Wolfe Research raised PT to $230); Bearish (Citigroup lowered PT to $200).

**Revenue:** Bullish (Data Center sales up 56%).

**Insider Activity:** Bearish (CEO Huang sold 225,000 shares).

**Partnerships & Investments:** Bullish (Nvidia partnering with Kioxia, announcing UK data center investments).

**Product Updates:** Bearish (Nvidia discontinuing cloud support).

**Ownership Changes:** Mixed (Capital World Investors, Llc, Trexquant Investment LP increased stakes; State of Wyoming decreased stake).

**Net Tilt:** Bullish, but caution due to mixed signals."
2025-09-13,23,"**Bullish Signals:**
- **Price Target Upgrades:** Craig Hallum ($195 → $245), Robert W. Baird ($195 → $225), Bank of America ($220 → $235), Jefferies ($200 → $205), Morgan Stanley ($206 → $210).
- **Product Launches:** Blackwell chip set to launch in China by late 2025; new GPU unveiling.
- **Institutional Buying:** Dark Forest Capital, Bridgeway Capital Management, Goldman Sachs, AQR Capital Management increased holdings.

**Bearish Signals:**
- **Insider Sell:** Mark A. Stevens sold 608,248 shares.
- **Institutional Selling:** Adage Capital Partners reduced stake by 2.5%.

**Net Tilt:** Bullish due to multiple upgrades and product launches outweighing insider selling."
2025-09-14,11,"**Analyst Upgrades:** Evercore ISI upgraded NVDA’s price target from $190.00 to $214.00; Wells Fargo raised their target from $185.00 to $220.00 (Bullish).

**Insider Activity:** CEO Jen Hsun Huang sold 75,000 shares (Bearish).

**Institutional Ownership Changes:** Assenagon Asset Management, Nuveen LLC, and Woodline Partners increased stakes; Oriental Harbor Investment Fund decreased holdings (Mixed).

**Other Institutional Activity:** Schmidt P J Investment Management Inc. bought shares; Intech Investment Management LLC and another unnamed entity maintained positions (Neutral).

**Net Tilt:** Mixed signals with slight bullish bias due to multiple upgrades and increased institutional interest outweighing insider sell."
2025-09-15,48,"**Net Direction: Bearish**

**Acquisitions & Deals:**
- Bullish: Nvidia secured China’s approval to acquire Mellanox.
- Neutral: Nvidia to buy CoreWeave’s unused cloud capacity through April 2032; signed a $6.3B deal.

**Regulatory & Legal:**
- Bearish: China accused Nvidia of breaking anti-monopoly rules and launched a further investigation.
- Bearish: Nvidia shares fell due to China probe concerns.

**Analyst Actions:**
- Bearish: Citigroup downgraded NVDA to $200 from $210.
- Bullish: Wolfe Research upgraded NVDA to $230 from $220.

**Stock Performance:**
- Bearish: NVDA shares declined in premarket trading, fell 3%, and dipped post-China probe news.
- Bullish: NVDA gained 28% YTD and jumped 6.5% last week.

**Insider & Ownership Changes:**
- Bearish: Nvidia insider sold shares worth $88M.
- Mixed: Various firms increased or decreased holdings.

**Catalysts:**
- Neutral: Potential AI product unveiling in China."
2025-09-16,37,"**Price Target Upgrades:** Truist Financial raised price target from $210 to $228; Morgan Stanley bumped target from $206 to $210 (Bullish).

**Legal Issues:** Nvidia found guilty of violating regulations; China opens antitrust probe (Bearish).

**Revenue Trends:** Blackwell Data Center revenue increased (Bullish).

**Product News:** Rubin CPX GPU unveiled (Bullish); H20 sales halted (Bearish).

**Partnerships:** Multiple partnerships announced with Crowdstrike, Digital Realty, Cadence, Nscale, and UK firms (Bullish).

**Ownership Changes:** UBS, Goldman Sachs, and others increased stakes; First Hawaiian Bank reduced stake (Mixed).

**Stock Performance:** Shares closed flat at $177.30, down 0.3% (Bearish).

**Net Tilt:** Mixed signals, but overall slightly bearish due to legal and regulatory headwinds."
2025-09-17,36,"**Bullish Signals:**
- Analysts upgraded price targets: Daiwa to $205 (from $165), Robert W. Baird to $225 (from $195), Mizuho to $205 (from $192).
- Average rating remains buy with mean price target of $217.27.
- Nvidia partners with Microsoft and CoreWeave, deploying 120,000 AI chips.
- Investors increase stakes: Nuveen LLC, Assenagon Asset Management, and Inc.

**Bearish Signals:**
- China blocks Nvidia chip sales to Alibaba, ByteDance, and questions other tech giants’ Nvidia purchases.
- Nvidia faces antitrust scrutiny in the US and Taiwan.
- CEO Jen-Hsun Huang and other insiders sell shares.
- Nvidia shares slip to one-week low, falling nearly 3%.

**Net Tilt:** Mixed, but slightly **bearish** due to regulatory headwinds and insider selling."
2025-09-18,68,"**Layoffs & Earnings:** Bullish/Bearish Conflict. NVIDIA plans to cut 25% of its workforce but reported a $19B loss.

**Price Target Upgrades:** Bullish. Bank of America upgraded target from $220 to $235; Stifel Nicolaus from $202 to $212.

**Acquisition & Investment:** Bullish. NVIDIA will buy a $5B stake in Intel and invest $5B in Intel, indicating strategic shift.

**Partnerships:** Bullish. Multiple partnerships announced between NVIDIA and Intel, focusing on chip development.

**Legal Issues:** Bearish. FTC sues Live Nation, though not directly related to NVIDIA.

**Stock Movement:** Mixed. Stock fell initially but rebounded after positive news from China.

**Analyst Ratings:** Neutral. Wedbush reaffirmed ""outperform"" at $210; Jefferies reissued ""buy.""

**Ownership Changes:** Mixed. Various institutions increased holdings, while others decreased positions.

**Net Tilt:** Bullish, driven by strategic investments and upgrades despite earnings miss and layoffs."
2025-09-19,24,"**Revenue and Acquisitions:** Bullish; Nvidia’s revenue growth continues, spending over $900M to acquire Enfabrica CEO. **Analyst Downgrade:** Bearish; Citigroup downgraded NVDA from $210 to $200, citing recent deals. **Partnerships:** Bullish; collaborations with Intel, Digital Realty, and TCS expand AI reach. **Contract Losses:** Bearish; ByteDance ceases using Nvidia’s AI chips. **Stock Movement:** Mixed; shares fell sharply but ended 3.54% higher. **Strategic Moves:** Bullish; Nvidia aims to enter PC processors and invests heavily in UK AI startups. **Ownership Changes:** Mixed; Oklahoma increased stake by 41.7%, while Whitaker Myers sold shares. **Net Tilt:** Neutral to Slightly Bullish."
2025-09-20,14,"**Price Target Upgrades:** Craig Hallum raised price target from $195 to $245; Daiwa Capital Markets raised from $165 to $205 (Bullish).

**Partnership:** Zoho partners with Dell and Nvidia (Bullish).

**Insider Sell:** CFO Colette Kress sold 30,500 shares (Bearish).

**Analyst Ratings:** JPMorgan, Goldman Sachs, and Cantor Fitzgerald maintained positive ratings with price targets of $215, $200, and $240 respectively (Bullish).

**Ownership Changes:** Ransom Advisory Ltd reduced holdings; Prism Advisors Inc bought shares (Mixed).

**Stock Performance:** NVDA share price up 3.5% mid-day (Bullish).

**Net Tilt:** Bullish, despite some bearish signals."
2025-09-21,20,"**Insider Activity:** Bearish; Directors Huang, Neal, and Stevens sold shares (75k, 28k, 297k respectively).

**Institutional Ownership:** Bullish; Nuveen LLC, Goldman Sachs, Amundi, UBS, Assenagon Asset Management, and multiple unnamed firms increased stakes. MassMutual, Trust FSB, Adv, and Livforsakringsbolaget Skandia Omsesidigt reduced stakes.

**Analyst Actions:** Neutral; Morgan Stanley upgraded price target from $206 to $210; JPMorgan and Wedbush maintained ""Buy"" and ""Outperform"" ratings respectively.

**Net Tilt:** Mixed, but slightly **Bullish** due to significant institutional buying outweighing insider sales."
2025-09-22,56,"**Earnings:** Bullish. Nvidia’s Q2 earnings jumped 56%, beating expectations.

**Analyst Actions:** Mixed. Rosenblatt upgraded price target to $215, Bank of America to $235; Citigroup downgraded to $200.

**Product/Collaboration:** Bullish. RTX 5080 review positive; multiple partnerships announced including $100B deal with OpenAI, $5B Intel collaboration.

**Stock Performance:** Bullish. NVDA stock hit an all-time high of $184.49, surging on earnings and partnerships.

**Insider Activity:** Bearish. CFO Colette Kress sold 50,500 shares.

**Net Tilt:** Bullish. Positive earnings and product reviews outweigh bearish insider sales."
2025-09-23,45,"**Analyst Upgrades & Price Targets:** Bullish. Truist Financial raised price target to $228, Evercore ISI to $225, and Wolfe Research to $230. Average rating remains buy with mean price target of $217.22.

**Product & Partnership News:** Bullish. Nvidia deploying 10 GW of chips for OpenAI, entering autonomous vehicle market, and making strategic investments in ElevenLabs and Intel.

**Insider Sales:** Bearish. Nvidia director Jones sold $44m in stock, another director sold $7.1M, and multiple insiders reduced stakes.

**Stock Performance:** Mixed. Shares hit record highs, up 35% YTD, but fell 2.6% on Sept 17.

**Net Tilt:** Bullish. Positive analyst upgrades and product partnerships outweigh insider sales."
2025-09-24,33,"**Revenue Growth:** Bullish. Nvidia’s revenue rose 56% YoY to $46.7 billion (Q2 FY2026).

**Price Target Upgrade:** Bullish. Daiwa Capital Markets raised price target from $165 to $205.

**Cost Reduction Guidance:** Bullish. Nvidia plans to lower costs.

**Partnerships:** Bullish. Multiple partnerships announced including Schneider Electric, Alibaba, and Intel.

**Buybacks:** Bullish. NVDA expanded share repurchase authorization by $60 billion.

**Insider Sales:** Bearish. Director Persis Drell, CEO Huang, and Director Mark Stevens sold shares.

**Analyst Ratings:** Neutral. UBS, JPMorgan, and Sanford Bernstein reaffirmed “buy” ratings.

**Ownership Changes:** Mixed. State Street, Nuveen, Na, and Assenagon increased positions while Biltmore Wealth Management decreased stake.

**Stock Performance:** Bearish. NVDA traded down 2.8% on Wednesday, opening at $178.43.

**Net Tilt:** Bullish, despite insider sales and slight stock dip, due to strong revenue growth, cost reduction, buybacks, and multiple strategic partnerships."
2025-09-25,30,"**Barclays Raises Price Target to $240**: Bullish, driven by potential upside in AI and robotics.

**Stock Performance**: Bearish, with NVDA shares dipping YTD and weakening due to AI chip concerns.

**Partnerships and Collaborations**: Mixed. Positive with Telus, Arm, TII, and Intel; negative with CEO Huang’s insider sell.

**Analyst Actions**: Bullish, with upgrades from Barclays ($240) and Morgan Stanley ($210).

**Ownership Changes**: Net bullish, with significant increases from Amundi, Goldman Sachs, and others, offset by a small decrease from Tompkins Financial.

**Product Launch**: Bullish, with AI Robotics lab launch in UAE.

**Earnings and Revenues**: Neutral, with no specific earnings surprise but positive long-term AI revenue forecast."
2025-09-26,14,"**Earnings:** Bullish. Nvidia reported better-than-expected Q2 FY26 results.

**Price Target Upgrades:** Bullish. Evercore ISI raised PT to $225 from $214. Needham reaffirmed Buy at $200.

**Insider Activity:** Bearish. Director Harvey C. Jones sold 250,000 shares.

**Share Price Movement:** Mixed. Shares slipped 1.4% but analysts predict gains.

**Partnerships & Investments:** Bullish. Dtn collaborates with Nvidia; company to invest $100B.

**Analyst Actions:** Neutral. BofA reiterated Buy rating.

**Ownership Changes:** Bearish. Counsel Inc. reduced position by 0.2%.

**Net Tilt:** Net bullish due to strong earnings, upgrades, and partnerships, despite insider sell and minor ownership reduction."
2025-09-27,10,"**Partnership:** Bullish. Nvidia announced a landmark partnership with Microsoft on 22 September.

**Insider Sales:** Bearish. Directors Mark A. Stevens and Persis Drell sold 350,000 and 40,000 shares respectively on September 19th.

**Ownership Changes:** Mixed. Assenagon Asset Management increased its position by 204.6%, while Lp increased holdings by 3.3%. Pioneer Wealth Management Group bought 5,175 shares. 

**Stock Performance:** Bullish. Nvidia stock saw gains following the Microsoft partnership announcement, trading up 0.3%.

**Net Tilt:** Net bullish due to significant partnership and overall ownership increases outweighing insider sales."
2025-09-28,6,"**Demand Guidance Increase:** Bullish. Nvidia reported increased chip orders, indicating stronger demand.

**Institutional Ownership Increase:** Bullish. Both Inc. and Wright Investors Service Inc. increased their stakes in NVDA.

**Analyst Ratings:** Neutral-Bullish. UBS reiterated a ""buy"" rating, while JPMorgan reissued a ""buy"" with a $215 price target.

**Overall Tilt:** Bullish. Multiple positive signals from increased demand, institutional buying, and analyst support outweigh neutral elements."
2025-09-29,33,"**Bullish Signals:**
- **Analyst Upgrades:** Multiple firms upgraded NVDA, raising price targets to $205-$230, with an average target of $218.54.
- **Partnerships:** Strategic partnerships announced with OpenAI and Schneider Electric.
- **Ownership Increases:** Several institutions increased their stakes in NVDA.
- **Product Rumors:** RTX 50 SUPER series rumored to launch between March and May.

**Bearish Signals:**
- **CEO Insider Sell:** Jen-Hsun Huang sold 75,000 shares.
- **Stock Performance:** NVDA shares fell 2.7% in US trading.

**Net Tilt:** Bullish, due to strong analyst upgrades and strategic partnerships outweighing the CEO’s insider sale and recent stock decline."
2025-09-30,36,"**Bullish Signals:**
- **Revenue Growth:** Revenue grew 71.55% YOY.
- **Price Target Upgrades:** Multiple upgrades (Craig Hallum to $245, Keybanc to $250, Citigroup to $210, Evercore ISI to $225, Barclays to $240).
- **Product Launches:** New open-source models, simulation tools, and game support (Battlefield 6).
- **Analyst Ratings:** Reaffirmed buy ratings and positive outlooks.
- **Partnerships:** Collaborations with Cloudian and UiPath.
- **Facility Expansion:** Building AI data centers.

**Bearish Signals:**
- **Insider Sales:** CFO Colette Kress, CEO Huang, and Director Harvey C. Jones sold shares.
- **Stock Price Dip:** Traded as low as $180.32, closing at $181.88.

**Net Tilt:** Bullish due to strong revenue growth, multiple price target upgrades, and product launches outweighing insider sales."
2025-10-01,18,"**Earnings:** NVDA reported Q1 results, no specific details provided.

**Analyst Actions:** Jefferies upgraded NVDA with a higher price target; Needham maintained a ""buy"" rating at $200.

**Product Updates:** Major updates to robotics platform announced.

**Ownership Changes:** Amundi and LP increased holdings; multiple firms purchased shares.

**Insider Activity:** Director Mark A. Stevens sold 350,000 shares.

**Price Movements:** Shares slipped Wednesday but surged to $4.5T YTD gain of 39%.

**Catalysts:** NVDA will take a stake in OpenAI and build GPU-powered data centers.

**Net Tilt:** Bullish due to product enhancements, ownership increases, and strong YTD performance, despite insider sell and slight dip.

Conflicting signals exist, but overall trend remains positive."
2025-10-02,23,"**Bullish Signals:**
- **Price Target Upgrade:** Wolfe Research raised NVDA’s target from $220 to $230.
- **Product Launch:** NVDA launched open AI models.
- **Institutional Buys:** Multiple firms increased stakes: Inc. (1.0%), Llc (267,959.7%), Nuveen LLC ($15B+), Ltd. (7.6%), Inc. (169.3%), Amundi (16.0%).
- **Analyst Ratings:** Rosenblatt Securities, The Goldman Sachs Group, Sanford C. Bernstein, UBS Group, JPMorgan Chase all maintained “buy” ratings with various price targets.

**Bearish Signals:**
- **Insider Sell:** Director Persis Drell sold 40,000 shares.
- **Stake Reductions:** Brady Martz Wealth Solutions LLC reduced holdings.

**Net Tilt:** Bullish due to multiple upgrades and institutional buying outweighing insider selling."
2025-10-03,27,"**Bullish Signals:**
- **Revenue Guidance:** Q3 revenues expected to rise 55% YoY to $54B.
- **Price Target Upgrades:** Daiwa ($205→$250), Truist ($210→$228), Keybanc ($230→$250).
- **Partnerships:** Fujitsu, UiPath, and multiple undisclosed partners expanding collaborations.
- **Stock Performance:** NVDA up over 1,100% since 2023, hitting 52-week highs.

**Bearish Signals:**
- **Insider Sales:** CEO Huang sold 75,000 shares; CFO Kress sold 30,500 shares.

**Net Tilt:** Bullish, driven by strong revenue guidance and multiple upgrades, despite insider sales."
2025-10-04,14,"**Bullish Signals:**
- Citi upgrades NVDA price target.
- Schneider Electric partners with NVDA.
- Multiple firms increase holdings: Investment Management (+0.7%), Bankers Trust CO (+1.7%), LLC (+0.3%).
- Cantor Fitzgerald reissues overweight rating with $240 PT.
- Wedbush reaffirms outperform rating with $210 PT.

**Bearish Signals:**
- Adv trims stake in NVDA.
- Fifth Third Bancorp cuts stock holdings.
- LLC decreases position by 5.3%.

**Net Tilt:** Bullish, due to multiple positive analyst actions and increased holdings outweighing stake reductions."
2025-10-05,11,"**Insider Activity:** Bearish; Director Mark A. Stevens sold 350,000 shares (Theme: Insiders).

**Institutional Ownership:** Bullish; Ohio increased holdings by 5.4%, Goldman Sachs by 123.5%, and IMS Capital Management bought 55,113 shares (Theme: Institutional Buying/Selling).

**Analyst Ratings:** Neutral; Needham reaffirmed ""buy"" with a $200 price target (Theme: Analyst Actions).

**Mixed Signals:** Bearish tilt; Cigna Investments lessened holdings while Lynch & Associates and other funds increased positions (Theme: Mixed Institutional Sentiment).

**Long-term Outlook:** Bullish; article predicts NVDA stock will soar over next 10 years (Theme: Long-term Projections)."
2025-10-06,37,"**Analyst Upgrades:** Bullish. Melius raised NVDA’s price target to $275 from $240; Evercore ISI to $225 from $214; Goldman Sachs to $210; Wolfe Research to $230 from $220. Average rating is buy with mean price target of $219.26.

**Partnerships:** Bullish. Fujitsu, OpenAI, and Alibaba partnered with NVDA.

**Insider Sales:** Bearish. CEO Huang sold 75,000 shares; Director Persis Drell sold 40,000 shares.

**Stock Performance:** Bullish. NVDA’s shares are up 48% YTD; expected to soar another 45%.

**Product Price Cut:** Bearish. GeForce RTX 5070 price cut to $529.

**Ownership Changes:** Mixed. Nuveen LLC, Amundi, UBS, and others increased stakes; Pitti Group Wealth Management LLC decreased stake.

**Net Tilt:** Bullish. Analyst upgrades and partnerships outweigh insider sales and product price cuts."
2025-10-07,22,"**Bullish Signals:**
- Susquehanna upgraded NVDA to $210 from $180.
- Q2 EPS was $1.05, beating expectations.
- Data center revenue grew 56% YoY.
- Rosenblatt Securities reaffirmed “buy” with a $215 PT.
- Bank of America reiterated “buy.”
- Multiple institutions increased holdings.

**Bearish Signals:**
- Director Harvey C. Jones sold 250,000 shares.
- NVDA shares fell in mid-September.

**Net Tilt:** Bullish, due to strong analyst upgrades and revenue growth outweighing insider selling and recent price weakness."
2025-10-08,25,"**Buybacks & Acquisitions:** Bullish. Nvidia will repurchase stock, signaling confidence in its future performance. Xai is acquiring Nvidia’s GPUs, expanding market reach.

**Product Launch:** Bullish. Nvidia revealed the new RTX 50 GPU, driving potential demand.

**Partnerships:** Neutral. Nvidia and Intel announced a collaboration, potentially enhancing product offerings but details unclear.

**Insider Sell:** Bearish. Nvidia CFO Colette Kress sold 30,500 shares, raising concerns about insider sentiment.

**Stock Performance:** Bullish. Shares surged to an all-time high of $191.05, indicating strong investor confidence.

**Investments:** Bullish. Nvidia plans to invest up to $2 billion and has made significant investments in AI companies like xAI and CoreWeave.

**Revenue & Guidance:** Mixed. Blackwell Data Center revenue rose 17%, but Nvidia’s revenue guidance remained unchanged.

**Analyst Ratings:** Neutral. Cantor Fitzgerald reiterated an “overweight” rating with a $240 price target, while Wedbush maintained an “outperform” rating with a $210 target.

**Ownership Changes:** Mixed. Llc significantly increased holdings, while Hartford Investment Management Co. and another LLC reduced positions.

**Net Tilt:** Bullish. Positive signals from product launches, buybacks, and strong stock performance outweigh negative insider selling and mixed ownership trends."
2025-10-09,34,"**Analyst Ratings and Price Targets:** Bullish. Average rating is buy with a mean price target of $220.90; Cantor Fitzgerald upgraded price target to $300 from $240.

**Regulatory Approvals:** Bullish. US approved multiple Nvidia chip exports and UAE sales.

**Stock Performance:** Bullish. NVDA stock surged 70% in six months, hit record highs, and gained over 2% today.

**Partnerships:** Bullish. Intel and Fujitsu announced strategic collaborations with Nvidia.

**Insider Activity:** Bearish. CEO Jen-Hsun Huang sold 75,000 shares.

**Ownership Changes:** Mixed. Multiple firms increased holdings, while others decreased positions.

**Earnings Estimate:** Bullish. Analysts predict a 43.7% earnings surge in fiscal 2026.

**Net Tilt:** Bullish. Positive signals outweigh negative ones."
2025-10-10,26,"**Bullish Signals:**
- **Price Target Upgrades:** Daiwa Capital Markets raised target from $165 to $205; Evercore ISI from $214 to $225; Wolfe Research from $220 to $230.
- **Regulatory Approval:** U.S. approved certain Nvidia chips.
- **Partnerships:** Micropolis partnered with Nvidia to enhance robotics; NYSE American partnership announced.
- **Ownership Increases:** Multiple firms increased stakes, including Ag, Nuveen LLC, Goldman Sachs, Amundi, Advisors, CPAs, and LLCs.

**Bearish Signals:**
- **Ownership Decreases:** Capital and Meridian Investment Counsel reduced positions.
- **Stock Decline:** Nvidia stock fell 1.7% to $189.30 on Friday, dipping 3% due to renewed U.S. concerns.

**Net Tilt:** Bullish, driven by multiple upgrades and partnerships outweighing minor ownership reductions and short-term stock dip."
2025-10-11,10,"**Net Tilt: Bearish**

- **Bearish**: Shares of NVDA fell 4.9% today, following a broader decline in semiconductor stocks. Analyst Rosenblatt Securities maintained a ""buy"" but with a lower target ($215 vs previous). Blossom Wealth Management decreased holdings.
- **Bullish**: Bank of America upgraded NVDA’s price target to $235 from $220. Amundi increased its stake by 16%. Cantor Fitzgerald reiterated an ""overweight"" rating and highlighted a recent partnership.

Conflicting signals; overall tilt is bearish due to significant price drop and reduced stake by Blossom Wealth Management."
2025-10-12,9,"**Craig Hallum upgraded NVDA to $245 from $195, bullish.** CFO Colette Kress sold 30,500 shares, bearish. **Llc increased holdings by 267,959.7% in Q2 and Assenagon Asset Management by 204.6% in Q1, both bullish.** However, another Llc trimmed its stock position, bearish. Beacon Capital and Stone Summit Wealth also acquired shares, slightly bullish. Overall, **mixed signals with a net bullish tilt due to major upgrades and significant increases in institutional holdings.**"
2025-10-13,26,"**Analyst Ratings and Price Targets:** Bullish. Average rating is buy with a mean price target of $221.25. Mizuho upgraded its price target to $225 from $205.

**Product Releases and Enhancements:** Bullish. Hitachi Energy and Nvidia unveiled 800 VDC power; Nvidia’s desktop AI supercomputer is now available.

**Partnerships:** Bullish. Multiple partnerships announced including with Power Integrations, Vertiv, and Abb.

**Insider Activity:** Bearish. CEO Jen-Hsun Huang sold 75,000 shares.

**Ownership Changes:** Bullish. Nuveen LLC increased its stake in Nvidia to $15.09 billion.

**Stock Performance:** Mixed. Shares closed up 3.6% at $189.69 but opened down at $183.16.

**Net Tilt:** Bullish. Positive analyst upgrades and product news outweigh insider selling."
2025-10-14,30,"**Bullish Signals:**
- **Price Target Upgrades:** Mizuho raised PT from $205 to $225; Evercore ISI from $214 to $225; Wolfe Research from $220 to $230.
- **Product Launches:** Smallest desktop AI supercomputer unveiled; personal AI supercomputer goes on sale.
- **Partnerships:** Foxconn, Hon Hai, Power Integrations, and multiple deep partnerships announced.
- **Ownership Increases:** Inc., Goldman Sachs, and another entity significantly increased stakes.

**Bearish Signals:**
- **Rating Downgrade:** Zen cut NVDA from ""buy"" to ""hold.""
- **Ownership Decreases:** One entity reduced stake by 4.6%; management cut position.
- **Stock Loss:** NVDA stock fell 4%.

**Net Tilt:** Bullish, due to multiple upgrades and product launches outweighing the downgrade and minor ownership reductions."
2025-10-15,24,"**Analyst Upgrades & Price Target Increase:** HSBC upgraded NVDA to Buy from Hold, citing strong demand. Stifel Nicolaus raised its price target from $202 to $212. **Bullish**

**Acquisition:** NVDA is acquiring Aligned Data Centers for $40B, likely boosting data center capabilities. **Bullish**

**Regulatory Approval:** US approved NVDA’s chip, clearing a key hurdle. **Bullish**

**Demand Surge:** Soaring demand for NVDA’s hardware supports growth. **Bullish**

**Insider Sell:** NVDA CEO sold $41.3M in stock, potentially signaling concerns. **Bearish**

**Mixed Signals:** Positive analyst actions and regulatory approvals contrast with CEO insider sell, indicating net bullish but cautious sentiment. **Net Bullish**"
2025-10-16,21,"**Bullish Signals:**
- **Revenue Growth:** Massive revenue growth.
- **Analyst Sentiment:** Rosenblatt Securities and JPMorgan reiterated ""buy"" ratings with $215.00 target prices.
- **Partnerships:** SuperX launches AI platform powered by NVIDIA; Foxconn teams up with NVIDIA.
- **Institutional Buying:** Multiple firms increased holdings (Inc., Columbia Asset Management, Donald L. Hagan LLC).
- **Stock Performance:** NVDA rose 1,500% in 3 years and 80% in 6 months.

**Bearish Signals:**
- **Insider Selling:** Director Mark A. Stevens sold 350,000 shares.
- **Holding Reductions:** Trivium Point Advisory LLC trimmed holdings.

**Net Tilt:** Bullish, despite some bearish signals."
2025-10-17,31,"**Bullish Signals:**
- **Analyst Upgrades:** Hsbc Global raised NVDA to ""Strong-Buy""; Daiwa raised PT to $205; Mizuho raised PT to $225; Wolfe Research raised PT to $230.
- **Earnings Beat:** Q3 earnings met/exceeded estimates.
- **Product Launches:** First Blackwell chip wafer unveiled; advanced AI and robotics deployment planned.
- **Partnerships:** Oracle-Nvidia AI acceleration; potential Intel cooperation.
- **Ownership Increases:** Multiple firms increased stakes.

**Bearish Signals:**
- **Analyst Downgrade:** Zen downgraded NVDA to ""Hold.""
- **Insider Sell:** CEO Jen Hsun Huang sold 75,000 shares.
- **Stock Performance:** NVDA shares fell 2.8% on Friday despite opening gains.

**Net Tilt:** Bullish, driven by multiple upgrades and product launches outweighing the single downgrade and insider sell."
2025-10-18,21,"**Bullish Signals:**
- **Analyst Upgrade:** Hsbc upgrades NVDA to Buy.
- **Product Launch:** NVDA launches US-made Blackwell chip.
- **Partnerships:** Vertiv unveils AI data center solutions with NVDA.
- **Supply Increase:** NVDA, TSMC begin cutting-edge Blackwell AI chip production.
- **Ownership Increases:** Multiple firms boost stakes in NVDA, including Heritage Financial (+65.9%), Assenagon Asset Management (+204.6%), Amundi (+16.0%), and others.

**Bearish Signals:**
- **Market Share Loss:** NVDA’s market share in China drops.
- **Ownership Decreases:** Nabity Jensen Investment Management reduces NVDA stake.

**Net Tilt:** Bullish due to multiple positive analyst actions, product launches, and significant ownership increases outweighing the negative impact of market share loss in China."
2025-10-19,8,"**Ownership Changes:**  
- **Bullish:** Robeco Institutional Asset Management B.V. increased holdings by 10.2%. Fenghe Fund Management, J. Safra Sarasin Holding AG, and Inc. also acquired shares.  
- **Bearish:** Two entities reduced their positions: one cut by 1.8%, another by an unspecified amount.

**Analyst Actions:**  
- **Neutral:** Jefferies maintains a ""Buy"" rating on NVDA.

**Net Tilt:** Bullish, with multiple institutions increasing stakes and only two reducing."
2025-10-20,8,"**Demand Guidance Increase:** Bullish. Nvidia CEO predicts unprecedented boom in demand.

**Price Target Upgrade:** Bullish. Wolfe Research upgraded NVDA’s target price from $220.00 to $230.00.

**Insider Sell:** Bearish. CEO Jen-Hsun Huang sold 75,000 shares.

**Partnership:** Bullish. Nvidia partners with MediaTek.

**Market Exit:** Bearish. NVDA exiting China market.

**Ownership Increase:** Bullish. Hardman Johnston Global Advisors LLC increased stake by 18.1%.

**Conflicting Signals:** Net tilt is slightly bullish due to multiple positive analyst actions and ownership increases outweighing insider sell and market exit news."
2025-10-21,31,"**Bullish Signals:**
- **Analyst Upgrades:** TipRanks upgraded NVDA to 'Outperform'; Daiwa, Robert W. Baird, and Mizuho raised price targets to $205, $225, and $225 respectively.
- **Partnership:** Dell partnered with Nvidia.
- **Stock Performance:** NVDA shares up 35% YTD.
- **Institutional Buying:** Multiple firms increased stakes, including Nuveen LLC ($15B+).

**Bearish Signals:**
- **Insider Sell:** CEO Huang sold 225,000 shares.
- **Institutional Selling:** Druckenmiller, Asset Advisors, and others trimmed stakes.

**Net Tilt:** Bullish, due to strong analyst upgrades and institutional buying outweighing insider and some institutional selling."
2025-10-22,10,"**Insider & Ownership Actions:** Bullish; Counsel Inc. acquired 7,894 shares, while Capital raised its holdings by 0.6%. Bearish; Inc. decreased its position by 11.4%, and another firm reduced its stock position.

**Product Release:** Bullish; Nvidia released a personal AI supercomputer on Oct 15.

**Regulatory Investigation:** Bearish; China’s competition authority is launching an investigation.

**Facility Launch:** Bullish; Nvidia opened an AI factory in South Africa.

**Analyst Ratings:** Neutral; Wedbush maintained an ""outperform"" rating with a $210 price target.

**Market Share:** Bearish; Nvidia’s China market share dropped to 0%.

**Net Tilt:** Mixed signals, but regulatory risk and market share loss are significant negatives."
2025-10-23,6,"**Insider Activity:** Bearish. Nvidia CEO and EVP Kress sold significant amounts ($13.7M and $8.6M respectively). However, institutional investors show mixed signals: Sd increased holdings by 12.3%, while Checchi Capital Advisers reduced by 6.9%. Mount Vernon Associates bought 1,500 shares. **Net Tilt:** Slightly Bearish due to key insider sales outweighing smaller buys.

**Partnership:** Bullish. Nvidia is collaborating with Uber, indicating potential growth opportunities."
2025-10-24,34,"**Bullish Signals:**
- **Price Target Upgrades:** Mizuho raised price target from $205 to $225; Wolfe Research from $220 to $230.
- **Revenue Spike:** Nvidia reports revenue increase.
- **Product Success:** RTX 5090 review as most powerful gaming laptop.
- **Partnerships:** Uber collaboration on autonomous driving; investment in Cassava Technologies.
- **Ownership Increases:** Multiple firms increased holdings.

**Bearish Signals:**
- **Insider Sales:** CEO Huang and CFO Kress sold significant shares.
- **Ownership Decreases:** Some firms reduced stakes.

**Net Tilt:** Bullish, despite insider sales, due to strong analyst upgrades, product success, and strategic partnerships."
2025-10-25,16,"**Product Release:** Bullish. Nvidia released new chips, likely driving future demand.

**Partnerships:** Bullish. Nvidia formed significant partnerships with companies like CoreWeave, enhancing market reach.

**Insider Sell:** Bearish. Director Harvey C. Jones sold 250,000 shares, signaling potential concerns.

**Ownership Increases:** Bullish. Multiple firms increased their stakes, including Ubs Asset Management, Nuveen LLC, and others.

**Analyst Ratings:** Neutral. JPMorgan maintained a ""buy"" rating with a $215.00 target price.

**Stock Performance:** Bullish. Nvidia stock gained 2.3%.

**Stake Acquisitions:** Bullish. Various entities acquired Nvidia shares, indicating continued interest.

**Demand:** Neutral. Orders for Blackwell systems remained strong but unchanged.

**Net Tilt:** Bullish. Positive signals from product releases, partnerships, and stake increases outweigh the bearish insider sell."
2025-10-26,10,"**Nvidia (NVDA) Daily Brief for 2025-10-26**

**Bullish Signals:**
- Stock surged 1240% over five years.
- Goldman Sachs increased holdings by 123.5%.
- LLC increased stake by 267,959.7%.
- Rosenblatt Securities reiterated ""buy"" with $215.00 target.
- Multiple firms acquired NVDA shares: Meitav, Madden Securities, Motiv, L1 Capital.

**Bearish Signals:**
- D.B. Root & Company sold NVDA shares.

**Net Tilt:** Bullish due to significant stake increases and positive analyst action outweighing single sell-off."
2025-10-27,11,"**NVIDIA (NVDA)**

- **Bullish**: Shares shot up 15% today; S&P Equity Research reaffirmed a ""positive"" rating; Needham & Co. reiterated ""buy"" with $200 target; institutional ownership increased by 3.2%.
- **Bearish**: Department reduced position by 14%; Canopy Partners decreased stake; analysts expect EPS of $1.17.

**Net Tilt**: Bullish, driven by strong price action and positive analyst ratings despite some institutional selling."
2025-10-28,107,"**Mizuho Upgrades Price Target:** Mizuho raised NVDA’s price target from $205 to $225, bullish.

**Product Launches & Partnerships:** Multiple product launches (AI cloud, new chips, self-driving tech) and partnerships (with Uber, DOE, Oracle, Palantir, etc.), all bullish.

**Market Share Concerns:** Nvidia’s market share plummeted, bearish.

**Insider Sales:** CEO Huang and CFO Kress sold shares, bearish.

**Government Contracts:** Nvidia building AI supercomputers for the US government, bullish.

**Net Tilt:** Bullish due to multiple product launches and upgrades outweighing insider sales and market share concerns."
2025-10-29,93,"**Analyst Ratings and Price Target Upgrades:** Bullish. Multiple firms upgraded NVDA’s price targets: DA Davidson to $250, Daiwa to $205, Bank of America to $275, Evercore ISI to $261, Needham to $240, UBS to $235, and Melius Research to $300. Average rating remains Buy.

**Revenue Growth:** Bullish. NVDA’s revenue expected to grow 286% by decade-end, driven by expanding sales and production increases.

**Product Launches and Partnerships:** Bullish. NVDA launched a global edge AI platform and partnered with multiple companies including Foxconn, Oracle, and Akamai, indicating strong demand and market expansion.

**Insider Sell:** Bearish. CEO Jen-Hsun Huang sold 25,000 shares, potentially signaling caution.

**Net Tilt:** Bullish. Positive analyst upgrades and product launches outweigh the insider sell."
2025-10-30,31,"**Bullish Signals:**
- **Price Target Upgrades:** Street raised price target to $307, Bank of America to $275, Needham to $240.
- **Earnings:** Profitability has increased.
- **Product Releases:** Softbank, Cisco, Siemens, and Joby partnerships announced.
- **Ownership Increases:** State Street and Goldman Sachs increased holdings.
- **Analyst Ratings:** Cantor Fitzgerald, Morgan Stanley reaffirmed “overweight,” S&P Equity Research restated “positive.”
- **Stock Performance:** NVDA stock soared to $207, gained 3% on Wednesday.

**Bearish Signals:**
- **Ownership Decreases:** Inc., Edward, and Insight Inv LLC reduced stakes.
- **Stock Loss:** NVDA down 1.5% Thursday despite gains.
- **Analyst Ratings:** Seaport Global Securities reaffirmed “sell” rating.

**Net Tilt:** Bullish, due to multiple upgrades and strong product partnerships outweighing minor ownership reductions and one sell rating."
2025-10-31,49,"**Bullish Signals:**
- **Analyst Upgrades:** Cantor Fitzgerald upgrades NVDA to ""Overweight""; Goldman Sachs raises PT to $240 from $210; Needham boosts PT to $240.
- **Government Contracts:** Trump announces deal with Nvidia; Nvidia signs major deal with South Korea.
- **Product Launches:** Nvidia releases IGX Thor Robotics Processor; Global automaker deploys Blackwell.
- **Partnerships:** Multiple partnerships announced with Samsung, SK Group, LG, Hyundai, SK Hynix, Nokia, H2O.ai, Zoom, and others.
- **Stock Performance:** Shares surge 51%; poised to open higher.

**Bearish Signals:**
- **Insider Sell:** Nvidia CFO Colette Kress sold 27,640 shares.

**Net Tilt:** Bullish due to multiple analyst upgrades, significant partnerships, and strong stock performance outweighing the single insider sale."
2025-11-01,20,"**Earnings Estimate Upgrade:** Analysts at William Blair upgraded Q3 2026 EPS estimates, indicating bullish sentiment. **Bullish**.

**Partnerships:** Multiple partnerships announced with YTL, Crowdstrike, Lowe’s, Palantir, Lucid, and others, signaling broad industry support and adoption. **Bullish**.

**Insider Sales:** CEO Jensen Huang sold over $1 billion in stock, raising concerns about insider confidence. **Bearish**.

**Ownership Changes:** Nuveen LLC significantly increased its stake, while other institutions like Wealthstar Advisors LLC decreased holdings. Mixed signals, but overall positive due to major investor interest. **Net Bullish**.

**Product Development:** Nvidia created the world’s most advanced GPU, positioning itself as a leader in innovation. **Bullish**.

**Goldman Sachs Reaffirmation:** Maintained “buy” rating with a $240.00 target price, reinforcing positive outlook. **Bullish**."
2025-11-02,28,"**Revenue and Earnings:** Bullish. Nvidia reported $35.1B in revenue, a 94% increase YoY, and William Blair upgraded FY2027 EPS estimates.

**Partnerships and Facilities:** Bullish. Nvidia partnered with TSMC, Foxconn, and Wistron, and will open new AI research and data center facilities.

**Ownership Changes:** Mixed. Multiple firms increased stakes (Amundi, LMCG Investments, UBS Asset Management), while others decreased (one firm by 7.3%, another by 2.5%).

**Analyst Actions:** Mixed. Rosenblatt Securities and Cantor Fitzgerald maintained positive ratings, while Seaport Global Securities downgraded to ""sell.""

**Market Position:** Bullish. Nvidia maintains over 90% market share and is producing the Blackwell chip in Arizona.

**Net Tilt:** Bullish. Positive revenue, earnings, partnerships, and facility news outweigh mixed ownership and analyst actions."
2025-11-03,46,"**Bullish Signals:**
- **Price Target Upgrades:** Loop Capital raised PT to $350 from $250; Needham raised PT to $240 from $200; Bank of America raised PT to $275 from $235; Rosenblatt raised PT to $240 from $215.
- **Business Contracts:** Microsoft signed a $9.7B contract, Amazon a $38B deal for Nvidia chips.
- **Partnerships:** Multiple partnerships announced including with Samsung, SK Hynix, Hyundai, Stellantis, and Digital Realty.
- **Stock Performance:** Nvidia shares up 1.97% in pre-market.

**Bearish Signals:**
- **Embargoes:** Trump blocked Nvidia’s Blackwell AI chip exports to China and imposed an export ban.
- **Sell Recommendation:** A sell recommendation from an unspecified source.
- **Ownership Decrease:** West Bancorporation sold Nvidia shares.

**Net Tilt:** Mixed signals but overall bullish due to multiple upgrades and significant business deals."
2025-11-04,35,"**Bullish Signals:**
- **Analyst Ratings:** Average rating is buy with a mean price target of $232.96.
- **Price Target Upgrades:** Rosenblatt Securities raised price target from $215.00 to $240.00; Jefferies also raised to $240.
- **Product Launches:** Launched $1.2 billion AI cloud; Microsoft & NVIDIA Agentic Launchpad.
- **Business Contracts:** Microsoft inked $9.7 billion deal for Nvidia AI chips; Amazon Web Services chose Nvidia chips.
- **Partnerships:** Multiple partnerships including Deutsche Telekom, Spectro Cloud, Nokia, and Keysight.
- **Investments:** Agreed to invest $1 billion in Finnish company; building AI factory in Munich.

**Bearish Signals:**
- **Price Target Downgrade:** One firm downgraded Nvidia’s price target.
- **Stock Performance:** Shares fell 2%, though earlier gained over 2%.

**Net Tilt:** Bullish due to multiple upgrades and positive developments outweighing minor downgrades and short-term price dips."
2025-11-05,22,"**Product Launches/Collaborations:** Bullish. Nvidia launched an AI platform in Germany with Deutsche Telekom and partnered with Oracle to create the world’s largest AI supercomputer. Additionally, Nvidia joined the India Deep Tech Alliance and opened a UK hub.

**Ownership Changes:** Mixed. Major investors like Goldman Sachs and Amundi increased their stakes, while others like Montrusco Bolton Investments Inc. decreased positions. CEO Jen-Hsun Huang sold 25,000 shares.

**Analyst Actions:** Neutral. Seaport Global Securities downgraded to “sell,” while Cantor Fitzgerald maintained “overweight” with a $300 price target.

**Stock Performance:** Bearish. NVDA stock fell 4%, trading as low as $194.65.

**Earnings Guidance:** Neutral. Nvidia provided Q3 guidance but no specific details were disclosed."
2025-11-06,26,"**Net Tilt: Bullish**

**Analyst Actions:** 
- Loop Capital upgraded price target from $250 to $350.
- Needham upgraded price target from $200 to $240.
- Bank of America upgraded price target from $235 to $275.
- Jefferies upgraded price target from $220 to $240.

**Catalysts:**
- Signed $2B MOU with Kazakhstan.
- Partnered with Deutsche Telekom on EUR1B project.
- CuOpt Optimization Engine deployed in Saudi Arabia.

**Market Performance:**
- Stock up 50% YTD.
- Shares jumped 41%.

**Negative Signals:**
- China bans Nvidia products.
- Market share slips.
- CFO Colette Kress sold $9.9M in NVDA stock.

**Ownership Changes:**
- UBS and Nuveen increased stakes.
- Some investors decreased holdings."
2025-11-07,16,"**Revenue & Guidance:** Bullish; Nvidia reports total revenue up 20-25%, but projects a $8B quarterly loss.

**Regulatory & Embargo:** Bearish; US blocks Nvidia sale and plans to ban it.

**Partnerships & Contracts:** Bullish; Nvidia partners with Eli Lilly and lands a $2B Kazakhstan AI chip deal.

**Insider Activity:** Bullish; Founders Grove Wealth Partners purchases 5,241 NVDA shares.

**Stock Performance:** Mixed; NVDA stock initially surges 100% but slips 3.6-4% on multiple days, closing below 20-day moving average.

**Analyst Ratings:** Neutral; Morgan Stanley reaffirms ""overweight"" rating.

**Net Tilt:** Bearish due to regulatory headwinds and recent stock declines despite positive revenue growth and partnerships."
2025-11-08,14,"**Earnings & Guidance:** Bullish. EPS nearly tripled to $0.64, beating expectations. CEO sees strong demand for Blackwell chips.

**Product & Demand:** Bullish. New powerful AI chip released; soaring demand reported.

**Ownership & Analyst Actions:** Bullish. Management and LLC increased stakes. Cantor Fitzgerald reissued ""overweight"" with $300 PT.

**Stock Price Movements:** Bearish. Stock declined despite trading flat overall; multiple reports of price falls.

**Net Tilt:** Mixed signals but net bullish due to strong earnings, product release, and positive analyst actions."
2025-11-09,9,**Rosenblatt Securities upgraded NVDA’s target price from $215.00 to $240.00 (Bullish)**. **Nvidia Is the Smartest AI Stock to Buy** (Bullish). **Stock had been down** (Bearish). **Davidson Investment Advisors increased holdings by 0.9%** (Bullish). **Llc decreased stake by 32.7%** (Bearish). **Flagstone Financial Management and WealthPLAN Partners LLC acquired shares** (Bullish). **CEO sees strong demand for Blackwell** (Bullish). **Net Tilt: Bullish**.
2025-11-10,18,"**Analyst Ratings & Price Targets:** Bullish. Average rating is Buy with a mean price target of $233.59. Citigroup upgraded its price target to $220 from $210.

**Revenue & Earnings:** Bullish. Nvidia beat Q3 sales targets, reporting 56% total and data center revenue growth. Q4 revenue forecasted at around $62B.

**Demand & Supply:** Bullish. Growing demand for AI chips, with potential TSMC production boost. Export ban maintained but no impact on current strong demand noted.

**Stock Performance:** Bullish. Stock closed at $188.15, up 40.1% year-to-date, jumping 5.8% recently.

**Partnerships & Facilities:** Neutral. New partnerships with LG and opening of R&D center in Taipei.

**Net Tilt:** Bullish."
2025-11-11,45,"**Bullish Signals:**
- Loop Capital upgraded NVDA’s target price from $250 to $350.
- Jefferies raised price target from $220 to $240.
- Q4 EPS expected at $1.29.
- Reported $16.2B quarterly profit.
- Partnerships with telcos and tech firms.
- Revenue rose 16.9% in October.
- State Street and others increased holdings.

**Bearish Signals:**
- NVDA stock fell post-earnings.
- SoftBank offloaded $5.8B stake.
- Multiple reports of NVDA shares slipping 1.3-3.5%.

**Net Tilt:** Mixed, but slightly **bearish** due to significant stake reductions and multiple price declines despite positive earnings and upgrades."
2025-11-12,13,"**Stock Performance:** Bearish. Nvidia closed down 2.96%, sliding as much as 3.9% in U.S. trading. However, one article suggests a rebound due to unspecified reasons.

**Demand & Investment:** Bullish. Chip demand is surging, and Nvidia plans a $1B investment in a green data center in Mexico, though this was denied by Nvidia.

**Product Pricing:** Bearish. The GeForce RTX 5070 Ti dropped to $729, indicating potential pricing pressure.

**Ownership Changes:** Bullish. LLC increased its stake in NVDA by 2.9%.

**Net Tilt:** Mixed signals but slightly bearish due to recent stock losses outweighing positive demand and investment news."
2025-11-13,26,"**Price Target Upgrades:** Rosenblatt Securities raised price target from $215 to $240; Oppenheimer and Susquehanna both increased targets to $265 and $230 respectively (Bullish).

**Earnings Guidance:** Mixed signals with one source predicting disappointment on Nov. 19 and another expecting stronger-than-anticipated results (Neutral).

**Product/Collaboration:** Siemens and NVIDIA preview industrial tech; Deutsche Telekom and NVIDIA announce EUR1B collaboration (Bullish).

**Insider Sales:** CEO Jen-Hsun Huang and CFO Colette Kress sold shares (Bearish).

**Ownership Changes:** Appaloosa Management increased stake while Birmingham Capital Management and First Bancorp Inc. sold shares (Mixed).

**Facility Openings:** Nvidia opened an AI-RAN center in Indonesia (Bullish).

**Net Tilt:** Bullish due to multiple upgrades and collaborations outweighing insider sales and potential earnings disappointment."
2025-11-14,20,"**Bullish Signals:**
- **Analyst Upgrades:** Wells Fargo upgrades NVDA to $265, Jefferies to $240, Citigroup to $220, Morgan Stanley to $220.
- **Earnings Beat:** NVDA ahead of earnings, sees positive outlook.
- **Partnership:** Micropolis partners with NVDA to strengthen robotics platform.
- **Stock Gains:** NVDA shares up 1.37%, briefly gained after news.

**Bearish Signals:**
- **Export Curbs:** U.S. curbs NVDA exports to China.
- **Stock Declines:** NVDA stock down 3.6%, shares down 2.4% at $182.39.

**Neutral Signals:**
- **Rating Reiterations:** Keybanc reiterates Overweight, Evercore ISI reiterates Outperform.
- **Guidance:** NVDA’s Q4 guidance and no revenue from H20.

**Net Tilt:** Bullish, despite export curbs and short-term declines, multiple upgrades and earnings beat indicate strong analyst confidence."
2025-11-15,17,"**Bullish Signals:**
- Loop Capital upgraded NVDA’s target price from $250.00 to $350.00.
- Needham & Co. raised target price from $200.00 to $240.00.
- NVDA expected to beat earnings estimates.
- Multiple firms increased stakes: Inc. (+169.3%), Llc (+0.9%), Goldman Sachs (+123.5%), Nuveen LLC (new position).
- Cantor Fitzgerald reissued “overweight” with $300.00 target.
- Nvidia shares closed 1.8% higher post-analyst upgrade.

**Bearish Signals:**
- One firm cut stake in NVDA.

**Net Tilt:** Bullish."
2025-11-16,14,"**Bullish Signals:**
- **Price Target Upgrades:** Oppenheimer upgraded NVDA’s target price from $225.00 to $265.00; Susquehanna raised it from $210.00 to $230.00.
- **Management and Institutional Buys:** Management increased its position by 9.3%; State Street Corp boosted holdings by 1.0%.
- **Analyst Ratings:** KeyCorp reiterated “overweight” with a $250.00 target; BofA maintained a “buy” rating.

**Bearish Signals:**
- **Potential Price Drop:** Shares may plunge after an unspecified event.
- **Institutional Decreases:** Citizens & Northern Corp reduced stake by 7.3%; Capital Advisors Inc. cut holdings.

**Net Tilt:** Mixed signals suggest caution; potential for volatility."
2025-11-17,49,"**Analyst Ratings & Price Targets:** Bullish. Average rating is Buy; mean price target is $236.38. Seaport Global, Fubon, and Jefferies upgraded targets to $140, $250, and $240 respectively.

**Revenue & Guidance:** Bullish. Q3 revenue grew 56% to $46.74B; guidance indicates continued growth.

**Earnings:** Bearish. Missed expectations, though Q3 EPS is forecast at $1.25.

**Partnerships & Product Enhancements:** Bullish. Multiple partnerships announced with Dell, Hyundai, and Ukraine; AI innovation lab launched.

**Insider Activity & Ownership Changes:** Bearish. Peter Thiel and CFO Colette Kress sold shares; several funds decreased holdings.

**Stock Performance:** Mixed. Stock gained 41% YTD but fell 1.5% today after opening at $190.17.

**Net Tilt:** Net bullish due to strong analyst upgrades and positive revenue/guidance, despite earnings miss and insider selling."
2025-11-18,53,"**Earnings:** Bullish. Nvidia reported better-than-expected Q2 results, meeting revenue expectations of $46.74 billion.

**Price Targets:** Bullish. Citi raised the price target to $220, while Stifel and Exane increased targets to $250 and $250 respectively.

**Stock Performance:** Mixed. NVDA stock initially gained but dipped to $186.60, down alongside Microsoft.

**Partnerships:** Bullish. Multiple strategic partnerships announced, including collaborations with HCLTech, Arm, Sheba, Nokia, Snowflake, Anthropic, Dell, and Microsoft.

**Insider Activity:** Bearish. CEO Jen-Hsun Huang sold 25,000 shares.

**Net Tilt:** Bullish. Positive earnings and multiple upgrades outweigh the stock dip and insider sale."
2025-11-19,124,"**Bullish Signals:**
- **Revenue Guidance:** NVDA forecasts Q4 revenue above estimates.
- **Earnings Beat:** Q3 Non-GAAP EPS of $1.30 beats by $0.04; Q3 net income up 65% to $31.91B.
- **Price Target Upgrades:** Multiple upgrades including BofA to $275, Stifel to $250, Rosenblatt to $240, Susquehanna to $230.
- **Analyst Ratings:** Consensus rating upgraded to ""Buy.""
- **Revenue Growth:** Q3 revenue up 62% YOY to $57.01B.
- **Buybacks:** $62.2B remaining under share repurchase program.

**Net Tilt:** Strongly Bullish."
2025-11-20,116,"**Analyst Upgrades & Price Targets:** Multiple firms upgraded NVDA, raising price targets significantly (Loop Capital to $350, Seaport Global to $140, Evercore ISI to $352, Bernstein to $275, JPMorgan to $250, KeyBanc to $275, Baird to $275, Deutsche Bank to $215, Barclays to $275, Citigroup to $270, Oppenheimer to $265, AllianceBernstein to $275, Morgan Stanley to $235). **Bullish**

**Revenue Guidance & Actuals:** NVDA forecasted higher-than-expected sales and reported a 62% YOY revenue increase to $57.01B, exceeding expectations. **Bullish**

**Earnings:** NVDA beat EPS estimates with a 65% YOY jump to $1.29, but some reports noted earnings cooling slightly. **Mixed**

**CapEx Increase:** NVDA’s Q3 CapEx surged to $1.64B from $813M. **Neutral/Bullish**

**Share Price Performance:** NVDA’s stock has risen over 230%. **Bullish**

**Net Tilt:** **Strongly Bullish**"
2025-11-21,36,"**Bullish Signals:**
- **Price Target Upgrades:** Truist Financial raised PT from $228 to $255; Exane raised PT from $240 to $250.
- **Earnings Guidance Boost:** Nvidia increased Q4 outlook.
- **Revenue Growth:** Blackwell revenue up 50% QoQ.
- **EPS Beat:** Reported $0.81 EPS, beating estimates.
- **Analyst Upgrades:** Seaport Res Ptn and Cantor Fitzgerald upgraded FY2026 EPS estimates.
- **Partnerships:** Uber, Nvidia, Foxconn; Nvidia-Riken collaboration.
- **Stock Performance:** Gained 38.9% YTD.

**Bearish Signals:**
- **Stock Declines:** Nvidia’s shares fell 31.6%; continued decline noted.
- **Ownership Decreases:** Conglomerate sold entire stake; other firms reduced holdings.

**Net Tilt:** Bullish, despite mixed signals."
2025-11-22,15,"**Earnings & Revenue:** Bullish. Nvidia’s Q3 FY26 revenue hit a record $57B, up significantly from prior periods. EPS surged 2,170%, indicating strong profitability.

**Analyst Actions:** Bullish. Raymond James upgraded NVDA to Strong-Buy, while Citigroup raised the price target to $270.00. Citic Securities also increased its target from $237.00 to $242.00.

**Product Launches & Delays:** Mixed. The GeForce Now cloud gaming service launch in India was initially set for Q1 2026 but was then delayed. 

**Ownership Changes:** Bullish. Nuveen LLC, Amundi, and another LLC increased their stakes in NVDA, signaling institutional confidence.

**Stock Performance:** Mixed. NVDA stock dipped in November but surged amid reports, ending near $110.

**Net Tilt:** Bullish. Despite some delays and dips, overall signals indicate strong financial performance and institutional support."
2025-11-23,28,"**Bullish Signals:**
- **Revenue Growth:** Revenue surged 62.5% YoY.
- **Analyst Upgrades:** Multiple upgrades: Stifel Nicolaus to $250, Bank of America to $275, Deutsche Bank to $215, Wedbush to $230, Bernstein to $275, JPMorgan to $250, Melius Research to $320, Lipacis to $352, Rosenblatt to $245.
- **Institutional Buys:** Capital Research Global Investors, Capital Advisors Inc., Centaurus Financial Inc., and State Street Corp increased holdings.

**Bearish Signals:**
- **FTC Merger Block:** FTC blocked the Arm-Nvidia merger.
- **Insider Sell:** CEO Jen Hsun Huang sold 75,000 shares.
- **Reduced Positions:** Banco Santander and Society reduced stakes.

**Net Tilt:** Bullish, driven by strong revenue growth and multiple analyst upgrades outweighing regulatory setbacks and insider selling."
2025-11-24,43,"**Bullish Signals:**
- **Analyst Upgrades:** Multiple firms upgraded price targets, with Loop Capital raising to $350, Seaport Global to $140, Daiwa to $205, Barclays to $275, KeyCorp to $275, Wolfe Research to $250, Morgan Stanley to $235, and others.
- **EPS Estimates:** Da Davidson and Wedbush increased FY2026 and FY2027 EPS estimates.
- **Product Launches:** Updated hardware released; RTX 5080 potential deployment; GeForce Now India launch expected Q1 2026; H200 processors sold in China; GeForce Now launched.
- **Partnerships:** Expanded partnerships with Humain, Microsoft, and Google.
- **Investments:** Significant deal with Anthropic; investments in ChatGPT.

**Bearish Signals:**
- **Stock Performance:** NVDA stock fell 5.9%, despite positive news.
- **Ownership Changes:** Some institutions trimmed stakes while others increased holdings.

**Net Tilt:** Bullish, driven by widespread analyst upgrades and product launches, despite recent stock weakness."
2025-11-25,38,"**Earnings:** Nvidia reported Q3FY26 profit surging 65% YoY, but shares fell sharply due to competition concerns and reports. **Bullish:** EPS beat; **Bearish:** widespread selling pressure.

**Analyst Actions:** Exane upgraded price target from $240 to $250, while Dz Bank and BofA maintained ""buy"" ratings. **Net Bullish:** mixed signals but overall positive.

**Product & Pricing:** Nvidia slashed RTX 50 GPU prices for Black Friday and announced a H200 chip sale. **Bearish:** pricing cuts suggest demand concerns.

**Partnerships:** Nvidia has partnerships with Anthropic, Microsoft, and Oracle. **Bullish:** strategic alliances support long-term growth.

**Ownership Changes:** Fire Capital reduced holdings, while other firms increased positions. **Net Neutral:** mixed ownership signals.

**Stock Performance:** Shares fell 6.7%, 4%, and 3.6% in pre-market and regular trading. **Bearish:** significant sell-off despite year-to-date gains.

**Net Tilt:** **Bearish** due to sharp price drops and competition fears, despite strong earnings and strategic partnerships."
2025-11-26,32,"**Bullish Signals:**
- **Revenue Growth:** QoQ revenue up 62.5%.
- **Earnings Beat:** Reported EPS of $0.81.
- **Price Target Upgrades:** JPMorgan ($250→$270), Citigroup ($220→$270), Stifel Nicolaus ($212→$250), Susquehanna ($230→$250), Mizuho ($235→$245), Rosenblatt Securities ($240→$245).
- **Analyst Upgrades:** Zacks upgraded stock rating.
- **Partnerships:** Microsoft partnership announced.
- **Stock Performance:** Year-to-date gain of 32.4%.

**Bearish Signals:**
- **Stock Declines:** Pre-market slip, 7% drop, 2.6% close decline, 3% dip.
- **Insider Sell:** CFO Colette Kress sold shares.
- **Position Trimming:** One investor reduced stake.

**Net Tilt:** Bullish due to strong financials and multiple upgrades outweighing short-term declines."
2025-11-27,24,"**Bullish Signals:**
- **Revenue Beat:** Nvidia reported higher-than-expected revenue.
- **Price Target Upgrades:** Loop Capital, Barclays, Deutsche Bank, Bank of America, Wedbush, and Morgan Stanley all upgraded their price targets, with new ranges from $215-$350.
- **Ownership Increases:** Assetmark Inc. and Atria Investments Inc. increased their stakes.

**Bearish Signals:**
- **Stock Tumbles:** Nvidia stock tumbled.
- **Insider Sell:** Director John Dabiri sold 626 shares.
- **Decreased Ownership:** Advisorshares Investments LLC decreased holdings.

**Neutral Signals:**
- **Rating Reiterations:** UBS, Sanford C. Bernstein, Oppenheimer, and Cantor Fitzgerald maintained their ratings.
- **Dividend Announcement:** Nvidia announced a quarterly dividend.

**Net Tilt:** Mixed signals suggest caution; while upgrades and revenue beat are positive, insider sell and stock tumbles indicate potential near-term weakness."
2025-11-28,11,"**Revenue & Guidance:** Bullish. Nvidia reported another quarter of skyrocketing revenue and expects roughly $65 billion in sales next quarter.

**Product Release:** Bullish. RTX 5090 launched in Japan.

**Legal Issues:** Bearish. Facing class action lawsuit.

**Analyst Actions:** Mixed. Exane upgraded price target from $240 to $250; Da Davidson reiterated ""buy"" at $250.

**Partnerships & Promotions:** Bullish. Systems collaborates with NVIDIA; promotion on RTX 5080 Gaming PC.

**Layoffs & Stock Price:** Bearish. Nvidia stock dropped significantly post layoffs announcement; shares up 58% YTD.

**Net Tilt:** Mixed, but slightly bullish due to strong revenue and guidance, product launches, and analyst upgrades."
2025-11-29,8,"**Revenue Growth:** Bullish; Nvidia’s data center revenue surged 2,400% since 2021, and Q3 revenue jumped 22% to $57 billion.

**Price Target Upgrades:** Bullish; Seaport Global raised PT to $140 from $100, while Truist Financial increased PT to $255 from $228.

**Stock Price Movement:** Bearish; Nvidia stock dipped in November.

**Pricing Strategy:** Bearish; Nvidia is cutting product prices.

**Ownership Changes:** Mixed; Llc increased holdings by 2.6%, but Aviance sold shares. Net tilt slightly bearish due to recent stock dip and price cuts."
2025-11-30,21,"**Bullish Signals:**
- **Price Target Upgrades:** Citigroup ($220 → $270), JPMorgan ($215 → $250), Barclays ($240 → $275), KeyCorp ($250 → $275), Susquehanna ($230 → $250), Wolfe Research ($230 → $250), Rosenblatt Securities ($240 → $245), Citic Securities ($237 → $242).
- **Ownership Increases:** De, Inc., Management, Goldman Sachs Group Inc.
- **New Stake Acquisitions:** American Institute for Advanced Investment Management LLP, Llc, Ltd.

**Bearish Signal:**
- **Insider Sell:** CFO Colette Kress sold 20,000 shares.

**Net Tilt:** Bullish due to multiple upgrades and new stake acquisitions outweighing the single insider sell."
2025-12-01,47,"**Analyst Actions:** Bullish. Multiple upgrades: Wedbush to $230, Morgan Stanley to $250, Mizuho to $245, Exane to $250. Average rating is Buy with a mean price target of $255.06.

**Partnerships & Product Releases:** Bullish. Nvidia announced strategic partnerships with Synopsys, HP Enterprise, L&T Technology Services, and Fanuc. Released new open-source software for self-driving cars and AI diagnostics platforms.

**Insider Activity & Ownership Changes:** Bearish. Director John Dabiri sold shares. SoftBank sold Nvidia stake. Ohio and UBS increased stakes.

**Stock Performance:** Mixed. Shares rose over 40%, then fell 15-20%. Current trend unclear due to conflicting signals.

**Net Tilt:** Net bullish due to multiple analyst upgrades and strategic partnerships outweighing insider sales and ownership decreases."
2025-12-02,47,"**Bullish Signals:**
- **Earnings Beat:** Nvidia reported Q3 results beating expectations with a net income of $31.9bn.
- **Revenue Guidance:** Q4 revenue expected to rise 66% YoY to $65bn.
- **Price Target Upgrades:** Loop Capital ($350→$250), Stifel Nicolaus ($212→$250), Deutsche Bank ($180→$215), Melius Research ($300→$320).
- **Revenue Growth:** Q3 Data Center sales up 56%.
- **Product Launch:** New AI models launched.
- **Partnerships:** Multiple partnerships announced, including with Ge HealthCare, Amazon, Hewlett Packard Enterprise, Fanuc, Ricloud, AWS, Mistral AI, and Aidoc.
- **Stock Performance:** Shares up 33.9% YTD, 27.4% in six months.

**Bearish Signals:**
- **Ownership Decrease:** BNY Mellon sold 10.7M shares.
- **Neutral Ratings:** UBS and Cantor Fitzgerald maintained ratings but did not upgrade.

**Net Tilt:** Bullish."
2025-12-03,12,"**Bullish Signals:**
- **Price Target Upgrades:** Seaport Global raised PT from $100 to $140; JPMorgan raised PT from $215 to $250.
- **Product Release:** Blackwell hardware launch imminent.
- **Analyst Bullishness:** Morgan Stanley remains bullish; Nvidia stock can gain 40%.
- **Partnerships:** Upwind and Classiq partnered with NVIDIA.
- **Award:** AWS awarded NVIDIA as Global GenAI Infrastructure and Data Partner of the Year.
- **Ownership Increase:** Amundi increased holdings by 16%.

**Bearish Signals:**
- **Insider Sale:** CFO Colette Kress sold 20,000 shares.
- **Rating Neutralization:** Seaport Global maintains ""Sell"" rating.

**Net Tilt:** Bullish, due to multiple upgrades and positive developments outweighing the single insider sale."
2025-12-04,23,"**Price Target Upgrades:** KeyCorp upgraded NVDA’s target price from $250.00 to $275.00; Truist Financial raised it from $228.00 to $255.00; Rosenblatt Securities increased it from $240.00 to $245.00. **Bullish**.

**Partnerships:** Multiple partnerships announced with Palantir, CenterPoint Energy, Fortanix, HPE, Upwind, and Fanuc. **Bullish**.

**Insider Sales:** Nvidia insider sold shares worth $2,341,117. **Bearish**.

**Product Support Discontinuations:** Nvidia ends Linux and GeForce support. **Bearish**.

**Stock Performance:** NVDA stock slid 13%. **Bearish**.

**Net Tilt:** Mixed signals but slightly **Bearish** due to insider sales, product discontinuations, and stock slide."
2025-12-05,32,"**Bullish Signals:**
- **Price Target Upgrades:** Citigroup raised PT from $220 to $270; Wolfe Research from $230 to $250; Mizuho from $235 to $245; Exane from $240 to $250.
- **Revenue Growth:** Reported 62% increase in overall sales.
- **Stock Surge:** Soared 400-500% on market debut.
- **Analyst Reaffirmation:** Sanford C. Bernstein reaffirmed ""buy"" rating.
- **Stake Increases:** Multiple firms increased stakes (Martin Investment, Los Angeles Capital).

**Bearish Signals:**
- **Embargo Proposal:** U.S. senators propose blocking NVDA’s Blackwell product.

**Neutral Signals:**
- **Demand Stability:** Server demand remains strong.
- **Mixed Ownership Changes:** Some firms increased stakes while others decreased (Asian Citrus Holdings).

**Net Tilt:** Bullish due to multiple upgrades and significant revenue growth outweighing the single bearish legislative proposal."
2025-12-06,5,"**Price Target Upgrades:** Deutsche Bank raised NVDA’s price target from $180 to $215 (bullish). Melius Research increased their target from $300 to $320 (bullish).

**Insider Sell:** John Dabiri, a director, sold 626 shares (bearish).

**Analyst Rating Neutral:** Needham maintained a “buy” rating with a $240 price target (neutral).

**Stock Price:** NVDA opened at $182.41 (no directional signal).

**Net Tilt:** Bullish due to multiple upgrades outweighing the insider sell."
2025-12-07,8,"**Insider Sell:** Director A Brooke Seawell sold 12,728 shares (Bearish).

**Price Target Upgrade:** Citic Securities raised PT from $237.00 to $242.00 (Bullish).

**Ownership Increases:** Llc increased holdings by 46.8%, Westpac Banking Corp by 1.7% (Bullish).

**Analyst Rating:** Da Davidson reaffirmed ""buy"" with $250.00 PT (Bullish).

**Dividend Announcement:** Quarterly dividend to be paid on Dec 26th (Neutral).

**Net Tilt:** Bullish."
2025-12-08,34,"**Bullish Signals:**
- **Price Target Upgrades:** JPMorgan, Morgan Stanley, and Exane all raised their price targets to $250.00.
- **Analyst Upgrades:** Sanford C. Bernstein and UBS maintained “buy” ratings.
- **Product Approvals:** US government approved NVIDIA’s H200 AI chip.
- **Strategic Partnerships:** NVIDIA partnered with LG and Synopsys.
- **Ownership Increases:** Nuveen LLC, Amundi, Goldman Sachs, and State Street increased stakes.
- **Stock Performance:** NVDA shares rose 2-3% multiple times, jumping nearly 3% in after-hours trading.

**Bearish Signals:**
- **US Sanctions:** NVIDIA faced US sanctions.
- **Market Share Loss:** AI chip market share expected to decline.

**Net Tilt:** Bullish due to multiple upgrades, approvals, partnerships, and strong stock performance outweighing sanctions and market share concerns."
2025-12-09,25,"**Bullish Signals:**
- **Revenue Boost:** Significant revenue increase.
- **Regulatory Approvals:** Multiple approvals for Nvidia’s H200 chip from US and Chinese regulators.
- **Analyst Upgrade:** Bank of America upgraded NVDA to $275 from $235.
- **Stock Gains:** NVDA shares surged post-Trump approval and after Q3 earnings.

**Bearish Signals:**
- **Insider Sell:** Nvidia director sold $63.6M in stock.
- **Stock Slump:** NVDA stock slumped 12.6% in November.
- **Earnings Guidance:** No chip sales to China forecasted.

**Net Tilt:** Mixed signals but regulatory approvals and revenue growth suggest a **Bullish** bias."
2025-12-10,36,"**Bullish Signals:**
- **Earnings:** NVDA reported record earnings for Q3 with EPS of $1.30.
- **Analyst Upgrades:** Deutsche Bank, Stifel Nicolaus, Susquehanna, Wolfe Research, and Rothschild & Co Redburn all raised price targets to $215-$250.
- **Product Launches:** NVDA unveiled new AI chips and additional products.
- **Regulatory Approvals:** US approved NVDA’s advanced chips and H200.
- **Buy Recommendations:** Jim Cramer and Zacks Research recommend buying NVDA.
- **Increased Ownership:** Multiple firms increased stakes in NVDA.

**Bearish Signals:**
- **Share Sales:** NVDA director Mark A. Stevens sold 350,000 shares.
- **Stock Price Drops:** NVDA shares dipped 0.96% to $182.02 on Wednesday.

**Net Tilt:** Bullish due to strong earnings, multiple upgrades, and product approvals outweighing minor share sales and price dips."
2025-12-11,19,"**Bullish Signals:**
- **Price Target Upgrades:** Truist Financial raised PT from $228 to $255; Citigroup from $220 to $270; Wedbush from $210 to $230.
- **Regulatory Approvals:** US approved NVIDIA’s H200 processor export to China.
- **Product Launch:** NVIDIA unveiled location verification tech for AI chips.
- **Ownership Increases:** Connective Capital Management, Ltd., and Amundi increased stakes.

**Bearish Signals:**
- **Stock Price Decline:** NVIDIA’s stock dropped 3.44%, falling 3.6% in morning trading.
- **Regulatory Investigation:** Regulator questioned NVIDIA about potential issues.
- **Stake Buy:** Choreo LLC bought NVIDIA shares but no significant impact noted.

**Net Tilt:** Mixed, but slightly bullish due to multiple upgrades and regulatory approvals outweighing minor stock price declines."
2025-12-12,24,"**Bullish Signals:**
- **Earnings Growth:** Earnings expected to grow by 57%. 
- **Price Target Upgrades:** Morgan Stanley upgraded price target from $235.00 to $250.00; Mizuho from $235.00 to $245.00.
- **Market Share Gain:** Nvidia grew data center market share.
- **Supply Increase:** Nvidia considering increasing output.
- **Stock Potential:** Nvidia stock could double in 2026.
- **Ownership Increases:** Multiple firms increased holdings.

**Bearish Signals:**
- **Stock Drops:** Pre-market and reported drops in share price.
- **Insider Sales:** EVP Debora Shoquist and Director John Dabiri sold shares.
- **Ownership Decreases:** Thematics Asset Management sold shares.

**Net Tilt:** Mixed signals suggest caution."
2025-12-13,16,"**Bullish Signals:**
- **Price Target Upgrades:** KeyCorp upgraded from $250.00 to $275.00; Deutsche Bank from $180.00 to $215.00; Susquehanna from $230.00 to $250.00.
- **Supply Guidance Increase:** Nvidia plans to increase H200 and AI chip production amid China demand.
- **Partnerships:** Cadence and AWS are partnering with Nvidia.
- **Ownership Increases:** Alden Global Capital and another entity increased holdings.
- **Investment:** Nvidia invested $2 billion in Synopsys.

**Bearish Signals:**
- **Neutral Ratings:** Sanford C. Bernstein and Oppenheimer maintained existing ratings without changes.

**Net Tilt:** Bullish due to multiple upgrades and production increases outweighing neutral ratings."
2025-12-14,11,"**Analyst Ratings & Price Targets:** Bullish. Consensus rating upgraded to ""Buy."" Melius Research raised PT to $320.00; Exane raised PT to $250.00.

**Insider Activity:** Bearish. CEO Huang, CFO Kress, and Director Stevens sold shares (75k, 30.5k, 350k respectively).

**Institutional Ownership:** Mixed. Goldman Sachs increased holdings by 123.5%, while management reduced holdings by 4.7%.

**Other:** Bullish. Headlands Technologies LLC purchased NVIDIA shares.

**Net Tilt:** Neutral with a slight bullish bias due to analyst upgrades and institutional buying outweighing insider selling."
2025-12-15,36,"**Bullish Signals:**
- **Price Target Upgrades:** Truist Financial ($255.00), Barclays ($275.00), Stifel Nicolaus ($250.00), Rothschild & Co Redburn (unspecified).
- **Earnings Estimate Upgrade:** Fy2026 EPS estimates lifted.
- **Regulatory Approval:** U.S. approval of Nvidia H200 AI chip.
- **Product Launches:** New open-source AI models, third-generation Nemotron AI models, B200 supercomputer deployment.
- **Supply Increase:** Green light to sell H200 chips in China, production ramp considered.
- **Ownership Increase:** Capital Research Global Investors increased stake by 16.1%.

**Bearish Signals:**
- **Insider Sales:** EVP Debora Shoquist sold shares worth $41.4M.

**Net Tilt:** Bullish due to multiple upgrades, approvals, and product launches outweighing insider sales."
2025-12-16,9,"**Acquisition:** Nvidia acquires SchedMD to enhance AI capabilities (Bullish).  
**Analyst Action:** Rosenblatt Securities upgrades NVDA price target from $240 to $245 (Bullish).  
**Ownership Increase:** Llc increases stake in NVDA by 30.7% (Bullish).  
**Stock Performance:** NVDA shares down 0.5% at $175.50 (Bearish).

NET TILT: Bullish."
2025-12-17,16,"**Price Target Upgrades:** Seaport Global Securities ($100 → $140), Wolfe Research ($230 → $250), Melius Research ($300 → $320), Mizuho ($235 → $245) – **Bullish**.

**Supply Guidance:** Expected reduction in GeForce GPU production – **Bearish**.

**Insider Sales:** Management sold 3,247 shares; Nvidia director sold $44.3M in stock – **Bearish**.

**Ownership Changes:** State Street Corp increased stake by 1.0%; Inc. increased holdings by 169.3%; Partners reduced position by 3.7%; Management reduced stake – **Mixed**.

**Analyst Ratings:** Sanford C. Bernstein reiterated ""buy""; Oppenheimer reissued ""outperform"" with $265 price target – **Bullish**.

**Stock Movement:** NVDA opened at $177.72 – **Neutral**.

**Net Tilt:** Bullish, with significant upgrades and positive analyst ratings offsetting bearish supply and insider sales signals."
2025-12-18,27,"**Bullish Signals:**
- **Price Target Upgrades:** Loop Capital ($350→$350), Barclays ($240→$275), Stifel Nicolaus ($212→$250), Tigress Financial ($280→$350), Wedbush ($210→$230).
- **Revenue Growth:** Q3 revenue up 22% to $57 billion.
- **Product Launch:** Nemotron 3 models launched.
- **Collaborations:** Expanded partnership with Synopsys.
- **Investment:** $1.5 billion investment in Israel.
- **Analyst Ratings:** ""Strong Buy"" recommendation.
- **Stock Performance:** NVDA stock climbed 27%.

**Bearish Signals:**
- **Insider Sales:** Director Harvey C. Jones sold 250,000 shares; EVP Debora Shoquist sold 80,000 shares.
- **Public Offering:** Board member sold $44m shares.
- **Stock Decline:** NVDA down 3.8%, opening at $170.94.

**Net Tilt:** Bullish, driven by strong analyst upgrades and revenue growth, despite insider sales and recent stock decline."
2025-12-19,26,"**Bullish Signals:**
- **Analyst Ratings & Price Targets:** Average rating is Buy; mean price target is $259.76. Truist upgraded price target to $275 from $255.
- **Earnings & Revenue:** Q3 FY26 results beat expectations. Revenue from China increased.
- **Analyst Upgrades:** Zacks Research raised Q1 2028 EPS estimates.
- **Partnerships:** Multiple partnerships announced, including with CloudThat, Fanuc, and Friendliai.
- **Stock Performance:** NVDA stock gained significantly, rising nearly 2% on early Friday.

**Bearish Signals:**
- **Regulatory Investigation:** US reportedly reviewing Nvidia’s AI chips.
- **Stock Losses:** NVDA stock experienced a crash in 2026.

**Net Tilt:** Bullish, due to strong analyst support, earnings beats, and multiple partnerships outweighing regulatory concerns."
2025-12-20,21,"**Bullish Signals:**
- **Price Target Upgrades:** Seaport Global Securities raised target from $100 to $140; KeyCorp raised from $250 to $275.
- **Product Launches:** Nvidia unveiled new AI chips.
- **Ownership Increases:** Multiple institutions increased stakes, including Nuveen LLC with a significant $15B investment.
- **Analyst Ratings:** Needham, DZ Bank, and DA Davidson reaffirmed “buy” ratings.
- **Stock Performance:** NVDA shares up 3.9% after upgrades, 1.9% on Thursday.

**Bearish Signals:**
- **Ownership Decrease:** SAS reduced stake by 12.6%.

**Net Tilt:** Bullish, with strong analyst upgrades, product launches, and institutional buying outweighing the single ownership reduction."
2025-12-21,12,"**Price Target Upgrades:** Bullish. Wolfe Research raised PT from $230 to $250; Truist from $255 to $275; Morgan Stanley from $235 to $250; Mizuho from $235 to $245; Rosenblatt Securities from $240 to $245.

**Insider Sales:** Bearish. Director Mark A. Stevens sold 350,000 shares; CEO Jen Hsun Huang sold 75,000 shares.

**Ownership Changes:** Mixed. One firm increased holdings by 15.7%, while two firms decreased stakes. Overall, net tilt is slightly bearish due to insider sales and stake reductions.

**Stock Forecast:** Bullish. Analyst predicts NVDA stock will double in 2026."
2025-12-22,22,"**Bullish Signals:**
- **Price Target Upgrades:** Citigroup ($270 → $220), Deutsche Bank ($215 → $180), Susquehanna ($250 → $230), Exane ($250 → $240).
- **Collaboration:** Intel and Nvidia plan to develop next-gen chips.
- **Production Increase:** Nvidia plans to boost production capacity.
- **Stock Gains:** Shares rose following China news and FTC developments, up 1.83% to $184.29.
- **Stake Increases:** State Street Corp increased holdings by 1.0%, and multiple firms purchased shares.

**Bearish Signals:**
- **Supply Guidance Decrease:** RTX 5060 Ti 16GB production may halt.
- **Insider Sales:** CFO Colette Kress and EVP Debora Shoquist sold shares.

**Net Tilt:** Bullish, with strong analyst upgrades and production increases offsetting supply concerns and insider sales."
2025-12-23,16,"**Price Target Upgrades:** Stifel Nicolaus upgraded NVDA’s price target from $212.00 to $250.00; Truist Financial raised it from $255.00 to $275.00 (Bullish).

**Revenue Growth:** NVDA reports doubling its sales (Bullish).

**Product Launches:** New AI chips launched, H20 chips now available in China (Bullish).

**Share Price Movement:** NVDA shares crashed but later rose 1.5% (Mixed).

**Insider Activity:** Significant insider sale worth $4.4M (Bearish).

**Regulatory Review:** US lawmakers push for Nvidia review (Neutral-Bearish).

**Investment:** NVDA plans a $1.5B server farm investment in Israel (Bullish).

**Analyst Ratings:** UBS maintained a “buy” rating; Cantor Fitzgerald reiterated “overweight” with a $300.00 target (Bullish).

**Stake Acquisition:** A group acquired 3,179 NVDA shares (Neutral-Bullish).

Net Tilt: **Bullish**."
2025-12-24,16,"**Bullish Signals:**
- **Price Target Upgrades:** KeyCorp, Barclays, and Morgan Stanley raised price targets to $275.00, $275.00, and $250.00 respectively.
- **Acquisition:** Nvidia acquiring Groq for $20 billion, boosting AI chip sales.
- **Demand Increase:** Company reports higher product demand.
- **Stock Performance:** NVDA stock up 31% in 2025.
- **Institutional Buying:** Nuveen LLC, Goldman Sachs, and LLC significantly increased holdings.

**Bearish Signals:**
- **Institutional Selling:** Voya Investment Management sold 3.68 million shares.

**Net Tilt:** Bullish due to multiple upgrades, acquisitions, and strong institutional buying outweighing the single sell-off."
2025-12-25,22,"**Analyst Upgrades:** JPMorgan, Citigroup, Wedbush, Susquehanna, and Melius Research upgraded NVDA’s price targets to $250.00, $270.00, $230.00, $250.00, and $320.00 respectively (Bullish).

**Acquisition:** NVDA agreed to buy Groq for $20B, licensing Groq’s AI tech to bolster inference dominance (Bullish).

**Insider Sales:** Multiple insiders sold shares, including A Brooke Seawell, Mark A. Stevens, Colette Kress, and Harvey C. Jones (Bearish).

**Hirings & Facility:** NVDA hired Groq engineers and created a new location (Bullish).

**Ownership Changes:** Various funds adjusted positions—Invesco increased holdings by 20.3%, while Gestion, Central Bank & Trust Co., and Astoria Portfolio Advisors decreased holdings (Mixed).

**Net Tilt:** Bullish due to strong analyst upgrades and strategic acquisitions, offset by insider sales."
2025-12-26,39,"**Bullish Signals:**
- **Analyst Upgrades:** Bank of America upgraded NVDA to “Buy.” Seaport Global Securities raised PT to $140.00, Wolfe Research to $250.00, Truist Financial to $275.00, Exane to $250.00, and Citic Securities to $242.00.
- **Revenue Growth:** Q4 revenue hit a record $57 billion.
- **Acquisitions:** Largest acquisition made, likely boosting future growth.
- **Partnerships:** Collaboration with Groq.
- **Insider Buying:** Perpetual Ltd increased holdings by 18.7% in Q3.

**Bearish Signals:**
- **Insider Sales:** Huang and Debora Shoquist sold shares.
- **Product Discontinuation:** Pascal support dropped on Linux.
- **Competition:** Rising competition noted.

**Net Tilt:** Bullish due to multiple analyst upgrades and strong revenue growth outweighing insider sales and product discontinuations."
2025-12-27,8,"**Revenue and Earnings:** Bullish. Nvidia beat Q3 revenue and EPS estimates, with Q4 guidance at $65.6B.

**Product Launch:** Bullish. RTX 50 series graphics cards were launched this year, driving potential demand.

**Share Price Movement:** Bearish. Shares fell despite positive news, possibly due to profit-taking.

**Analyst Actions:** Neutral. Robert W. Baird maintained ""outperform"" rating.

**Institutional Ownership:** Bullish. State Street Corp increased its stake by 1.0%.

**Price Target and Outlook:** Bullish. Analysts suggest Nvidia stock is ripe for gains in 2026.

**Net Tilt:** Bullish, with mixed signals on immediate price movement but strong fundamentals and positive outlook."
2025-12-28,15,"**Price Target Upgrades:** Loop Capital upgraded NVDA’s price target from $250.00 to $350.00 (Bullish). Barclays raised it from $240.00 to $275.00 (Bullish). Stifel Nicolaus increased it from $212.00 to $250.00 (Bullish). Wedbush upped it from $210.00 to $230.00 (Bullish).

**Insider Activity:** Director A Brooke Seawell sold 12,728 shares (Bearish).

**Ownership Changes:** Nuveen LLC bought a new stake worth $15.09 billion (Bullish). Capital Research Global Investors raised its position by 16.1% (Bullish). Generali sold shares (Bearish).

**Reorganization:** NVDA reorganized its cloud division (Neutral).

**Net Tilt:** Bullish due to multiple upgrades and significant buying interest."
2025-12-29,35,"**Bullish Signals:**
- **Price Target Upgrades:** KeyCorp, Citigroup, Deutsche Bank, Truist Financial, and Melius Research all upgraded price targets, with new ranges from $215-$320.
- **Acquisitions:** Nvidia completed a $5B purchase of Intel assets and agreed to acquire Groq’s assets.
- **Partnerships:** Nvidia partnered with Intel and Rohm.
- **Analyst Ratings:** UBS remains bullish, and Goldman Sachs increased holdings by 123.5%.

**Bearish Signals:**
- **Stock Performance:** Shares slipped post-Intel acquisition, down 12% since October, and fell nearly 1% on Wednesday.
- **Insider Sell:** Director Mark A. Stevens sold 222,500 shares.
- **Regulatory Investigation:** US probes Nvidia buyers.

**Net Tilt:** Mixed, but slightly **Bullish** due to multiple upgrades and acquisitions outweighing short-term performance concerns."
2025-12-30,17,"**JPMorgan upgraded NVDA’s price target to $250 from $215, while Da Davidson and Robert W. Baird maintained “buy” ratings with targets of $250 and $275 respectively.** (Bullish)

**Nvidia acquired Groq for $20B and is in advanced talks to buy AI21 Labs for up to $3B.** (Bullish)

**RTX 5070 Ti saw a price drop.** (Bearish)

**Llc increased its stake in NVDA by 2.2%.** (Bullish)

**Shares slipped despite a 0.2% gain to $188.59.** (Net Neutral)"
2025-12-31,19,"**Acquisitions:** Bullish - Nvidia nears $3B acquisition of AI21 Labs, previously rumored interest in AI21; earlier acquired Deci and Run:ai.

**Government Contracts:** Bullish - China orders millions of Nvidia AI chips.

**Stock Performance:** Mixed - Nvidia shares rose 1%, but also saw a $20B drop at some point.

**Product Pricing:** Bearish - RTX 5090 prices to soar to $5000, indicating high demand but potential to dampen sales.

**Supply and Production:** Bullish - Nvidia ramps up H200 production and asks TSMC to increase output.

**Analyst Ratings:** Neutral - Cantor Fitzgerald reiterated ""overweight"" with $300 PT, Needham reissued ""buy"" with $240 PT.

**Ownership Changes:** Mixed - LLC significantly increased holdings, while Anderson Hoagland & Co sold shares.

**Workforce Expansion:** Bullish - Nvidia expanding AI workforce in Israel."
