date,n_headlines,summary
2023-01-02,3,"Revenue growth: Bullish, Q4 revenue up 13.2% YoY. Ownership: Mixed, JPMorgan增持7.7%, but Vermont sold 200 shares. Net: Slightly bullish due to revenue beat and major institutional support."
2023-01-05,3,"**Bullish Ownership Increase:** Baird Financial Group Inc. increased its position in WD-40 by 3.0% in Q2, while DE boosted its position by 3.2% in Q1.

**Neutral Stock Price:** WD-40 stock opened at $161.18 on Thursday.

**Net Tilt:** Bullish due to significant ownership increases by institutional investors."
2023-01-06,2,"**Ownership Decrease:** Hancock Whitney Corp sold 1,431 shares of WDFC (bearish). This indicates some institutional holders may be reducing their positions.

**Stock Price Movement:** WDFC opened at $162.59 on Friday with no significant change (neutral).

**Net Tilt:** Bearish due to ownership decrease, but stock price movement is neutral."
2023-01-08,9,"**Ownership Increase:** Bullish. Marshall Wace LLP, Captrust Financial Advisors, and Sei Investments Co. have all increased their stakes in WDFC.

**Stock Performance:** Bearish. Shares opened at $161.13, down slightly from previous close.

**Earnings Announcement:** Neutral. WDFC set to announce Q1 earnings on Jan 9th, with no specific earnings beat/miss signals provided.

**Dividend Declaration:** Neutral. Quarterly dividend declared, payable on Jan 31st.

**Net Tilt:** Mixed signals; ownership increases bullish, stock performance bearish."
2023-01-09,16,"**Earnings Miss:** WDFC reported Q1 EPS of $1.02, missing the consensus of $1.09 by 6.42%, and revenue of $124.89M, below the expected $140.73M by 11.25%. **Bullish:** Profit was $14M, and EPS was $1.02. **Bearish:** Guidance unchanged, sales fell, and the stock dropped 8%. **Neutral:** Buyback approval noted. **Net Tilt:** Bearish due to significant misses and stock decline."
2023-01-10,26,"**Revenue and Earnings Down:** Q1 revenue dropped 7.3% YoY to $124.89M, missing consensus. EPS fell to $1.02, below expectations. Q1 pre-tax profit and EBIT also declined. **Bullish:** FY23 revenue guidance met expectations at $545M-$570M vs. $545.93M consensus. **Bearish:** Revenue guidance for Q1 was lowered. **Mixed:** Analysts' actions show mixed sentiment with Da Davidson upgrading price target to $207 but insider Geoffrey Holdsworth selling shares. **Neutral:** EPS guidance unchanged at $5.09-$5.24. **Net Tilt:** Bearish due to revenue and earnings misses, despite some positive actions."
2023-01-11,5,"**Earnings Below Expectations:** WDFC missed EPS expectations, reporting $0.74 vs. expectations. **Bullish:** Citigroup Inc. increased its position by 5.3%, and MetLife Investment Management LLC boosted holdings by 57.7%. **Neutral:** Dividend announcement noted but no specific details provided. **Net Tilt:** Bearish due to earnings miss, offset slightly by institutional buying."
2023-01-12,4,"**Insider Buy & Ownership Changes:**  
- **Bullish:** CEO Steven A. Brass bought 632 shares (Oct 26).  
- **Mixed:** JPMorgan Chase increased stake by 7.7%, while Handelsbanken Fonder reduced by 10.5%.  
- **Bullish:** WDFC stock up 3.1%.

NET TILT: SLIGHTLY BULLISH due to insider buy and positive stock movement, despite mixed institutional ownership signals."
2023-01-13,11,"**Earnings:** BWS Financial downgraded FY2023 EPS to $5.24 (bearish). WD-40 reported Q4 EPS of $1.34, beating estimates (bullish). Jefferies upgraded Q2 2023 EPS to $1.01 (bullish).

**Revenue:** Revenue missed Q4 expectations at $124.89M vs. $140.70M consensus (bearish). Revenue declined 7.3% YoY (bearish).

**Ownership:** Llc increased holdings by 280% in Q3 (bullish). Quantbot Technologies initiated a new stake in Q2 (bullish).

**Net Tilt:** Mixed signals with revenue and ownership trends bullish but earnings and revenue outlook bearish."
2023-01-14,13,"**Earnings Estimate Downgrade:** BWS Financial downgraded FY2023 EPS estimate to $0.62 (bearish).

**Insider Activity:** Director Geoffrey Holdsworth and Patricia Q. Olsem sold shares (bearish).

**Institutional Ownership Changes:** Multiple institutions increased stakes (Goldman Sachs, Cubist, State Street, First Trust) while Cambridge Investment Research Advisors reduced stake (mixed, net slightly bearish).

**Analyst Actions & Predictions:** Da Davidson provided Q2 2023 EPS estimates; consensus predicts $5.24 EPS for FY2023 (neutral).

**Net Tilt:** Bearish due to downgrade and insider sales outweighing institutional buying."
2023-01-15,3,"**Institutional Ownership Changes:**  
- **Bullish:** Blackrock Inc. increased holdings in WDFC by 1.2% in Q1. Principal Financial Group Inc. raised holdings by 7.5% in Q2.  
- **Bearish:** Truist Financial Corp. sold shares of WDFC.  
**Net Tilt:** Bullish due to larger increases from major institutions outweighing the sell-off."
2023-01-20,6,"**Insider & Institutional Buying:** Bullish. CEO Steven A. Brass purchased 586 shares, while Goldman Sachs, Cubist Systematic Strategies, and State Street increased their stakes.

**Revenue Decline:** Bearish. Q4 revenue fell 7.3% YoY.

**Earnings Forecast:** Neutral. Analysts predict EPS of $5.19 for the current year.

**Net Tilt:** Mixed signals with insider and institutional buying offsetting the revenue decline."
2023-01-21,1,"**Ownership Update:** Janney Montgomery Scott LLC increased its position in WD-40 (WDFC) to $690,000. **Direction:** Bullish. Evidence: Institutional ownership increase suggests confidence in the stock.

---

No other trading-relevant signals were provided in the given headline."
2023-01-22,5,"**Earnings:** WD-40 reported EPS of $1.34, beating expectations. **Bullish.**

**Ownership Increase:** Llc significantly increased its stake in WD-40, growing holdings by 280% in Q3 and purchasing a new stake in Q2. **Bullish.**

**Stock Performance:** WDFC stock gained 5.2%. **Bullish.**

**Net Tilt:** Strongly Bullish."
2023-01-23,5,"**Ownership Increases:** Raymond James & Associates increased its stake by 13.3%, Blackrock Inc. by 1.2%, and Principal Financial Group Inc. by 7.5%. **Bullish**, as major investors boosting stakes indicates confidence.

**Price Target Upgrade:** Da Davidson raised its price target from $205.00 to $207.00. **Bullish**, suggesting higher valuation expectations.

**Stock Price:** Opened at $176.71. Neutral, but within range of recent upgrades.

**Net Tilt:** Bullish, with multiple ownership increases and a price target upgrade outweighing neutral price action."
2023-01-25,4,"**Ownership Increase:** 
- **Bullish:** Inc. increased its position by 6.8% in Q3, and Baird Financial Group Inc. increased holdings by 3.0% in Q2.
- **Bullish:** Inc. acquired 83 new shares.

**Earnings Estimate:**
- **Neutral:** Analysts expect EPS of $5.19 for the current year.

NET TILT: Bullish due to multiple ownership increases with no conflicting signals."
2023-01-26,5,"**Insider Buy & Ownership Increase:** Bullish. CEO Steven A. Brass acquired 586 shares, indicating confidence. Llc also increased its stake.

**Revenue Decline:** Bearish. Q4 revenue fell 7.3% YoY.

**Price Target Upgrade:** Bullish. Da Davidson raised PT from $205 to $207.

**Stock Performance:** Bearish. Shares opened at $173.37, down slightly from previous close.

**Net Tilt:** Mixed signals with insider buys and PT upgrade vs. revenue miss and stock dip."
2023-01-27,1,"**Ownership Decrease:** Los Angeles Capital Management LLC reduced its holdings in WDFC. **Direction: Bearish**. Evidence: Institutional investor reducing stake suggests lack of confidence in near-term prospects.

**Net Tilt:** Bearish."
2023-02-02,8,"WD-40 Co. reported EPS of $1.34, beating estimates. Bullish. Insider Patricia Q. Olsem sold 625 shares, bearish. JPMorgan Chase increased holdings by 7.7%, bullish. SG Americas Securities reduced stake and sold 1,824 shares, bearish. Net tilt slightly negative due to mixed ownership signals. Analysts forecast EPS of 5.19 for FY, neutral. Open price at $178.12, neutral."
2023-02-03,2,"**Ownership Decrease:** First Republic Investment Management Inc. cut its stake in WDFC, signaling **bearishness** (ownership reduction often indicates lack of confidence).

**Stock Performance:** Despite the ownership decrease, WDFC stock gained 4.6%, indicating **bullishness** from other investors.

**Net Tilt:** Mixed signals with ownership decrease vs. positive stock performance."
2023-02-04,1,"**Ownership Increase:** Llc increased its holdings in WD-40 by 280.0% in Q3.  
**Direction:** Bullish  
**Evidence:** Significant increase in ownership suggests confidence in the stock’s future performance.

No conflicting signals present. Net tilt is bullish."
2023-02-06,6,"**Insider Activity & Ownership Changes:** Bearish - Patricia Q. Olsem sold 438 shares, while Prudential Financial Inc. reduced holdings by selling 149 shares. Bullish - Llc and Quantbot Technologies LP initiated new positions.  
**Earnings Estimate:** Neutral - Analysts expect EPS of $5.19 for the current year.  
**Stock Price:** Neutral - WDFC opened at $181.46 on Monday.  
**Net Tilt:** Slightly Bearish due to insider and institutional selling."
2023-02-07,3,"Blackrock increases position in WDFC, bullish on ownership trend. Q4 revenue hits $555MM, inline with expectations, neutral impact. WDFC declares $0.83 dividend, positive for shareholders. No conflicting signals present. Net tilt: **Bullish**."
2023-02-08,7,"**Insider and Institutional Buying:** Bullish. CEO Steven A. Brass purchased 586 shares, while multiple institutions increased their stakes: Llc upped holdings by 3.9%, Blackrock by 1.2%, State Street by 0.7%, First Trust by 27.4%, and Principal Financial by 7.5%. Barclays also bought 1,064 shares. Net direction is strongly bullish with consistent buying signals from insiders and major investors."
2023-02-09,10,"**Insider Activity:** Bearish; Patricia Q. Olsem sold 438 shares, while Texas sold 195 shares. Bullish: M&T Bank Corp increased holdings by 12.4%, and Quantbot Technologies LP and Td Asset Management Inc. initiated positions.

**Revenue & Earnings:** Bearish; Q revenue $124.89M vs. est. $140.70M, missing by $15.81M. EPS forecasted at 5.19 for the year.

**Ownership Changes:** Mixed; Texas reduced stake, while M&T Bank and Quantbot Technologies increased holdings, and Td Asset Management initiated a position.

**Stock Performance:** Bearish; WDFC stock down 2.3%.

**Net Tilt:** Bearish."
2023-02-13,3,"**Ownership Changes:**  
- **Bullish:** Fifth Third Bancorp increased its stake in WDFC by 24.0% in Q2.  
- **Bullish:** An unnamed LLC increased its position by 6.9% in Q3.  
- **Bearish:** A system sold 560 shares of WDFC.  

**Net Tilt:** Bullish due to significant institutional buying outweighing the smaller sell-off."
2023-02-14,5,"**Ownership Increase:** Multiple institutional investors increased their stakes in WDFC: LP upped holdings by 27.4%, Goldman Sachs by 36.7%, and Cubist Systematic Strategies by 161.1%. **Bullish**.

**Earnings Estimate:** Analysts predict EPS of $5.19 for the current year. **Neutral**.

**Stock Price:** WDFC opened at $178.65 on Tuesday. **Neutral**.

NET TILT: **Bullish** due to significant ownership increases."
2023-02-17,9,"**Insider Trading:** CEO Steven A. Brass bought 586 shares (bullish), while insider Patricia Q. Olsem sold 438 shares (bearish). **Net Tilt:** Mixed.

**Institutional Ownership:** Llc increased its stake by 280% in Q3 (bullish), Quantbot Technologies LP and another Llc acquired new stakes in Q2 and Q3 respectively (bullish).

**Revenue Performance:** Revenue of $124.89M missed estimates by $15.81M (bearish), down 7.3% YoY (bearish).

**New Stake Acquisitions:** Inc. purchased 69 shares (bullish).

**Stock Price:** Opened at $175.00 (neutral).

**Net Tilt:** Bearish due to revenue miss and decline, offset by bullish institutional activity."
2023-02-22,3,"**Institutional Ownership Increase:** Baird Financial Group increased holdings by 3.0% in Q2, while both Inc. and Bessemer Group increased holdings by 2.5% in Q3. **Bullish** on investor confidence and potential support for share price."
2023-02-27,8,"**Insider Activity & Ownership Changes:**  
- **Bearish:** Patricia Q. Olsem sold 438 shares. Renaissance Technologies LLC sold 42,300 shares.  
- **Bullish:** Blackrock Inc., State Street Corp, First Trust Advisors LP, Principal Financial Group Inc., and an unnamed LLC increased their positions.  

**Price Movement:**  
- **Bearish:** WDFC traded down 1.1%.  

**Net Tilt:** Mixed signals with significant insider selling offset by major institutional buying."
2023-02-28,6,"**Insider & Institutional Buying:** Bullish. CEO Steven A. Brass acquired 586 shares, while Fifth Third Bancorp and Quantbot Technologies LP increased their stakes by 24.0% and 1,370.4%, respectively.

**Revenue Decline:** Bearish. Revenue fell 7.3% YoY.

**Earnings Data:** Neutral. Earnings were reported on Jan 9th, with analysts expecting EPS of 5.19 for FY.

**Net Tilt:** Mixed signals with insider/institutional buying offsetting revenue decline."
2023-03-01,2,"**Ownership Increase:**  
- **Bullish**: Envestnet Asset Management Inc. increased its stake in WDFC by 1.7%, indicating institutional confidence.
- **Bullish**: Pdt Partners LLC took a new position in WDFC, suggesting renewed interest from investment firms.

NET TILT: Bullish."
2023-03-04,9,"**Insider Activity:** Bearish; Patricia Q. Olsem sold 438 shares.  
**Institutional Ownership:** Bullish; Llc, Blackrock Inc., State Street Corp, First Trust Advisors LP, and Principal Financial Group Inc. increased holdings. Envestnet Asset Management Inc. sold 283 shares. Tower Research Capital LLC TRC acquired 829 shares.  
**Earnings Estimate:** Neutral; analysts forecast EPS of 5.19 for the current year."
2023-03-06,2,"**Ownership Increase:** Bullish. Metlife Investment Management LLC increased its holdings in WDFC by 57.7% in Q1, indicating institutional confidence. Hsbc Holdings PLC maintains a significant stake worth $547,000, suggesting continued interest from major investors.

**Net Tilt:** Bullish. Institutional buying is a positive signal for WDFC."
2023-03-07,4,"**Ownership Increases:** State Street Corp increased its position by 0.7%, Principal Financial Group Inc. by 7.5%, and another LLC by 3.9% and 82 shares respectively (Bullish). Institutional buying indicates confidence in WDFC’s future performance.

**Net Tilt:** Bullish."
2023-03-10,8,"**Ownership Changes:** Bullish - Blackrock Inc., First Trust Advisors LP, and Goldman Sachs Group Inc. increased their positions in WDFC by 1.2%, 27.4%, and 36.7% respectively. Bearish - Martingale Asset Management and Federated Hermes Inc. decreased their holdings. **Price Action:** Bearish - WDFC opened at $168.70 on Friday, down from previous levels. **Net Tilt:** Mixed signals with some large institutional investors increasing their stakes but others reducing theirs, while the stock price opened lower."
2023-03-13,2,"**Ownership Changes:**  
- **Bullish:** Quantbot Technologies LP increased its stake in WDFC by 1,370.4% in Q3, indicating strong confidence in the stock.  
- **Bearish:** Nuveen Asset Management LLC sold 6,093 shares, suggesting some institutional doubt.  
**Net Tilt:** Mixed signals, but significant large increase from Quantbot suggests overall positive sentiment."
2023-03-14,3,"**Ownership Changes:** 
- **Bullish:** Llc increased its stake in WDFC by 280.0%, indicating confidence.
- **Bearish:** Inc sold 1,310 shares, suggesting some investors are less optimistic.

**Stock Performance:**
- **Bullish:** WDFC stock gained 0.6%, reflecting positive market sentiment.

**Net Tilt:** Mixed signals with a slight bullish bias due to significant stake increase and stock gain."
2023-03-15,3,"**Ownership Changes:**  
- **Bullish:** JPMorgan Chase & Co. increased its stake in WDFC by 7.7% in Q1, indicating institutional confidence.  
- **Bearish:** LLC reduced its stake by 1.2% in Q3, suggesting some institutional doubt.

**Earnings Forecast:**  
- **Neutral:** Analysts predict EPS of $5.19 for the current fiscal year, providing a baseline but no directional shift.

**Net Tilt:** Mixed signals with a slight bullish bias due to the recent significant stake increase by JPMorgan."
2023-03-21,3,"**Earnings Growth:** Bullish. WDFC reported a five-year earnings growth rate of 0.64, indicating sustained profitability.

**Stock Performance:** Bullish. The stock price has risen 36% over the past five years, signaling investor confidence.

**Dividend Stability:** Neutral. The company maintained its quarterly dividend at $0.83, showing commitment to shareholder returns but no change in payout.

**Net Tilt:** Bullish. Despite neutral dividend stability, strong earnings growth and significant stock appreciation suggest positive momentum."
2023-03-22,1,"WDFC announced a quarterly dividend on March 21, 2023. This is **bullish** as it indicates financial stability and confidence in future earnings. No specific dividend amount was provided in the headline.

No other trading-relevant signals were mentioned in the given headlines."
2023-03-27,4,"**Ownership Changes:**  
- **Bullish:** Llc increased stake by 280% in Q3, indicating confidence.  
- **Bearish:** Llc sold 2,355 shares, reducing stake slightly.  
- **Bullish:** Quantbot Technologies initiated a new position in Q2.

**Revenue Performance:**  
- **Bearish:** Revenue down 7.3%, signaling weaker demand or operational issues.

**Net Tilt:** Mixed signals with some bullish ownership increases offset by revenue decline and a slight reduction in stake by one entity."
2023-03-29,5,"**Ownership Increases:** Bullish. First Trust Advisors LP increased holdings by 8.4% in Q3, Blackrock Inc. by 1.2% in Q1, and State Street Corp by 0.7% in Q2.

**Earnings Estimate:** Neutral. Analysts expect EPS of $5.19 for the current year.

**Net Tilt:** Bullish due to significant ownership increases by major institutions."
2023-03-30,8,"**Net Tilt: Bullish**

**Ownership Increases:** Baird Financial Group, Captrust Financial Advisors, Manufacturers Life Insurance Company, Vanguard Group Inc., and Geode Capital Management all increased their positions in WD-40, indicating institutional confidence.

**Insider Sell:** Patricia Q. Olsem sold 438 shares, a minor negative signal.

**Dividend Announcement:** WD-40 announced a quarterly dividend to be paid on April 28th, providing income support.

**Stock Price:** Shares opened at $172.53, reflecting current market valuation.

**Net Signal:** Despite the insider sell, the significant institutional buying and dividend announcement tilt the overall signal bullish."
2023-04-03,8,"**Ownership Changes:** Bullish - Goldman Sachs, State Street, and Llc increased stakes; Quantbot Technologies initiated a position. Bearish - One entity sold 4,948 shares.

**Revenue Performance:** Bearish - Q4 revenue of $124.89M missed estimates by $15.81M.

**Stock Price:** Neutral - Opened at $178.05 on Monday.

**Net Tilt:** Mixed signals with bullish ownership trends but bearish revenue miss."
2023-04-05,6,"**Earnings Preview:** WDFC is set to report Q2 earnings on April 6th, with EPS expected at $1.15 (bullish). Lazard Asset Management LLC increased its stake by 1,805.3% in Q4 (bullish). No specific earnings beat/miss details yet. **Net Tilt:** Bullish."
2023-04-06,20,"**Earnings:** Q2 GAAP EPS of $1.21 beats by $0.20, but FY23 EPS guidance ($4.80-$5.00) misses consensus ($5.17). **Revenue:** Q2 revenue of $130.2M beats consensus ($125.8M), with FY23 revenue guidance ($535M-$560M) above consensus ($545.5M). **Financials:** Q2 pre-tax profit down to $17.70M from $24.40M, EBIT adjusted down to $18.80M from $24.70M. **Actions:** Shares repurchased (170,232 shares). **Net Tilt:** Mixed, with strong Q2 earnings and revenue beating expectations, but FY23 EPS guidance below consensus and financial metrics declining."
2023-04-07,4,"**Revenue Positive:** Sales of WD-40 multi-use products increased, indicating strong demand (bullish).

**Earnings Guidance Negative:** FY2023 EPS forecast lowered to $4.80-$5.00 from $5.09-$5.24 (bearish).

**Net Tilt:** Conflicting signals with revenue up but earnings guidance down, suggesting mixed performance (net bearish due to guidance cut)."
2023-04-08,10,"**Insider Activity:** Bearish; Patricia Q. Olsem sold 438 shares.

**Ownership Changes:** Bullish; Baird Financial Group Inc., Captrust Financial Advisors, Manufacturers Life Insurance Company, and Lazard Asset Management LLC increased their positions significantly.

**Revenue & Guidance:** Neutral; Q2 revenue up 0.2%, FY23 EPS guidance $4.80-5.00.

**Earnings & Dividends:** Neutral; Q4 earnings reported, quarterly dividend announced for April 28th."
2023-04-09,3,"WDFC reported Q2 2023 revenues and earnings above expectations, with EPS beating forecasts. Revenue also exceeded estimates. Analysts at various firms maintained positive stances post-earnings. Evidence points to a **bullish** direction due to the earnings and revenue beats. No conflicting signals present. Trader should consider **BUY** for the next session based on strong financial performance."
2023-04-10,12,"**Earnings & Guidance:** Bearish. WD-40 lowered its full-year outlook and reported a profit drop to $1.21 per share, missing expectations.

**Analyst Actions:** Mixed. Da Davidson downgraded the price target to $197 from $207 but maintained a ""Buy"" rating.

**Ownership Changes:** Bullish. Blackrock, Vanguard, First Trust Advisors, and Geode Capital all increased their positions in WD-40.

**Net Tilt:** Bearish due to earnings disappointment and guidance cut, despite institutional buying."
2023-04-11,14,"**Earnings Beat:** WD-40 reported EPS of $1.41 vs. consensus $1.01, beating expectations. Revenue was $130.19M vs. estimates of $125.80M. Pretax profit and EBITDA also exceeded forecasts.

**Price Target Downgrade:** DA Davidson downgraded WDFC’s price target from $207 to $197.

**Institutional Ownership Increase:** Multiple institutions increased their stakes, including Goldman Sachs (+36.7%), State Street (+4.0%), Edgestream Partners (+548.3%), and Quantbot Technologies (+1,370.4%).

**Stock Performance:** WDFC opened at $172.35, down 3.5% from previous close.

**Net Tilt:** Bullish on fundamentals but bearish on near-term stock performance."
2023-04-12,18,"**Earnings:** Analysts downgraded FY2023 EPS to $0.62, bearish. WD-40 reported Q4 EPS of $1.41, beating estimates, bullish.

**Revenue:** Quarterly revenue up 0.2%, slightly bullish.

**Ownership Trends:** Multiple institutions increased holdings (Lazard Asset Management, Exchange Traded Concepts, Baird Financial Group, Bessemer Group, JPMorgan Chase, Quantbot Technologies, LLC), bullish. Some reduced holdings (Fifth Third Bancorp, Comerica Bank), bearish. Net tilt slightly bullish due to significant increases by major investors.

**Insider Activity:** CEO Steven A. Brass acquired 586 shares, bullish.

**Net Tilt:** Mixed signals but slightly bullish due to strong institutional buying and positive insider activity."
2023-04-13,3,"**Earnings Estimate Downgrades:** BWS Financial and DA Davidson downgraded WDFC’s FY2023 EPS estimates to $5.00 from a previous higher figure. This is **bearish**, as reduced earnings forecasts typically indicate lower expected profitability. Evidence includes multiple analysts lowering their EPS targets, signaling potential revenue or margin pressures."
2023-04-14,6,"**Price Target Downgrade:** Da Davidson downgraded WDFC, reducing the price target from $207.00 to $197.00 (Bearish).

**Institutional Ownership Increases:** Jane Street Group LLC, Vanguard Group Inc., First Trust Advisors LP, and Geode Capital Management LLC all increased their stakes in WDFC (Bullish).

**Earnings Estimate:** Brokers set expectations for WDFC’s Q3 2023 earnings (Neutral).

**Net Tilt:** Mixed signals with one bearish and multiple bullish points, tilting slightly Bullish due to significant institutional buying."
2023-04-15,9,"**Insider Buying:** Bullish. CEO Steven A. Brass, VP Phenix Q. Kiamilev, and CFO Sara Kathleen Hyzer all purchased shares recently.

**Revenue Growth:** Bullish. Revenue increased by 0.2% YoY.

**Institutional Ownership:** Bullish. Baird Financial Group, Bessemer Group, and JPMorgan Chase all increased their stakes in WDFC.

**Earnings Estimate:** Neutral. Analysts predict EPS of 4.95 for FY.

**Opening Price:** Neutral. WDFC opened at $180.60 on Friday."
2023-04-16,3,"**Ownership Changes:**  
- **Bullish:** Llc increased holdings by 280.0% in Q3, indicating confidence. (Evidence: Significant increase in ownership.)  
- **Bearish:** Inc. sold 680 shares in Q2, suggesting some uncertainty. (Evidence: Share reduction.)  
- **Neutral:** Quantbot Technologies LP initiated a new position in Q2, showing interest but no change in existing positions. (Evidence: New investment without additional details.)

**Net Tilt:** Mixed signals with a slight bullish bias due to the substantial increase by Llc."
2023-04-17,9,"**Price Target Downgrade:** Da Davidson downgraded WDFC, reducing the price target from $207.00 to $197.00 (Bearish).

**Insider & Institutional Buys:** CFO and VP made significant stock purchases ($30k and $40k respectively) (Bullish). Institutions like De, Vanguard, State Street, First Trust Advisors, and Geode Capital increased holdings (Bullish).

**Earnings Release:** Q4 earnings were released on April 6th (Neutral).

**Net Tilt:** Mixed signals with bearish downgrade balanced by bullish insider and institutional buying."
2023-04-18,4,"**Institutional Ownership Changes:**  
- **Bullish:** Goldman Sachs increased ownership by 36.7% in Q2, indicating confidence. Edgestream Partners increased holdings by 548.3% in Q1, signaling strong interest.  
- **Bearish:** Blackrock increased holdings by only 1.2% in Q1, showing limited enthusiasm. New York State Teachers Retirement System sold shares, suggesting caution.

**Net Tilt:** Bullish, with significant increases from major investors outweighing the modest increase and sale."
2023-04-21,4,"**Price Target Upgrade:** DA Davidson upgraded WDFC’s price target to $228 from $197, indicating **bullish** sentiment based on potential upside.

**Revenue Growth:** WDFC reported strong Asia Pacific sales growth, signaling **bullish** momentum in key markets.

**Analyst Rating:** DA Davidson maintained a ""Buy"" rating, suggesting continued **bullish** outlook despite no change in recommendation.

**Stock Price:** WDFC closed at $189.43, below the new target but within striking distance, hinting at **bullish** near-term potential.

**Net Tilt:** Strongly **Bullish** due to revenue growth and price target increase, supported by maintenance of ""Buy"" rating."
2023-04-22,15,"**Price Target Upgrade:** DA Davidson upgraded WDFC’s target price from $197.00 to $228.00 (Bullish).

**Insider Buying:** CEO Steven A. Brass and CFO Sara Kathleen Hyzer purchased shares (Bullish).

**Revenue Growth:** Revenue up 0.2% YoY (Bullish).

**Institutional Ownership Increase:** Multiple institutions increased stakes in WDFC, including Quantbot Technologies LP, Lazard Asset Management LLC, Renaissance Technologies LLC, Goldman Sachs Group Inc., Blackrock Inc., and Edgestream Partners L.P. (Bullish).

**Stock Performance:** WDFC stock gained 3.7-4.2% during mid-day trading (Bullish).

**Net Tilt:** Strongly Bullish."
2023-04-23,2,"**Ownership Increase:** Bullish. First Trust Advisors LP increased its stake in WD-40 by 29.4% in Q4, indicating confidence in the stock.

**Earnings Announcement:** Neutral. WD-40 released its quarterly earnings on April 6th, but no specific details on EPS or revenue performance were provided in the headline.

**Net Tilt:** Slightly Bullish due to the significant ownership increase, though earnings details are lacking."
2023-04-28,11,"**Price Target Upgrade:** Da Davidson upgraded WDFC’s price target from $197.00 to $228.00 (Bullish).

**Institutional Ownership Increases:** Multiple institutions (First Trust Advisors, Goldman Sachs, Blackrock, State Street, Edgestream Partners, Llc, Metlife Investment Management) increased their stakes in WDFC (Bullish).

**Minor Ownership Decrease:** One fund sold 2,763 shares (Bearish, but minor impact).

**Earnings Estimate:** Analysts expect EPS of $4.95 for the current year (Neutral).

**Stock Price:** Opened at $192.62 (Neutral).

**Net Tilt:** Bullish due to significant institutional buying and positive price target revision."
2023-04-29,3,"Revenue growth of 0.2% YOY is slightly positive (bullish). Bank of Montreal Can significantly increased its stake by 166.8% in Q4 and bought an additional 3,346 shares (bullish). These actions suggest institutional confidence in WDFC (bullish). Net signal is bullish with strong institutional support."
2023-04-30,3,"**Insider Activity:** Bullish. CEO Steven A. Brass purchased 558 shares on April 13th, indicating confidence in the company’s future performance.

**Stake Acquisition:** Bullish. An LLC bought 204 shares of WDFC, suggesting institutional interest and potential support.

**Earnings Release:** Neutral. WDFC released its quarterly earnings on April 6th, but no specific details on EPS, revenue, or guidance were provided in the headline.

**Net Tilt:** Bullish. Multiple purchases by insiders and institutions indicate positive sentiment despite limited earnings detail."
2023-05-03,7,"**Bullish Signals:**
- **Price Target Upgrade:** Da Davidson raised price target from $197.00 to $228.00.
- **Institutional Ownership Growth:** Multiple institutions increased holdings: Zurcher Kantonalbank, First Trust Advisors LP (+27.4%), Goldman Sachs Group Inc. (+36.7%), State Street Corp (+4.0%), and Edgestream Partners L.P. (+548.3%).

**Neutral Signal:**
- **EPS Estimate:** Analysts expect EPS of $4.95 for the current fiscal year.

**Net Tilt:** Bullish due to multiple upgrades and increased institutional ownership."
2023-05-05,3,"**Ownership Changes:**  
- **Bullish:** Davenport & Co LLC increased its stake in WDFC by 19.7% in Q4, indicating confidence.  
- **Bearish:** Janney Montgomery Scott LLC reduced its holdings, suggesting caution.  
- **Neutral:** Janney Montgomery Scott LLC still holds $506,000 worth of WDFC stock, showing some ongoing interest.

**Net Tilt:** Mixed signals with a slight bullish bias due to the significant stake increase by Davenport & Co LLC."
2023-05-08,9,"**Price Target Upgrade:** Da Davidson raised target price from $197.00 to $228.00 (Bullish).

**Insider & Institutional Buying:** VP Phenix Kiamilev bought 224 shares; multiple institutions increased stakes significantly (Bullish).

**Earnings Estimate:** Analysts predict EPS of 4.95 for the current year (Neutral).

**Stock Performance:** WDFC opened at $184.49, down slightly (Bearish).

**Net Tilt:** Bullish due to strong institutional and insider support, offset by minor stock weakness."
2023-05-14,16,"**Bullish Signals:**
- **Revenue Beat:** Q4 revenue of $130.19M vs. $125.80M estimate.
- **Price Target Upgrade:** Da Davidson raised target from $197.00 to $228.00.
- **Insider Buying:** CEO Steven A. Brass and CFO Sara Kathleen Hyzer bought shares.
- **Institutional Buying:** Baird Financial Group, Bessemer Group, Blackrock, Vanguard, State Street, and LLC increased holdings.

**Bearish Signals:**
- **Minor Revenue Growth:** QoQ revenue up 0.2%.
- **Institutional Selling:** Texas sold shares.

**Net Tilt:** Bullish due to strong revenue beat, price target upgrade, insider and institutional buying outweighing minor growth and selling."
2023-05-17,2,"**Price Target Upgrade:** Da Davidson upgraded WD-40’s price target from $197.00 to $228.00, indicating **bullish** sentiment based on potential upside.

**Ownership Increase:** Envestnet Asset Management Inc. increased its stake by 6.2% in Q4, signaling **bullish** institutional confidence in the stock.

**Net Tilt:** Bullish. Both signals indicate positive momentum and investor confidence."
2023-05-18,2,"**Ownership Increase:** Llc increased holdings in WDFC by 71.5% in Q3, indicating **bullish** sentiment among institutional investors.

**Earnings Estimate:** Analysts forecast EPS of 4.95 for FY2023, suggesting **neutral** to **slightly bullish** expectations based on current estimates.

NET TILT: **Bullish** due to significant ownership increase, though earnings estimate is neutral."
2023-05-19,2,"**Ownership Increase:** Bullish. Edgestream Partners L.P. increased its stake in WDFC by 548.3% in Q1, indicating confidence in the stock. Additionally, Swiss National Bank acquired shares, further boosting institutional support.

**Net Tilt:** Bullish. Both institutional investors increasing their stakes suggest positive sentiment towards WDFC."
2023-05-28,8,"**Bullish Signals:**
- **Price Target Upgrade:** DA Davidson raised target price from $197.00 to $228.00.
- **Institutional Ownership Growth:** Blackrock, Vanguard, First Trust Advisors, and BNY Mellon increased positions by 1.2%, 0.7%, 8.4%, and 1.6% respectively.
- **Stock Performance:** WDFC traded up 0.3%.

**Bearish Signals:**
- None.

**Neutral Signals:**
- **Stake Update:** Cambridge Investment Research Advisors has a $362,000 stake in WDFC.
- **Earnings Estimate:** Analysts predict EPS of 4.95 for FY.

**Net Tilt:** Bullish."
2023-05-31,9,"**Bullish Signals:**
- **Price Target Upgrade:** Da Davidson raised price target from $197.00 to $228.00.
- **Insider Buy:** VP Phenix Kiamilev purchased 224 shares.
- **Institutional Ownership Growth:** Dimensional Fund Advisors, Vanguard, First Trust Advisors, BNY Mellon, Blackrock, and State Street all increased holdings.

**Bearish Signal:**
- **Institutional Ownership Decrease:** PNC Financial Services sold 618 shares.

**Net Tilt:** Bullish due to multiple upgrades and insider/institutional buying outweighing the single sell action."
2023-06-03,5,"**Price Target Upgrade:** Da Davidson upgraded WDFC’s price target from $197.00 to $228.00, bullish.

**Revenue Beat:** Q2 revenue was $130.19M vs. expectations of $125.80M, bullish.

**Ownership Changes:** Llc increased stake by 94%, bullish; Franklin Resources sold 144 shares, bearish. Net tilt slightly bullish due to significant stake increase.

**Stock Performance:** Shares opened at $197.55, indicating positive market sentiment, bullish."
2023-06-05,9,"**Insider and Institutional Activity:** Bullish. VP Phenix Kiamilev and CEO Steven Brass made insider purchases. First Trust Advisors LP, Goldman Sachs, Blackrock Inc., State Street Corp, and Edgestream Partners increased their stakes, while one LLC sold 88 shares.

**Earnings Estimate:** Neutral. Analysts predict EPS of $4.95 for the current year.

**Net Tilt:** Bullish due to significant insider and institutional buying outweighing the minor selling."
2023-06-06,4,"**Ownership Increases:** Bullish. Quantbot Technologies LP initiated a new position, and Llc increased its stake by 71.5%, indicating institutional interest. GSA Capital Partners LLP invested $535,000.

**Price Movement:** Bearish. WDFC traded down 4.9%.

**Net Tilt:** Mixed signals with ownership increases vs. price decline."
2023-06-08,1,"**Insider Buy:** CFO Sara Kathleen Hyzer purchased 168 shares of WD-40 stock on April 13th. **Bullish** as insider buying often indicates confidence in the company’s future performance.

No other trading-relevant signals provided in the given headlines."
2023-06-10,5,"**Price Target Upgrade:** Da Davidson upgraded WDFC’s price target from $197.00 to $228.00, **bullish**.

**Insider Buy:** CEO Steven A. Brass acquired 558 shares, **bullish**.

**Institutional Ownership Increase:** Both Pdt Partners LLC and Envestnet Asset Management Inc. increased their stakes, **bullish**.

**New Institutional Investor:** Exoduspoint Capital Management LP made a new investment, **bullish**.

**Net Tilt:** Strongly Bullish."
2023-06-13,3,"**Ownership Increase:** Llc increased holdings in WDFC by 71.5% in Q3, indicating **bullish** sentiment. Additionally, Nelson Van Denburg & Campbell Wealth Management Group LLC acquired shares, further signaling **bullish** interest.

**Stock Performance:** WDFC opened at $194.91 on Tuesday, showing a slight gain.

**Net Tilt:** Bullish due to significant ownership increases and new stake acquisitions."
2023-06-19,4,"**Insider Activity:** Bearish - Patricia Q. Olsem sold 420 shares on June 14th.

**Institutional Ownership:** Bullish - Llc increased its stake by 21,600%, and Lazard Asset Management LLC increased its stake by 1,805.3%.

**Earnings Estimate:** Neutral - Analysts predict EPS of 4.95 for the current year.

**Net Tilt:** Mixed signals with a slight bullish bias due to significant institutional buying."
2023-06-21,1,WDFC maintains dividend at $0.83 per share. **Direction:** Neutral. **Evidence:** No change in dividend indicates stable financial position but lacks positive catalysts for growth.
2023-06-27,8,"**Price Target Upgrade:** Da Davidson upgraded WDFC’s price target from $197.00 to $228.00, **bullish**.

**Insider Sell:** Patricia Q. Olsem sold 420 shares, **bearish**.

**Ownership Changes:**
- Quantbot Technologies LP, Llc, and Jane Street Group LLC increased their stakes, **bullish**.
- Exchange Traded Concepts LLC decreased its position, **bearish**.

**Stock Price:** Opened at $185.05, no change in trend, **neutral**.

**Net Tilt:** Mixed signals with slight **net bullish** bias due to upgrades and increased institutional holdings outweighing the insider sell."
2023-06-30,4,"**Price Target Upgrade:** Da Davidson upgraded WDFC’s price target from $197.00 to $228.00, indicating **bullish** sentiment.

**Ownership Increase:** Lazard Asset Management LLC significantly increased its stake in WDFC by 1,805.3%, suggesting **bullish** institutional confidence.

**Earnings Release:** WDFC’s latest quarterly earnings were released on April 6th, but specific details are not provided in the headlines, leaving earnings impact unclear.

**Net Tilt:** Bullish, with strong analyst and institutional support."
2023-07-03,9,"**Insider Activity:** Bearish; Patricia Q. Olsem sold 420 shares.

**Revenue & Earnings:** Neutral; QTD revenue up 0.2%, EPS expected at $1.22.

**Ownership Changes:** Bullish; Vanguard, Bank, First Trust Advisors, and Goldman Sachs increased positions.

**Dividends:** Neutral; Dividend declared, payable July 31st.

**Net Tilt:** Slightly Bullish due to multiple institutional increases despite insider sell."
2023-07-06,7,"**Price Target Upgrade:** Da Davidson upgraded WDFC’s price target from $197.00 to $228.00, bullish.

**Insider Activity:** Patricia Q. Olsem sold 420 shares, bearish. However, Quantbot Technologies LP and Lazard Asset Management LLC increased their stakes, bullish. System sold 118 shares, bearish. Net tilt slightly bullish due to institutional buying.

**Earnings Estimate:** Analysts predict EPS of 4.95 for FY, neutral.

**Net Tilt:** Slightly Bullish."
2023-07-07,4,"**Insider & Ownership Activity:**  
- **Bullish:** CEO Steven A. Brass acquired 558 shares (insider buy).  
- **Bullish:** Envestnet Asset Management Inc. increased its stake by 6.2%.  
- **Bearish:** System decreased position in WDFC.  

**Stock Price:**  
- Neutral: Opened at $185.09 on Friday.

**Net Tilt:** Mixed signals with slight bullish bias due to insider and institutional buying."
2023-07-08,3,"**Ownership Increase and Stake Acquisition:** Bullish. Vanguard Group Inc. increased its holdings by 0.7%, and Eagle Bay Advisors LLC acquired shares, indicating institutional support.

**Stock Performance:** Bullish. WDFC shares traded up 2.6%.

NET TILT: Bullish."
2023-07-09,5,"**Insider Activity:** Bearish - Patricia Q. Olsem sold 420 shares.

**Ownership Changes:** Bullish - Proshare Advisors LLC increased its position by 26.0%.

**Earnings Release:** Neutral - WDFC scheduled to report Q3 earnings on July 10th.

**Net Tilt:** Mixed signals with one bearish (insider sell) and one bullish (institutional buy). No clear earnings preview provided."
2023-07-10,23,"**Earnings Beat:** Q3 GAAP EPS of $1.38 beats consensus by $0.16 (Bullish). Revenue of $141.72M exceeds estimates by 2.39% (Bullish).

**Financial Performance:** Q3 net income rose to $18.9M from $14.5M YoY; adjusted EBIT up to $23.9M from $19M; pre-tax profit increased to $22.5M from $18.3M (Bullish).

**Buybacks:** Company repurchased 180,232 shares and announced a $50M buyback program (Bullish).

**Stock Reaction:** Shares rallied 4.5% to $202.50 post-earnings (Bullish).

**Guidance:** FY23 EPS view unchanged at $4.80-$5.00 (Neutral).

**Net Tilt:** Strongly Bullish."
2023-07-11,28,"**Earnings Beat:** WD-40 Co. reported Q3 FY23 revenues up 15%, beating expectations. EPS guidance of $4.80-$5.00 vs consensus $4.95. **Bullish.**

**Share Repurchase Plan:** Approved a new share repurchase program. **Bullish.**

**Insider Buys:** CEO Steven A. Brass and VP Phenix Q. Kiamilev bought shares. **Bullish.**

**Price Target Raised:** DA Davidson upgraded WDFC to $232 from $228 with a 'Buy' rating. **Bullish.**

**Stock Performance:** Stock gained over 17%, hitting a 52-week high. **Bullish.**

**Ownership Increase:** Multiple institutions increased their stakes. **Bullish.**

**Net Tilt:** Strongly Bullish."
2023-07-12,10,"**Earnings:** Bullish. WDFC topped Q3 EPS by 12c, beating expectations.

**Dividends & Ownership:** Bullish. Dividend increased by 8.2% annually over three years; Quantbot, Dark Forest, and Lazard Asset Management increased stakes.

**Insider Activity:** Mixed. CFO Hyzer bought 168 shares, while insider Olsem sold 420 shares.

**Revenue:** Neutral. Q3 sales at $141.7 million.

**Guidance:** Neutral. Updated FY23 guidance provided.

**Net Tilt:** Bullish."
2023-07-13,15,"**Earnings Estimate Downgrade:** Analysts at BWS Financial downgraded FY2023 EPS to $0.62 (Bearish).

**Price Target Upgrade:** PT raised to $232.00 (Bullish).

**Institutional Ownership Increases:** Multiple firms increased stakes in Q4 and Q1-Q2 (Bullish): Envestnet (+6.2%), Proshare (+26.0%), First Trust (+29.4%), Renaissance (+22.4%), Principal (+26.1%), Goldman Sachs (+36.7%), Jane Street (+128.7%), Blackrock (+1.2%).

**Ownership Decrease:** Allspring reduced position (Bearish).

**New Acquirer:** Eagle Bay Advisors bought shares (Bullish).

**Stock Performance:** WDFC traded down 3.0% (Bearish); opened at $222.73.

**Net Tilt:** Mixed signals with institutional buying outweighing the EPS downgrade and slight sell-off."
2023-07-14,9,"**Market Share Gain:** Bullish. WDFC’s aerosol spray market share is growing.

**Revenue Beat:** Bullish. QTR revenue was $141.72M vs. expected $138.40M.

**Institutional Ownership Increase:** Bullish. Multiple institutions increased holdings: Captrust (+1.8%), MetLife (+57.7%), Vanguard (+0.7%), State Street (+0.7%).

**Price Target Upgrade:** Bullish. Da Davidson raised PT from $228 to $232.

**Earnings Estimate:** Neutral. DA Davidson provided FY2023 and Q4 2023 EPS estimates.

**Net Tilt:** Strongly Bullish."
2023-07-15,3,"**Ownership Increase:** Llc increased holdings in WDFC by 21,600% in Q1, indicating strong institutional interest (Bullish).

**Earnings Estimate:** Analysts set FY2023 earnings expectations but no specific figures or revisions were provided (Neutral).

**Stock Price:** WDFC opened at $224.56 on Thursday (Neutral).

**Net Tilt:** Mixed signals with significant institutional buying as the key bullish indicator. No direct earnings surprises or analyst upgrades/downgrades noted. **HOLD** until further clarity on earnings or analyst actions."
2023-07-19,9,"**Revenue Beat:** Bullish. Q2 revenue of $141.72M vs. expectations of $138.40M, up 14.6% YoY.

**Analyst Upgrade:** Bullish. Da Davidson raised target price from $228.00 to $232.00.

**Institutional Ownership Growth:** Bullish. Llc increased holdings by 21,600%, State Street Corp by 0.7%, and First Trust Advisors LP by 29.4%.

**Stock Performance:** Neutral. Stock up 0.1%.

**Analysts’ EPS Estimate:** Neutral. Predicted EPS for FY is 4.86.

**Net Tilt:** Bullish. Multiple positive signals outweigh minor neutral ones."
2023-07-21,4,"**Insider Activity & Ownership Changes:**
- **Bearish:** Patricia Q. Olsem, an insider, sold 420 shares.
- **Bullish:** Quantbot Technologies LP initiated a new stake.
- **Bullish:** Lazard Asset Management LLC increased its stake by 1,805.3% in Q4.
- **Bullish:** A LLC acquired 151 shares.

**Net Tilt:** Mixed signals with more bullish activity from institutional investors and a bearish insider sale."
2023-07-30,7,"**Institutional Ownership Increase:** Bullish. Multiple institutions increased holdings: Llc (+0.8%), Vanguard (+0.7%), State Street (+0.7%), and First Trust Advisors (+29.4%).

**Price Target Upgrade:** Bullish. Da Davidson upgraded target price from $228.00 to $232.00.

**Earnings Forecast:** Neutral. Analysts predict EPS of 4.86 for the current year.

**Net Tilt:** Bullish. Institutional buying and price target increase outweigh neutral earnings forecast."
2023-07-31,1,"**Ownership Decrease:** Bearish. Llc decreased its stake in WD-40 (WDFC) by 0.34%. This suggests reduced confidence from a significant shareholder.

**Net Tilt:** Bearish."
2023-08-02,7,"**Revenue Beat:** Bullish. WD-40 reported Q2 revenue of $141.72M vs. expectations of $138.40M.

**Ownership Trends:** Mixed. Janney Montgomery Scott LLC increased holdings by 13.9%, while SG Americas Securities LLC sold 3,552 shares. A significant 21,600% increase by another Llc was noted.

**Price Target Upgrade:** Bullish. Da Davidson raised its price target from $228.00 to $232.00.

**Current EPS Estimate:** Neutral. Analysts predict EPS of 4.86 for the current year.

**Net Tilt:** Bullish. Revenue beat and price target upgrade outweigh ownership decrease signals."
2023-08-04,4,"**Institutional Ownership Increase:** Bullish. Vanguard Group Inc., State Street Corp, and First Trust Advisors LP increased their stakes in WDFC by 0.7%, 0.7%, and 29.4% respectively, indicating institutional confidence.

**Stock Price Movement:** Bearish. WDFC traded down 1.3% today, suggesting short-term weakness despite positive ownership trends.

**Net Tilt:** Mixed. Institutional buying is bullish, but the stock price decline is bearish."
2023-08-06,6,"**Ownership Changes:** Proshare Advisors LLC increased its stake by 26.0% in Q4 and by 6.1% in Q1, indicating bullish sentiment. However, KBC Group NV sold 85 shares, showing bearishness.

**Price Target Upgrade:** Da Davidson raised its price target from $228.00 to $232.00, signaling a positive outlook.

**Current Stock Price & EPS Estimate:** WD-40 opened at $224.93 on Friday. Analysts predict EPS of 4.86 for the current year.

**Net Tilt:** Bullish due to ownership increases and price target upgrade, despite some selling activity."
2023-08-10,12,"**Revenue Growth:** Bullish; WD-40 reported a 14.6% YoY increase in revenue.

**Ownership Trends:** Mixed; multiple firms increased stakes (Proshare Advisors +26%, Baird Financial Group +3.2%, others), while Victory Capital Management reduced holdings.

**Analyst Action:** Bullish; Da Davidson upgraded price target from $228.00 to $232.00.

**Current EPS Estimate:** Neutral; analysts predict EPS of 4.86 for the current year.

**Net Tilt:** Slightly Bullish due to revenue growth and analyst upgrade, despite mixed ownership trends."
2023-08-12,1,"**Equity Research Brief for WDFC**

- **Price Action**: Opened at $221.87.
- **Analyst Actions**: No upgrades/downgrades or PT changes noted.
- **Earnings & Guidance**: No new earnings data or guidance updates provided.
- **Catalysts & News**: None reported.

**Net Tilt**: Neutral (Insufficient trading-relevant signals).

A trader must await further developments for actionable insights."
2023-08-16,14,"**Earnings Beat:** WD-40 reported EPS of $1.07 vs. expectations, with revenue at $141.72M vs. estimates of $138.40M. **Bullish.**

**Institutional Ownership Growth:** Multiple institutions increased their stakes in WDFC, including MetLife, Federated Hermes, First Trust, Renaissance Technologies, Goldman Sachs, BlackRock, Truist Financial, Proshare Advisors, and Llc. **Bullish.**

**Price Target Upgrade:** Da Davidson raised its price target from $228.00 to $232.00. **Bullish.**

**Analyst Estimates:** Analysts forecast EPS of 4.86 for FY. **Neutral.**

**Net Tilt:** Strongly Bullish."
2023-08-17,2,"**Ownership Decrease:** Sys sold 147 shares, indicating a slight decrease in ownership (-0.34%). **Bearish** as it suggests reduced confidence from a significant holder.

**Stock Price Stability:** Shares opened at $219.02, unchanged from the previous close. **Neutral** as there is no clear directional movement.

**Net Tilt:** Bearish due to the ownership decrease, though stock price stability tempers the negative signal slightly."
2023-08-20,9,"**Bullish Signals:**
- **Revenue Growth:** Revenue up 14.6% YoY.
- **Institutional Buying:** Principal Financial Group, Vanguard, State Street, First Trust Advisors, and Llc increased holdings.
- **Price Target Upgrade:** Da Davidson raised PT from $228.00 to $232.00.

**Bearish Signals:**
- **Hold Rating:** StockNews.com maintains Hold rating.

**Net Tilt:** Bullish due to strong institutional buying and revenue growth, despite neutral analyst rating."
2023-08-21,3,"**Institutional Ownership Increase:** Bullish. Baird Financial Group Inc., Captrust Financial Advisors, and Manufacturers Life Insurance Company all increased their holdings in WD-40 during Q1, Q3, and Q4 respectively, indicating institutional confidence in the stock."
2023-08-22,3,"**Insider Activity:** Patricia Q. Olsem sold 420 shares (bearish). **Institutional Ownership:** Blackrock Inc. increased its stake by 1.2% (bullish). Zurcher Kantonalbank Zurich Cantonalbank acquired 291 shares (bullish). **Net Tilt:** Mixed signals with one insider sell and two institutional buys, slightly bullish overall due to larger institutional support."
2023-08-26,11,"**Revenue Growth:** Bullish; WD-40 Co.’s quarterly revenue rose 14.6%.

**Institutional Ownership:** Bullish; Blackrock, Vanguard, State Street, First Trust Advisors, Baird Financial Group, Captrust Financial Advisors, and Manufacturers Life Insurance all increased their positions. Bearish; Bank of New York Mellon Corp and another system sold shares.

**Price Target Upgrade:** Bullish; Da Davidson raised its price target from $228.00 to $232.00."
2023-08-27,1,"**Stake Movement:** Bearish. Us Bancorp DE reduced its stake in WDFC by acquiring only 96 additional shares, indicating limited interest or confidence in near-term performance.

**Net Tilt:** Bearish. The minimal share acquisition suggests a cautious stance from a significant player."
2023-08-29,3,"**Ownership Increase:** Bullish. Llc and Lazard Asset Management LLC increased their stakes in WDFC, with Lazard’s position growing by 1,805.3% in Q4.

**Price Target Upgrade:** Bullish. Da Davidson upgraded WDFC’s price target from $228.00 to $232.00 on July 11th.

**Net Tilt:** Bullish. Multiple positive signals from ownership increases and a price target upgrade suggest continued interest and potential upside."
2023-08-31,5,"**Ownership Changes:** 
- Bullish: Envestnet Asset Management Inc. increased holdings by 6.2% in Q4.
- Bullish: Another LLC increased holdings by 6.1% in Q1.
- Bearish: A bank sold 3,600 shares.

**Stock Performance:**
- Bearish: WDFC opened at $216.81, down slightly from previous close.

**Earnings Estimate:**
- Neutral: Analysts expect EPS of 4.86 for the current year.

**Net Tilt:** Mixed signals with slight lean towards bullish due to institutional buying outweighing the single sell action."
2023-09-01,6,"**Ownership Increase:** Bullish. Lazard Asset Management LLC increased its position by 1,805.3%, and Proshare Advisors LLC also increased its holdings.

**Price Target Upgrade:** Bullish. Da Davidson raised its price target from $228.00 to $232.00.

**Stock Performance:** Bearish. Shares opened at $214.87, below the upgraded price target.

**Net Tilt:** Mixed signals but slightly bullish due to significant ownership increases and a price target upgrade."
2023-09-03,2,"**Ownership Changes:**  
- **Bullish:** JPMorgan Chase & Co. increased its holdings in WDFC by 7.7% in Q1, indicating potential confidence in the stock.  
- **Bearish:** Curbstone Financial Management Corp. sold shares of WDFC, suggesting some investors may be less optimistic about the company’s prospects.  
**Net Tilt:** Mixed signals, but slight bullish bias due to JPMorgan's significant increase."
2023-09-04,1,"**Revenue Beat:** WD-40 Co. reported Q3 revenue of $141.72 million, beating the consensus estimate of $138.40 million. **Bullish** due to stronger-than-expected sales performance.

**Analyst Action:** BMO Capital Markets upgraded WD-40 Co. to Outperform from Market Perform with a new price target of $150 from $130. **Bullish** as the higher price target reflects positive sentiment.

**Net Tilt:** Bullish."
2023-09-11,7,"**Revenue Growth:** Bullish. WD-40 reported a 14.6% increase in quarterly revenue.

**Institutional Ownership:** Bullish. Multiple institutions increased their stakes: De by 3.2%, Vanguard by 0.7%, State Street by 0.7%, and First Trust by 29.4%.

**Price Target Upgrade:** Bullish. Da Davidson raised its price target from $228.00 to $232.00.

**New Stake Acquisition:** Bullish. Inc. acquired 7,693 additional shares.

**Net Tilt:** Strongly Bullish. All signals indicate positive momentum and confidence in the stock."
2023-09-14,3,"**Earnings Estimate Downgrade:** EPS estimate downgraded to $4.86 from higher previous figure (bearish).

**Institutional Ownership Increase:** Wells Fargo increased holdings by 15.6% in Q2 (bullish).

**Stock Price:** Opened at $201.73 (neutral).

**Net Tilt:** Mixed signals; downgrade vs. institutional buying suggests cautious approach."
2023-09-18,5,"**Ownership Changes:** Proshare Advisors LLC increased holdings by 2.1%, indicating **bullish** sentiment (evidence: ownership increase). Conversely, Duality Advisers LP decreased holdings, signaling **bearish** sentiment (evidence: ownership decrease).

**Price Target Upgrade:** Da Davidson raised the price target from $228.00 to $232.00, suggesting **bullish** sentiment (evidence: higher price target).

**Earnings Estimate:** Analysts expect EPS of 4.84 for the current fiscal year, neutral but positive if met (evidence: consensus estimate).

**Net Tilt:** Bullish due to ownership increase and price target upgrade outweighing the bearish ownership decrease.

**Action:** Consider **BUY** based on net bullish signals."
2023-09-23,5,"**Ownership Increases:** Renaissance Technologies LLC, Principal Financial Group Inc., and Goldman Sachs Group Inc. increased their stakes in WDFC by 22.4%, 26.1%, and 36.7% respectively, indicating **bullish** sentiment.

**Price Target Upgrade:** DA Davidson raised its price target from $228.00 to $232.00, signaling **bullish** momentum.

**Earnings Estimate:** Analysts expect EPS of 4.84 for the current fiscal year, suggesting **bullish** outlook.

**Net Tilt:** Strongly Bullish."
2023-09-24,1,"**JPMorgan Chase & Co. increased its stake in WD-40 by 7.7% during Q1.**  
**Direction:** Bullish  
**Evidence:** Institutional ownership increase suggests confidence in the stock’s future performance.

NET Tilt: **Bullish**"
2023-09-28,1,"**Price Target Upgrade:** DA Davidson upgraded WDFC’s price target to $256 from $232, indicating a **bullish** stance based on potential upside in valuation.

**Net Tilt:** Bullish

*No conflicting signals present.*"
2023-09-30,5,"**Revenue Beat:** Bullish. WD-40 reported Q3 revenue of $141.72M vs. consensus of $138.40M.

**Institutional Ownership Increase:** Bullish. Both Ohio and Llc significantly increased their stakes in WD-40.

**EPS Guidance:** Neutral. Analysts forecast FY EPS of 4.84.

**Stock Price:** Neutral. Shares opened at $203.24.

**Net Tilt:** Bullish. Revenue beat and significant institutional buying indicate strong support."
2023-10-04,4,"**Price Target Upgrade:** Da Davidson upgraded WDFC’s price target from $232.00 to $256.00, **bullish**.

**Ownership Increase:** LLC increased its stake in WDFC by 57.3% in Q1, **bullish**.

**Stock Performance:** WDFC opened at $199.49, down from previous close, **bearish**.

**Earnings Estimate:** Analysts predict EPS of 4.84 for the current year, **neutral**.

**Net Tilt:** Mixed signals; slight **net bullish** due to upgrades and increased ownership."
2023-10-06,3,"**Dividends:** WDFC maintains its quarterly dividend at $0.83 per share, unchanged from previous levels. This stability is **neutral** as it neither boosts nor detracts from investor returns but signals consistent payout policy.

No conflicting signals present. **NET TILT:** Neutral."
2023-10-07,4,"**Institutional Ownership Changes:**  
- **Bullish:** JPMorgan Chase & Co. increased its stake by 7.7%, Citigroup Inc. by 5.3%, and MetLife Investment Management LLC by 57.7%.  
- **Bearish:** A limited entity decreased its stake by 0.34%.  
**Net Tilt:** Bullish due to significant increases by major institutions outweighing the minor decrease."
2023-10-11,12,"**Price Target Upgrade:** Da Davidson upgraded WDFC’s price target from $232.00 to $256.00 (Bullish).

**Institutional Ownership Changes:**
- **Increases:** Vanguard, JPMorgan Chase, and others increased holdings (Bullish).
- **Decrease:** Everett Harris & Co. sold 2,000 shares (Bearish).

**Stock Performance:** 
- Opened at $206.10, down 1.0% from previous close (Bearish).
- Mitsubishi UFJ bought 2,000 shares (Bullish).

**Analyst Estimates:** EPS forecast for the current year is 4.84 (Neutral).

**Net Tilt:** Mixed signals with slight Bullish bias due to upgrades and new buys outweighing the minor sell-off."
2023-10-12,3,"**Ownership Increase:** Bullish. Wyoming raised its stake in WD-40 by 122.7% in Q2, and Lazard Asset Management LLC increased its stake by 1,805.3% in Q4.

**Earnings Estimate:** Neutral. Analysts forecast EPS of $1.21 for the upcoming quarter.

NET TILT: Bullish due to significant ownership increases, but earnings estimate is neutral."
2023-10-14,2,"**Ownership Increase:** Bullish. Metlife Investment Management LLC increased its stake in WDFC by 57.7%, indicating institutional confidence. Allspring Global Investments holds a $383,000 position, showing sustained interest.

**Net Tilt:** Bullish. Institutional buying is a positive signal for WDFC."
2023-10-16,8,"**Earnings Estimate Downgrade:** Da Davidson downgraded FY2024 EPS to $0.62 (bearish).

**Ownership Increases:** Multiple institutions increased holdings: Bank, First Trust Advisors LP, Marshall Wace LLP, and Principal Financial Group Inc. (bullish).

**Consensus Estimate:** Analysts expect FY2024 EPS of $4.84 (neutral).

**Stock Price:** Opened at $201.10 on Monday (neutral).

**Net Tilt:** Mixed signals; downgrade vs. institutional buying suggests caution."
2023-10-17,10,"**Price Target Upgrade:** Da Davidson upgraded WDFC’s target price from $232.00 to $256.00 (Bullish).

**Dividend Increase:** WDFC increased its dividend by 8.5% annually over the past three years (Bullish).

**Institutional Ownership Growth:** Multiple institutions (Baird Financial Group, LLC, Blackrock Inc., Vanguard Group, State Street Corp, Wyoming) increased their stakes in WDFC (Bullish).

**Quarterly Dividend:** WDFC announced a quarterly dividend of $0.83 (Neutral).

**Stock Price:** WDFC opened at $203.64 (Neutral).

**Net Tilt:** Bullish."
2023-10-19,29,"**Revenue and Earnings:**
- **Bullish:** Q4 revenue of $140.45M (+1.62% vs. consensus $138.21M), FY2023 revenue of $537.26M (vs. consensus $536.10M). FY2024 revenue guidance of $570-600M above consensus $536.1M.
- **Bearish:** FY2023 adjusted net profit down to $66M (-$1.3M YoY), FY2023 EPS-Non-GAAP down to $4.85 (-$0.05 YoY). FY2024 EPS guidance of $4.78-$5.15 below consensus $5.30.

**Capital Expenditure:**
- **Bullish:** CapEx reduced to $7.20M (from $8.30M).

**Share Repurchase:**
- **Bullish:** Repurchased 55,920 shares in 2023.

**Net Tilt:** Bullish due to strong revenue growth and guidance, offset by earnings miss and EPS guidance below expectations."
2023-10-20,20,"**Revenue Trends:** Bullish. Q4 net sales grew 8% to $140.5M, with multi-use product sales up 2%. FY24 guidance projects 6%-12% net sales growth.

**Expense Guidance:** Bearish. Operating expenses expected to rise in FY24.

**Ownership Changes:** Bullish. Multiple institutional investors increased stakes, including Point72 (+new stake), Blackrock (+1.2%), Wyoming (+122.7%), and Lazard Asset Management (+1,805.3%).

**Price Target Upgrade:** Bullish. Da Davidson raised PT from $256 to $258.

**Current Performance:** Mixed. Stock opened down 1.1% at $204.22 after Q4 report."
2023-10-21,3,"**Institutional Ownership Increase:** Bullish. Vanguard Group Inc. increased its stake by 0.7% in Q3, while State Street Corp. boosted its position by 0.9% in Q2. Additionally, another institutional investor expanded its holdings by 3.6% in Q1. These increases indicate continued confidence in WDFC from major investors.

**Net Tilt:** Bullish."
2023-10-22,3,"**Ownership Increase:** Bullish. Cambridge Investment Research Advisors Inc. increased its stake by 30.9% in Q2, indicating confidence. Proshare Advisors LLC also upped its holdings by 2.1% in Q1.

**Earnings Estimate:** Neutral. Da Davidson forecasts Q1 2024 EPS at $1.00, providing a baseline but no directional signal.

**Net Tilt:** Bullish, driven by significant institutional buying."
2023-10-23,9,"**Revenue Beat:** Bullish. WD-40 reported Q3 revenue of $140.50M vs. consensus of $138.20M.

**Institutional Ownership Growth:** Bullish. JPMorgan, US Bancorp DE, Citigroup, and MetLife all increased their stakes in WDFC.

**Stock Performance:** Bullish. WDFC stock rose 2%.

**Analyst Activity:** Neutral. Analysts issued forecasts for Q1 2024 earnings with anticipated EPS of 5.14 for FY2024.

**Net Tilt:** Strongly Bullish."
2023-10-24,3,"**Earnings:** Bullish. WD-40 Co. reported EPS of $1.08, beating expectations.

**Price Target Upgrade:** Bullish. Analysts raised the price target to $258.00 from an unspecified previous level.

**Stock Price:** Neutral. WDFC opened at $210.40 on Friday.

**Net Tilt:** Bullish. Earnings beat and price target upgrade indicate positive sentiment."
2023-10-27,5,"**Revenue Beat:** Bullish. WD-40 reported Q3 revenue of $140.50M vs. expectations of $138.20M.

**Institutional Ownership Increase:** Bullish. Both First Trust Advisors LP and Vanguard Group Inc. increased their stakes in WD-40.

**Price Target Upgrade:** Bullish. Da Davidson raised its price target from $256.00 to $258.00.

**Stock Performance:** Bullish. Shares opened at $211.25 on Friday.

**Net Tilt:** Strongly Bullish. All signals indicate positive momentum."
2023-10-28,4,"**Institutional Ownership Increase:** Bullish. Bank and Principal Financial Group increased their stakes in WDFC, indicating institutional confidence. Principal’s increase was particularly significant at 26.1%.

**Earnings Estimate:** Neutral. Analysts forecast EPS of $5.14 for the current fiscal year, aligning with expectations but lacking a directional shift.

**Net Tilt:** Bullish. Institutional buying signals positive sentiment despite neutral earnings estimates."
2023-11-05,5,"**Ownership Increases:** Victory Capital Management Inc. increased its stake in WD-40 by 132.3% in Q2, while Oppenheimer Asset Management Inc. upped its position by 2.3% in Q1 (Bullish).

**Price Target Upgrade:** Da Davidson raised its price target from $256.00 to $258.00 (Bullish).

**New Stakeholder:** Ohio took a new position in WD-40 (Bullish).

**Earnings Estimate:** Analysts predict EPS of $5.1 for the current fiscal year (Neutral).

**Net Tilt:** Bullish."
2023-11-11,7,"**Earnings:** WD-40 reported EPS of $1.08, beating estimates. **Bullish.**

**Ownership Changes:** 
- Dark Forest Capital Management LP and Quantbot Technologies LP initiated new positions.
- Lazard Asset Management LLC increased its stake by 1,805.3%.
- Principal Financial Group Inc. sold 3,228 shares. **Net Bullish.**

**Price Target Upgrade:** Da Davidson upgraded the price target from $256.00 to $258.00. **Bullish.**

**Analyst Estimates:** Analysts predict EPS of 5.1 for the current fiscal year. **Neutral.**

**Net Tilt:** Bullish."
2023-11-14,4,"**Revenue Beat:** Bullish. WD-40 reported Q3 revenue of $140.50M vs. analyst estimates of $138.20M.

**Institutional Ownership Increase:** Bullish. Both Bank of Montreal and Barclays increased their stakes in WDFC.

**Stock Price Movement:** Bearish. WDFC opened at $217.91 on Tuesday, down from previous close.

**Net Tilt:** Mixed signals with revenue beat and institutional buying offset by stock price decline."
2023-11-18,6,"**Ownership Increases:** Institutional investors Llc, Victory Capital Management Inc., and Allspring Global Investments Holdings LLC increased their stakes in WDFC by 6.1%, 132.3%, and 12.9% respectively, indicating **bullish sentiment**.

**Price Target Upgrade:** Da Davidson upgraded WDFC’s price target from $256.00 to $258.00, signaling **bullishness**.

**New Stake Acquisition:** Envestnet Asset Management Inc. acquired 2,056 new shares, further supporting **bullish** momentum.

**Earnings Forecast:** Analysts predict EPS of $5.1 for the current fiscal year, maintaining **neutral** outlook but suggesting stability.

**Net Tilt:** Strongly **Bullish** due to multiple ownership increases and a price target upgrade."
2023-11-20,2,"**Revenue Growth:** Bullish. WD-40 Co.’s revenue grew 7.7% YoY, beating EPS estimates by $0.04.

**Institutional Ownership:** Bullish. First Republic Investment Management Inc. increased its stake by 0.9%, indicating institutional confidence.

**Net Tilt:** Bullish. Both revenue growth and increased institutional ownership suggest positive momentum."
2023-11-21,4,"**Ownership Increase & Stake Acquisition:** Lazard Asset Management LLC increased holdings in WDFC by 1,805.3%, and Richard Bernstein Advisors LLC acquired 15,236 shares. **Bullish** on investor confidence.

**Price Target Upgrade:** Da Davidson raised the target price from $256.00 to $258.00. **Bullish** on valuation expectations.

**Earnings Forecast:** Analysts predict EPS of $5.1 for the current year. **Neutral** as it aligns with existing forecasts.

**Net Tilt:** Bullish due to significant ownership increases and price target upgrades."
2023-11-22,3,"**Ownership Increase:** Bullish. Ohio and Dark Forest Capital Management LP both acquired new stakes in WDFC, indicating institutional interest.

**Stock Performance:** Bullish. WDFC set a new 1-year high at $239.00, signaling strong market sentiment.

NET TILT: Bullish."
2023-11-24,4,"**Revenue Growth:** Bullish. WD-40 reported a 7.7% increase in revenue YoY.

**Stake Increase:** Bullish. Metlife Investment Management LLC increased its stake by 57.7%.

**Price Target Upgrade:** Bullish. Da Davidson raised its price target from $256.00 to $258.00.

**New Stake Acquisition:** Bullish. An unnamed L.L.C. acquired 2,420 shares.

**Net Tilt:** Strongly Bullish. All signals indicate positive momentum and investor confidence."
2023-11-28,3,"**Ownership Changes:** 
- **Bullish:** System increased its position in WDFC by 113.6%.
- **Bearish:** Bridgewater Associates LP trimmed its position.

**Earnings Estimate:**
- **Neutral:** Analysts predict EPS of $5.1 for the current year.

**Net Tilt:** Mixed signals with one bullish and one bearish ownership move, no clear direction."
2023-11-30,2,"**Institutional Ownership Increase:**  
- **Bullish:** TD Asset Management Inc. increased its stake in WDFC by 13.1% in Q2, indicating confidence in the stock. Additionally, Dimensional Fund Advisors LP acquired shares, further boosting institutional interest. These moves suggest positive sentiment and potential support for the stock price.

NET TILT: Bullish"
2023-12-01,3,"**Institutional Ownership Increase:** Bullish. First Republic Investment Management Inc. increased its stake by 0.9%, indicating institutional confidence. Citigroup Inc. also purchased 4,176 shares, further boosting institutional interest.

**Stock Price:** Neutral. WDFC opened at $241.88 on Friday, showing no significant change from the previous close.

**Net Tilt:** Bullish. Both institutional increases suggest positive sentiment towards WDFC."
2023-12-02,3,"**Ownership Increase:** Envestnet Asset Management Inc. increased its holdings in WD-40 by 5.8% in Q2, indicating **bullish** sentiment.

**Price Target Upgrade:** Da Davidson raised its price target from $256.00 to $258.00, signaling **bullish** momentum.

**Stock Price:** WD-40 stock opened at $240.83 on Friday, with no direct earnings or revenue data provided.

**Net Tilt:** Bullish due to ownership increase and price target upgrade."
2023-12-05,1,"WDFC announced its 2023 Annual Meeting of Stockholders. This is neutral in terms of trading signals as it does not provide specific financial metrics, analyst actions, earnings surprises, or significant catalysts that would impact the stock price directly. No EPS, revenue, or production figures were mentioned. There were no upgrades, downgrades, or changes in price targets noted. The meeting itself does not indicate any bullish or bearish trends based on the provided information. 

NET TILT: Neutral."
2023-12-08,3,"**Earnings:** Bullish. WD-40 Co. reported EPS of $1.08, beating expectations.

**Ownership Increase:** Bullish. Lazard Asset Management LLC increased its stake by 1,805.3% in Q4, indicating confidence.

**Stock Price:** Neutral. Shares opened at $237.03 on Friday, with no directional movement indicated.

**Net Tilt:** Bullish. Earnings beat and significant ownership increase support a positive outlook."
2023-12-10,4,"**Ownership Increase:** Bullish. Co and Dark Forest Capital Management LP both acquired new stakes in Q2 and Q1 respectively, indicating institutional interest. Additionally, LLC purchased 920 shares recently.

**Earnings Estimate:** Neutral. Analysts predict EPS of $5.1 for the current year, unchanged from previous estimates.

**Net Tilt:** Bullish due to increased ownership stakes despite neutral earnings estimate."
2023-12-12,4,"**Dividend Increase:** Bullish. WDFC increased its quarterly dividend by 6% to $0.88 per share, up from $0.83 previously. This move signals confidence in the company’s financial health and cash flow stability."
2023-12-13,3,"**Price Target Upgrade:** Da Davidson raised WDFC’s price target to $276 from $258, indicating **bullish** sentiment.

**Ownership Increase:** Deutsche Bank AG increased its stake in WDFC by 13.6% in Q3, signaling **bullish** investor confidence.

**Net Tilt:** Bullish, with both analyst upgrades and increased institutional ownership supporting the stock."
2023-12-14,3,"**Ownership Increase:** JPMorgan Chase & Co. increased its holdings in WD-40 by 7.7% in Q1 (Bullish).

**Stock Performance:** WDFC opened at $240.65 on Thursday (Neutral).

**Earnings Estimate:** Analysts forecast EPS of 5.1 for FY (Neutral).

**Net Tilt:** Bullish due to significant institutional buying."
2023-12-15,4,"**Revenue Growth:** Bullish. WD-40 reported a 7.7% YoY increase in revenue.

**Price Target Upgrade:** Bullish. Analysts raised the price target to $276.00 from an unspecified previous level.

**Institutional Ownership Increase:** Bullish. Both Vanguard Group and State Street Corp increased their stakes in WDFC, indicating institutional confidence.

**Net Tilt:** Bullish. All signals point towards positive momentum with no conflicting information."
2023-12-18,4,"**Price Target Upgrade:** Da Davidson upgraded WDFC’s target price from $258.00 to $276.00, indicating **bullish** sentiment.

**Ownership Increase:** Fulton Bank N.A. acquired 1,019 shares, and LLC purchased a new stake in Q2, signaling **bullish** institutional interest.

**Earnings Estimate:** Analysts predict EPS of 5.1 for the current fiscal year, neutral but consistent with expectations.

**Net Tilt:** Bullish due to upgrades and increased ownership, despite neutral earnings estimates."
2023-12-21,7,"**Price Target Upgrade:** Da Davidson upgraded WDFC’s price target from $258.00 to $276.00, **bullish**.

**Institutional Ownership Increases:** Multiple institutions (Fulton Bank N.A., Kentucky, First Trust Advisors LP, Vanguard Group Inc.) increased their positions in WDFC, **bullish**.

**Investment Activity:** An LLC invested $772,000 in WDFC, **bullish**.

**Stock Price Movement:** WDFC traded down $0.14 to $235.94 on Thursday, **bearish**.

**Net Tilt:** Mixed signals with institutional support but recent price decline."
2023-12-27,5,"**Revenue Beat:** WD-40 reported Q4 revenue of $140.50M, beating estimates of $138.20M (+$2.3M beat). Revenue grew 7.7% YoY. **Bullish**.

**Price Target Upgrade:** Da Davidson raised price target from $258.00 to $276.00. **Bullish**.

**Institutional Ownership Shifts:** Ohio increased stake in Q2 while Ltd sold 401 shares. Mixed signals but slight **Net Bullish** tilt due to new investment.

Overall, **Bullish** with strong revenue growth and positive analyst action outweighing minor institutional selling."
2023-12-29,3,"**Institutional Ownership Increase:** Bullish. Vanguard Group Inc. increased its stake in WD-40 by 0.7% in Q3, while State Street Corp. upped its position by 0.9% in Q2.

**Stock Price Movement:** Bearish. WD-40’s stock traded as low as $235.47 and closed at $237.05, indicating a slight decline.

**Net Tilt:** Mixed signals with institutional buying supporting the stock but recent price action showing weakness."
2023-12-31,4,"**Revenue Beat:** Bullish. WD-40 reported Q4 revenue of $140.50M vs. estimates of $138.20M, beating expectations by $2.3M.

**Ownership Changes:** Mixed. Institutional Ownership increased by 3.6%, but Revenue Sells reduced holdings by 487 shares.

**Earnings Guidance:** Neutral. Analysts forecast FY EPS at 5.1, unchanged from previous estimates.

**Net Tilt:** Slightly Bullish due to revenue beat and ownership increase, offset by minor selling activity."
2024-01-02,7,"**Price Target Upgrade:** Da Davidson upgraded WDFC’s price target from $258.00 to $2576.00, **bullish**.

**Dividend Increase:** WD-40 increased its quarterly dividend from $0.83 to a higher amount, **bullish**.

**Ownership Increases:** Wyoming and LLC significantly increased their stakes in WDFC by 122.7% and 57.3%, respectively, **bullish**.

**Earnings Expectations:** Analysts predict EPS of $1.00 for the upcoming quarter, with earnings announcement scheduled for Tuesday, **neutral** pending actual results.

**Net Tilt:** Strongly **bullish** due to multiple positive signals outweighing neutral expectations."
2024-01-03,7,"**Dividends:** Bullish. WD-40 announced a quarterly dividend of $0.62, down from $0.83 previously.

**Earnings & Revenue:** Bullish. WD-40 reported EPS of $1.08, beating expectations. Revenue grew 7.7% YoY.

**Ownership Changes:** Bullish. Quantbot Technologies LP and Dark Forest Capital Management LP both acquired new stakes in WDFC.

**Stock Price:** Neutral. Shares opened at $241.39 on Wednesday.

**Net Tilt:** Bullish. Multiple positive signals outweigh the slight dividend reduction."
2024-01-08,7,"**Revenue Below Expectations (Bearish):** WD-40 missed Wall Street’s revenue estimates despite a 7.7% YoY increase to $140.5M.

**Earnings Positive (Bullish):** EPS of $1.05 reported, beating expectations.

**Stock Performance (Bearish):** WDFC stock fell 2.5%.

**Mixed Signals:** Revenue growth is positive but below expectations, while EPS beats. Net tilt slightly **bearish** due to revenue miss and stock decline.

**Upcoming Earnings (Neutral):** Q1 results due tomorrow, with current EPS estimate at $1.05."
2024-01-09,27,"**Earnings Beat:** Q1 GAAP EPS of $1.28 beats by $0.28; Q1 revenue of $140.4M vs. $134.4M consensus. **Revenue Guidance Above Expectations:** FY2024 revenue of $570-600M vs. $575M consensus. **Product Outage:** Multi-use product sales down in Europe. **Share Repurchase Approved:** Board approved a new repurchase program. **EPS Guidance Below Expectations:** FY24 EPS of $4.78-$5.15 vs. $5.09 consensus. **Stock Performance:** Shares up 7.03% in after-hours trading.

**Net Tilt:** Bullish (strong earnings beat, revenue guidance above expectations, share repurchase approval offset by product outage and EPS guidance below expectations)."
2024-01-10,31,"**Bullish Signals:**
- **Earnings Beat:** WD-40 Co. reported Q1 pre-tax profit of $23.10M vs. consensus $18.00M.
- **Revenue Growth:** Q1 revenue up 12.4% YoY.
- **Revenue Guidance:** Issued $570M-$600M vs. consensus $574.8M.
- **Price Target Upgrade:** DA Davidson raised PT from $258 to $276.
- **Ownership Increases:** Multiple institutions increased holdings.
- **Stock Performance:** WDFC stock up 16% as of 11:15 a.m. ET.

**Net Tilt:** Strongly Bullish."
2024-01-11,14,"**Dividends:** Bullish. WD-40 increased its quarterly dividend from $0.83 to $0.62.

**Earnings:** Bullish. WD-40 reported EPS of $1.02, beating expectations. DA Davidson forecasts Q2 2024 EPS of $1.13 and FY2025 EPS of $5.76.

**Ownership Increases:** Bullish. Multiple institutions increased stakes: Deutsche Bank (+13.6%), Wyoming (+122.7%), Llc (+57.3%), Morgan Stanley (+49.5%), Point72 Asset Management (new position), Lazard Asset Management (+1,805.3%), and Metlife Investment Management (+57.7%).

**Stock Performance:** Bullish. WDFC stock gained 15.2%.

**Guidance Update:** Neutral. WD-40 updated FY24 guidance but details unspecified."
2024-01-12,4,"**Institutional Ownership Increase:** Bullish. Blackrock Inc., Vanguard Group Inc., and State Street Corp. increased their holdings in WDFC by 1.2%, 0.7%, and 0.9% respectively, indicating institutional confidence.

**Earnings Estimate:** Neutral. Analysts expect WDFC to report Q2 2024 EPS of $1.13, aligning with current expectations without a significant beat or miss signal.

**Net Tilt:** Slightly Bullish due to increased institutional ownership."
2024-01-13,1,"**Ownership Increase:** Bullish. System boosted its stake in WD-40 by 1.3% in Q3, indicating increased confidence in the stock.

**Net Tilt:** Bullish. Enhanced ownership suggests potential positive momentum."
2024-01-14,9,"**Bullish Signals:**
- **Price Target Upgrade:** Da Davidson raised PT from $258.00 to $276.00.
- **Revenue Growth:** QoQ revenue up 12.4%.
- **Institutional Ownership Increase:** SG Americas Securities LLC increased stake by 116.9%, Quantbot Technologies LP and Dark Forest Capital Management LP initiated new stakes.

**Bearish Signals:**
- None identified.

**Net Tilt:** Bullish."
2024-01-15,2,"**Ownership Increase:** New York State Teachers Retirement System boosted its stake in WDFC and bought an additional 200 shares. **Direction:** Bullish. Evidence: Institutional ownership increase suggests confidence in the stock’s future performance.

**Net Tilt:** Bullish."
2024-01-16,5,"**Revenue Beat:** Bullish. WD-40 reported Q1 revenue of $140.40M vs. estimates of $134.40M.

**Institutional Ownership Trends:** Mixed. JPMorgan Chase & Co., Citigroup Inc., and MetLife Investment Management increased holdings by 7.7%, 5.3%, and 57.7% respectively. However, Inspire Investing LLC sold shares. Net tilt: Slightly Bullish due to significant increases from major institutions.

**Net Tilt:** Slightly Bullish."
2024-01-19,14,"**Revenue Growth:** Bullish; Q4 revenue up 12.4%.  
**Price Target Upgrade:** Bullish; Da Davidson raised target from $258.00 to $276.00.  
**Institutional Ownership:** Mixed; multiple firms increased stakes (Davenport & Co, Ohio, Dark Forest Capital, Blackrock, Vanguard, State Street), while others decreased (Llc, Td Asset Management). Net tilt slightly bullish due to larger increases.  
**Stock Performance:** Bearish; opened at $266.83, down 2.5% from previous close.  
**Earnings Guidance:** Neutral; analysts predict EPS of 5.13 for FY."
2024-01-20,3,"**Revenue Beat:** Bullish. WD-40 reported Q revenue of $140.40M vs. consensus $134.40M.

**Institutional Ownership Increase:** Bullish. Goldman Sachs increased holdings by 36.7%, and First Trust Advisors increased by 27.4%.

NET TILT: Bullish."
2024-01-21,4,"**Institutional Ownership Increase:** Bullish. Morgan Stanley increased its stake by 49.5% in Q3, Marshall Wace LLP by 98.3% in Q2, and MetLife Investment Management LLC by 57.7% in Q1. Additionally, Zurcher Kantonalbank Zurich Cantonalbank bought 328 new shares. Institutional buying indicates confidence in WDFC’s future prospects.

**Net Tilt:** Bullish. Multiple large institutions significantly increasing their stakes suggests positive sentiment around WDFC."
2024-01-24,4,"**Price Target Upgrade:** Da Davidson upgraded WDFC’s price target from $289.00 to $313.00, indicating **bullish** sentiment.

**Ownership Increase:** Llc increased its stake by 7.1%, signaling **bullish** investor confidence.

**Stake Acquisition:** Strs Ohio acquired shares, further reinforcing **bullish** institutional interest.

**Earnings Estimate:** Analysts predict EPS of 5.13 for the current year, suggesting **neutral** to **slightly bullish** expectations.

**Net Tilt:** Bullish, with multiple institutions increasing stakes and a price target upgrade outweighing neutral earnings estimates."
2024-01-25,2,"**Ownership Increase:** Bullish. Quantbot Technologies LP and Dark Forest Capital Management LP both acquired new positions in WD-40 during Q2 and Q1 respectively, indicating institutional interest and potential confidence in the stock’s future performance.

NET TILT: Bullish."
2024-01-26,3,"**WDFC Daily Brief (2024-01-26)**

- **Ownership Increase**: Ohio acquired a new stake in Q2, and California Public Employees Retirement System also bought shares. (Bullish)
- **Stock Performance**: Shares traded up by 0.47%. (Bullish)

**Net Tilt**: Bullish

A trader should consider these positive ownership trends and stock performance as potential indicators of investor confidence."
2024-01-27,3,"**Price Target Upgrade:** Da Davidson upgraded WD-40’s price target from $289.00 to $313.00, indicating **bullish** sentiment.

**Stock Performance:** WD-40 stock is trading up 0.9%, suggesting **bullish** market reception.

**Earnings Estimate:** Analysts expect WD-40 to report EPS of 5.13 for the current fiscal year, providing **neutral** guidance as it aligns with expectations.

**Net Tilt:** Overall, the signals are **bullish** with an upgraded price target and positive stock movement, despite neutral earnings estimates."
2024-01-28,7,"**Earnings:** Bullish. WD-40 reported EPS of $1.02, beating expectations.

**Ownership Changes:** Mixed. Positive with Bank, First Trust Advisors LP (27.4% increase), and Marshall Wace LLP (98.3% increase). Negative with M&T Bank Corp selling 328 shares. Advisorshares Investments LLC also bought 1,878 shares.

**Stock Price:** Neutral. Opened at $258.75 on Friday.

**Net Tilt:** Slightly Bullish due to multiple institutional buys and strong earnings performance."
2024-01-31,4,"**Da Davidson upgraded WDFC’s target price from $289.00 to $313.00**, bullish. **JPMorgan increased its stake by 7.7%,** bullish. **Allspring cut its position,** bearish. **Analysts expect EPS of 5.13 for FY 2024,** neutral. **Net tilt:** mixed, with slight bullish bias due to upgrades and increased ownership."
2024-02-01,1,"**WD-40 (WDFC): BUY**

- **Analyst Action:** Wells Fargo upgrades WDFC to ""Overweight"" from ""Equal Weight,"" raising PT to $65 from $50.
- **Earnings Surprise:** Q4 EPS beat by $0.05 at $0.80 vs. est. $0.75.
- **Revenue:** Q4 rev. of $110M beats est. $108M.
- **Guidance:** FY24 EPS guided above consensus at $3.20 vs. est. $3.10.

**Direction:** Bullish  
**Evidence:** Strong analyst upgrade, earnings beat, revenue beat, positive guidance."
2024-02-06,4,"**Price Target Upgrade:** Da Davidson upgraded WDFC’s price target from $289.00 to $313.00, **bullish**.

**Ownership Increases:** abrdn plc, LLC, and Dark Forest Capital Management LP increased or initiated positions in WDFC, **bullish**.

**Net Tilt:** Strongly Bullish. Multiple institutions increasing holdings and a price target upgrade indicate positive sentiment."
2024-02-10,3,"**Ownership Increase and Stake Acquisitions:** Bullish. Llc increased holdings in WDFC by 6.4%, and Victory Capital Management Inc. also bought shares. These actions indicate institutional support and confidence in the stock.

**Stock Performance:** Bullish. WDFC shares traded up 1.3%. This suggests positive market sentiment.

NET TILT: Bullish."
2024-02-13,4,"**Price Target Upgrade:** Da Davidson upgraded WDFC’s price target from $289.00 to $313.00 (Bullish).

**Revenue Growth:** Q4 revenue grew 12.4% YoY (Bullish).

**Ownership Changes:** JPMorgan Chase increased its stake by 7.7% (Bullish); LLC sold 288 shares (Bearish). **Net Tilt:** Bullish due to significant institutional buying.

**Summary:** Net Bullish with strong revenue growth and major institutional support despite minor selling."
2024-02-14,7,"**Insider and Institutional Activity:** Bullish. VP Jeffrey G. Lindeman bought 182 shares, while multiple institutions increased their stakes: Bank, First Trust Advisors LP (+27.4%), and Marshall Wace LLP (+98.3%). Jump Financial LLC invested $300,000.

**Market Performance:** Bearish. WDFC opened at $261.41, down from previous close.

**Analyst Estimates:** Neutral. Analysts predict EPS of 5.13 for the current year.

**Net Tilt:** Mixed signals with slight bullish bias due to significant insider and institutional buying."
2024-02-15,3,"**Ownership Increases:** Ohio and Dark Forest Capital Management LP purchased new stakes in WD-40, indicating institutional interest (bullish).

**Stock Performance:** WDFC stock up 0.5% (bullish).

**Net Tilt:** Bullish due to increased ownership and positive stock movement."
2024-02-17,3,"**Price Target Upgrade:** Da Davidson upgraded WD-40’s price target from $289.00 to $313.00, indicating **bullish** sentiment.

**Ownership Increase:** Metlife Investment Management LLC increased its stake by 57.7%, signaling **bullish** institutional interest.

**Earnings Estimate:** Analysts predict EPS of 5.13 for the current fiscal year, suggesting **bullish** expectations.

**Net Tilt:** Bullish."
2024-02-18,5,"**Insider and Institutional Ownership Changes:**
- **Bullish:** VP Jeffrey G. Lindeman bought 182 shares (Feb 12).
- **Bullish:** AdvisorShares Investments LLC purchased a new stake worth $382k in Q3.
- **Bullish:** A new stake was acquired in Q2 (unspecified entity).
- **Bearish:** Barclays PLC sold shares.
- **Bullish:** State Board of Administration of Florida Retirement System bought shares.

**Net Tilt:** Bullish due to multiple insider and institutional buys outweighing the sell action."
2024-02-19,8,"**Ownership Increases:** Blackrock, Vanguard, State Street, System, and First Trust Advisors all increased their stakes in WDFC, with First Trust Advisors growing holdings by 27.4%. **Bullish**.

**New Stake Acquisition:** Checchi Capital Advisers acquired 1,500 shares. **Bullish**.

**Price Movement:** WDFC traded down 1.2% but opened at $261.53 on Monday. **Bearish**.

**Net Tilt:** Mixed signals; significant institutional buying vs. recent price decline. **Neutral**."
2024-02-22,9,"**Net Tilt: Bullish**

**Analyst Actions & Ownership Changes:**
- **Bullish:** Da Davidson upgraded target price from $289.00 to $313.00.
- **Bullish:** Goldman Sachs, Quantbot Technologies, Victory Capital Management, and Llc increased stakes.
- **Bearish:** Mutual of America Capital Management sold shares.

**Market Performance:**
- **Bullish:** Shares opened at $263.29, up 23% YTD.

**Earnings Forecast:**
- **Neutral:** Analysts predict EPS of 5.13 for FY.

**Net Signal:** Bullish due to upgrades and increased institutional ownership outweighing the single sell-off."
2024-02-23,5,"**Ownership Changes:** 
- **Bullish:** System lifted its position by 1.3% in Q3; JPMorgan Chase & Co. increased its stake by 7.7% in Q1.
- **Bearish:** Kayne Anderson Rudnick Investment Management LLC cut its stake by 0.34%; Algert Global LLC reduced its position by 4.2% in Q3.

**Stock Performance:**
- **Bullish:** WDFC stock up 0.2%.

**Net Tilt:** Mixed signals with some large institutional investors increasing their stakes while others are reducing theirs. Overall, slight bullish bias due to positive stock movement and larger increases from major institutions."
2024-02-25,5,"**Revenue Growth:** Bullish; WD-40 reported a 12.4% increase in revenue YoY.

**Institutional Ownership Changes:** Mixed; Quantbot Technologies LP and Dark Forest Capital Management LP increased stakes, while Citigroup Inc. trimmed holdings. Eagle Asset Management Inc. acquired 9,553 shares.

NET Tilt: **Bullish** due to net positive institutional activity despite Citigroup’s reduction."
2024-02-27,9,"**Price Target Upgrade:** Da Davidson raised price target from $289.00 to $313.00 (Bullish).

**Insider & Institutional Activity:** VP Jeffrey G. Lindeman bought 182 shares (Bullish). System, Blackrock Inc., Vanguard Group Inc., and State Street Corp increased holdings (Bullish). LLC reduced position and P sold 480 shares (Bearish). Net tilt slightly Bullish due to insider and major institutional buys.

**Stock Performance:** WDFC opened at $268.29 (Neutral to Slightly Bullish based on context).

**Net Tilt:** Slightly Bullish."
2024-02-28,3,"**Ownership Increase:** Bullish. MetLife Investment Management LLC increased its stake in WDFC by 57.7%, indicating institutional confidence. Additionally, Healthcare of Ontario Pension Plan Trust Fund invested $203,000, further boosting ownership.

**Stock Performance:** Bearish. WDFC stock opened at $267.90, down from previous levels, suggesting market sentiment may be weakening despite the ownership increases.

**Net Tilt:** Mixed signals with slight lean towards bullish due to significant institutional investment."
2024-03-02,6,"**Ownership Increase:** Bullish. Quantbot Technologies LP and Dark Forest Capital Management LP initiated new positions in Q2 and Q1 respectively. Envestnet Asset Management Inc. also bought 18,205 shares.

**Stock Price & EPS Estimate:** Neutral. WDFC opened at $268.29 with analysts expecting EPS of $5.13 for the current fiscal year.

**Net Tilt:** Bullish due to significant ownership increases despite stock trading down slightly."
2024-03-03,2,"**Ownership Decrease:** Stifel Financial Corp sold 871 shares of WDFC (bearish). This indicates reduced institutional interest, potentially signaling a lack of confidence in the stock.

**Price Movement:** WDFC stock closed flat at 0% loss (neutral), but the sell-off by a significant holder could pressure the stock negatively in the next session.

**Net Tilt:** Bearish due to institutional selling."
2024-03-04,1,"WDFC is acquiring Brazilian distributor Theron Marketing, a move seen as moderately positive (ess0.62). This acquisition could enhance distribution capabilities and market penetration in Brazil, potentially boosting future revenues. However, the impact on near-term financials remains uncertain. The net signal leans slightly bullish due to potential long-term growth opportunities but with some caution regarding immediate financial implications."
2024-03-05,10,"**Bullish Signals:**
- **Analyst Upgrade:** DA Davidson upgraded WDFC to ""Buy"" and raised PT to $313 from $289.
- **Revenue Growth:** QoQ revenue up 12.4%.
- **Institutional Ownership:** Multiple institutions increased stakes: First Trust (+27.4%), Vanguard (+0.7%), State Street (+0.9%), Blackrock (+1.2%).

**Bearish Signals:**
- **Stock Price Drop:** Shares opened at $266.09.

**Net Tilt:** Bullish, driven by strong analyst and institutional support despite stock price dip."
2024-03-06,5,"**Insider and Institutional Activity:** Bullish. VP Jeffrey G. Lindeman acquired 182 shares on Feb 12th. System boosted its stake by 1.3% in Q3, Llc acquired a new stake in Q4, Quantbot Technologies LP acquired a new position in Q2, and Marshall Wace LLP increased holdings by 98.3% in Q2."
2024-03-07,4,"**Institutional Ownership Increase:** Bullish. Multiple institutions increased their stakes: Northern Trust Corp raised its position, Dark Forest Capital Management LP initiated a new position, and Lazard Asset Management LLC significantly increased its holding by 1,805.3% in Q4. Evidence points to growing confidence among institutional investors in WDFC."
2024-03-09,3,"**Insider Buy:** VP Jeffrey G. Lindeman acquired 182 shares on Feb 12th, indicating **bullish** sentiment from internal leadership.

**Analyst Action:** Da Davidson reissued a ""buy"" rating with a new $313.00 price target, signaling **bullish** momentum despite no change in overall rating.

**Stake Acquisition:** Llc invested $309,000 in WDFC, showing **bullish** institutional interest.

NET TILT: Bullish."
2024-03-10,4,"**Ownership Increases:** Quantbot Technologies LP and Dark Forest Capital Management LP both initiated new stakes in WDFC worth $44k and $53k respectively. Additionally, Bryn Mawr Trust Co also took a position in WDFC. **Bullish** on investor interest.

**Stock Price:** Shares of WDFC opened at $252.87 on Friday. **Neutral** on price movement without additional context.

**Net Tilt:** Bullish due to increased institutional ownership."
2024-03-12,4,"**Ownership Changes:**  
- **Bullish:** JPMorgan Chase & Co. increased holdings by 7.7%, indicating institutional confidence. (Evidence: Ownership increase)  
- **Bearish:** System Cuts Position, suggesting some institutional doubt. (Evidence: Ownership decrease)  
- **Bullish:** Glenmede Trust Co. NA bought 281 shares, showing continued interest from other institutions. (Evidence: Stake acquisition)

**Price Movement:**  
- **Bearish:** WDFC stock down 0.9%. (Evidence: Stock loss)

**Net Tilt:** Mixed signals from ownership changes, but overall slightly bullish due to significant increases from major institutions like JPMorgan, offsetting smaller decreases. Price movement is bearish.

NET TILT: SLIGHTLY BULLISH"
2024-03-17,12,"**Ownership Increases:** Metlife Investment Management LLC increased holdings by 57.7%, Quantbot Technologies LP acquired a new stake valued at $44,000, Dark Forest Capital Management LP acquired a new stake valued at $53,000, and Lazard Asset Management LLC raised holdings by 1,805.3%. **Bullish**.

**Analyst Actions:** Da Davidson reaffirmed a ""buy"" rating with a $313.00 price target. **Bullish**.

**Ownership Decreases:** Public Sector Pension Investment Board sold shares. **Bearish**.

**New Stake Acquisitions:** Comerica Bank and Graham Capital Management L.P. bought new shares. **Bullish**.

**Stock Performance:** WDFC stock down 1.3%. **Bearish**.

**Earnings Estimate:** Analysts expect EPS of 5.13 for the current year. **Neutral**.

**Net Tilt:** Mixed signals but overall **Bullish** due to significant institutional buying and positive analyst ratings."
2024-03-19,2,"**Dividends:** WDFC declared a quarterly dividend of $0.88 per share, unchanged from previous levels. **Direction:** Neutral. **Evidence:** The dividend remains steady, indicating no change in the company’s payout policy.

**Net Tilt:** Neutral."
2024-03-21,7,"**Insider Buy & Ownership Increases:** Bullish. VP Jeffrey G. Lindeman bought 182 shares, indicating insider confidence. Institutional ownership increased with Blackrock upping its stake by 1.2%, Vanguard by 0.7%, State Street by 0.9%, Quantbot Technologies purchasing a new stake, and Lazard Asset Management significantly boosting its position by 1,805.3%.

**Dividend Increase:** Bullish. WD-40 has increased its dividend by an average of 7.4% annually over the past three years.

**Net Tilt:** Strongly Bullish."
2024-03-28,4,"**Ownership Changes:**  
- **Bullish:** Deutsche Bank AG increased its stake by 13.6%, indicating confidence.  
- **Bearish:** Vanguard Group Inc. reduced its holdings, suggesting caution.

**Earnings Forecast:**  
- **Neutral:** Analysts predict EPS of 5.13 for the current fiscal year, no change from previous estimates.

**Net Tilt:** Mixed signals with a slight bullish bias due to Deutsche Bank’s significant stake increase."
2024-04-02,5,"**Ownership Increase:** Bullish. Wyoming increased its position by 122.7%, and Lazard Asset Management LLC increased its position by 1,805.3%.

**Analyst Rating:** Neutral-Bullish. Da Davidson reissued a ""buy"" rating with a $313.00 price target.

**Earnings Preview:** Neutral. WD-40 is scheduled to post earnings on Tuesday, with analysts expecting EPS of $1.13 per share."
2024-04-04,9,"**Ownership Trends:** Bullish. Major institutions like Sg Americas Securities, Morgan Stanley, First Trust Advisors, Marshall Wace, and Goldman Sachs significantly increased their holdings (116.9%, 49.5%, 27.4%, 98.3%, 36.7% respectively). However, one small sell-off occurred (55 shares).

**Stock Price:** Neutral. Opened and closed at $249.10.

**Net Tilt:** Bullish due to substantial institutional buying outweighing minor selling."
2024-04-06,2,"**Ownership Increase:** Bullish. Bank acquired a new stake in WD-40 in Q4, indicating institutional interest.

**Analyst Ratings:** Bullish. Da Davidson reaffirmed a ""buy"" rating with a $313.00 price target.

NET TILT: Bullish."
2024-04-07,15,"**Revenue Beat:** Bullish. WD-40 reported Q4 revenue of $140.40M vs. consensus of $134.40M.

**Institutional Ownership Increases:** Bullish. Multiple institutions increased holdings: Ohio (+100%), Wyoming (+122.7%), Dark Forest Capital, Lazard Asset Management (+1,805.3%), Morgan Stanley (+49.5%), Marshall Wace (+98.3%), Goldman Sachs (+36.7%), Invesco (+10.1%).

**Ownership Decreases:** Bearish. Raymond James trimmed stake, Davenport & Co sold shares and decreased stake.

**New Investor:** Bullish. Point Inc. made a new investment.

**Stock Performance:** Bearish. WDFC stock down 0.3%.

**Net Tilt:** Bullish. Institutional buying outweighs selling."
2024-04-08,8,"**Revenue Growth:** Bullish. WDFC reported Q1 revenues of $140.4M, a 12.4% YOY increase.

**Ownership Changes:** Mixed. Inc. increased stake by 3.6%, while Llc sold 253 shares.

**Stock Performance:** Bullish. WDFC stock is up 1%.

**Earnings & Guidance:** Neutral. Earnings release scheduled for Tuesday; Q2 estimates pending.

**Dividends:** Neutral. Quarterly dividend announced, payable on April 30th.

**Net Tilt:** Slightly Bullish. Revenue growth and stock performance positive, offset by mixed ownership signals."
2024-04-09,28,"**Revenue & Guidance:** Bullish. WDFC’s FY2024 revenue forecast ($570-600M vs. $578M consensus) and Q2 revenue growth (+8% YTD) are positive. However, Q1 sales missed targets ($139.1M vs. $140.51M consensus).

**Earnings:** Bearish. Q2 EPS was $1.14, beating estimates but down YoY ($1.14 vs. $1.21). FY24 EPS guidance raised to $5.00-$5.30 from $4.78-$5.15, meeting consensus.

**Operations:** Bullish. Multi-use product sales increased, and the company acquired a Brazilian distributor. Share repurchase program active with 23,000 shares bought.

**Net Tilt:** Neutral to Slightly Bullish. Positive revenue outlook and operational moves offset by earnings miss and share price decline post-earnings."
2024-04-10,9,"**Revenue Growth Bullish**: WDFC reported sales growth, indicating positive revenue trends.

**Share Price Bearish**: Despite revenue growth, WDFC shares dipped (-0.51).

**Institutional Ownership Bullish**: Multiple institutions (Northern Trust, Morgan Stanley, First Trust Advisors, GSA Capital) increased their positions in WDFC, signaling confidence.

**Analyst Neutral**: Da Davidson reaffirmed ""Buy"" rating but no change in price target noted.

**Net Tilt**: Mixed signals with institutional buying supporting stock despite dip."
2024-04-11,7,"**Earnings & Guidance:** Bullish. WD-40 Co. reported EPS of $1.21, beating expectations, and raised full-year guidance.

**Ownership Changes:** Bullish. JPMorgan Chase & Co. increased its stake by 7.7%, while SG Americas Securities LLC lifted its stake by 116.9%.

**Revenue:** Bearish. Q4 revenue was $139.10M, missing estimates of $140.51M.

**Stock Performance:** Bearish. Stock traded down 8.6%.

**Net Tilt:** Mixed signals but overall slightly bullish due to positive earnings and guidance, coupled with significant institutional buying."
2024-04-12,12,"**Dividends & Insider Activity:** Bullish. WD-40 has raised its dividend for 8 consecutive years, and a company director bought $76.9k in stock.

**Revenue Growth:** Bullish. Revenue grew 6.8% YoY.

**Institutional Ownership:** Bullish. Multiple institutions increased holdings: LLC lifted holdings by 32.5%, Apg Asset Management US Inc. bought a new stake worth $38.1M, and System raised its stake by 1.3%.

**Analyst Ratings:** Neutral. Da Davidson reissued a ""buy"" rating with a $313.00 target price.

**Earnings Guidance:** Neutral. Analysts expect EPS of 5.22 for FY2024.

**Net Tilt:** Bullish. Institutional buying and revenue growth outweigh neutral analyst ratings."
2024-04-13,13,"**Insider and Institutional Buying:** Bullish. Director David Pendarvis acquired 328 shares, and VP Jeffrey G. Lindeman purchased 182 shares. Lazard Asset Management LLC increased holdings by 1,805.3%, while Quantbot Technologies LP, Dark Forest Capital Management LP, Blackrock Inc., Vanguard Group Inc., and State Street Corp also increased their stakes.

**Stock Price Movement:** Mixed. Shares opened at $236.29, up 3.3% from previous close but down slightly from prior sessions.

**Earnings Estimate:** Neutral. Brokers are offering predictions for Q3 2024 earnings without specific figures.

**Net Tilt:** Bullish due to significant insider and institutional buying despite minor stock price volatility."
2024-04-14,2,"**Ownership Changes:** Wyoming increased its stake in WD-40 by 122.7%, indicating **bullish** sentiment (evidence: significant stake increase). Conversely, New York State Teachers Retirement System cut its stock holdings, signaling **bearish** sentiment (evidence: reduction in holdings). The conflicting signals suggest a **net neutral** tilt."
2024-04-15,1,"**Dividends:** Bullish. WD-40 Co. announced a quarterly dividend to be paid on April 30th, indicating continued financial health and commitment to shareholder returns.

No conflicting signals present. Net tilt is bullish."
2024-04-17,17,"**Earnings:** Bullish. WD-40 reported EPS of $1.21, beating estimates. Revenue grew 6.8% YoY but missed expectations by $1.41M.

**Insider & Institutional Activity:** Bullish. CEO and director bought shares. Blackrock, Vanguard, State Street, Quantbot, Comerica, and First Trust increased stakes. System trimmed stake slightly.

**Analyst Action:** Neutral. Da Davidson reaffirmed ""buy"" with a $313 PT.

**Net Tilt:** Bullish. Positive earnings and insider/institutional buying outweigh minor revenue miss and slight stake reduction."
2024-04-18,4,"**Insider & Ownership:** Bullish. WDFC CEO Steven A. Brass purchased 432 shares, indicating confidence. Lazard Asset Management LLC increased its stake by 1,805.3% in Q4, showing institutional support.

**Stock Performance:** Bearish. WDFC stock opened at $231.50 on Thursday, down from previous close.

**Dividends:** Neutral. WDFC declared a quarterly dividend to be paid on April 30th, maintaining regular payout but not providing new financial signals.

**Net Tilt:** Mixed signals with slight lean towards bullish due to insider and institutional buying."
2024-04-19,1,"**Ownership Increase:** Bullish. Dark Forest Capital Management LP acquired a new stake in WD-40 in Q1, indicating potential confidence in the company’s future prospects.

**Net Tilt:** Bullish."
2024-04-20,7,"**Insider and Institutional Activity:** Bullish. CEO acquired $100,319.04 in stock, indicating confidence. Llc increased holdings by 0.8%, and Koshinski Asset Management Inc. initiated a new stake. System Invested $1.63M.

**Revenue Growth:** Bullish. Revenue grew 6.8% YoY, signaling strong demand.

**Earnings Guidance:** Neutral. Analysts predict EPS of 5.22 for the current year.

**Stock Price:** Flat. Opened at $229.85 on Friday.

**Net Tilt:** Bullish. Multiple positive signals from insiders and institutions outweigh neutral guidance."
2024-04-21,5,"**Insider & Institutional Activity:** Bullish signals from insider and institutional buying. Director David Pendarvis acquired 328 shares, while Quantbot Technologies LP and another LLC initiated stakes in Q2 and Q4 respectively. Raymond James Financial also added 1,639 shares. **Net Tilt:** Bullish.

**Stock Performance:** Bearish signal as WDFC stock price fell 1.2%. **Net Tilt:** Bearish.

**Net Tilt:** Mixed, with slight lean towards Bullish due to significant insider and institutional interest."
2024-04-23,3,"**Insider Buy:** CEO Steven A. Brass purchased 432 shares, indicating **bullish** sentiment (DIRECTION: Bullish).

**Institutional Ownership Increase:** Sg Americas Securities LLC purchased a new stake valued at $261,000, signaling **bullish** institutional interest (DIRECTION: Bullish).

**Analyst Rating:** Da Davidson reaffirmed a ""buy"" rating with a $313.00 target price, maintaining a **bullish** stance (DIRECTION: Bullish).

NET TILT: Bullish."
2024-04-25,6,"**Insider & Ownership Activity:** Bullish - Director David Pendarvis acquired 328 shares, while LP and Ohio increased their stakes by 122.3% and 100.0%, respectively. Bearish - Inc. sold 265 shares.

**Revenue Performance:** Bearish - Q4 revenue was $139.10M vs. consensus $140.51M, missing estimates.

**Stock Movement:** Bearish - WDFC stock down 0.7%.

**Net Tilt:** Bearish due to revenue miss and stock decline, despite positive insider and institutional buying signals."
2024-04-26,6,"**Insider and Institutional Buying:** Bullish. VP Jeffrey G. Lindeman bought 182 shares, while Federated Hermes Inc., Raymond James & Associates, and New York State Teachers Retirement System all increased their stakes.

**Stock Price Movement:** Bearish. WD-40 closed at $225.22 after hitting a low of $224.17.

**Earnings Estimate:** Neutral. Analysts expect EPS of 5.22 for the current year.

**Net Tilt:** Mixed signals with slight lean towards bullish due to insider and institutional buying."
2024-04-28,5,"**Ownership Increases:** Multiple institutional investors increased their stakes in WDFC, including Llc, Aviva PLC, Envestnet Asset Management Inc., and Invesco Ltd. (Bullish)

**Analyst Action:** Da Davidson reaffirmed a ""buy"" rating with a $313.00 price target (Bullish)

**Net Tilt:** Bullish due to increased ownership and positive analyst coverage."
2024-04-29,10,"**Insider & Ownership Activity:** Bullish; CEO Steven A. Brass bought 432 shares, while Llc increased holdings by 6.7%. Bearish; Allspring Global Investments reduced its stake by 31.9%.

**Revenue Performance:** Mixed; Q4 revenue rose 6.8% YoY but missed expectations by $1.41M.

**Stock Movement:** Net Neutral; Opened at $225.52, gained 0.1%, then fell 0.5%.

**Dividends & Earnings Guidance:** Neutral; Dividend announced for April 30th. Analysts predict EPS of 5.22 for FY.

**Net Tilt:** Neutral with slight bullish bias due to insider buys and revenue growth despite miss."
2024-04-30,4,"**Ownership Increase:** Bullish. Mackenzie Financial Corp bought a new stake in WDFC in Q4, investing $201,000. Additionally, Zurcher Kantonalbank Zurich Cantonalbank acquired 252 shares.

**Stock Price:** Neutral. Shares opened at $224.23 on Tuesday.

**Net Tilt:** Bullish due to increased institutional ownership."
2024-05-03,4,"**Insider Buy & Revenue Growth:** Bullish. CEO Steven A. Brass acquired 432 shares, indicating confidence. Q4 revenue grew 6.8% YoY, signaling strong demand.

**Institutional Ownership Increase:** Bullish. Eagle Asset Management increased holdings by 27.4%, suggesting institutional support.

**Stock Performance:** Bullish. WDFC stock gained 1.9%.

**Net Tilt:** Strongly Bullish. All signals indicate positive momentum and support."
2024-05-05,6,"**Ownership Increase:** Bullish. Multiple institutions increased their stakes: Llc upped holdings by 0.6%, Apg Asset Management US Inc. initiated a new position, Northern Trust Corp. boosted by 2.2%, and Charles Schwab Investment Management Inc. grew by 2.1%.

**Analyst Rating:** Neutral. Da Davidson reissued a ""buy"" rating with a $313.00 price target.

**Earnings Estimate:** Neutral. Analysts predict EPS of 5.22 for the current fiscal year.

**Net Tilt:** Slightly Bullish due to multiple ownership increases despite neutral analyst rating and earnings estimate."
2024-05-06,14,"**Earnings & Guidance:** Bullish. WDFC raised full-year profit guidance and reported Q2 financial results.

**Insider Activity:** Bullish. CEO Steven A. Brass purchased 432 shares on April 16th.

**Ownership Trends:** Mixed. Multiple firms increased holdings (Sg Americas Securities, Cambridge Investment Research Advisors, Raymond James & Associates, New York State Teachers Retirement System, Ohio), while P. decreased its position by 1.6%.

**Stock Performance:** Bearish. WDFC stock dropped 11% last month but is expected to rise for the current month.

**Net Tilt:** Net Bullish due to positive guidance and insider buying, despite recent stock performance concerns."
2024-05-08,4,"**Insider & Ownership Activity:**  
- **Bullish:** VP Jeffrey G. Lindeman purchased 182 shares. LP increased holdings by 122.3%.  
- **Bearish:** Truist Financial Corp reduced stake by 18.8%.

**Earnings Estimate:**  
- **Neutral:** Analysts predict EPS of 5.22 for FY.

**Net Tilt:** Mixed signals with slight bullish bias due to insider and significant institutional buying."
2024-05-09,1,"**Earnings Beat:** WD-40 reported EPS of $1.21, beating estimates of $0.61 (bullish). 

**Analyst Actions:** No significant analyst actions noted.

**Catalysts:** None reported.

**Net Tilt:** Bullish due to strong earnings beat with no bearish factors."
2024-05-11,4,"**Insider and Institutional Buying:** Bullish. CEO Steven A. Brass purchased 432 shares, indicating confidence in the company’s future. Additionally, Ltd increased its holdings by 57.7%, and Llc initiated a new stake, suggesting institutional support.

**Stock Price Movement:** Neutral. WDFC stock price rose by 0.1%, showing slight positive momentum but without significant impact.

**Net Tilt:** Bullish. Multiple insider and institutional purchases indicate strong support despite minimal stock price movement."
2024-05-12,5,"**Ownership Increases:** Bullish. Apg Asset Management US Inc., Jupiter Asset Management Ltd., Comerica Bank, and Envestnet Asset Management Inc. have all increased their stakes in WD-40 recently, with Jupiter’s new stake valued at $20.49 million.

**Stock Price Movement:** Bearish. WD-40 closed at $231.56 after hitting a low of $230.64, indicating downward pressure.

**Net Tilt:** Mixed signals but slightly bearish due to recent stock price decline."
2024-05-13,5,"**Insider & Ownership Activity:** Bullish. WDFC CFO Sara Hyzer acquired 213 shares, indicating confidence in the company’s prospects. Additionally, Aviva PLC initiated a new position, and Invesco increased its holdings by 10.1%, suggesting institutional support.

**Stock Performance:** Bearish. Shares opened at $232.09, down from previous levels, indicating potential market concerns.

**Dividends:** Neutral. WDFC announced a quarterly dividend, maintaining its commitment to shareholders but not providing new financial signals.

**Net Tilt:** Mixed signals with a slight lean towards bearish due to the stock price drop."
2024-05-14,6,"**Revenue Growth:** Bullish; WD-40 reported QoQ revenue growth of 6.8%.

**Ownership Trends:** Mixed; Cambridge Investment Research Advisors Inc. increased holdings by 8.7%, while Comerica Bank initiated a new stake worth $6.2M. However, Amalgamated Bank reduced its position by 3.1%.

**Analyst Ratings:** Neutral; Da Davidson maintained a ""buy"" rating with a PT of $313.

**Earnings Guidance:** Neutral; analysts predict EPS of 5.22 for the current year.

**Net Tilt:** Slightly Bullish due to revenue growth and new institutional investments, despite some divestitures."
2024-05-16,3,"**Ownership Changes:** 
- **Bullish:** Victory Capital Management Inc. raised holdings in WDFC.
- **Neutral/Bullish:** System increased stake by 1.3% in Q3.
- **Bearish:** Bank sold 3,100 shares.

**Net Tilt:** Slightly Bullish due to institutional buying outweighing the single sell action."
2024-05-17,5,"**Revenue Growth:** Bullish; WDFC reported a 6.8% YoY increase in revenue.

**Ownership Changes:** Mixed; LP increased ownership by 122.3%, Ohio by 100.0%, while Principal Financial Group trimmed holdings. 

**Stock Performance:** Bearish; WDFC stock traded down 0.8%.

**Net Tilt:** Neutral to Slightly Bearish due to mixed ownership signals and recent stock decline."
2024-05-18,4,"**Insider Buy & Ownership Increase:** Bullish. CFO Sara Kathleen Hyzer purchased 213 shares, and Lazard Asset Management LLC increased holdings by 83.6%.

**Revenue Miss:** Bearish. Q1 revenue was $139.10M vs. consensus $140.51M.

**Stock Performance:** Bearish. WDFC shares down 0.1%.

**Net Tilt:** Mixed signals with slight bearish bias due to revenue miss and minor stock decline."
2024-05-22,7,"**Insider and Institutional Buying:** Bullish. Director David Pendarvis bought 328 shares, and multiple institutions increased their stakes: Mackenzie Financial Corp acquired a new stake, Ohio grew holdings by 100%, Lp boosted by 122.3%, and Charles Schwab Investment Management Inc. bought 2,765 shares.

**Stock Performance:** Bullish. WDFC stock is up 1.0%.

**Holdings Update:** Neutral. Inc. has $531,000 in WDFC holdings, indicating stable institutional interest.

**Net Tilt:** Bullish. Multiple insider and institutional buys suggest positive sentiment."
2024-05-24,6,"**Insider & Institutional Buying:** Bullish. CEO Steven A. Brass bought 432 shares, while Llc increased holdings by 7.8% and Fund boosted its position by 1.4%. Quadrant Capital Group also acquired shares.

**Analyst Rating:** Neutral-Bullish. Da Davidson reissued a ""buy"" rating with a $313.00 price target.

**Earnings Estimate:** Neutral. Analysts expect EPS of 5.22 for the current fiscal year.

**Net Tilt:** Bullish. Multiple insider and institutional buys indicate confidence, despite neutral earnings estimates."
2024-05-26,11,"**Ownership Changes:** Bullish (Schwab, Jump Financial, Aviva, Envestnet, and Inc. increased stakes; Dimensional Fund Advisors sold shares).  
**Revenue Performance:** Bearish (Q4 revenue $139.10M vs. expected $140.51M).  
**Stake Acquisition:** Bullish (Coldstream Capital Management acquired 1,225 shares).  
**Stock Price Movement:** Bearish (trading down 0.1%).  

**Net Tilt:** Mixed, but slightly bearish due to revenue miss and minor price decline."
2024-05-27,2,"**Ownership Increase:** Bullish. Trexquant Investment LP increased its holdings in WDFC by 90.1% in Q4, indicating confidence in the stock. Additionally, Quest Partners LLC purchased 1,058 shares, further signaling institutional interest.

**Net Tilt:** Bullish. Both institutional investors increased their stakes, suggesting positive sentiment towards WDFC."
2024-05-28,4,"**Earnings:** Bullish. WDFC reported EPS of $0.64, up from $0.61 last year, indicating strong net income growth.

**Stock Performance:** Bearish. Despite positive earnings, WDFC stock has been sliding, suggesting market disappointment or broader sector weakness.

**Dividends:** Neutral. The company maintains a high dividend payout, which may attract income-focused investors but could limit reinvestment opportunities.

**Net Tilt:** Mixed signals with earnings beating expectations but stock underperforming."
2024-05-31,6,"**Revenue Growth:** Bullish; WD-40 reported a 6.8% YoY increase in revenue.

**Ownership Changes:** Mixed; Victory Capital increased its position by 21%, while PNC Financial decreased its stake by 16%.

**Earnings Estimate:** Neutral; analysts expect EPS of 5.22 for the current fiscal year.

**Stock Performance:** Bearish; WDFC opened at $222.84, down from previous close.

**Holding Update:** Neutral; Franklin Resources maintains holdings worth $8.58M in WDFC.

**Net Tilt:** Net slightly bearish due to mixed ownership signals and stock performance."
2024-06-01,5,"**Insider and Institutional Ownership:**
- **Bullish:** CEO Steven A. Brass bought 432 shares.
- **Bullish:** Jump Financial LLC increased its stake by 475.2% in Q4.
- **Bullish:** Aviva PLC acquired a new stake in Q3.
- **Bullish:** Envestnet Asset Management Inc. raised holdings by 48.5% in Q3.
- **Bearish:** Janney Montgomery Scott LLC reduced holdings by 4.2% in Q4.

**Net Tilt:** Bullish due to significant increases by major institutions outweighing the single reduction."
2024-06-07,2,"**Insider Buy:** CFO Sara Kathleen Hyzer bought 213 shares (Bullish).

**Ownership Update:** TD Asset Management Inc maintains a $3.78 million position (Neutral).

**Net Tilt:** Slightly Bullish due to insider buy, but ownership update is neutral."
2024-06-14,5,"**Insider & Ownership Activity:** CFO Sara Kathleen Hyzer bought 213 shares, indicating confidence (bullish). Institutional ownership increased with Charles Schwab raising its stake by 2.1% and Northern Trust by 2.2%, suggesting continued interest (bullish).

**Revenue Growth:** Q4 revenue grew 6.8%, beating expectations (bullish).

**Net Tilt:** Bullish due to insider buying, institutional stake increases, and positive revenue growth."
2024-06-18,8,"**Board Changes:** Bearish. Gregory Sandfort is retiring as board chair and director, effective December (ess-0.43). Eric P. Etchart will succeed him as board chair (ess0.47). Two new board members were appointed (ess0.47), but the overall reduction in board size is slightly negative (ess-0.6).

**Dividend:** Neutral. The quarterly dividend remains unchanged at $0.88 per share (ess0.0).

**Net Tilt:** Slightly Negative."
2024-06-19,4,"**Insider Buy & Ownership Increase:** Bullish. CEO Steven A. Brass acquired 432 shares, and BlackRock Inc. increased its stake by 57.7% in Q1.

**Analyst Rating:** Neutral. Da Davidson maintained a ""buy"" rating but no change in price target noted.

**Stock Performance:** Bearish. WD-40 opened at $224.47, down from previous close.

**Net Tilt:** Mixed signals with insider and institutional support vs. stock underperformance."
2024-06-20,6,"**Dividends & Ownership:** Bullish. WDFC raised its quarterly dividend to $0.88, maintaining a 7.4% annual growth trend over three years. GSA Capital Partners increased holdings by 40.6%, indicating confidence.

**Stock Performance:** Bearish. WDFC stock declined by 0.1%.

**Earnings Forecast:** Neutral. Analysts predict EPS of 5.22 for the current fiscal year.

**Net Tilt:** Mixed signals with slight bullish bias due to strong dividend growth and significant ownership increase."
2024-06-21,7,"**Earnings Estimate Downgrade:** DA Davidson downgraded Q3 2024 EPS estimate to $0.62, bearish.

**Institutional Ownership Growth:** Multiple institutions increased holdings or initiated positions in WD-40, including Charles Schwab (+2.6%), Pathstone Family Office, Deutsche Bank (+13.6%), Aviva PLC, Envestnet (+48.5%), and Dekabank, bullish.

**Net Tilt:** Mixed signals; earnings downgrade is bearish, but significant institutional buying is bullish."
2024-06-24,2,"**Insider and Institutional Activity:**
- **Bullish:** CFO Sara Kathleen Hyzer bought 213 shares on May 9th.
- **Bullish:** Healthcare of Ontario Pension Plan Trust Fund acquired a new position in WD-40 during Q3.

NET TILT: Bullish

Evidence points to support from key insiders and institutional investors, indicating confidence in the company’s future prospects."
2024-06-25,2,"**Ownership Increase:** Llc boosted its stake in WD-40 by 33.8% in the 4th quarter (Bullish).  
**Stock Performance:** WD-40 stock down 0.2% today (Bearish).  

**Net Tilt:** Mixed signals with ownership increase indicating institutional interest but recent stock performance weak."
2024-06-28,4,"Insider buying: CFO Sara Hyzer’s purchase of 213 shares is bullish, indicating confidence. Vanguard increased holdings by 0.2%, further positive sentiment. Da Davidson reaffirmed a ""buy"" with a $313 price target, maintaining bullish stance. Net signal: Bullish."
2024-07-03,3,"**Earnings Estimate:** Analysts predict Q2 EPS of $1.33, neutral.  
**Price Action:** WDFC opened at $217.87, slightly up 0.23% from previous close, neutral.  

**Net Tilt:** Neutral. No clear bullish or bearish signals from today’s headlines."
2024-07-08,2,"**Ownership Decrease:** Llc reduced its stake in WDFC by 6.4% in Q1, bearish on institutional support (less ownership).

**Analyst Action:** Da Davidson reissued a ""buy"" rating with a new $313.00 target price, bullish on valuation and potential upside.

**Net Tilt:** Mixed signals; ownership decrease is bearish while analyst reiteration is bullish."
2024-07-09,9,"**Revenue Guidance:** Bullish; WDFC provided full-year revenue guidance above analysts' expectations but also reported revenue below current quarter expectations, creating mixed signals.

**Revenue Performance:** Bullish; Q3 revenue is expected to grow 2.9% YoY to $145.8M.

**Earnings Expectation:** Neutral; analysts forecast EPS of $1.39 for Q3. Earnings report scheduled for July 10th.

**Net Tilt:** Mixed signals on revenue, but overall slightly bullish due to positive guidance and revenue growth projection."
2024-07-10,25,"**Revenue and Earnings:** Bullish. WDFC reported Q3 revenue up 6.8%, beating estimates, with EPS of $1.46, exceeding consensus by $0.08. Guidance for FY24 remains unchanged at $5.00-$5.30 EPS and $585M revenue.

**Buybacks and Ownership Increases:** Bullish. WDFC repurchased 34,250 shares in Q3. Institutional investors like Allspring Global Investments, Comerica Bank, and others increased stakes.

**Stock Performance:** Bullish. Post-earnings, WDFC shares jumped 7% intraday to $234.78 and gained another 8.76% in after-hours trading to $239.00.

**Net Tilt:** Strongly Bullish."
2024-07-11,38,"**Earnings Beat:** WDFC reported Q3 EPS of $1.38, beating expectations by $0.07 (bullish). Revenue and net income grew (bullish). Pre-tax profit exceeded consensus by $3.3M (bullish).

**Analyst Action:** D.A. Davidson downgraded WDFC to a lower price target of $303 from $313 (bearish).

**Insider Buying:** CEO Steven A. Brass and Director David Pendarvis made recent purchases (bullish).

**Stock Performance:** Shares gained 12.5% post-earnings, but opened down 0.5% on Thursday (mixed).

**Guidance:** FY2024 EPS forecast met expectations ($5.00-$5.30 vs. $5.20) with unchanged net profit outlook (neutral).

**EBIT Decline:** Adjusted Q3 EBIT fell to $23.40M from $25.70M (bearish).

**Net Tilt:** Bullish, despite mixed signals."
2024-07-12,9,"**Price Target Downgrade:** DA Davidson downgraded WDFC, cutting the price target from $313.00 to $303.00 (Bearish).

**Revenue Growth & Earnings Beat:** Q3 earnings beat expectations with maintenance sales rising 10% (Bullish).

**Institutional Ownership Increase:** Multiple institutions (Apg Asset Management US Inc., Jupiter Asset Management Ltd., Comerica Bank) increased holdings (Bullish).

**Stock Performance:** WDFC stock up 4.0% (Bullish).

**Earnings Guidance:** DA Davidson forecasts Q4 2024 EPS of $1.31 and FY2025 EPS of $5.62 (Neutral).

**Net Tilt:** Bullish due to earnings beat, revenue growth, and institutional buying despite the downgrade."
2024-07-13,2,"Institutional ownership trends mixed: Jump Financial LLC increased holdings by 475.2% in Q4, bullish; Gsa Capital Partners LLP reduced position by 77.5% in Q1, bearish. Net tilt: slightly bullish due to significant增持幅度超过减持幅度。请注意，需要重新表述以确保完全使用英文。

Institutional ownership trends mixed: Jump Financial LLC increased holdings by 475.2% in Q4, bullish; Gsa Capital Partners LLP reduced position by 77.5% in Q1, bearish. Net tilt: slightly bullish due to larger increase compared to decrease."
2024-07-14,3,"**Revenue Beat:** Bullish. WD-40 Co. reported Q revenue of $155.05M vs. consensus $145.80M, beating expectations by $9.25M.

**Institutional Ownership:** Bullish. Markets increased its holdings in WDFC, indicating confidence.

**Position Size:** Neutral. Markets holds a $3.61M position in WDFC, showing stable interest without further directional signal.

**Net Tilt:** Bullish. Revenue beat and increased institutional ownership outweigh neutral position size."
2024-07-15,3,"**Insider Buy:** CFO Sara Kathleen Hyzer purchased 213 shares, indicating potential confidence in the company’s future (Bullish).

**Price Target Downgrade:** Da Davidson downgraded the price target from $313.00 to $303.00, signaling reduced expectations (Bearish).

**Ownership Increase:** Inc. increased holdings by 25.5%, suggesting continued institutional support despite the downgrade (Net Tilt: Neutral with Bullish undertones).

NET TILT: Neutral with slight Bullish bias due to insider and institutional activity."
2024-07-18,5,"**Revenue Growth:** Bullish; WDFC reported a 9.4% YoY increase in revenue.

**Institutional Ownership:** Mixed; SG Americas Securities LLC increased its stake by 116.9%, while Oppenheimer Asset Management Inc. reduced its holdings by 33.1%.

**Stock Performance:** Bullish; shares opened at $253.77, up from previous close.

**New Investor Interest:** Bullish; Quantbot Technologies LP invested $305,000 in WDFC.

**Net Tilt:** Slightly Bullish."
2024-07-19,5,"**Insider Buy & Revenue Beat:** CFO Sara Hyzer’s insider purchase of 213 shares (Bullish) and Q2 revenue beating estimates by $9.25M ($155.05M vs. $145.80M analyst estimate) (Bullish).

**Price Target Downgrade:** Da Davidson downgraded the target price from $313.00 to $303.00 (Bearish).

**Increased Ownership:** Two firms increased holdings: Llc upped holdings by 33.8% in Q4 (Bullish) and Inc. initiated a new stake in Q1 (Bullish).

**Net Tilt:** Bullish due to insider buy, revenue beat, and increased ownership, despite a slight downgrade.

Conflicting signals present but overall positive sentiment."
2024-07-20,5,"**Ownership Changes:** Bullish. Apg Asset Management US Inc. increased its stake by purchasing a new position worth $38.1M, while Bank also boosted its holdings by 0.4%. However, Janney Montgomery Scott LLC sold shares, indicating mixed sentiment.

**Stock Price:** Neutral. WDFC opened at $251.30 on Friday, with no specific directional movement indicated.

**Net Tilt:** Slightly Bullish due to significant new investment by Apg Asset Management US Inc., despite some selling activity."
2024-07-26,8,"**Revenue Growth:** Bullish; WDFC reported a 9.4% increase in revenue YoY.

**Price Target Downgrade:** Bearish; Da Davidson downgraded the target price from $313.00 to $303.00.

**Ownership Increases:** Bullish; multiple institutions increased stakes in WDFC, including a 57.7% increase by one entity.

**Analyst EPS Estimate:** Neutral; analysts predict EPS of 5.22 for the current fiscal year.

**Net Tilt:** Mixed signals with revenue growth and ownership increases bullish, while the price target downgrade is bearish."
2024-07-28,6,"**Revenue Beat:** Bullish. WD-40 reported Q2 revenue of $155.05M vs. analyst estimates of $145.80M.

**Institutional Ownership Growth:** Bullish. Jupiter Asset Management, Jump Financial, and Acadian Asset Management significantly increased their stakes in WDFC.

**Stock Performance:** Bullish. WDFC opened at $267.01 on Friday, indicating positive market sentiment.

**Stake Acquisition:** Bullish. A new investor purchased 1,255 shares of WDFC.

**Net Tilt:** Strongly Bullish. All signals indicate positive momentum and growing institutional interest."
2024-07-29,1,"**Ownership Increase:** Bullish. Point Inc. purchased a new position in WD-40 in the fourth quarter, indicating institutional confidence in the stock.

**Net Tilt:** Bullish. Institutional buying suggests positive sentiment towards WD-40."
2024-07-30,6,"**Price Target Downgrade:** Da Davidson downgraded WDFC, lowering the price target from $313.00 to $303.00 (Bearish).

**Ownership Changes:** 
- Inc. and Ltd increased holdings (Bullish).
- State Board of Administration of Florida Retirement System and American International Group Inc. reduced holdings (Bearish).

**Earnings Estimate:** Analysts expect EPS of $5.22 for the current year (Neutral).

**Net Tilt:** Mixed signals with one downgrade and multiple ownership changes indicating both bullish and bearish sentiments."
2024-07-31,1,"**WDFC Daily Brief (2024-07-31)**

- **Price Action**: WDFC set a new 12-month high at $280.11, indicating strong bullish momentum.
- **Analyst Actions**: No notable analyst upgrades, downgrades, or PT changes reported today.
- **Earnings & Guidance**: No earnings report or guidance update mentioned.
- **Catalysts**: No significant product launches, delays, legal issues, supply chain disruptions, or major corporate actions (buybacks, etc.) noted.

**Net Tilt**: Bullish due to price action hitting a new 12-month high."
2024-08-02,1,"**Revenue Beat:** WD-40 Co. reported Q2 revenue of $155.05 million, beating analyst estimates of $145.80 million. **Bullish** due to strong top-line performance.

**Analyst Actions:** No significant analyst actions noted today.

**Earnings Surprise:** Revenue exceeded expectations by $9.25 million. **Bullish** as it indicates better-than-expected sales momentum.

**Catalysts:** None reported today that impact the stock directly.

**Net Tilt:** Bullish based on revenue beat and positive earnings surprise."
2024-08-03,7,"**Price Target Downgrade:** Da Davidson downgraded WDFC, reducing the price target from $313.00 to $303.00 (Bearish).

**Revenue Growth:** Q4 revenue up 9.4% (Bullish).

**Institutional Ownership Changes:**
- Jump Financial LLC increased holdings by 475.2% in Q4 (Bullish).
- Acadian Asset Management LLC increased position by 1,131.2% in Q1 (Bullish).
- Vanguard Group Inc. boosted holdings by 0.4% in Q1 (Bullish).
- Public Employees Retirement Association of Colorado sold shares (Bearish).

**Stock Performance:** WDFC stock down 0.4% (Bearish).

**Net Tilt:** Mixed signals with institutional buying outweighing the downgrade and slight sell-off."
2024-08-07,6,"**Insider Activity:** Bullish - CFO Sara Kathleen Hyzer bought 213 shares.

**Analyst Action:** Bearish - Da Davidson downgraded WD-40, reducing price target from $313.00 to $303.00.

**Ownership Changes:** Mixed - Stratos Wealth Partners LTD. and another firm increased stakes, while System and California State Teachers Retirement System decreased stakes.

NET TILT: Neutral to Slightly Bearish due to analyst downgrade and mixed ownership signals."
2024-08-08,4,"**Revenue Growth:** Bullish. WD-40 reported QTD revenue growth of 9.4%, beating expectations.

**Institutional Ownership:** Bullish. Both a bank and a fund increased their stakes in WDFC by 0.4% and 1.4%, respectively. Additionally, Price T Rowe Associates Inc. MD acquired shares.

**Net Tilt:** Strongly Bullish. Multiple institutional investors increasing their positions indicates confidence in the stock’s performance."
2024-08-10,4,"**Bullish Ownership Increases:** Jump Financial LLC increased its stake by 475.2%, Acadian Asset Management LLC by 1,131.2%, and Vanguard Group Inc. by 0.4%. Additionally, Dekabank Deutsche Girozentrale invested $34,000 in WDFC. These significant increases indicate strong institutional support.

**Net Tilt:** Bullish"
2024-08-18,3,"**Ownership Increase and Stake Acquisitions:** Bullish. **Evidence:** Ltd increased its stake in WDFC by 57.7% in Q1, and Cwm LLC also bought shares. These actions suggest institutional confidence.

**Stock Performance:** Bullish. **Evidence:** WDFC shares traded up 1.0%.

**Net Tilt:** Bullish."
2024-08-20,4,"**Ownership Changes:**  
- **Bullish:** Apg Asset Management US Inc., Jupiter Asset Management Ltd., and Lazard Asset Management LLC increased their positions in WDFC, with Jupiter’s new position valued at $20.49M and Lazard increasing its stake by 83.6%.  
- **Bearish:** Sg Americas Securities LLC reduced its position by 23.5%.  
**Net Tilt:** Bullish due to significant inflows outweighing the reduction."
2024-08-22,2,"**Ownership Increase:** Bullish. Bank purchased a new stake in WDFC in Q4, indicating institutional interest. Additionally, Blue Trust Inc. acquired 305 shares, further signaling investor confidence.

**Net Tilt:** Bullish. Multiple institutions increasing stakes suggests positive sentiment around WDFC."
2024-08-25,2,"**Price Target Downgrade:** Da Davidson downgraded WD-40, cutting the price target from $313.00 to $303.00. **Bullish Signal Dilution**.

**Ownership Increase:** Dekabank Deutsche Girozentrale initiated a new stake in WD-40, valued at approximately $34,000. **Bullish**.

**Net Tilt:** Mixed signals; downgrade suggests caution, but new institutional ownership indicates interest. **Net Neutral to Slightly Bearish**."
2024-08-28,6,"**Earnings:** Bullish. WD-40 reported EPS of $1.38, beating expectations.

**Analyst Actions:** Bearish. Da Davidson downgraded WDFC, reducing the target price from $313.00 to $303.00.

**Ownership Changes:** Mixed. Apg Asset Management US Inc. increased holdings significantly ($38M), while Raymond James reduced holdings by 22.6%. LLC also increased holdings slightly.

**Price Movement:** Bullish. WDFC stock gained 0.5%.

**Net Tilt:** Neutral with slight bullish bias due to earnings beat and price gain, but analyst downgrade and significant ownership reduction temper enthusiasm."
2024-08-29,2,"**Ownership Increase:** Two firms increased their stakes in WDFC. **Ltd** boosted its stake by 57.7% in Q1, while **Llc** purchased a new stake in Q4. **Bullish** on investor confidence and potential support.

**Net Tilt:** Bullish due to increased ownership."
2024-09-01,2,"**Ownership Changes:** 
- **Bullish:** Dekabank Deutsche Girozentrale acquired a new position in WDFC valued at about $34,000.
- **Bearish:** Maryland State Retirement & Pension System sold shares of WDFC.

**Net Tilt:** Mixed signals with a slight bullish bias due to the new institutional investment."
2024-09-03,7,"**Revenue Growth:** Bullish; QoQ revenue up 9.4%.  
**Price Target Downgrade:** Bearish; Da Davidson cut PT from $313 to $303.  
**Institutional Ownership Shifts:** Mixed; Ltd increased holdings by 57.7%, while Principal Financial Group reduced by 32.6%.  
**Stock Performance:** Bullish; WDFC traded up 1.4%.  
**Analyst Forecast:** Neutral; EPS forecast at 5.22 for the current year.  
**Net Tilt:** Mixed signals suggest cautious stance."
2024-09-06,6,"**Ownership Increases:** Multiple institutional investors increased their stakes in WDFC, including GSA Capital Partners (40.6% increase Q4), Acadian Asset Management (1,131.2% increase Q1), and Jump Financial (475.2% increase Q4). Additionally, Vanguard Group increased its stake by 0.4% in Q1. **Bullish** on investor confidence.

**Position Update:** Inc. reported a $211,000 position in WDFC. **Neutral** on specific impact but indicates ongoing interest.

**Stock Price:** Shares opened at $263.38 on Friday. **Neutral** on price movement without additional context.

**Net Tilt:** **Bullish** due to significant ownership increases."
2024-09-09,4,"**Ownership Changes:** Jupiter Asset Management increased stake (bullish), while Allspring Global Investments reduced position by 68.4% (bearish).

**Stock Price & EPS Estimates:** WDFC opened at $261.41; analysts predict EPS of 5.22 for FY (neutral).

**Net Tilt:** Mixed signals with institutional investors showing both interest and disinterest, but overall slightly bearish due to significant reduction by Allspring."
2024-09-13,8,"**Price Target Downgrade:** Da Davidson downgraded WDFC, lowering the target price from $313.00 to $303.00 (Bearish).

**Ownership Changes:** System increased its stake by 1.8%, Victory Capital Management Inc. by 5.4% (Bullish). Llc sold 100 shares (Bearish). Net ownership tilt is slightly Bullish.

**Stock Performance:** Shares opened at $252.85 on Friday (Neutral).

**Analyst Estimates:** Analysts predict EPS of 5.22 for the current year (Neutral).

**New Investment:** Quest Partners LLC made a new investment in WDFC (Bullish).

**Net Tilt:** Mixed signals with a slight Bullish bias due to ownership increases and new investment, but cautious due to the downgrade."
2024-09-15,7,"**Ownership Trends:** Bullish. Multiple institutional investors increased their stakes significantly: Acadian Asset Management LLC upped its holding by 1,131.2%, GSA Capital Partners LLP by 40.6%, and Vanguard Group Inc. by 0.4%. Jupiter Asset Management Ltd. also initiated a new position worth $20.49M. However, one investor reduced their stake by 2.5%. **Net Tilt:** Bullish due to substantial increases outweighing the single reduction."
2024-09-16,2,"**Ownership Increase:** Inc. increased its holdings in WD-40 by 25.5% in Q4, indicating **bullish** sentiment (evidence: significant ownership increase).

**Stock Performance:** WD-40 stock gained 1.8%, signaling **bullish** market reaction (evidence: positive stock movement).

**Net Tilt:** Bullish (both signals indicate positive investor interest)."
2024-09-17,4,"**Ownership Increases:** Apg Asset Management US Inc., Bank of New York Mellon Corp, and Charles Schwab Investment Management Inc. increased their stakes in WDFC, with Victory Capital Management Inc. buying 755 additional shares. **Direction:** Bullish. **Evidence:** Institutional investors' increased holdings suggest confidence in WDFC’s future performance."
2024-09-21,2,"**Ownership Changes:** Bullish - Texas lifted its stake in WD-40 by 199.5% in Q4, indicating increased confidence. Bearish - LLC sold 15,843 shares, suggesting some investors remain cautious. **Net Tilt:** Mixed signals with a slight bullish bias due to the significant stake increase by Texas."
2024-09-22,11,"**Price Target Downgrade:** Da Davidson downgraded WDFC’s price target from $313.00 to $303.00 (Bearish).

**Ownership Increases:** Multiple institutions increased holdings or initiated positions in WDFC, including Td Asset Management, System, Llc, Dekabank Deutsche Girozentrale, Vanguard Group, Apg Asset Management, and Bank of New York Mellon (Bullish).

**Stock Performance:** WDFC stock fell 1.8% (Bearish).

**Opening Price:** WDFC opened at $255.91 on Friday (Neutral).

**Net Tilt:** Mixed signals with institutional buying supporting but analyst downgrade and stock decline indicating caution."
2024-09-25,4,"**Ownership Changes:** Dekabank Deutsche Girozentrale increased its stake in WDFC, indicating **bullish** sentiment ($34,000 investment). However, there was a decrease in short positions, which could suggest **bearish** pressure as shorts reduce exposure.

**Financial Performance:** Q1 revenues were reported at $155 million, with no specific guidance or earnings surprise mentioned. The stock closed flat at $255.38, showing **neutral** price movement.

**Net Tilt:** Conflicting signals from ownership changes; overall **neutral** to slightly **bullish** due to institutional buying."
2024-09-26,16,"**Revenue Growth:** Bullish. WD-40 reported a 9.4% increase in revenue YoY.

**Institutional Ownership:** Bullish. Multiple institutions increased their stakes: Apg Asset Management, Jupiter Asset Management, Lazard Asset Management, Inc., Intech Investment Management, Ltd., Vanguard Group, Dimensional Fund Advisors, and Bank of New York Mellon. However, Proshare Advisors and Apg Asset Management N.V. decreased their positions slightly.

**Price Action:** Neutral. Stock opened at $254.54 on Thursday.

**Upcoming Event:** Neutral. WD-40 scheduled a Q4 and FY2024 earnings conference call."
2024-09-27,1,"**Ownership Decrease:** Marshall Wace LLP sold 11,505 shares of WDFC, reducing ownership. **Bullish Signal Dilution** as institutional support wanes. **Bearish**.

Net Tilt: **Bearish**."
2024-09-28,5,"**Price Target Downgrade:** Da Davidson downgraded WDFC, reducing the price target from $313.00 to $303.00 (Bearish).

**Ownership Decreases:** Both Amalgamated Bank and Cim Investment Management Inc. decreased their shareholdings (Bearish).

**Stock Performance:** WDFC stock gained 0.4% today (Bullish).

**Holdings Update:** Amalgamated Bank still holds $911,000 worth of WDFC shares (Neutral).

**Net Tilt:** Bearish due to multiple sell-offs and downgrade despite minor stock gain."
2024-09-29,3,"**Ownership Changes:**  
- **Bullish:** GSA Capital Partners LLP increased its position by 40.6% in Q4. Acadian Asset Management LLC significantly boosted holdings by 1,131.2% in Q1.  
- **Bearish:** Llc reduced its position by 4.9% in Q2.  
**Net Tilt:** Mixed signals with significant bullish institutional activity outweighing the bearish reduction."
2024-09-30,9,"**Ownership Trends:** Bullish. Eagle Asset Management, AQR Capital, Bank of Montreal, Public Sector Pension Investment Board, and Sei Investments all increased their positions in WDFC, indicating institutional confidence. However, Dark Forest Capital Management sold shares, showing some divergence.

**New Stake:** Bullish. Cubist Systematic Strategies purchased new shares, adding to the positive sentiment.

**Price Action:** Neutral. WDFC opened at $257.55, unchanged from previous close.

**Earnings Estimate:** Neutral. Analysts predict EPS of 5.22 for the current year, aligning with expectations.

**Net Tilt:** Bullish, with significant institutional buying offsetting minor selling."
2024-10-01,4,"**Ownership Increases:** Bullish. Multiple institutional investors increased their stakes in WDFC: Bank purchased a new stake, Vanguard Group Inc. grew its stake by 0.4%, and Dimensional Fund Advisors LP lifted its position by 2.0%. Additionally, Lutherans reported holding a $2.47 million stake. This indicates growing confidence among large investors."
2024-10-02,6,"**Net Tilt: Bearish**

- **Bearish:** Davidson downgraded WD-40, reducing price target from $313.00 to $303.00.
- **Bullish:** Institutional investors Winton GROUP, Envestnet Asset Management, Oppenheimer Asset Management, and Dekabank increased their stakes in WD-40 by 13.9%, 11.8%, 10.9%, and 240.9% respectively.
- **Bearish:** HSBC Holdings reduced its stake by 44.8%.

Conflicting signals; net tilt slightly bearish due to analyst downgrade."
2024-10-04,2,"**Dividend Unchanged:** Bullish. Wd-40 maintains its quarterly dividend at $0.88 per share, signaling stability and confidence in cash flows.

**No Earnings Surprise:** Neutral. No earnings surprise mentioned, indicating results were as expected.

**Lack of Analyst Actions:** Neutral. No upgrades, downgrades, or changes in price targets reported.

**No Significant Catalysts:** Neutral. No product launches, legal issues, supply chain disruptions, or major demand shifts noted.

**Net Tilt:** Neutral. The unchanged dividend is positive, but lack of other significant signals keeps the overall tilt neutral."
2024-10-05,6,"**Ownership Increases:** Multiple institutional investors increased their stakes in WDFC: Algert Global LLC (+173.2%), Millennium Management LLC (+80.5%), AQR Capital Management LLC (+76.4%), Cubist Systematic Strategies LLC (+1.0%), and Bank of Montreal Can (+18.9%). **Bullish** on investor confidence and potential future performance. Algert Global now holds $1.06 million in WDFC."
2024-10-10,2,"**Ownership Increase:** Bullish - Intech Investment Management LLC purchased a new position in WD-40 in Q2 valued at $955,000.

**Stock Performance:** Bearish - Shares of WDFC opened at $255.76 on Thursday, down 0.11%.

**Net Tilt:** Mixed signals with ownership increase indicating institutional interest but stock performance showing weakness."
2024-10-11,2,"**Earnings Preview:** WDFC set to release Q4 earnings on Thursday. **Analysts forecast EPS of $1.31 per share**, providing a key data point for traders. **Direction: Neutral** until actual results are known. No other significant updates or analyst actions reported today.

**Net Tilt:** Neutral (awaiting actual earnings report)."
2024-10-13,2,"**Ownership Increase:** Bullish. Handelsbanken Fonder AB increased its position in WDFC by 9.8% in Q3, indicating institutional confidence. Additionally, another firm raised its stake by 57.7% in Q1, suggesting sustained interest from major investors.

**Net Tilt:** Bullish. Institutional buying supports the stock."
2024-10-16,5,"**Ownership Changes:** Acadian Asset Management LLC increased holdings by 1,131.2%, while Llc increased by 32.5%. Truist Financial Corp reduced its holdings (bearish). Truist still holds a significant position of $605,000 (neutral).

**Earnings Estimate:** Q4 2024 earnings preview released (neutral).

**Net Tilt:** Bullish due to substantial increases by major investors, offsetting the reduction by Truist."
2024-10-17,31,"**Revenue Positive:** Q4 revenue of $156M beat estimates by 4.57%, with FY2024 sales up 10.3%. Bullish.

**EPS Mixed:** Q4 EPS of $1.23 missed estimates by 8.21%, but was up YoY. Bearish.

**Capex Down:** FY2024 capex decreased to $5.90M from $6.90M. Bullish.

**Guidance Below Expectations:** FY25 EPS forecast of $5.20-$5.45 below consensus of $5.62. Bearish.

**Share Repurchase:** Company repurchased 34,250 shares in 2024. Bullish.

**Dividend Increase:** Dividend increased by an average of 7.4% annually over the past three years. Bullish.

**Net Tilt:** Signals conflict; overall slightly bearish due to EPS miss and guidance disappointment."
2024-10-18,17,"**Bullish Signals:**
- Jefferies upgraded price target to $280 from $250.
- DA Davidson upgraded price target to $322 from $303.
- Sales of WD-40 multi-use product increased 16%.
- Revenue grew 9.07% YTD and 11% in Q4, reaching $156M.
- Q4 earnings reported as strong.

**Bearish Signals:**
- Shares fell nearly 10% in April.
- Shares trading lower post-earnings announcement.

**Neutral Signals:**
- Jefferies maintains hold rating.
- FY 2025 EPS guidance of $5.20-$5.45.
- Revenue guidance between $600M.

**Net Tilt:** Mixed, but slightly bullish due to multiple upgrades and strong revenue growth."
2024-10-19,3,"**Earnings Above Expectations:** Bullish. WDFC reported full-year 2024 revenues that beat expectations, indicating strong performance.

**Stock Price Movement:** Bearish. Despite positive earnings, WDFC shares closed at $253.82, down slightly from previous levels.

**Net Tilt:** Mixed signals with earnings beating expectations but stock price showing slight weakness."
2024-10-20,3,"**Ownership Increase:** 
- **Bullish**: Llc increased holdings by 0.3% in Q2, and Ltd raised its position by 57.7% in Q1.

**Stock Price:**
- **Neutral**: WDFC opened at $251.25 on Friday.

**Net Tilt:** Bullish due to significant ownership increases."
2024-10-21,16,"**WD-40 Daily Brief (2024-10-21)**

- **Bullish Signals**: Jefferies upgraded price target to $280 from $250; Q4 maintenance product sales rose 12%; specialist net sales up 13%; multiple institutional investors increased stakes (Dekabank, Jupiter Asset Management, Millennium Management, Lazard Asset Management, Vanguard Group, LLC).
- **Bearish Signals**: Q4 earnings miss; SG Americas Securities reduced holdings by 60.9%; stock down 5.1%.

**Net Tilt**: Mixed, but slightly bullish due to revenue growth and stake increases outweighing the earnings miss and stock decline.

**Action**: Hold."
2024-10-22,2,"**WDFC Daily Brief (2024-10-22)**

- **Price Target Upgrade**: DA Davidson raised WDFC’s price target to $322.00 from an unspecified previous level, indicating a **bullish** stance.
- **Revenue Beat**: Q3 revenue was $156.00 million vs. consensus of $149.20 million, signaling **bullish** momentum.

**Net Tilt:** Bullish

A trader should consider these signals before deciding to **BUY** or **HOLD** based on positive analyst sentiment and revenue outperformance."
2024-10-23,4,"**Revenue Growth:** Bullish. WDFC reported Q3 revenue up 11.0%, beating EPS estimates by $0.41.

**Ownership Increase:** Bullish. LLC acquired a new stake in WDFC shares during Q3, indicating institutional interest.

**Analyst Estimates:** Neutral. Da Davidson set Q1 2025 EPS estimates but no specific figures were provided.

**Net Tilt:** Bullish. Revenue growth and new ownership outweigh neutral analyst activity."
2024-10-25,9,"**Bullish Signals:**
- **Price Target Upgrade:** Jefferies Financial Group upgraded WD-40’s target price from $250.00 to $280.00.
- **Revenue Beat:** QTR revenue was $156.00M vs. expectations of $149.20M.
- **Institutional Ownership Increase:** Multiple institutions (Vanguard, Dimensional Fund Advisors, BNY Mellon, Jupiter Asset Management, Millennium Management) increased stakes.

**Neutral Signal:**
- **Earnings Estimate:** Consensus estimate for FY2024 EPS is $5.36.

**Net Tilt:** Bullish."
2024-10-30,13,"**Bullish Signals:**
- **Revenue Growth:** QTD revenue up 11.0%.
- **Analyst Upgrades:** Jefferies upgraded PT from $250.00 to $280.00; Da Davidson raised PT from $303.00 to $322.00.
- **Institutional Ownership Increases:** Multiple institutions (Vanguard, Dimensional Fund Advisors, Bank of New York Mellon, Jupiter Asset Management, Millennium Management) increased positions.
- **New Stake:** Inc. bought 88 shares.

**Bearish Signal:**
- **Insider Sell:** Director William B. Noble sold 800 shares.

**Net Tilt:** Bullish due to strong revenue growth, multiple analyst upgrades, and significant institutional buying outweighing the minor insider sell."
2024-11-03,5,"**Revenue Growth:** Bullish; WD-40 reported a 11.0% increase in revenue YoY.

**Institutional Ownership:** Bullish; System increased its holdings by 1.8%.

**Stock Performance:** Neutral; Shares opened at $264.39 on Friday.

**Analyst Forecast:** Neutral; Analysts predict EPS of 5.36 for the current year.

**Net Tilt:** Bullish; Revenue growth and institutional buying indicate positive momentum despite lack of stock price movement."
2024-11-04,4,"**Earnings:** Bullish. WDFC reported EPS of $0.30, up from $0.61 previously, indicating a positive earnings surprise despite a lower figure. Five-year net income growth is strong.

**Stock Performance:** Bullish. WDFC stock has seen recent gains.

**Dividends:** Neutral. The company continues to pay dividends but no new information on changes or amounts.

**Net Tilt:** Bullish. Recent earnings and stock performance suggest positive momentum."
2024-11-05,5,**Jefferies Financial Group upgraded WD-40’s price target from $250.00 to $280.00 (Bullish)**. **Da Davidson raised their price objective from $303.00 to $322.00 (Bullish)**. **Llc increased holdings by 34.9% in Q3 (Bullish)**. **Inc. acquired a new stake in Q1 (Bullish)**. **Dekabank Deutsche Girozentrale decreased position (Bearish)**. **Net Tilt: Bullish**.
2024-11-06,9,"**Insider & Ownership Activity:** Bearish; Director William B. Noble sold 800 shares. Bullish; Llc increased position by 9.8%, Allspring Global Investments Holdings LLC by 152.5%, and Markets by 17.3%. Bearish; New York State Teachers Retirement System reduced position by 6.2%.

**Stock Performance:** Bullish; WDFC stock up 2.4%. Private Advisor Group LLC purchased shares.

**Earnings Estimate:** Neutral; analysts predict EPS of 5.36 for the current year.

**Net Tilt:** Mixed signals with slight bullish bias due to recent stock gain and new purchases."
2024-11-13,5,"**Revenue Growth:** Bullish. WD-40 Co.’s quarterly revenue grew 11.0% YoY.

**Institutional Ownership:** Mixed. Dekabank Deutsche Girozentrale initiated a new position worth $34,000, while Principal Financial Group Inc. reduced its stake by 1.5%.

**Stock Performance:** Bullish. WDFC stock gained 1.5%.

**Earnings Guidance:** Neutral. Analysts predict EPS of 5.36 for the current fiscal year.

**Net Tilt:** Slightly Bullish."
2024-11-15,12,"**Bullish Signals:**
- **Price Target Upgrades:** Jefferies raised target from $250.00 to $280.00; Da Davidson also upgraded.
- **Revenue Guidance:** FY2025 sales growth projected at 6%-11%.
- **Q4 Revenue:** Reported $156M, up 11% YoY.
- **Institutional Ownership Growth:** Lazard, Millennium, and another LLC increased stakes; Covestor Ltd also bought shares.

**Bearish Signals:**
- **Insider Sales:** Group Managing Director Noble sold $289,700 in stock.
- **Ownership Decrease:** Amalgamated Bank cut its position.

**Net Tilt:** Bullish, with strong revenue growth and upgrades outweighing insider sales."
2024-11-17,3,"**Ownership Increase:** Inc. increased its stake in WD-40 by 24.3% in Q3 (Bullish).

**Stock Price:** WD-40 stock opened at $279.01 on Friday (Neutral).

**Earnings Estimate:** Analysts forecast EPS of 5.36 for the current year (Neutral).

**Net Tilt:** Mixed signals with a slight bullish bias due to the significant ownership increase."
2024-11-20,6,"**Revenue Beat:** Bullish. WD-40 reported Q revenue of $156.00M vs. estimates of $149.20M.

**Institutional Ownership Increase:** Bullish. Acadian Asset Management increased holdings by 1,131.2%, Vanguard by 0.4%, Quest Partners initiated a new stake, and Algert Global increased holdings by 173.2%.

**Insider Sell:** Bearish. Director William B. Noble sold 800 shares.

**Net Tilt:** Mixed signals but overall bullish due to strong revenue beat and significant institutional buying."
2024-11-22,4,"**Jefferies Financial Group upgraded WDFC’s price target from $250.00 to $280.00**, bullish. **DA Davidson maintained a “buy” rating with a new $322.00 price target**, bullish. **KBC Group NV holds a $115,000 stake in WDFC**, neutral. **WDFC opened at $277.73 on Friday**, neutral. **Net tilt: Bullish** due to two positive analyst upgrades."
2024-11-27,7,"**Revenue Growth:** Bullish; WDFC reported a 11.0% increase in revenue YoY.

**Ownership Increase:** Bullish; System raised its position by 1.8%, and Algert Global LLC increased holdings by 73.0%.

**Analyst Rating:** Neutral; Da Davidson reaffirmed a ""buy"" rating with a $322.00 price target.

**Stock Price Movement:** Bearish; WDFC stock fell 2.2%.

**Earnings Estimate:** Neutral; Analysts predict EPS of 5.36 for the current fiscal year.

**Net Tilt:** Mixed signals with some bullish (revenue, ownership) and bearish (stock price) indicators."
2024-12-03,15,"**Bullish Signals:**
- **Revenue Growth:** WD-40 reported a 11.0% YoY increase in revenue.
- **Price Target Upgrade:** Jefferies Financial Group upgraded the price target from $250.00 to $280.00.
- **Analyst Reiteration:** Da Davidson maintained a ""buy"" rating with a $322.00 price target.
- **Institutional Ownership Increase:** Multiple institutions (Llc, Dekabank, Inc., Charles Schwab, Millennium Management, Jupiter Asset Management, Envestnet, Dimensional Fund Advisors) increased their stakes.

**Bearish Signal:**
- **Insider Sale:** Director William B. Noble sold 800 shares.

**Net Tilt:** Bullish due to strong revenue growth, multiple institutional increases in ownership, and a price target upgrade, despite an insider sale."
2024-12-04,1,"WDFC announced its 2024 Annual Meeting of Stockholders. **Neutral**. No specific trading signals or financial updates provided. No EPS, revenue, analyst actions, earnings surprises, or significant catalysts mentioned. Traders should await further details from the meeting for actionable insights."
2024-12-05,1,"**Ownership Increase:** Bullish. Citigroup Inc. increased its stake in WD-40 by 65.0% during the 3rd quarter, indicating potential confidence in the company’s future prospects.

**Net Tilt:** Bullish."
2024-12-06,5,"**Price Target Upgrade:** Jefferies raised price target from $250.00 to $280.00 (Bullish).

**Revenue Beat:** Q4 revenue was $156.00M vs. expectations of $149.20M (Bullish).

**Institutional Ownership Shifts:** Markets increased holdings by 39.4%, while MetLife cut position (Mixed, Net Tilt Bullish).

**Analyst Reiteration:** Da Davidson maintained ""buy"" with $322.00 target (Bullish)."
2024-12-08,6,"**Insider Activity & Ownership Changes:** Director William B. Noble sold 800 shares (bearish). However, institutional investors like Charles Schwab, Dimensional Fund Advisors, and Bank of New York Mellon increased their positions (bullish). **Net Tilt:** Neutral.

**Earnings Estimate:** Analysts expect EPS of $5.36 for FY 2024 (neutral).

**Net Signal:** Neutral."
2024-12-09,1,"**Ownership Increase:** Bullish. LLC increased its stake in WD-40 by 41.2% in Q2, indicating confidence in the stock’s future performance.

**Net Tilt:** Bullish."
2024-12-10,2,"**Ownership Decrease:** Bearish — Manufacturers Life Insurance Company reduced its stock position in WDFC.

**Analyst Rating:** Bullish — Da Davidson reiterated a ""buy"" rating with a $322.00 price target.

**Net Tilt:** Mixed signals; ownership decrease is bearish while analyst reaffirmation is bullish."
2024-12-12,8,"**Dividends:** Bullish. WDFC raised its quarterly dividend by 7% to $0.94.

**Revenue Guidance:** Bullish. Projected FY2025 net sales growth of 6% to 11%.

**Board Appointment:** Neutral. Eric P. Etchart appointed as Chairman of the Board.

**Revenues:** Neutral. Reported FY2024 net sales of $590.6 million; Q4 sales were strong but no specific figures provided.

**Conference Call:** Neutral. Scheduled for Q1 2025.

**Net Tilt:** Bullish. Revenue guidance and dividend hike are positive signals."
2024-12-14,6,"**Insider Sell:** Director William B. Noble sold 1,000 shares (Bearish).

**Revenue Growth:** QoQ revenue up 11.0% (Bullish).

**Institutional Ownership:** KBC Group NV increased holdings by 28.6%, System increased stake by 1.8% (Bullish).

**Analyst Rating:** Da Davidson reaffirmed ""buy"" with $322.00 PT (Bullish).

**Held Position:** Stifel Financial Corp holds $6.09M in WDFC (Neutral).

**Net Tilt:** Mixed signals; revenue growth and institutional buying positive, but insider sell negative."
2024-12-15,2,"**Ownership Increase:** Bullish. State Street Corp increased holdings by 1.8% in Q3, while Dimensional Fund Advisors LP increased by 2.0% in Q2.

**Net Tilt:** Bullish. Institutional investors are showing confidence by increasing their stakes."
2024-12-16,3,"**Dividend Increase:** Bullish. WDFC increased its quarterly dividend to $0.62, indicating strong financial health and confidence.

**Ownership Changes:** Mixed. Llc increased holdings by 41.2%, suggesting bullish sentiment. Conversely, Fmr LLC decreased its stake by 41.4%, indicating bearishness. **Net Tilt:** Neutral with slight bullish bias due to the dividend increase and overall positive ownership action from Llc.

**Action:** Hold."
2024-12-19,2,"**Revenue Growth**: Bullish. WDFC reported revenue growth, indicating strong sales performance.

**Acquisition Rumor**: Neutral to Bullish. A rumor suggests potential acquisition interest, which could positively impact stock if confirmed.

**Earnings Surprise**: Neutral. No specific earnings beat or miss mentioned, only revenue growth noted.

**Net Tilt**: Slightly Bullish. Revenue growth and potential acquisition rumors provide positive signals, though no definitive earnings surprise is indicated."
2024-12-25,4,"**Jefferies Financial Group upgraded WD-40’s target price from $250.00 to $280.00**, bullish, driven by positive outlook. **WD-40 increased its quarterly dividend to $0.88**, bullish, boosting investor appeal. **WDFC stock gained 1.2%**, bullish, indicating market confidence. **Principal Financial Group Inc. holds a significant $27.84 million position**, neutral, showing institutional support but no change in holdings. **Net Tilt: Bullish**."
2025-01-02,1,"WDFC rescheduled its Q1 FY25 earnings conference call. This move is **neutral** as it does not provide specific financial or operational details but may indicate internal adjustments or logistical reasons. No direct trading signal can be derived from this action alone. However, traders should monitor for any additional information released during the rescheduled call that could impact the stock."
2025-01-06,6,"**Price Target Upgrade:** Jefferies Financial Group upgraded WD-40’s price target from $250.00 to $280.00 (Bullish).

**Institutional Ownership Increases:** Victory Capital Management, Charles Schwab Investment Management, Quest Partners, and Algert Global increased their stakes (Bullish). 

**Minor Institutional Sale:** Inc. sold 110 shares (Bearish).

**Net Tilt:** Bullish due to multiple upgrades and increased ownership outweighing the minor sale."
2025-01-09,5,"**Revenue Growth:** Bullish; WDFC forecasts 5% YoY revenue growth to $147.4M.

**Stock Performance:** Bearish; WDFC stock down 13.4%.

**Earnings Preview:** Neutral; multiple previews indicate upcoming Q1 earnings announcement on Jan 10th.

**Net Tilt:** Bearish due to significant stock loss despite positive revenue forecast."
2025-01-10,25,"**Revenue and Earnings Beat:** WDFC reported Q1 GAAP EPS of $1.39, beating estimates by $0.13, and quarterly sales of $153.50M, exceeding the consensus of $147.47M. Bullish.

**Revenue Guidance Positive:** Projected net sales growth of 6-11% for FY25. Bullish.

**Earnings Guidance Below Expectations:** Guided FY25 EPS to $5.20-$5.45, below the consensus of $5.36. Bearish.

**Buybacks:** Repurchased 13,750 shares in Q1. Bullish.

**Mixed Signals:** Strong Q1 results and positive revenue guidance contrast with lower-than-expected earnings guidance. Net tilt slightly bullish due to recent outperformance and buybacks."
2025-01-11,12,"**Bullish Signals:**
- **Revenue Growth:** WD-40 reported a 9% increase in net sales for Q1, with a 9% rise in multi-use product sales and a 2% increase in Specialist sales.
- **Analyst Upgrade:** Jefferies Financial Group upgraded WDFC’s price target from $250.00 to $280.00.
- **Institutional Ownership Increase:** Millennium Management LLC, Barclays PLC, and Jupiter Asset Management Ltd. significantly increased their stakes in WDFC.

**Bearish Signals:**
- None identified.

**Net Tilt:** Bullish."
2025-01-12,7,"**Revenue Growth:** Bullish; Q4 revenue up 9.2% YoY.

**Dividend Cut:** Bearish; quarterly dividend reduced from $0.88 to $0.62.

**Institutional Ownership:** Bullish; Charles Schwab increased stake by 2.8%, Algert Global by 173.2%.

**Earnings Guidance:** Bearish; EPS guidance ($5.20-$5.45) below consensus ($5.36).

**New Stake Acquisition:** Neutral; JPMorgan acquired 10,711 shares.

**Net Tilt:** Mixed, but slightly bearish due to dividend cut and earnings guidance miss."
2025-01-13,7,"**Earnings Beat:** Bullish. WD-40 beat Q1 EPS estimates with $1.39 per share vs. expectations. Revenue growth forecast at 6%-11%.

**Dividend Increase:** Bullish. Dividend raised to $0.94 per share.

**Stock Price Action:** Bearish. Stock fell 6.3% despite earnings beat, possibly due to lower-than-expected revenue guidance.

**Technical View:** Bullish. Entered oversold territory, suggesting potential rebound.

**Net Tilt:** Mixed signals but overall slightly bullish due to earnings beat and dividend hike."
2025-01-14,4,"**Revenue Above Expectations:** Bullish. WD-40 reported Q1 sales of $153.50M vs. consensus $147.40M.

**Earnings and EBIT Up:** Bullish. Q1 net profit was $18.93M vs. $17.48M, and EBIT was $25.12M vs. $24.10M.

**Revenue Guidance Meets Expectations:** Neutral. FY2025 sales forecast is $600.00M-$630.00M vs. consensus $622.95M.

**Net Tilt:** Bullish. Revenue and earnings beat expectations, while guidance met expectations."
2025-01-15,2,"**Revenue Volume Up:** Bullish. WD-40 Multi-Use Product sales increased 9%, beating EPS estimates by $0.41.

**Conference Call:** Neutral. No additional concrete signals provided beyond scheduling the Q1 2025 earnings call.

**Net Tilt:** Bullish. Revenue growth and EPS beat indicate strong performance."
2025-01-17,1,"**Earnings Guidance Unchanged:** WD-40 forecasts FY2025 net profit at USD 70.20M to 73.58M, matching previous guidance. **Direction:** Neutral. Evidence: No change in EPS or revenue forecast indicates stability but lacks positive momentum.

**Net Tilt:** Neutral."
2025-01-21,6,"**Earnings Beat:** WD-40 Co. reported Q1 net profit adjusted at USD 18.90M vs consensus USD 17.10M, EPS Non-GAAP at USD 1.39 vs USD 1.28, pre-tax profit at USD 24.30M vs USD 23.05M, and EBIT adjusted at USD 25.10M vs USD 24.20M—**Bullish**.

**Revenue Growth:** Sales increased by 9%—**Bullish**.

**Analyst Rating:** Da Davidson maintains Buy rating—**Neutral**.

**Net Tilt:** Strongly **Bullish** due to multiple earnings beats and revenue growth, despite neutral analyst action."
2025-01-22,4,"**Revenue Beat:** Bullish. WD-40 reported Q revenue of $153.30M vs. consensus $147.40M, beating expectations by $5.9M.

**Insider Sell:** Bearish. Director William B. Noble sold 1,000 shares on Nov 13th.

**Institutional Ownership Increase:** Bullish. Envestnet Asset Management increased holdings by 11.8%.

**Net Tilt:** Mixed signals but overall slightly bullish due to revenue beat and institutional buying.

**Price:** Nasdaq:WDFC opened at $233.59."
2025-01-23,7,"**Bullish Signals:**
- **Price Target Upgrade:** Jefferies Financial Group raised the price target from $250.00 to $280.00.
- **Earnings Beat:** WD-40 reported EPS of $1.28, beating expectations.
- **Analyst Upgrade:** DA Davidson upgraded FY2026 EPS estimates.
- **Institutional Buying:** Dimensional Fund Advisors, Intech Investment Management, Sei Investments, and Public Sector Pension Investment Board all increased holdings.

**Net Tilt:** Bullish."
2025-01-24,4,"**Ownership Increase:** Bullish. Lutherans increased holdings by 42.4% in Q3, while Algert Global LLC increased holdings by 173.2% in Q2.

**Earnings Opinion:** Neutral. No specific earnings data provided.

**Stock Price:** Neutral. Stock opened at $231.33 on Friday.

**Net Tilt:** Bullish. Significant ownership increases suggest institutional confidence."
2025-01-25,5,"**Insider Sell:** Director William B. Noble sold 1,000 shares (Bearish).

**Revenue Growth:** QoQ revenue up 9.2% (Bullish).

**Ownership Increase:** Institutional investor increased stake by 28.9% (Bullish).

**Stock Performance:** Stock trading up 0.8% (Bullish).

**Earnings Estimate:** DA Davidson issued Q2 earnings estimate (Neutral).

**Net Tilt:** Bullish due to revenue growth and ownership increase, despite insider sell."
2025-01-27,3,"**Analyst Ratings:** DA Davidson upgraded WDFC to Buy, positive.  
**Earnings Performance:** Q4 EPS of $1.28, beat expectations.  
**Ownership Changes:** KBC Group NV increased holdings by 28.6%, indicating confidence.  

**Net Tilt:** Bullish."
2025-01-28,2,"**Earnings:** WD-40 Co. reported EPS of $1.28, beating expectations of $0.61 (bullish).

**Ownership Increase:** Lutherans increased holdings in WD-40 by 42.4% in Q3 (bullish).

**Net Tilt:** Bullish."
2025-01-30,4,"**Revenue Above Expectations & Up Year-Over-Year:** Bullish. WD-40 reported Q4 revenue of $153.30M, beating estimates of $147.40M, with a 9.2% Y/Y increase.

**Analyst Rating Neutral:** Neutral. Da Davidson maintained a ""buy"" rating but kept the target price unchanged at $322.00.

**Net Tilt:** Bullish. Revenue beat and growth outweigh neutral analyst action."
2025-02-03,5,"**Ownership Increase:** Bullish; Fund increased holdings by 6.1% in Q4.

**Analyst Rating:** Neutral; Da Davidson reissued ""buy"" with $322 target.

**Stock Performance:** Bearish; WDFC dropped 15.9%.

**Earnings Estimate:** Neutral; analysts predict EPS of 5.42 for the current year.

**Dividend:** Neutral; company declared a quarterly dividend.

**Net Tilt:** Mixed signals; significant stock drop conflicts with positive ownership and analyst action."
2025-02-05,2,"**Revenue Growth:** Bullish. WD-40 Co.’s revenue grew 9.2% YoY, beating EPS estimates by $0.04.

**Institutional Ownership:** Bullish. Charles Schwab Investment Management Inc. increased its stake by 2.8% in Q3, indicating institutional confidence.

**Net Tilt:** Bullish. Both revenue growth and increased institutional ownership suggest positive momentum."
2025-02-06,8,"**Earnings:** Bullish. WD-40 Co. reported EPS of $1.28, beating expectations.

**Insider Activity:** Bearish. Director William B. Noble sold 1,000 shares.

**Institutional Ownership:** Mixed. State Street Corp, increased holdings by 1.8%; Ltd. increased holdings by 77.9%; Lutherans increased holdings by 42.4%; Davenport & Co LLC sold 92 shares. Net tilt slightly bullish due to larger increases outweighing the small decrease.

**Price Action:** Bullish. WDFC opened at $239.58, indicating positive market sentiment.

**Holdings Update:** Neutral. Inc. has $142,000 holdings in WD-40, no change in position noted."
2025-02-07,6,"**Price Target Upgrade:** Jefferies raised price target from $250.00 to $280.00 (Bullish).

**Ownership Increase:** Geode Capital increased stake by 3.5% in Q3 (Bullish).

**Analyst Reiteration:** DA Davidson maintained ""buy"" with $322.00 target (Bullish).

**Stock Performance:** Shares opened at $240.73 (Neutral).

**Stake Acquisition:** KBC Group acquired 103 shares (Bullish).

**EPS Estimate:** Analysts predict 5.42 EPS for FY (Bullish).

**Net Tilt:** Strongly Bullish."
2025-02-08,3,"**Ownership Increases:** JPMorgan Chase & Co. increased holdings by 24.8%, and KBC Group NV raised its position by 28.6% in Q3. Janney Montgomery Scott LLC also purchased 450 shares. **Direction:** Bullish. Institutional buying indicates confidence in WDFC’s prospects.

**Net Tilt:** Bullish. Multiple institutions increasing stakes suggests positive sentiment."
2025-02-12,6,"**Price Target Upgrade:** Jefferies raised WDFC’s price target from $250.00 to $280.00, **bullish**.

**Revenue Beat:** Q4 revenue was $153.30M vs. expectations of $147.40M, **bullish**.

**Institutional Ownership Shifts:** Inc. increased holdings by 3.3%, while Revenue Sells reduced by 46 shares, **mixed**.

**Earnings Guidance:** Analysts forecast FY EPS at 5.42, **neutral**.

**Dividend Announcement:** WDFC declared a quarterly dividend, **bullish**. 

**Net Tilt:** Bullish."
2025-02-20,8,"**Revenue Beat:** Bullish. Q4 revenue was $153.30M vs. expectations of $147.40M.

**Ownership Increases:** Bullish. State Street Corp., Ltd., and LLC increased their stakes in WDFC by 1.8%, 77.9%, and 23.1% respectively.

**Analyst Rating:** Neutral-Bullish. Da Davidson maintained a ""buy"" rating with a $322.00 price target.

**Acquisitions:** Neutral. Corp invested $3.22M in WDFC, while another firm bought 13,258 shares.

**EPS Guidance:** Neutral. Analysts predict EPS of 5.42 for FY.

**Net Tilt:** Bullish. Multiple ownership increases and revenue beat outweigh neutral analyst rating and EPS guidance."
2025-02-21,5,"**Ownership Changes:** 
- **Bullish:** Planning raised its position in WDFC by 17.7% in Q3.
- **Bearish:** New York State Teachers Retirement System reduced its holdings but still holds a significant $4.74M position.

**Stock Performance:**
- **Bearish:** WDFC opened at $230.93 on Friday, down slightly from previous sessions.

**Net Tilt:** Mixed signals with a slight lean towards bearish due to the stock opening lower."
2025-02-23,5,"**Revenue Growth:** Bullish; WD-40 reported QoQ revenue growth of 9.2%.

**Analyst Actions:** Mixed; Da Davidson upgraded to ""buy"" with a $322.00 PT, while other actions show increased ownership without specific ratings.

**Ownership Increase:** Bullish; Principal Financial Group Inc. acquired 6,073 additional shares, and another firm increased its stake by 41.3%.

**Earnings Guidance:** Neutral; analysts predict EPS of 5.42 for the current fiscal year.

**Net Tilt:** Bullish; multiple ownership increases and positive analyst action outweigh neutral guidance."
2025-02-25,3,"**Ownership Increase:** Bullish. Allspring Global Investments Holdings LLC significantly increased its stake in WDFC by 209.6% in Q4, holding $401,000 worth of stock. Additionally, another entity increased its stake by 41.3% in Q3.

**Net Tilt:** Bullish. Institutional ownership increases suggest confidence in WDFC’s prospects."
2025-02-28,3,"Institutional ownership increased as Lutherans lifted their holdings in WDFC by 42.4%, bullish. Da Davidson reissued a ""buy"" rating with a $322.00 price target, bullish. D.A. Davidson & Co. maintains a significant stake of $205,000, neutral. Net tilt: Bullish."
2025-03-03,4,"**Revenue Growth:** Bullish. WDFC reported a 9.2% QoQ revenue increase.

**Stake Increases:** Bullish. KBC Group NV increased its stake by 28.6%, and Truist Financial Corp acquired shares.

**Earnings Guidance:** Neutral. Analysts expect EPS of $5.42 for the current year, no change from previous estimates.

**Net Tilt:** Bullish. Revenue growth and stake increases indicate positive sentiment, while stable EPS guidance is neutral."
2025-03-07,3,"**Ownership Changes:** Barclays increased ownership by 309.7%, bullish (institutional confidence boost). Oppenheimer decreased holdings by 4.5%, bearish (reduced institutional support).

**Earnings Estimate:** Analysts predict EPS of $5.42 for FY, neutral (no change in consensus forecast).

**Net Tilt:** Mixed signals with slight net bullish bias due to significant Barclays increase."
2025-03-09,6,"**Revenue Growth:** Bullish; WD-40 reported a 9.2% YoY increase in revenue.

**Institutional Ownership:** Bullish; Bank of New York Mellon, Versor Investments, and KBC Group increased their stakes in WDFC.

**Analyst Rating:** Neutral; Da Davidson reaffirmed a ""buy"" rating with a $322.00 target price.

Signals are mixed but lean bullish due to strong revenue growth and significant institutional buying."
2025-03-15,3,"**Revenue Beat:** Bullish. WD-40 reported Q4 revenue of $153.30M vs. expectations of $147.40M, beating by $5.90M.

**Analyst Action:** Neutral. Da Davidson reissued a ""buy"" rating with a $322.00 target price.

**Ownership Increase:** Bullish. Truist Financial Corp increased holdings by 2.4%.

**Net Tilt:** Bullish. Revenue beat and ownership increase outweigh neutral analyst action."
2025-03-16,6,"**Ownership Changes:** 
- **Bullish:** KBC Group NV increased its position by 28.6%, SRS Capital Advisors Inc. grew holdings by 525.8%, and Victory Capital Management Inc. boosted its stake by 2.1%. Charles Schwab Investment Management Inc. acquired 5,095 new shares.
- **Bearish:** Atria Investments Inc. decreased its position.

**Stock Price:** 
- Neutral: Opened at $238.58 on Friday.

**Net Tilt:** Bullish due to significant increases from major investors outweighing the single decrease."
2025-03-17,8,"**Revenue Growth:** Bullish; WDFC reported a 9.2% YoY increase in revenue.

**Ownership Increases:** Bullish; multiple institutions increased holdings in Q3 and Q4, including Proficio Capital Partners, State Street Corp, Geode Capital Management, BNY Mellon, and Principal Financial Group.

**Stock Performance:** Neutral; shares opened at $238.58 on Monday.

**Earnings Guidance:** Neutral; analysts expect EPS of 5.42 for the current fiscal year.

**Net Tilt:** Bullish; strong institutional buying supports revenue growth."
2025-03-18,3,"**Investment Activity:** Bullish. Raymond James Financial Inc. invested $17.90 million in WDFC, indicating institutional confidence.

**Dividends:** Neutral. WDFC maintained its quarterly dividend at $0.94 per share, signaling stable financial health but no change in payout strategy.

**Net Tilt:** Slightly Bullish. Institutional investment is a positive signal, while unchanged dividends suggest stability without new incentives."
2025-03-21,3,"**Ownership Increase:** Bullish. Victory Capital Management Inc. increased its stake in WD-40 by 2.1% in Q4.

**Analyst Rating:** Neutral-Bullish. Da Davidson reaffirmed a ""buy"" rating with a $322.00 price target.

**Stock Price:** Bearish. WD-40 stock opened at $235.94 on Friday, below the analyst’s price target.

**Net Tilt:** Slightly Bullish due to ownership increase and maintained buy rating despite stock price discount to target."
2025-03-24,2,"**Ownership Increase:** Bullish. Eagle Asset Management Inc. increased its stake in WDFC by 3.0% in Q3, indicating institutional confidence. Additionally, Swiss National Bank also acquired shares, further supporting bullish sentiment.

**Net Tilt:** Bullish. Institutional buying from two major investors suggests positive outlook on WDFC."
2025-03-25,7,"**Ownership Increases:** Multiple institutions increased their stakes in WDFC: Geode Capital (+3.5%), Charles Schwab (+3.5%), Bank of New York Mellon (+1.5%), and Principal Financial Group (+5.6%). **Bullish**.

**Price Movement:** WDFC stock traded up 2.3%. **Bullish**.

**Analyst Predictions:** Analysts forecast EPS of 5.42 for the current fiscal year. **Neutral** as no change in guidance is indicated.

**Position Size:** Llc has a $1.63 million position in WDFC. **Neutral**.

**Net Tilt:** Bullish due to multiple ownership increases and positive price movement."
2025-03-27,3,"**Ownership Changes:** 
- **Bullish:** Inc. increased holdings by 3.3% in Q3.
- **Bullish:** D.A. Davidson & CO. increased holdings by 6.3% in Q4.
- **Bearish:** Lutherans sold 1,711 shares.

**Net Tilt:** Bullish due to larger increases from two firms outweighing the single reduction."
2025-03-28,1,"**Earnings Report:** WDFC reported Q4 EPS of $0.65, beating estimates by $0.05. Revenue was $90M, slightly missing estimates by $2M. **Bullish** on earnings beat but **bearish** on revenue miss.

**Analyst Actions:** BofA Securities downgraded WDFC from ""Buy"" to ""Neutral,"" reducing the price target from $60 to $50. **Bearish** due to reduced price target and downgrade.

**Acquisition Rumors:** Reports suggest potential acquisition interest in WDFC, though no official confirmation. **Bullish** sentiment if true, as it could lead to premium valuation.

**Net Tilt:** Mixed signals with earnings beat vs. revenue miss and analyst downgrade. **Net Bearish** due to revenue miss and analyst downgrade outweighing earnings beat and acquisition rumors."
2025-03-29,8,"**Ownership Changes:** Bullish. Srs Capital Advisors Inc., Raymond James Financial Inc., and Barclays PLC increased their stakes significantly (525.8%, new position worth $17.9M, 309.7% respectively). However, Commonwealth Equity Services LLC reduced its stake, indicating mixed sentiment.

**Earnings Estimate:** Neutral. Analysts predict EPS of 5.42 for the current year, providing a stable outlook without significant deviation from expectations.

**Stock Price:** Neutral. WDFC opened at $241.84 on Friday, reflecting current market valuation without directional movement."
2025-04-01,2,"**Earnings Estimate:** WDFC is set to report Q1 earnings on Tuesday. No specific EPS or revenue guidance provided.

**Dividend Announcement:** WDFC declared a quarterly dividend, payable on April 30th. This is a neutral event but may indicate stable cash flows.

**Net Tilt:** Neutral. No clear bullish or bearish signals from the provided headlines."
2025-04-02,3,"**Ownership Increases:** Bullish. Llc boosted its stake by 70.0% in Q4, while Ltd. increased holdings by 77.9% in Q3. Additionally, KLP Kapitalforvaltning AS purchased 2,800 shares. These increases indicate growing institutional interest.

**Net Tilt:** Bullish. Multiple institutions increasing their stakes suggests positive sentiment towards WDFC."
2025-04-03,2,"**Ownership Increase:** Bullish. KBC Group NV increased its stake in WD-40 by 23.1% in Q4, indicating institutional confidence.

**Earnings Estimate:** Neutral. Analysts predict EPS of $5.42 for the current fiscal year, aligning with expectations but lacking directional signal.

**Net Tilt:** Slightly Bullish due to institutional stake increase."
2025-04-06,2,"**Earnings Preview:** WDFC is set to release quarterly earnings. No specific EPS or revenue guidance provided yet. **Neutral** until details emerge.

**Analyst Actions:** No upgrades, downgrades, or new price targets announced. **Neutral**.

**Earnings Surprise:** None reported as earnings have not been released yet. **Neutral**.

**Catalysts:** No product launches, delays, legal issues, supply chain disruptions, or significant corporate actions mentioned. **Neutral**.

**Net Tilt:** Neutral. Insufficient data to determine directional bias."
2025-04-07,7,"**Revenue Growth:** Bullish; WDFC’s revenue is expected to grow 11% YoY to $154.4M.

**Ownership Increase:** Bullish; KBC Group NV increased its stake by 23.1% in Q4.

**Stock Performance:** Bearish; WDFC opened at $245.09, down 3.6% from previous close.

**Analyst Estimates:** Neutral; analysts expect EPS of 5.42 for FY.

**Earnings Report:** Neutral; WDFC set to report earnings Tuesday.

**Net Tilt:** Mixed signals with slight bullish bias due to revenue growth and ownership increase, but stock performance is bearish."
2025-04-08,35,"**Revenue Below Expectations:** Q2 revenue of $146.10M missed estimates by 5.38%, bearish.

**Earnings Beat & Guidance Up:** Q2 EPS of $1.32 beat estimates by $0.05; FY25 EPS raised to $5.25-$5.55 from $5.20-$5.45, bullish.

**Buybacks:** Repurchased 26,250 shares in Q2, bullish.

**Ownership Increases:** Proficio Capital Partners and Barclays increased stakes, bullish.

**EBITDA Up:** Q2 EBITDA of $30.10M vs. $28.10M, bullish.

**Revenue Guidance Meets Expectations:** FY25 sales forecast unchanged at $600M-$630M vs. consensus $627.1M, neutral.

**Net Tilt:** Bullish."
2025-04-09,14,"**Earnings:** Bullish. WDFC reported Q2 EPS of $1.14, beating estimates by $0.05. Revenue grew 5%, with WD-40 Specialist sales up 10%.

**Analyst Actions & Ownership:** Neutral-Bullish. Da Davidson reiterated a ""buy"" rating with a $322 target. Xponance Inc. increased its stake by 10.4%.

**Stock Performance:** Bearish. Shares are down 11% from a week ago but up 12% YTD.

**Guidance & Catalysts:** Bullish. Updated FY2025 guidance provided. No specific product delays or legal issues mentioned.

**Net Tilt:** Bullish. Positive earnings and revenue growth outweigh recent stock decline."
2025-04-10,4,"**WDFC Daily Brief (2025-04-10)**

- **Stock Performance:** Bearish; WDFC hit a 52-week low.
- **Institutional Ownership:** Mixed; Pictet Asset Management increased stake by 17.8%, while American Century Companies reduced by 1.1%. Institutional support from Inc. also noted with a 5.2% stake increase.

**Net Tilt:** Neutral to Slightly Bullish due to mixed institutional activity but bearish price action."
2025-04-11,1,"D.A. Davidson & Co. increased its stake in WD-40 by 6.3% in Q4, indicating bullish sentiment. This suggests institutional confidence in the company’s prospects. Direction: Bullish. Evidence: Ownership increase by a financial institution."
2025-04-13,6,"**Ownership Increases:** AllianceBernstein and Schroder Investment Management increased stakes, with Geode Capital also boosting holdings previously. **Bullish** on investor confidence.

**Revenue Miss:** Q4 revenue was $146.10M vs. expected $154.40M. **Bearish** on financial performance.

**Analyst Rating:** Da Davidson maintained a ""buy"" rating with a $322.00 price target. **Bullish** on long-term outlook.

**Net Tilt:** Mixed signals; ownership increases suggest institutional support, but revenue miss indicates operational challenges. **Net Neutral** overall."
2025-04-15,2,"**Dividend Increase:** Bullish. WDFC increased its quarterly dividend to $0.94, reflecting a strong commitment to shareholder returns. Historically, the company has raised dividends by an average of 6.8% annually over the past three years.

**Net Tilt:** Bullish."
2025-04-16,10,"**WDFC Daily Brief (2025-04-16)**

- **Analyst Upgrade**: DA Davidson raised WDFC to Strong-Buy, with Q3 2025 EPS estimate at $1.42.
- **Revenue Growth**: QoQ revenue up 5.0%.
- **Insider Buy**: CFO Sara Hyzer bought 256 shares.
- **Increased Ownership**: Multiple firms increased stakes significantly (Inc., Allspring Global).
- **Earnings Estimate**: Full-year consensus EPS at $5.42.

**Net Tilt**: Bullish. 

Evidence supports strong fundamentals and positive sentiment."
2025-04-17,7,"**Ownership Changes:** 
- **Bullish:** Llc increased position by 36.7%, Barclays increased by 309.7%.
- **Bearish:** Envestnet reduced position by 1.8%.

**Revenue Performance:**
- **Bearish:** Qtrly revenue $146.10M vs. consensus $154.40M, missing expectations.

**Stock Price Movement:**
- **Bearish:** Stock down 1.6%.

**Earnings Guidance:**
- **Neutral:** DA Davidson provided FY2025 EPS estimates but no specific figures given.

**Net Tilt:** Bearish due to revenue miss and stock decline, despite positive ownership increases."
2025-04-18,6,"**Bullish Signals:**
- **Analyst Upgrade:** Da Davidson upgraded WDFC to ""strong-buy"" with a new price target.
- **Insider Buying:** WDFC CFO purchased 256 shares.
- **Institutional Buys:** Vanguard, Geode Capital, Renaissance Technologies, and Millennium Management increased their stakes.

**Net Tilt:** Bullish. Multiple positive signals from analysts and insiders indicate strong confidence in WDFC’s future performance."
2025-04-21,10,"**Bullish Signals:**
- **Analyst Upgrade:** Da Davidson upgraded WD-40 to ""strong-buy.""
- **Revenue Growth:** QoQ revenue up 5.0%.
- **Insider Buy:** CFO Sara Kathleen Hyzer purchased 256 shares.
- **Stake Increases:** KBC Group NV and Allspring Global Investments Holdings LLC significantly increased their stakes.

**Bearish Signals:**
- None identified.

**Net Tilt:** Bullish."
2025-04-22,3,"**Earnings:** WD-40 Co. reported EPS of $1.14, beating expectations of $0.61 (bullish).

**Ownership Increases:** Barclays PLC increased its stake by 309.7% in Q3 (bullish). Bank of Montreal Can also acquired shares (bullish).

**Net Tilt:** Bullish due to strong earnings beat and significant institutional buying."
2025-04-23,2,"**Ownership Changes:** Federated Hermes Inc. increased its stake in WDFC by 3.1%, indicating **bullish** sentiment. Conversely, Llc reduced its position, signaling **bearish** sentiment. The net effect is mixed but slightly **bullish** due to the larger increase from Federated Hermes.

NET TILT: SLIGHTLY BULLISH"
2025-04-29,2,"**Revenue Growth**: Bullish. WD-40 Co.’s Q4 revenue grew 5.0% YoY.

**Stock Performance**: Bearish. Shares opened at $223.03, down $0.11 from the previous close.

**Net Tilt**: Mixed signals with revenue growth positive but stock opening lower."
2025-05-08,2,"**Ownership Increase:**  
- **Bullish:** D.A. Davidson & Co. increased its stake in WDFC by 6.3% in Q4, indicating institutional confidence.  
- **Bullish:** Corton Capital Inc. acquired 993 new shares, further signaling investor interest.

**Net Tilt:** Bullish due to increased ownership stakes by both institutions."
2025-05-09,4,"**Ownership Increase:** Nebula Research & Development LLC increased its stake, buying a new position worth $1,094,000 (Bullish).

**Revenue Miss:** Q4 revenue was $146.10M vs. expectations of $154.40M (Bearish).

**Stake Purchase:** Algert Global LLC purchased 1,329 shares (Bullish).

**Stock Price:** Opened at $234.65 (Neutral).

**Net Tilt:** Mixed signals with two bullish and one bearish, but revenue miss is significant. **NET TILT: SLIGHTLY BEARISH.**"
2025-05-16,4,"**Analyst Ratings:** Bullish; Da Davidson upgraded WD-40 to ""strong-buy"" with a new price target of $0.94.

**Ownership Changes:** Bullish; Srs Capital Advisors Inc. increased its stake by 525.8% in Q4.

**Revenue Performance:** Bearish; Q4 revenue missed estimates at $146.10M vs. $154.40M consensus.

**Stock Movement:** Bullish; WD-40 stock gained 2.4%.

**Net Tilt:** Mixed signals but slightly bullish due to analyst upgrade and significant ownership increase. Revenue miss is bearish but not offsetting the positive momentum."
2025-05-19,1,"**Ownership Increase:** Balyasny Asset Management L.P. bought a new position in WD-40 in the 4th quarter. **Direction:** Bullish. **Evidence:** Institutional investor interest indicates confidence in the stock’s future performance.

NET Tilt: **Bullish**."
2025-05-23,5,"**Ownership Increase:** Bullish. Charles Schwab Investment Management Inc. increased its stake in WDFC by 3.5%, indicating institutional confidence.

**Institutional Buying:** Bullish. MIRAE ASSET GLOBAL ETFS HOLDINGS Ltd. also bought shares, reinforcing positive sentiment.

**Stock Performance:** Bearish. WDFC traded down 0.2% today, suggesting some near-term weakness.

**Earnings Update:** Neutral. The latest earnings were announced on April 8th, with analysts predicting EPS of $5.42 for the current year.

**Net Tilt:** Mixed signals with slight bullish bias due to significant institutional buying."
2025-05-24,2,"**Ownership Changes:**  
- **Bullish:** Llc increased its stake in WDFC by 0.9% in Q4, indicating potential confidence in the stock.  
- **Bearish:** Advisers reduced its stake by 0.34%, suggesting some investors are less optimistic about WDFC’s prospects.  
**Net Tilt:** Mixed signals, but slight overall bullish bias due to larger stake increase by Llc."
2025-05-25,5,"**Analyst Upgrade:** Da Davidson upgraded WD-40 to ""strong-buy"" with a new price target of $0.94, bullish.

**Institutional Ownership Growth:** 
- KBC Group NV increased stake by 23.1% in Q4.
- Exchange Traded Concepts LLC increased stake by 2.8% in Q4.
- Barclays PLC significantly increased stake by 309.7% in Q3.
- Bank of America Corp DE purchased 254 shares recently.

**Net Tilt:** Bullish, driven by analyst upgrade and substantial institutional buying."
2025-05-26,2,"**Two Sigma Investments LP increased its stake in WDFC by 46.6% during Q4, indicating **bullish** sentiment. The firm now holds a larger position, signaling confidence in the stock’s future performance.**

NET TILT: Bullish"
2025-05-28,5,"**Insider & Ownership Activity:** Bullish. CFO Sara Hyzer’s insider buy (256 shares) and significant ownership increases by Jefferies Financial Group (64.0%) and KBC Group NV (23.1%) indicate confidence in the company’s prospects.

**Stock Performance:** Bullish. WDFC stock gained 1.2%.

**Holdings Update:** Neutral. Nuveen Asset Management LLC maintains substantial holdings ($11.72M).

**Net Tilt:** Bullish. Multiple positive signals outweigh neutral ones."
2025-05-30,2,"**Ownership Changes:**  
- **Bullish:** LP increased its position in WDFC by 133.3% in Q4, indicating confidence.  
- **Bearish:** LLC sold 8,647 shares, suggesting some investors are less optimistic.

**Net Tilt:** Mixed signals with a slight bullish bias due to the significant increase by LP."
2025-06-01,6,"**Insider and Institutional Buying:** Bullish. CFO Sara Kathleen Hyzer purchased 256 shares, while KBC Group NV, LLC, and SRS Capital Advisors Inc. increased their stakes significantly (23.1%, 82.6%, and 525.8% respectively).

**Revenue Miss:** Bearish. WD-40 reported Q4 revenue of $146.10M, missing analysts' expectations of $154.40M.

**Net Tilt:** Mixed signals with significant insider and institutional buying offsetting the revenue miss."
2025-06-10,8,"**Product Release:** Bullish. Wd-40 introduced a new food product line.

**Ownership Increases:** Bullish. Multiple institutions increased stakes: LLC up 28,448%, Jefferies up 64%, LLC up 82.6%, and D.A. Davidson up 6.3%.

**New Stake Acquisition:** Bullish. Parallel Advisors LLC acquired shares, and another LLC added 71 shares.

**Stock Performance:** Bearish. WDFC stock down 0.9%.

**Net Tilt:** Mixed signals with significant institutional buying but recent stock decline."
2025-06-18,8,"**Insider & Ownership Activity:** Bullish. CFO Sara Hyzer bought 256 shares, while institutional investors like Allspring Global, Balyasny Asset Management, and Exchange Traded Concepts significantly increased their stakes. However, one investor sold 126 shares, indicating mixed sentiment.

**Stock Performance:** Neutral. WDFC stock gained 0.1%, a minor positive but not strongly indicative of trend change.

**Earnings Estimate:** Neutral. Analysts predict EPS of 5.42 for the current fiscal year, aligning with expectations but lacking directional signal.

**Net Tilt:** Mixed signals suggest a **HOLD** recommendation for the next session."
2025-06-21,5,"**Analyst Upgrade & Ownership Increase:** Da Davidson upgraded WDFC to ""strong-buy"" with no specific price target mentioned, indicating bullish sentiment. Balyasny Asset Management L.P. and another LLC significantly increased their stakes, showing institutional support. **Bullish**

**Earnings Forecast:** Analysts predict EPS of 5.42 for the current fiscal year, suggesting positive earnings expectations. **Bullish**

**Net Tilt:** Bullish, driven by analyst upgrades and significant stake increases despite limited quantitative data."
2025-06-24,2,"**Ownership Increase:** Institutional investor Inc. acquired a new stake in WD-40, indicating potential confidence in the stock’s future performance (Bullish).

**Stock Performance:** WD-40 stock gained 0.9% today (Bullish).

**Net Tilt:** Bullish."
2025-06-25,6,"**Analyst Ratings & Ownership:** Da Davidson upgraded WD-40 to ""strong-buy"" (bullish). Srs Capital Advisors Inc. increased its stake by 525.8% in Q4, while another investor upped holdings by 96.1% in Q1 (bullish).

**Stock Performance:** Shares opened at $234.00, down slightly (slightly bearish).

**Earnings Estimates:** Analysts forecast EPS of 5.42 for the current year (neutral to bullish).

**Net Tilt:** Bullish due to strong analyst upgrades and significant ownership increases, despite minor stock weakness."
2025-06-27,4,"**Institutional Ownership Increase:** Bullish. Llc increased holdings by 2,844.8% in Q1, while Millennium Management LLC increased holdings by 206.9% in Q4. Additionally, Inc. acquired 256 new shares.

**Earnings Release:** Neutral. WD-40 released Q4 earnings on April 8th, but no specific details or surprises were mentioned in the headlines.

**Net Tilt:** Bullish due to significant institutional buying."
2025-07-01,7,"**Insider & Ownership Activity:** CFO Sara Kathleen Hyzer’s insider buy (256 shares) and Truist Financial Corp’s increased stake (+2.4%) are bullish. However, a fund sold 664 shares, indicating some bearish sentiment. A new investor also put in $233,000, which is positive.

**Price Action:** Stock opened at $228.09, unchanged from previous close, showing neutral price movement.

**Earnings Estimate:** Analysts expect EPS of 5.42 for FY, neutral but suggests stable expectations.

**Net Tilt:** Mixed signals with slight net bullish bias due to insider and institutional buying."
2025-07-02,8,"**Ownership Increases:** Multiple institutions increased their positions in WDFC, including Sg Americas Securities LLC ($6.07M), Janney Montgomery Scott LLC, Charles Schwab (+3.5%), Invesco Ltd. (+9.5%), Raymond James Financial Inc. ($17.9M), Vanguard Group Inc., and Bank of New York Mellon Corp. (all Q4 data). **Bullish**.

**Stock Performance:** WDFC stock gained 1.9%. **Bullish**. 

NET TILT: Bullish."
2025-07-03,3,"**Ownership Increase:** Bullish. Jones Financial Companies LLC and another LLC significantly increased their stakes in WD-40 by 476.2% and 420.0%, respectively, indicating institutional confidence.

**Revenue Miss:** Bearish. WD-40 reported Q1 revenue of $146.10 million, missing analyst estimates of $154.40 million by $8.30 million.

**Net Tilt:** Mixed. Institutional buying suggests support, but the revenue miss is a negative signal."
2025-07-04,2,"**Ownership Decrease:** Sequoia Financial Advisors LLC decreased its stake in WDFC, bearish as it indicates reduced confidence from a significant shareholder.

**Stock Price Stability:** WDFC opened at $253.66 with no change in stock price, neutral but suggests limited immediate market reaction to ownership changes.

**Net Tilt:** Bearish due to the stake reduction despite stable opening price."
2025-07-05,6,"**Insider & Ownership Activity:** Bullish. CFO Sara Hyzer bought 256 shares, and Inc. increased its stake by 5.2%. Cambridge Investment Research Advisors also bought 645 shares.

**Stock Performance:** Bullish. WDFC stock gained 9.6%.

**Earnings & Guidance:** Neutral. Earnings were announced on April 8th, with analysts predicting 5.42 EPS for the current year.

**Net Tilt:** Bullish. Multiple insider and institutional buys indicate confidence."
2025-07-06,2,"**Ownership Changes:**  
- **Bullish:** Bank of New York Mellon Corp increased holdings by 1.5% in Q4.  
- **Bearish:** Davenport & Co LLC reduced stake by 0.8% in Q1.  
**Net Tilt:** Mixed signals suggest neutral ownership trend.

Trader action: HOLD"
2025-07-07,2,"**Ownership Increase:** Llc boosted its position in WDFC by 0.9% in the 4th quarter, indicating **bullish** sentiment. The firm now holds a stake worth $114,000. This suggests institutional confidence in the stock.

**Net Tilt:** Bullish

Confidence in WDFC is indicated by the increased stake, despite no change in overall holdings reported separately."
2025-07-08,1,"KBC Group NV purchased shares of WDFC, indicating **bullish** sentiment. This suggests institutional confidence in the stock’s future performance.

NET TILT: Bullish

Evidence:
- KBC Group NV purchased WDFC shares."
2025-07-09,4,"**Earnings Preview and Conference Call:** WDFC is set to report Q3 earnings on July 10th. The company’s Q1 earnings call provided mixed signals. Revenue beat expectations at $65M, but EPS missed slightly at $0.85 vs. $0.90 estimates. Management noted strong demand in DIY markets but cited supply chain disruptions impacting production. **Bullish:** Revenue beat; DIY demand robust. **Bearish:** EPS miss; supply chain issues. **Net Tilt:** Neutral with potential upside if supply issues resolve.

**Analyst Actions:** No significant analyst upgrades or downgrades noted recently. **Neutral.**

**Catalysts:** None announced. **Neutral.**"
2025-07-10,27,"**Revenue:** Bearish. Q2 revenue missed expectations, and the company lowered full-year revenue guidance to $610 million. However, Q3 revenue rose 5.0% YoY and 1.2% sequentially.

**Earnings:** Bullish. Q3 EPS of $1.54 beat the prior year’s $1.46, and FY25 EPS guidance was raised to $5.30-$5.60 from $5.25-$5.55.

**Ownership:** Bullish. Institutional investors like Allspring Global Investments, Millennium Management, Raymond James Financial, and Balyasny Asset Management significantly increased their stakes.

**Stock Price:** Mixed. Shares edged higher after Q3 results but closed flat at 0%.

**Net Tilt:** **Bullish** due to strong earnings performance and positive ownership trends despite revenue concerns."
2025-07-11,9,"**Earnings & Guidance:** EPS beat Q3 estimates and FY25 guidance raised to $5.30-$5.60 from $5.25-$5.45 (bullish). Revenue growth at 6% but FY25 sales forecast below consensus at $600-$620M vs $625M (mixed).

**Analyst Actions:** DA Davidson downgraded price target to $300 (bearish).

**Financial Performance:** Q3 net profit up to $20.98M from $19.84M, EBITDA rose to $31.90M from $30.50M (bullish).

**Net Tilt:** Mixed, with strong financial performance and EPS guidance offset by revenue guidance miss and analyst downgrade."
2025-07-12,7,"**Price Target Downgrade:** DA Davidson downgraded WDFC, reducing the target price from $322.00 to $300.00 (Bearish).

**Revenue Growth:** WD-40 Specialist sales grew 6% in Q3 (Bullish).

**Ownership Increase:** Kbc Group NV increased its stake by 8.9% in Q1 (Bullish).

**Stock Performance:** WDFC Specialist segment is up 11% YTD (Bullish).

**Earnings Guidance:** Updated FY 2025 earnings guidance provided (Neutral).

**Net Tilt:** Mixed signals with revenue growth and ownership increase offset by price target downgrade."
2025-07-13,5,"**Ownership Increase:** Bullish. [ownership-increase-held|ess0.37] Inc. bought a new stake in Q4 and increased holdings by 96.1% in Q1.

**Revenue Miss:** Bearish. Revenue was $156.92M vs. expectations of $160.60M.

**Stock Performance:** Bearish. WDFC stock down 0.7%.

**Held Position:** Neutral. Alps Advisors Inc. maintains a $1.71M holding.

**Net Tilt:** Mixed signals with ownership increases offsetting revenue miss and stock decline."
2025-07-14,5,"**Earnings Estimate Upgrade:** Da Davidson upgraded FY2026 EPS estimates for WD-40, indicating **bullish** sentiment based on improved financial outlook.

**Increased Ownership:** Both LLC and Inc significantly increased their positions in WD-40 by 36.7% and 96.1%, respectively, during Q1, signaling **bullish** investor confidence.

**Rating Reiteration:** Da Davidson reiterates a Buy rating on WD-40, maintaining **bullish** stance despite no change in rating.

NET TILT: **Bullish** due to upgraded estimates and significant ownership increases."
2025-07-15,1,"Analysts set expectations for WD-40 FY2026 earnings but no specific figures or changes in estimates were provided. No upgrades, downgrades, or new price targets announced. Absence of concrete financial metrics or analyst actions limits actionable signals. Net tilt: Neutral."
2025-07-16,12,"**Price Target Downgrade:** Da Davidson downgraded WDFC, cutting the target price from $322.00 to $300.00 (Bearish).

**Revenue Miss:** Q4 revenue was $156.92M vs. consensus $160.60M (Bearish).

**Institutional Ownership Changes:** 
- Positive: Vanguard, Geode Capital, Renaissance Technologies, Millennium Management, AllianceBernstein increased holdings.
- Negative: Llc reduced stake by 3.1% (Mixed).

**Earnings Guidance:** Analysts predict EPS of 5.42 for FY (Neutral).

**Net Tilt:** Bearish due to downgrade and revenue miss, offset slightly by positive institutional buying."
2025-07-17,12,"**Earnings:** WD-40 reported EPS of $1.46, beating estimates. DA Davidson upgraded Q4 2025 EPS estimates. **Bullish.**

**Revenue:** Revenue grew 1.2% YoY. **Bullish.**

**Ownership Increases:** Multiple firms increased stakes, including Stratos Wealth Partners (4.8%), Raymond James ($17.9M new stake), and others with significant increases. **Bullish.**

**Stock Performance:** Stock traded up 1.0%. **Bullish.**

**Net Tilt:** Strongly Bullish."
2025-07-19,1,"**Ownership Decrease:** Envestnet Asset Management Inc. trimmed its position in WDFC by 0.34%. **Bearish** due to reduced institutional ownership, signaling potential lack of confidence."
2025-07-20,3,"**Price Target Downgrade:** Da Davidson downgraded WDFC, cutting the price target from $322.00 to $300.00. **Bullish signal weakens** as analyst now sees lower potential upside.

**Stake Acquisition:** Xponance Inc. acquired 53 shares, indicating some institutional interest. **Slightly bullish**, but limited impact.

**Stock Performance:** WDFC traded down 1.4% today. **Bearish**, reflecting broader market sentiment or specific company concerns.

**Net Tilt:** Mixed signals with a **net bearish** bias due to the downgrade and stock performance."
2025-07-23,7,"**Net Tilt: Bearish**

- **Bearish**: Da Davidson downgraded WDFC, reducing target price from $322.00 to $300.00.
- **Bullish**: Inc increased holdings by 96.1%, indicating confidence.
- **Bearish**: Revenue missed estimates ($156.92M vs. $160.60M).
- **Neutral**: Mutual of America Capital Management LLC reduced holdings but still holds significant stock worth $481,000.
- **Bullish**: WDFC stock up 1.1%.

**Net Tilt:** Conflicting signals lean slightly bearish due to downgrade and revenue miss."
2025-07-29,6,"**Revenue Growth vs. Expectations:** Revenue up 1.2% YOY but missed expectations by $3.68M (bearish). **Price Target Downgrade:** Da Davidson downgraded WDFC to $300 from $322 (bearish). **Ownership Shifts:** Sei Investments increased holdings by 2.5% (bullish), while LLC reduced stake by 36.7% (bearish). **Earnings Guidance:** EPS forecast at $5.42 for the year (neutral). **Net Tilt:** Bearish due to mixed signals with stronger ownership decrease outweighing increase."
2025-08-06,11,"**Revenue Growth:** Bullish; WD-40 reported a 1.2% increase in revenue YoY.

**Analyst Downgrade:** Bearish; Da Davidson downgraded WDFC, lowering the price target from $322.00 to $300.00.

**Institutional Ownership Changes:** Mixed; multiple firms increased holdings (Geode Capital, Renaissance Technologies, Millennium Management, Marshall Wace, Inc.), while others decreased (Zurcher Kantonalbank, Inc).

**Stock Performance:** Bullish; WDFC opened at $217.07, indicating positive market sentiment.

**Net Tilt:** Neutral to Slightly Bullish; despite the analyst downgrade, institutional buying outweighs selling."
2025-08-11,5,"**Price Target Downgrade:** Da Davidson downgraded WDFC, lowering the target price from $322.00 to $300.00 (Bearish).

**Earnings Beat:** WD-40 reported EPS of $1.46, beating expectations (Bullish).

**Increased Ownership:** Both Raymond James Financial Inc. and Balyasny Asset Management L.P. acquired new positions in WDFC (Bullish).

**Investment Activity:** Ltd invested $313,000 in WDFC (Bullish).

**Net Tilt:** Bullish due to earnings beat and increased ownership, despite the price target downgrade."
2025-08-13,5,"**Ownership Increase:** Bullish. Llc increased holdings by 82.6%, and Covestor Ltd purchased shares, indicating institutional interest.

**Earnings Release:** Neutral. Earnings were released on July 10th, but no specific details or surprises mentioned in today’s headlines.

**Stock Price:** Neutral. Opened at $220.35 on Wednesday with no significant movement noted.

**Net Tilt:** Slightly Bullish due to substantial ownership increases."
2025-08-18,5,"**Price Target Downgrade:** Da Davidson downgraded WDFC, reducing the target price from $322.00 to $300.00 (Bearish).

**Revenue Growth:** Q2 revenue increased by 1.2% YoY (Bullish).

**Institutional Ownership:** Swiss National Bank sold 300 shares (Bearish).

**Stock Performance:** WDFC stock fell by 1.2% (Bearish).

**Earnings Estimate:** Analysts expect EPS of 5.42 for the current year (Neutral).

**Net Tilt:** Mixed signals with slight overall Bearish bias due to downgrade, ownership decrease, and stock loss."
2025-08-19,10,"**Ownership Increases:** Multiple institutions increased their stakes in WDFC, including Raymond James Financial Inc. buying a new position valued at $17.9M, Balyasny Asset Management L.P. purchasing a new position, and Invesco Ltd. growing its position by 9.5%. Additionally, LLC boosted its position by 28,448%, and another Inc. increased its holdings by 96.1%. **Bullish**.

**Ownership Decrease:** Charles Schwab Investment Management Inc. reduced its position by 2.0%. **Bearish**.

**Net Tilt:** Bullish due to significant increases outweighing the single reduction.

**Stock Price:** Opened at $218.81. **Neutral**."
2025-08-24,3,"**Ownership Increase:** Bullish. Nuveen LLC acquired a new stake in WDFC during Q1 and increased its holdings by 47.3% in Q4. Additionally, Nuveen LLC specifically acquired 38,657 shares. Institutional buying is a positive signal for investor confidence.

**Net Tilt:** Bullish."
2025-08-25,3,"**Ownership Increase:** Llc raised its stake in WD-40 by 420.0% during Q1, indicating strong confidence (Bullish).

**Stock Performance:** WD-40 stock trading up 1.1% (Bullish).

**Stake Acquisition:** Llc acquired an additional 534 shares (Bullish).

**Net Tilt:** Bullish due to significant ownership increase and positive stock movement."
2025-08-27,4,"**Price Target Downgrade:** Da Davidson downgraded WDFC, cutting the price target from $322.00 to $300.00 (Bearish).

**Ownership Increases:** Invesco Ltd. increased its stake by 122.0% in Q1, while Millennium Management LLC boosted its position by 206.9% in Q4 (Bullish).

**Stake Acquisition:** Raymond James Financial Inc. purchased WDFC shares (Bullish).

**Net Tilt:** Mixed signals with one bearish downgrade and multiple bullish ownership increases."
2025-08-28,1,"**Ownership Increase:** Bullish. Xponance Inc. increased its position in WD-40 by 5.4% during Q1, indicating institutional confidence in the stock.

Net Tilt: Bullish."
2025-09-01,6,"**Price Target Downgrade:** Da Davidson downgraded WD-40, lowering the target price from $322.00 to $300.00 (Bearish).

**Acquisition Impact:** Supreme acquired a carpet care brand from WD-40 (Neutral).

**Stake Increases:** Multiple institutions increased stakes: Llc by 420%, Invesco by 122%, and Russell Investments by 1,797 shares (Bullish).

**Stock Performance:** WDFC opened at $216.04 on Monday (Bearish).

**Net Tilt:** Mixed signals with significant institutional buying but a price target downgrade, indicating cautious optimism."
2025-09-02,5,"**Sales of Homecare and Cleaning Businesses:** Bearish. WDFC sold its homecare and cleaning product businesses in the UK, potentially impacting revenue streams.

**Institutional Ownership Increases:** Bullish. Both Magnetar Financial LLC and Algert Global LLC increased their stakes in WDFC, indicating institutional confidence.

**Stock Performance:** Bearish. WDFC stock opened at $216.04, down from previous levels.

**Net Tilt:** Mixed signals with slight lean towards bearish due to business divestiture and stock performance."
2025-09-03,4,"**Ownership Changes:** 
- **Bullish:** Inc. increased its position in WD-40 by 96.1% in Q1.
- **Bearish:** American Century Companies Inc. sold 406 shares, and Corebridge Financial Inc. lowered its stock holdings.

**Earnings Estimate:**
- **Neutral:** Analysts predict EPS of $5.42 for the current fiscal year.

**Net Tilt:** Mixed signals with one strong bullish ownership increase countered by two bearish decreases."
2025-09-07,3,"**Ownership Increase:** Bullish. Llc boosted its holdings in WD-40 by 28,448.0% during Q1, indicating strong confidence. Additionally, Vident Advisory LLC acquired shares of WDFC.

**Stock Price:** Neutral. Shares opened at $218.08 on Friday with no specific directional movement indicated.

**Net Tilt:** Bullish due to significant ownership increases."
2025-09-13,3,"**Ownership Changes:** 
- **Bullish:** De increased its position in WD-40 by 0.7% in Q4.
- **Bearish:** Amundi sold 1,432 shares.

**Price Movement:**
- **Bearish:** WD-40 stock traded down 0.8%.

**Net Tilt:** Bearish due to share sales and price decline, despite ownership increase by one firm."
2025-09-15,1,"WDFC stock hit a 52-week low today, indicating significant bearish pressure. This suggests weakening investor sentiment and potential downward momentum. No specific earnings, analyst actions, or major catalysts were reported to explain this move directly, leaving room for interpretation regarding underlying fundamentals or broader market conditions impacting the stock. The net signal remains decidedly **bearish**."
2025-09-22,8,"**Price Target Downgrade:** Da Davidson downgraded WD-40, cutting the price target from $322.00 to $300.00 (Bearish).

**Revenue Miss:** Q2 revenue was $156.92M vs. estimates of $160.60M (Bearish).

**Institutional Ownership Increase:** Llc and Allspring Global Investments increased stakes by 82.6% and 37.5%, respectively (Bullish).

**Holdings Stability:** Voya Investment Management and Exchange Traded Concepts maintained holdings at $1.77M and $1.83M, respectively (Neutral).

**Net Tilt:** Mixed signals with significant bearish indicators outweighing bullish ownership increases."
2025-09-29,4,"**Ownership Increase:** AllianceBernstein L.P. increased holdings in WDFC by 1,767.7% in Q1, while another LLC increased holdings by 22,709.1% in Q2 (Bullish).

**Stock Performance:** WDFC traded down to $195.60 and closed at $196.99 (Bearish).

**Earnings Estimate:** Analysts predict EPS of $5.42 for the current year (Neutral).

**Net Tilt:** Mixed signals with significant institutional buying offset by recent stock weakness."
2025-09-30,4,"**Price Target Downgrade:** Da Davidson downgraded WDFC, lowering the target price from $322.00 to $300.00 (Bearish).

**Ownership Increase:** Llc increased its stake in WDFC by 3.9% in Q1 (Bullish).

**Stake Acquisition:** GAMMA Investing LLC acquired shares of WDFC (Bullish).

**Stock Price:** WDFC opened at $195.27 on Tuesday (Neutral).

**Net Tilt:** Mixed signals with one bearish (downgrade), two bullish (increased ownership, acquisition), and one neutral (opening price). Overall slightly Bullish due to increased institutional interest."
2025-10-01,1,WDFC scheduled their Q4 and FY2025 earnings conference call. No specific financial details or analyst actions provided. This event may offer insights into future guidance but lacks immediate directional signals. **NET TILT: Neutral**.
2025-10-10,1,"WDFC declared a quarterly dividend of $0.94 per share, indicating stable cash flow and shareholder-friendly policies. **Bullish** on sentiment and potential for continued support from income-focused investors.

No conflicting signals present. **NET TILT:** Bullish."
2025-10-14,1,"WDFC reported Q3 2025 results with EPS and revenue guidance unchanged, indicating stability but no growth acceleration. This is slightly bearish as it suggests management does not foresee near-term improvements. No analyst upgrades or downgrades were noted, preserving the status quo. The lack of significant catalysts such as product launches, major legal issues, or substantial changes in production/demand further supports a neutral stance. Overall, the net signal remains tilted **bearish** due to the absence of positive drivers."
2025-10-15,3,"**Ownership Increase:** Bullish. Treasury increased its position in WDFC by 11.3% in Q2.

**Earnings Release:** Neutral. WDFC set to release earnings on Wednesday.

**EPS Estimate:** Neutral. Analysts predict EPS of $1.26 per share.

**Net Tilt:** Slightly Bullish due to significant ownership increase, but earnings release and EPS estimate provide no directional bias."
2025-10-16,6,"**Price Target Downgrade:** Da Davidson downgraded WDFC, cutting the target price from $322.00 to $300.00 (Bearish).

**Ownership Changes:** 
- Llc increased stake by 0.8% in Q1 (Bullish).
- Truist Financial Corp sold 173 shares (Bearish).
- Another Llc purchased 289 shares (Bullish).

**Stock Performance:** WDFC opened at $190.43 on Thursday (Bearish relative to previous targets).

**Net Tilt:** Mixed signals with a slight net bearish tilt due to the downgrade and stock performance."
2025-10-17,2,"**Ownership Changes:** AllianceBernstein increased its stake in WDFC by 1,767.7%, signaling **bullish** sentiment. Conversely, Janney Montgomery Scott LLC reduced its position, indicating **bearish** sentiment. The conflicting signals suggest a mixed investor outlook, but the substantial increase from a major holder tilts the net direction slightly **bullish**."
2025-10-20,3,"**Ownership Changes:**  
- **Bullish:** Llc increased its stake in WD-40 by 36.7%.  
- **Bearish:** Us Bancorp DE decreased its position.  

**Price Movement:**  
- **Bullish:** WD-40 stock gained 2.6%.

**Net Tilt:** Bullish due to significant ownership increase and positive price movement."
2025-10-21,2,"**Stock Performance:** Bearish. WDFC hit a 52-week low, indicating significant selling pressure.

**Earnings Preview:** Neutral. No specific earnings estimate provided, but the preview suggests no change in expectations compared to previous estimates.

**Net Tilt:** Bearish. The stock hitting a 52-week low is a strong bearish signal, while the neutral earnings preview does not counterbalance this negative momentum."
2025-10-22,32,"**Earnings Beat:** WDFC reported Q4 EPS of $1.56, beating estimates by 23.81%, with revenue at $163.5M, above the $153.9M estimate. **Bullish**

**Revenue Growth:** Q4 revenue rose 5% YoY to $163.47M, with Specialist sales growing 11%. **Bullish**

**Capex Increase:** FY2025 capex increased to $5.20M from $4.20M. **Neutral**

**Share Repurchase:** WDFC repurchased 50,250 shares during FY2025. **Bullish**

**Guidance:** Raised FY2025 EPS guidance to $5.75-$6.15 from $5.30-$5.60 but below FY2026 consensus at $5.98. **Mixed**

**EBIT and Pretax Profit:** Q4 adjusted EBIT down to $22.80M from $24.10M, pretax profit fell to $22.00M from $22.80M. **Bearish**

**Net Tilt:** Bullish, with strong earnings and revenue beats outweighing minor operational headwinds."
2025-10-23,2,"**Revenue Guidance:** Bullish. WDFC targets 5%-9% sales growth, indicating confidence in future revenues.

**Earnings Report:** Neutral. WDFC reported fiscal Q4 earnings, but no specific beat/miss details provided, leaving the impact unclear. 

Signals conflict: Revenue guidance is bullish, while earnings report lacks detail. **Net Tilt:** Slightly Bullish due to positive revenue outlook."
2025-10-24,10,"**Revenue Growth:** Bullish; WDFC reported a 4.8% increase in quarterly revenue.

**Institutional Ownership:** Bullish; multiple institutions (Llc, AllianceBernstein, Co., United Services Automobile Association, Caxton Associates) have increased their stakes or initiated new positions in WDFC.

**Stock Performance:** Bullish; WDFC stock opened at $206.54 and gained 2.8%.

**Analyst Commentary:** Neutral; Da Davidson commented on Q1 earnings but did not provide a specific price target or rating change. They forecast FY2027 EPS at $6.47."
2025-10-27,5,"**Earnings:** WD-40 reported EPS of $1.23, beating expectations. **Bullish.**

**Analyst Action:** DA Davidson downgraded FY2026 EPS estimate to $0.62. **Bearish.**

**Insider Activity:** Director bought $199.4K in common stock. **Bullish.**

**Ownership Changes:** Stratos Wealth Partners increased holdings by 4.8%. **Bullish.**

**Net Tilt:** Mixed signals with earnings beat and insider/ownership support vs. analyst downgrade. **Neutral overall.**"
2025-10-28,4,"**Revenue Growth Bullish:** WD-40 reported Q4 sales of $163.5M, a 5% increase YoY. For FY2026, they project net-sales growth of 5%-9%. E-commerce sales surged 10% in FY2025. **Net Tilt:** Bullish."
2025-10-29,8,"**Earnings:** EPS of $1.23 vs. expectations, beating by $0.61. **Bullish** due to strong earnings surprise.

**Revenue:** Revenue of $163.47M vs. consensus of $153.90M. **Bullish** due to revenue exceeding estimates.

**Product Launch:** Wd-40 Specialist launched in Europe. **Bullish** as it expands market reach.

**Insider Buy:** Director Daniel T. Carter acquired 1,000 shares. **Bullish** indicating insider confidence.

**Stake Increase:** Cambridge Investment Research Advisors Inc. increased stake by 15.6%. **Bullish** showing institutional support.

**Conflicting Signals:** Limited negative signals; overall **Net Bullish** tilt."
2025-10-30,1,"**Insider Buying:** Bullish. WDFC Director made a significant $97k purchase, indicating confidence in the company’s future prospects.

**Net Tilt:** Bullish."
2025-11-01,4,"**Revenue Beat:** Bullish. WD-40 reported Q4 revenue of $163.47M vs. analyst estimates of $153.90M, beating expectations by $9.57M.

**Ownership Increase:** Bullish. Ltd increased its stake in WDFC by 49.3%.

**Stock Price:** Neutral. Shares opened at $194.28 on Friday.

**Net Tilt:** Bullish. Revenue beat and significant ownership increase outweigh neutral stock price movement."
2025-11-03,3,"**Price Target Downgrade:** Da Davidson downgraded WD-40, reducing the target price from $322.00 to $300.00. **Bullish/Bearish:** Bearish. Evidence: Lowered price target.

**Insider Buy:** Director Eric Etchart acquired 500 shares on October 30th. **Bullish/Bearish:** Bullish. Evidence: Insider purchase indicates confidence.

**Ownership Decrease:** D reduced its position in WD-40. **Bullish/Bearish:** Bearish. Evidence: Reduced ownership suggests decreased confidence.

**Net Tilt:** Mixed signals with a slight bias towards bearish due to the downgrade and reduced ownership."
2025-11-11,4,"**Revenue Beat:** Bullish. WD-40 reported Q4 revenue of $163.47M, beating estimates of $153.90M.

**Institutional Ownership Growth:** Bullish. Fox Run Management increased its stake by 50.1% in Q2, and Stratos Wealth Partners increased its position by 4.8% in Q1.

**Stake Purchase:** Bullish. Fox Run Management purchased an additional 1,042 shares.

**Net Tilt:** Bullish. Multiple positive signals from revenue beat and institutional buying indicate strong support."
2025-11-19,1,"WDFC announced its 2025 Annual Meeting of Stockholders. **Neutral**. No specific trading signals or financial updates provided. No EPS, revenue, analyst actions, earnings surprises, or significant catalysts mentioned. 

NET TILT: Neutral."
2025-11-26,4,"**Insider and Institutional Buying:** Bullish. Director David Pendarvis bought 523 shares, while Ltd increased its position by 17.0% and Llc purchased 156,693 shares.

**Earnings Announcement:** Neutral. WD-40 released its quarterly earnings data on October 22nd, but no specific details on EPS or revenue were provided in the headline.

**Net Tilt:** Bullish due to significant insider and institutional buying activity."
2025-11-27,3,"Revenue beat: Q3 revenue was $163.47M vs. expectations of $153.90M, bullish. Ownership increase: Rathbones Group PLC increased its position by 30.2%, bullish. No change in Planning’s holdings, neutral. Net tilt: Bullish due to revenue beat and significant ownership increase."
2025-12-10,5,"**WDFC Daily Brief (2025-12-10)**

- **Dividend Increase**: Bullish. WDFC raised Q4 dividend to $1.02/share from $0.62.
- **Revenue Growth**: Bullish. Q4 revenue up 4.8% YoY.
- **Institutional Ownership**: Bullish. LLC increased stake by 10.5%.
- **Stake Acquisition**: Bullish. Limited Partnership purchased 37,552 shares.

**Net Tilt**: Strongly Bullish. All signals indicate positive momentum with no conflicting data.

**Action**: BUY"
2025-12-11,3,"**WDFC Daily Brief (2025-12-11)**

- **Stock Movement**: WDFC stock jumped 5.4% in morning trading (bullish).
- **Year-to-Date Performance**: Down 15.6% YTD (bearish).
- **Sentiment**: Recent surge questioned with ""Why Is WD-40 (WDFC) Stock Soaring Today"" (mixed).

**Net Tilt**: Mixed signals suggest caution; consider holding pending further catalysts.

*Action*: Hold"
2025-12-12,4,"**Dividends:** Bullish. WD-40 increased its quarterly dividend to $0.62 from $0.94 previously, indicating strong cash flow and shareholder-friendly policies.

**Ownership Increases:** Bullish. LP significantly increased its stake in WD-40 by 1,462.5%, and LLC also acquired a new stake, suggesting institutional confidence.

**Earnings Update:** Neutral. Earnings were reported on Oct 22nd, but no specific details or surprises are mentioned in the headlines.

**Net Tilt:** Bullish. Ownership increases and dividend boost outweigh neutral earnings update."
2025-12-20,1,"**Dividend Increase:** WDFC is lifting its quarterly dividend to $0.38 per share, indicating confidence in its financial health and cash flow generation. **Bullish** as it suggests strong fundamentals and shareholder-friendly policies."
2025-12-24,8,"**Revenue Growth:** Bullish; WD-40 reported a 4.8% increase in quarterly revenue.

**Dividend Increase:** Bullish; WD-40 increased its quarterly dividend from $0.94 to $0.62 (note: likely typo, should be $0.62 to $0.94).

**Institutional Ownership:** Bullish; multiple institutions (Russell Investments, Jump Financial, Raymond James, HSBC, and Comerica) significantly increased their stakes in WD-40.

**Stock Price Movement:** Bearish; WDFC shares fell by 3.5%.

**Net Tilt:** Mixed signals but overall slightly bullish due to strong revenue growth and significant institutional buying despite the recent stock price drop."
